ISO-10303-21;
HEADER;
/* Generated by software containing ST-Developer
 * from STEP Tools, Inc. (www.steptools.com) 
 */
/* OPTION: using custom renumber hook */

FILE_DESCRIPTION(
/* description */ ('STEP AP242 Edition 2',
'CAx-IF Rec.Pracs.---Representation and Presentation of Product Manufa
cturing Information (PMI)---4.0---2014-10-13',
'CAx-IF Rec.Pracs.---3D Tessellated Geometry---0.4---2014-09-14','2;1',
'CAx-IF Rec.Pracs.---User Defined Attributes---1.5---2016-08-15'),
/* implementation_level */ '2;1');

FILE_NAME(
/* name */ 'MAIN NO DELETE - 00 Bottom Case',
/* time_stamp */ '2026-07-08T16:48:57Z',
/* author */ (''),
/* organization */ (''),
/* preprocessor_version */ 'ST-DEVELOPER v20',
/* originating_system */ 'ONSHAPE BY PTC INC, 1.217',
/* authorisation */ '  ');

FILE_SCHEMA (('AP242_MANAGED_MODEL_BASED_3D_ENGINEERING_MIM_LF { 1 0 10303 442 3 1 4 }'));
ENDSEC;

DATA;
#10=SHAPE_REPRESENTATION_RELATIONSHIP('','',#10454,#11);
#11=ADVANCED_BREP_SHAPE_REPRESENTATION('',(#10452),#16398);
#12=CYLINDRICAL_SURFACE('',#10491,0.00295);
#13=CYLINDRICAL_SURFACE('',#10493,0.00195);
#14=CYLINDRICAL_SURFACE('',#10496,0.00295);
#15=CYLINDRICAL_SURFACE('',#10960,0.01);
#16=CYLINDRICAL_SURFACE('',#10972,0.0024);
#17=CYLINDRICAL_SURFACE('',#10976,0.0024);
#18=CYLINDRICAL_SURFACE('',#10980,0.0024);
#19=CYLINDRICAL_SURFACE('',#10984,0.0024);
#20=CYLINDRICAL_SURFACE('',#10988,0.0017);
#21=CYLINDRICAL_SURFACE('',#10989,0.0017);
#22=CYLINDRICAL_SURFACE('',#10990,0.0017);
#23=CYLINDRICAL_SURFACE('',#10991,0.0017);
#24=CYLINDRICAL_SURFACE('',#10992,0.007);
#25=CYLINDRICAL_SURFACE('',#10993,0.007);
#26=CYLINDRICAL_SURFACE('',#10994,0.007);
#27=CYLINDRICAL_SURFACE('',#10995,0.007);
#28=CYLINDRICAL_SURFACE('',#10996,0.007);
#29=CYLINDRICAL_SURFACE('',#10997,0.007);
#30=CYLINDRICAL_SURFACE('',#10998,0.007);
#31=CIRCLE('',#10471,0.00295);
#32=CIRCLE('',#10472,0.00195);
#33=CIRCLE('',#10473,0.00295);
#34=CIRCLE('',#10483,0.0017);
#35=CIRCLE('',#10484,0.0017);
#36=CIRCLE('',#10485,0.0017);
#37=CIRCLE('',#10486,0.0017);
#38=CIRCLE('',#10487,0.007);
#39=CIRCLE('',#10488,0.007);
#40=CIRCLE('',#10489,0.007);
#41=CIRCLE('',#10490,0.007);
#42=CIRCLE('',#10492,0.00295);
#43=CIRCLE('',#10494,0.00195);
#44=CIRCLE('',#10497,0.00295);
#45=CIRCLE('',#10961,0.01);
#46=CIRCLE('',#10965,0.007);
#47=CIRCLE('',#10966,0.007);
#48=CIRCLE('',#10967,0.007);
#49=CIRCLE('',#10973,0.0024);
#50=CIRCLE('',#10975,0.0017);
#51=CIRCLE('',#10977,0.0024);
#52=CIRCLE('',#10979,0.0017);
#53=CIRCLE('',#10981,0.0024);
#54=CIRCLE('',#10983,0.0017);
#55=CIRCLE('',#10985,0.0024);
#56=CIRCLE('',#10987,0.0017);
#57=LINE('',#13491,#1457);
#58=LINE('',#13496,#1458);
#59=LINE('',#13506,#1459);
#60=LINE('',#13511,#1460);
#61=LINE('',#13515,#1461);
#62=LINE('',#13519,#1462);
#63=LINE('',#13523,#1463);
#64=LINE('',#13527,#1464);
#65=LINE('',#13530,#1465);
#66=LINE('',#13533,#1466);
#67=LINE('',#13535,#1467);
#68=LINE('',#13537,#1468);
#69=LINE('',#13539,#1469);
#70=LINE('',#13541,#1470);
#71=LINE('',#13543,#1471);
#72=LINE('',#13545,#1472);
#73=LINE('',#13547,#1473);
#74=LINE('',#13549,#1474);
#75=LINE('',#13551,#1475);
#76=LINE('',#13553,#1476);
#77=LINE('',#13555,#1477);
#78=LINE('',#13557,#1478);
#79=LINE('',#13559,#1479);
#80=LINE('',#13561,#1480);
#81=LINE('',#13563,#1481);
#82=LINE('',#13565,#1482);
#83=LINE('',#13567,#1483);
#84=LINE('',#13569,#1484);
#85=LINE('',#13571,#1485);
#86=LINE('',#13573,#1486);
#87=LINE('',#13575,#1487);
#88=LINE('',#13577,#1488);
#89=LINE('',#13579,#1489);
#90=LINE('',#13581,#1490);
#91=LINE('',#13583,#1491);
#92=LINE('',#13585,#1492);
#93=LINE('',#13587,#1493);
#94=LINE('',#13589,#1494);
#95=LINE('',#13591,#1495);
#96=LINE('',#13593,#1496);
#97=LINE('',#13595,#1497);
#98=LINE('',#13597,#1498);
#99=LINE('',#13599,#1499);
#100=LINE('',#13601,#1500);
#101=LINE('',#13603,#1501);
#102=LINE('',#13605,#1502);
#103=LINE('',#13607,#1503);
#104=LINE('',#13609,#1504);
#105=LINE('',#13611,#1505);
#106=LINE('',#13613,#1506);
#107=LINE('',#13615,#1507);
#108=LINE('',#13617,#1508);
#109=LINE('',#13619,#1509);
#110=LINE('',#13621,#1510);
#111=LINE('',#13623,#1511);
#112=LINE('',#13625,#1512);
#113=LINE('',#13627,#1513);
#114=LINE('',#13629,#1514);
#115=LINE('',#13631,#1515);
#116=LINE('',#13633,#1516);
#117=LINE('',#13635,#1517);
#118=LINE('',#13637,#1518);
#119=LINE('',#13639,#1519);
#120=LINE('',#13641,#1520);
#121=LINE('',#13643,#1521);
#122=LINE('',#13645,#1522);
#123=LINE('',#13647,#1523);
#124=LINE('',#13649,#1524);
#125=LINE('',#13651,#1525);
#126=LINE('',#13653,#1526);
#127=LINE('',#13655,#1527);
#128=LINE('',#13657,#1528);
#129=LINE('',#13659,#1529);
#130=LINE('',#13661,#1530);
#131=LINE('',#13663,#1531);
#132=LINE('',#13665,#1532);
#133=LINE('',#13667,#1533);
#134=LINE('',#13669,#1534);
#135=LINE('',#13671,#1535);
#136=LINE('',#13673,#1536);
#137=LINE('',#13675,#1537);
#138=LINE('',#13677,#1538);
#139=LINE('',#13679,#1539);
#140=LINE('',#13681,#1540);
#141=LINE('',#13683,#1541);
#142=LINE('',#13685,#1542);
#143=LINE('',#13687,#1543);
#144=LINE('',#13689,#1544);
#145=LINE('',#13691,#1545);
#146=LINE('',#13693,#1546);
#147=LINE('',#13695,#1547);
#148=LINE('',#13697,#1548);
#149=LINE('',#13699,#1549);
#150=LINE('',#13701,#1550);
#151=LINE('',#13704,#1551);
#152=LINE('',#13706,#1552);
#153=LINE('',#13708,#1553);
#154=LINE('',#13709,#1554);
#155=LINE('',#13712,#1555);
#156=LINE('',#13714,#1556);
#157=LINE('',#13716,#1557);
#158=LINE('',#13724,#1558);
#159=LINE('',#13726,#1559);
#160=LINE('',#13728,#1560);
#161=LINE('',#13730,#1561);
#162=LINE('',#13732,#1562);
#163=LINE('',#13734,#1563);
#164=LINE('',#13736,#1564);
#165=LINE('',#13738,#1565);
#166=LINE('',#13740,#1566);
#167=LINE('',#13743,#1567);
#168=LINE('',#13744,#1568);
#169=LINE('',#13746,#1569);
#170=LINE('',#13748,#1570);
#171=LINE('',#13750,#1571);
#172=LINE('',#13751,#1572);
#173=LINE('',#13753,#1573);
#174=LINE('',#13755,#1574);
#175=LINE('',#13757,#1575);
#176=LINE('',#13760,#1576);
#177=LINE('',#13761,#1577);
#178=LINE('',#13763,#1578);
#179=LINE('',#13765,#1579);
#180=LINE('',#13766,#1580);
#181=LINE('',#13768,#1581);
#182=LINE('',#13771,#1582);
#183=LINE('',#13772,#1583);
#184=LINE('',#13799,#1584);
#185=LINE('',#13802,#1585);
#186=LINE('',#13804,#1586);
#187=LINE('',#13806,#1587);
#188=LINE('',#13808,#1588);
#189=LINE('',#13810,#1589);
#190=LINE('',#13812,#1590);
#191=LINE('',#13814,#1591);
#192=LINE('',#13816,#1592);
#193=LINE('',#13818,#1593);
#194=LINE('',#13820,#1594);
#195=LINE('',#13822,#1595);
#196=LINE('',#13824,#1596);
#197=LINE('',#13826,#1597);
#198=LINE('',#13828,#1598);
#199=LINE('',#13830,#1599);
#200=LINE('',#13832,#1600);
#201=LINE('',#13834,#1601);
#202=LINE('',#13836,#1602);
#203=LINE('',#13838,#1603);
#204=LINE('',#13840,#1604);
#205=LINE('',#13842,#1605);
#206=LINE('',#13844,#1606);
#207=LINE('',#13846,#1607);
#208=LINE('',#13848,#1608);
#209=LINE('',#13850,#1609);
#210=LINE('',#13852,#1610);
#211=LINE('',#13854,#1611);
#212=LINE('',#13856,#1612);
#213=LINE('',#13858,#1613);
#214=LINE('',#13860,#1614);
#215=LINE('',#13862,#1615);
#216=LINE('',#13864,#1616);
#217=LINE('',#13866,#1617);
#218=LINE('',#13868,#1618);
#219=LINE('',#13870,#1619);
#220=LINE('',#13872,#1620);
#221=LINE('',#13874,#1621);
#222=LINE('',#13876,#1622);
#223=LINE('',#13878,#1623);
#224=LINE('',#13880,#1624);
#225=LINE('',#13882,#1625);
#226=LINE('',#13884,#1626);
#227=LINE('',#13886,#1627);
#228=LINE('',#13888,#1628);
#229=LINE('',#13890,#1629);
#230=LINE('',#13892,#1630);
#231=LINE('',#13894,#1631);
#232=LINE('',#13896,#1632);
#233=LINE('',#13898,#1633);
#234=LINE('',#13900,#1634);
#235=LINE('',#13902,#1635);
#236=LINE('',#13904,#1636);
#237=LINE('',#13906,#1637);
#238=LINE('',#13908,#1638);
#239=LINE('',#13910,#1639);
#240=LINE('',#13912,#1640);
#241=LINE('',#13914,#1641);
#242=LINE('',#13916,#1642);
#243=LINE('',#13918,#1643);
#244=LINE('',#13920,#1644);
#245=LINE('',#13922,#1645);
#246=LINE('',#13924,#1646);
#247=LINE('',#13926,#1647);
#248=LINE('',#13928,#1648);
#249=LINE('',#13930,#1649);
#250=LINE('',#13932,#1650);
#251=LINE('',#13934,#1651);
#252=LINE('',#13936,#1652);
#253=LINE('',#13938,#1653);
#254=LINE('',#13940,#1654);
#255=LINE('',#13942,#1655);
#256=LINE('',#13944,#1656);
#257=LINE('',#13946,#1657);
#258=LINE('',#13948,#1658);
#259=LINE('',#13950,#1659);
#260=LINE('',#13952,#1660);
#261=LINE('',#13954,#1661);
#262=LINE('',#13956,#1662);
#263=LINE('',#13958,#1663);
#264=LINE('',#13960,#1664);
#265=LINE('',#13962,#1665);
#266=LINE('',#13964,#1666);
#267=LINE('',#13966,#1667);
#268=LINE('',#13968,#1668);
#269=LINE('',#13970,#1669);
#270=LINE('',#13972,#1670);
#271=LINE('',#13974,#1671);
#272=LINE('',#13976,#1672);
#273=LINE('',#13978,#1673);
#274=LINE('',#13980,#1674);
#275=LINE('',#13982,#1675);
#276=LINE('',#13984,#1676);
#277=LINE('',#13986,#1677);
#278=LINE('',#13988,#1678);
#279=LINE('',#13991,#1679);
#280=LINE('',#13993,#1680);
#281=LINE('',#13995,#1681);
#282=LINE('',#13997,#1682);
#283=LINE('',#13999,#1683);
#284=LINE('',#14001,#1684);
#285=LINE('',#14003,#1685);
#286=LINE('',#14005,#1686);
#287=LINE('',#14007,#1687);
#288=LINE('',#14009,#1688);
#289=LINE('',#14011,#1689);
#290=LINE('',#14013,#1690);
#291=LINE('',#14015,#1691);
#292=LINE('',#14017,#1692);
#293=LINE('',#14019,#1693);
#294=LINE('',#14021,#1694);
#295=LINE('',#14023,#1695);
#296=LINE('',#14025,#1696);
#297=LINE('',#14027,#1697);
#298=LINE('',#14029,#1698);
#299=LINE('',#14031,#1699);
#300=LINE('',#14033,#1700);
#301=LINE('',#14035,#1701);
#302=LINE('',#14037,#1702);
#303=LINE('',#14039,#1703);
#304=LINE('',#14041,#1704);
#305=LINE('',#14043,#1705);
#306=LINE('',#14045,#1706);
#307=LINE('',#14047,#1707);
#308=LINE('',#14049,#1708);
#309=LINE('',#14051,#1709);
#310=LINE('',#14053,#1710);
#311=LINE('',#14055,#1711);
#312=LINE('',#14057,#1712);
#313=LINE('',#14059,#1713);
#314=LINE('',#14061,#1714);
#315=LINE('',#14063,#1715);
#316=LINE('',#14065,#1716);
#317=LINE('',#14067,#1717);
#318=LINE('',#14069,#1718);
#319=LINE('',#14071,#1719);
#320=LINE('',#14073,#1720);
#321=LINE('',#14075,#1721);
#322=LINE('',#14077,#1722);
#323=LINE('',#14079,#1723);
#324=LINE('',#14081,#1724);
#325=LINE('',#14083,#1725);
#326=LINE('',#14085,#1726);
#327=LINE('',#14087,#1727);
#328=LINE('',#14089,#1728);
#329=LINE('',#14091,#1729);
#330=LINE('',#14093,#1730);
#331=LINE('',#14095,#1731);
#332=LINE('',#14097,#1732);
#333=LINE('',#14099,#1733);
#334=LINE('',#14101,#1734);
#335=LINE('',#14103,#1735);
#336=LINE('',#14105,#1736);
#337=LINE('',#14107,#1737);
#338=LINE('',#14109,#1738);
#339=LINE('',#14111,#1739);
#340=LINE('',#14113,#1740);
#341=LINE('',#14115,#1741);
#342=LINE('',#14117,#1742);
#343=LINE('',#14119,#1743);
#344=LINE('',#14121,#1744);
#345=LINE('',#14123,#1745);
#346=LINE('',#14125,#1746);
#347=LINE('',#14127,#1747);
#348=LINE('',#14129,#1748);
#349=LINE('',#14131,#1749);
#350=LINE('',#14133,#1750);
#351=LINE('',#14135,#1751);
#352=LINE('',#14137,#1752);
#353=LINE('',#14139,#1753);
#354=LINE('',#14141,#1754);
#355=LINE('',#14143,#1755);
#356=LINE('',#14145,#1756);
#357=LINE('',#14147,#1757);
#358=LINE('',#14149,#1758);
#359=LINE('',#14151,#1759);
#360=LINE('',#14153,#1760);
#361=LINE('',#14155,#1761);
#362=LINE('',#14157,#1762);
#363=LINE('',#14159,#1763);
#364=LINE('',#14161,#1764);
#365=LINE('',#14163,#1765);
#366=LINE('',#14165,#1766);
#367=LINE('',#14167,#1767);
#368=LINE('',#14169,#1768);
#369=LINE('',#14171,#1769);
#370=LINE('',#14173,#1770);
#371=LINE('',#14175,#1771);
#372=LINE('',#14177,#1772);
#373=LINE('',#14179,#1773);
#374=LINE('',#14181,#1774);
#375=LINE('',#14183,#1775);
#376=LINE('',#14185,#1776);
#377=LINE('',#14187,#1777);
#378=LINE('',#14189,#1778);
#379=LINE('',#14191,#1779);
#380=LINE('',#14193,#1780);
#381=LINE('',#14195,#1781);
#382=LINE('',#14197,#1782);
#383=LINE('',#14199,#1783);
#384=LINE('',#14201,#1784);
#385=LINE('',#14203,#1785);
#386=LINE('',#14205,#1786);
#387=LINE('',#14207,#1787);
#388=LINE('',#14209,#1788);
#389=LINE('',#14211,#1789);
#390=LINE('',#14213,#1790);
#391=LINE('',#14215,#1791);
#392=LINE('',#14217,#1792);
#393=LINE('',#14219,#1793);
#394=LINE('',#14221,#1794);
#395=LINE('',#14223,#1795);
#396=LINE('',#14225,#1796);
#397=LINE('',#14227,#1797);
#398=LINE('',#14229,#1798);
#399=LINE('',#14231,#1799);
#400=LINE('',#14233,#1800);
#401=LINE('',#14235,#1801);
#402=LINE('',#14237,#1802);
#403=LINE('',#14239,#1803);
#404=LINE('',#14241,#1804);
#405=LINE('',#14243,#1805);
#406=LINE('',#14245,#1806);
#407=LINE('',#14247,#1807);
#408=LINE('',#14249,#1808);
#409=LINE('',#14251,#1809);
#410=LINE('',#14253,#1810);
#411=LINE('',#14255,#1811);
#412=LINE('',#14257,#1812);
#413=LINE('',#14259,#1813);
#414=LINE('',#14261,#1814);
#415=LINE('',#14263,#1815);
#416=LINE('',#14265,#1816);
#417=LINE('',#14267,#1817);
#418=LINE('',#14269,#1818);
#419=LINE('',#14271,#1819);
#420=LINE('',#14273,#1820);
#421=LINE('',#14275,#1821);
#422=LINE('',#14277,#1822);
#423=LINE('',#14279,#1823);
#424=LINE('',#14281,#1824);
#425=LINE('',#14283,#1825);
#426=LINE('',#14285,#1826);
#427=LINE('',#14288,#1827);
#428=LINE('',#14290,#1828);
#429=LINE('',#14292,#1829);
#430=LINE('',#14294,#1830);
#431=LINE('',#14296,#1831);
#432=LINE('',#14298,#1832);
#433=LINE('',#14300,#1833);
#434=LINE('',#14302,#1834);
#435=LINE('',#14304,#1835);
#436=LINE('',#14306,#1836);
#437=LINE('',#14308,#1837);
#438=LINE('',#14310,#1838);
#439=LINE('',#14312,#1839);
#440=LINE('',#14314,#1840);
#441=LINE('',#14316,#1841);
#442=LINE('',#14318,#1842);
#443=LINE('',#14320,#1843);
#444=LINE('',#14322,#1844);
#445=LINE('',#14324,#1845);
#446=LINE('',#14326,#1846);
#447=LINE('',#14328,#1847);
#448=LINE('',#14330,#1848);
#449=LINE('',#14332,#1849);
#450=LINE('',#14334,#1850);
#451=LINE('',#14336,#1851);
#452=LINE('',#14338,#1852);
#453=LINE('',#14340,#1853);
#454=LINE('',#14342,#1854);
#455=LINE('',#14344,#1855);
#456=LINE('',#14346,#1856);
#457=LINE('',#14348,#1857);
#458=LINE('',#14350,#1858);
#459=LINE('',#14352,#1859);
#460=LINE('',#14354,#1860);
#461=LINE('',#14356,#1861);
#462=LINE('',#14358,#1862);
#463=LINE('',#14360,#1863);
#464=LINE('',#14362,#1864);
#465=LINE('',#14364,#1865);
#466=LINE('',#14366,#1866);
#467=LINE('',#14368,#1867);
#468=LINE('',#14370,#1868);
#469=LINE('',#14372,#1869);
#470=LINE('',#14374,#1870);
#471=LINE('',#14376,#1871);
#472=LINE('',#14378,#1872);
#473=LINE('',#14380,#1873);
#474=LINE('',#14382,#1874);
#475=LINE('',#14384,#1875);
#476=LINE('',#14386,#1876);
#477=LINE('',#14388,#1877);
#478=LINE('',#14390,#1878);
#479=LINE('',#14392,#1879);
#480=LINE('',#14394,#1880);
#481=LINE('',#14396,#1881);
#482=LINE('',#14398,#1882);
#483=LINE('',#14400,#1883);
#484=LINE('',#14402,#1884);
#485=LINE('',#14404,#1885);
#486=LINE('',#14406,#1886);
#487=LINE('',#14408,#1887);
#488=LINE('',#14410,#1888);
#489=LINE('',#14412,#1889);
#490=LINE('',#14414,#1890);
#491=LINE('',#14416,#1891);
#492=LINE('',#14418,#1892);
#493=LINE('',#14420,#1893);
#494=LINE('',#14422,#1894);
#495=LINE('',#14424,#1895);
#496=LINE('',#14426,#1896);
#497=LINE('',#14428,#1897);
#498=LINE('',#14430,#1898);
#499=LINE('',#14432,#1899);
#500=LINE('',#14434,#1900);
#501=LINE('',#14436,#1901);
#502=LINE('',#14438,#1902);
#503=LINE('',#14440,#1903);
#504=LINE('',#14442,#1904);
#505=LINE('',#14444,#1905);
#506=LINE('',#14446,#1906);
#507=LINE('',#14448,#1907);
#508=LINE('',#14450,#1908);
#509=LINE('',#14452,#1909);
#510=LINE('',#14454,#1910);
#511=LINE('',#14456,#1911);
#512=LINE('',#14458,#1912);
#513=LINE('',#14460,#1913);
#514=LINE('',#14462,#1914);
#515=LINE('',#14464,#1915);
#516=LINE('',#14466,#1916);
#517=LINE('',#14468,#1917);
#518=LINE('',#14470,#1918);
#519=LINE('',#14472,#1919);
#520=LINE('',#14474,#1920);
#521=LINE('',#14476,#1921);
#522=LINE('',#14478,#1922);
#523=LINE('',#14480,#1923);
#524=LINE('',#14482,#1924);
#525=LINE('',#14484,#1925);
#526=LINE('',#14486,#1926);
#527=LINE('',#14488,#1927);
#528=LINE('',#14490,#1928);
#529=LINE('',#14492,#1929);
#530=LINE('',#14494,#1930);
#531=LINE('',#14496,#1931);
#532=LINE('',#14498,#1932);
#533=LINE('',#14500,#1933);
#534=LINE('',#14502,#1934);
#535=LINE('',#14504,#1935);
#536=LINE('',#14506,#1936);
#537=LINE('',#14508,#1937);
#538=LINE('',#14510,#1938);
#539=LINE('',#14512,#1939);
#540=LINE('',#14514,#1940);
#541=LINE('',#14516,#1941);
#542=LINE('',#14518,#1942);
#543=LINE('',#14520,#1943);
#544=LINE('',#14522,#1944);
#545=LINE('',#14524,#1945);
#546=LINE('',#14526,#1946);
#547=LINE('',#14528,#1947);
#548=LINE('',#14530,#1948);
#549=LINE('',#14532,#1949);
#550=LINE('',#14534,#1950);
#551=LINE('',#14536,#1951);
#552=LINE('',#14538,#1952);
#553=LINE('',#14540,#1953);
#554=LINE('',#14542,#1954);
#555=LINE('',#14544,#1955);
#556=LINE('',#14546,#1956);
#557=LINE('',#14548,#1957);
#558=LINE('',#14550,#1958);
#559=LINE('',#14552,#1959);
#560=LINE('',#14554,#1960);
#561=LINE('',#14556,#1961);
#562=LINE('',#14558,#1962);
#563=LINE('',#14560,#1963);
#564=LINE('',#14562,#1964);
#565=LINE('',#14564,#1965);
#566=LINE('',#14566,#1966);
#567=LINE('',#14568,#1967);
#568=LINE('',#14570,#1968);
#569=LINE('',#14572,#1969);
#570=LINE('',#14574,#1970);
#571=LINE('',#14576,#1971);
#572=LINE('',#14578,#1972);
#573=LINE('',#14580,#1973);
#574=LINE('',#14582,#1974);
#575=LINE('',#14584,#1975);
#576=LINE('',#14586,#1976);
#577=LINE('',#14588,#1977);
#578=LINE('',#14590,#1978);
#579=LINE('',#14592,#1979);
#580=LINE('',#14594,#1980);
#581=LINE('',#14596,#1981);
#582=LINE('',#14598,#1982);
#583=LINE('',#14600,#1983);
#584=LINE('',#14602,#1984);
#585=LINE('',#14604,#1985);
#586=LINE('',#14606,#1986);
#587=LINE('',#14609,#1987);
#588=LINE('',#14611,#1988);
#589=LINE('',#14613,#1989);
#590=LINE('',#14615,#1990);
#591=LINE('',#14617,#1991);
#592=LINE('',#14619,#1992);
#593=LINE('',#14621,#1993);
#594=LINE('',#14623,#1994);
#595=LINE('',#14625,#1995);
#596=LINE('',#14627,#1996);
#597=LINE('',#14629,#1997);
#598=LINE('',#14631,#1998);
#599=LINE('',#14633,#1999);
#600=LINE('',#14635,#2000);
#601=LINE('',#14637,#2001);
#602=LINE('',#14639,#2002);
#603=LINE('',#14641,#2003);
#604=LINE('',#14643,#2004);
#605=LINE('',#14645,#2005);
#606=LINE('',#14647,#2006);
#607=LINE('',#14649,#2007);
#608=LINE('',#14651,#2008);
#609=LINE('',#14653,#2009);
#610=LINE('',#14655,#2010);
#611=LINE('',#14657,#2011);
#612=LINE('',#14659,#2012);
#613=LINE('',#14661,#2013);
#614=LINE('',#14663,#2014);
#615=LINE('',#14665,#2015);
#616=LINE('',#14667,#2016);
#617=LINE('',#14669,#2017);
#618=LINE('',#14671,#2018);
#619=LINE('',#14673,#2019);
#620=LINE('',#14675,#2020);
#621=LINE('',#14677,#2021);
#622=LINE('',#14679,#2022);
#623=LINE('',#14681,#2023);
#624=LINE('',#14683,#2024);
#625=LINE('',#14685,#2025);
#626=LINE('',#14687,#2026);
#627=LINE('',#14689,#2027);
#628=LINE('',#14691,#2028);
#629=LINE('',#14693,#2029);
#630=LINE('',#14695,#2030);
#631=LINE('',#14697,#2031);
#632=LINE('',#14699,#2032);
#633=LINE('',#14701,#2033);
#634=LINE('',#14703,#2034);
#635=LINE('',#14705,#2035);
#636=LINE('',#14707,#2036);
#637=LINE('',#14709,#2037);
#638=LINE('',#14711,#2038);
#639=LINE('',#14713,#2039);
#640=LINE('',#14715,#2040);
#641=LINE('',#14717,#2041);
#642=LINE('',#14719,#2042);
#643=LINE('',#14721,#2043);
#644=LINE('',#14723,#2044);
#645=LINE('',#14725,#2045);
#646=LINE('',#14727,#2046);
#647=LINE('',#14729,#2047);
#648=LINE('',#14731,#2048);
#649=LINE('',#14733,#2049);
#650=LINE('',#14735,#2050);
#651=LINE('',#14737,#2051);
#652=LINE('',#14739,#2052);
#653=LINE('',#14741,#2053);
#654=LINE('',#14743,#2054);
#655=LINE('',#14745,#2055);
#656=LINE('',#14747,#2056);
#657=LINE('',#14749,#2057);
#658=LINE('',#14751,#2058);
#659=LINE('',#14753,#2059);
#660=LINE('',#14755,#2060);
#661=LINE('',#14757,#2061);
#662=LINE('',#14759,#2062);
#663=LINE('',#14761,#2063);
#664=LINE('',#14763,#2064);
#665=LINE('',#14765,#2065);
#666=LINE('',#14767,#2066);
#667=LINE('',#14769,#2067);
#668=LINE('',#14771,#2068);
#669=LINE('',#14773,#2069);
#670=LINE('',#14775,#2070);
#671=LINE('',#14777,#2071);
#672=LINE('',#14779,#2072);
#673=LINE('',#14781,#2073);
#674=LINE('',#14783,#2074);
#675=LINE('',#14785,#2075);
#676=LINE('',#14787,#2076);
#677=LINE('',#14789,#2077);
#678=LINE('',#14791,#2078);
#679=LINE('',#14793,#2079);
#680=LINE('',#14795,#2080);
#681=LINE('',#14797,#2081);
#682=LINE('',#14799,#2082);
#683=LINE('',#14801,#2083);
#684=LINE('',#14803,#2084);
#685=LINE('',#14805,#2085);
#686=LINE('',#14807,#2086);
#687=LINE('',#14809,#2087);
#688=LINE('',#14811,#2088);
#689=LINE('',#14813,#2089);
#690=LINE('',#14815,#2090);
#691=LINE('',#14817,#2091);
#692=LINE('',#14819,#2092);
#693=LINE('',#14821,#2093);
#694=LINE('',#14823,#2094);
#695=LINE('',#14825,#2095);
#696=LINE('',#14827,#2096);
#697=LINE('',#14829,#2097);
#698=LINE('',#14831,#2098);
#699=LINE('',#14833,#2099);
#700=LINE('',#14835,#2100);
#701=LINE('',#14837,#2101);
#702=LINE('',#14839,#2102);
#703=LINE('',#14841,#2103);
#704=LINE('',#14843,#2104);
#705=LINE('',#14845,#2105);
#706=LINE('',#14847,#2106);
#707=LINE('',#14849,#2107);
#708=LINE('',#14851,#2108);
#709=LINE('',#14853,#2109);
#710=LINE('',#14855,#2110);
#711=LINE('',#14857,#2111);
#712=LINE('',#14859,#2112);
#713=LINE('',#14861,#2113);
#714=LINE('',#14863,#2114);
#715=LINE('',#14865,#2115);
#716=LINE('',#14867,#2116);
#717=LINE('',#14869,#2117);
#718=LINE('',#14871,#2118);
#719=LINE('',#14873,#2119);
#720=LINE('',#14875,#2120);
#721=LINE('',#14877,#2121);
#722=LINE('',#14879,#2122);
#723=LINE('',#14882,#2123);
#724=LINE('',#14884,#2124);
#725=LINE('',#14886,#2125);
#726=LINE('',#14888,#2126);
#727=LINE('',#14890,#2127);
#728=LINE('',#14892,#2128);
#729=LINE('',#14894,#2129);
#730=LINE('',#14896,#2130);
#731=LINE('',#14898,#2131);
#732=LINE('',#14900,#2132);
#733=LINE('',#14902,#2133);
#734=LINE('',#14904,#2134);
#735=LINE('',#14906,#2135);
#736=LINE('',#14908,#2136);
#737=LINE('',#14910,#2137);
#738=LINE('',#14912,#2138);
#739=LINE('',#14914,#2139);
#740=LINE('',#14916,#2140);
#741=LINE('',#14918,#2141);
#742=LINE('',#14920,#2142);
#743=LINE('',#14922,#2143);
#744=LINE('',#14924,#2144);
#745=LINE('',#14926,#2145);
#746=LINE('',#14928,#2146);
#747=LINE('',#14930,#2147);
#748=LINE('',#14932,#2148);
#749=LINE('',#14934,#2149);
#750=LINE('',#14936,#2150);
#751=LINE('',#14938,#2151);
#752=LINE('',#14940,#2152);
#753=LINE('',#14942,#2153);
#754=LINE('',#14944,#2154);
#755=LINE('',#14946,#2155);
#756=LINE('',#14948,#2156);
#757=LINE('',#14950,#2157);
#758=LINE('',#14952,#2158);
#759=LINE('',#14954,#2159);
#760=LINE('',#14956,#2160);
#761=LINE('',#14958,#2161);
#762=LINE('',#14960,#2162);
#763=LINE('',#14962,#2163);
#764=LINE('',#14964,#2164);
#765=LINE('',#14966,#2165);
#766=LINE('',#14968,#2166);
#767=LINE('',#14970,#2167);
#768=LINE('',#14972,#2168);
#769=LINE('',#14974,#2169);
#770=LINE('',#14976,#2170);
#771=LINE('',#14978,#2171);
#772=LINE('',#14980,#2172);
#773=LINE('',#14982,#2173);
#774=LINE('',#14984,#2174);
#775=LINE('',#14986,#2175);
#776=LINE('',#14988,#2176);
#777=LINE('',#14990,#2177);
#778=LINE('',#14992,#2178);
#779=LINE('',#14994,#2179);
#780=LINE('',#14996,#2180);
#781=LINE('',#14998,#2181);
#782=LINE('',#15000,#2182);
#783=LINE('',#15002,#2183);
#784=LINE('',#15004,#2184);
#785=LINE('',#15006,#2185);
#786=LINE('',#15008,#2186);
#787=LINE('',#15010,#2187);
#788=LINE('',#15012,#2188);
#789=LINE('',#15014,#2189);
#790=LINE('',#15016,#2190);
#791=LINE('',#15018,#2191);
#792=LINE('',#15020,#2192);
#793=LINE('',#15022,#2193);
#794=LINE('',#15024,#2194);
#795=LINE('',#15026,#2195);
#796=LINE('',#15028,#2196);
#797=LINE('',#15030,#2197);
#798=LINE('',#15032,#2198);
#799=LINE('',#15034,#2199);
#800=LINE('',#15036,#2200);
#801=LINE('',#15038,#2201);
#802=LINE('',#15040,#2202);
#803=LINE('',#15042,#2203);
#804=LINE('',#15044,#2204);
#805=LINE('',#15046,#2205);
#806=LINE('',#15048,#2206);
#807=LINE('',#15050,#2207);
#808=LINE('',#15053,#2208);
#809=LINE('',#15055,#2209);
#810=LINE('',#15057,#2210);
#811=LINE('',#15059,#2211);
#812=LINE('',#15061,#2212);
#813=LINE('',#15063,#2213);
#814=LINE('',#15065,#2214);
#815=LINE('',#15067,#2215);
#816=LINE('',#15069,#2216);
#817=LINE('',#15071,#2217);
#818=LINE('',#15073,#2218);
#819=LINE('',#15075,#2219);
#820=LINE('',#15077,#2220);
#821=LINE('',#15079,#2221);
#822=LINE('',#15081,#2222);
#823=LINE('',#15083,#2223);
#824=LINE('',#15085,#2224);
#825=LINE('',#15087,#2225);
#826=LINE('',#15089,#2226);
#827=LINE('',#15091,#2227);
#828=LINE('',#15093,#2228);
#829=LINE('',#15095,#2229);
#830=LINE('',#15097,#2230);
#831=LINE('',#15099,#2231);
#832=LINE('',#15101,#2232);
#833=LINE('',#15103,#2233);
#834=LINE('',#15105,#2234);
#835=LINE('',#15107,#2235);
#836=LINE('',#15109,#2236);
#837=LINE('',#15111,#2237);
#838=LINE('',#15113,#2238);
#839=LINE('',#15115,#2239);
#840=LINE('',#15117,#2240);
#841=LINE('',#15119,#2241);
#842=LINE('',#15121,#2242);
#843=LINE('',#15123,#2243);
#844=LINE('',#15125,#2244);
#845=LINE('',#15127,#2245);
#846=LINE('',#15129,#2246);
#847=LINE('',#15131,#2247);
#848=LINE('',#15133,#2248);
#849=LINE('',#15135,#2249);
#850=LINE('',#15137,#2250);
#851=LINE('',#15139,#2251);
#852=LINE('',#15141,#2252);
#853=LINE('',#15143,#2253);
#854=LINE('',#15145,#2254);
#855=LINE('',#15147,#2255);
#856=LINE('',#15149,#2256);
#857=LINE('',#15151,#2257);
#858=LINE('',#15153,#2258);
#859=LINE('',#15155,#2259);
#860=LINE('',#15157,#2260);
#861=LINE('',#15159,#2261);
#862=LINE('',#15161,#2262);
#863=LINE('',#15163,#2263);
#864=LINE('',#15165,#2264);
#865=LINE('',#15167,#2265);
#866=LINE('',#15169,#2266);
#867=LINE('',#15171,#2267);
#868=LINE('',#15173,#2268);
#869=LINE('',#15175,#2269);
#870=LINE('',#15177,#2270);
#871=LINE('',#15179,#2271);
#872=LINE('',#15181,#2272);
#873=LINE('',#15183,#2273);
#874=LINE('',#15185,#2274);
#875=LINE('',#15187,#2275);
#876=LINE('',#15189,#2276);
#877=LINE('',#15191,#2277);
#878=LINE('',#15193,#2278);
#879=LINE('',#15195,#2279);
#880=LINE('',#15197,#2280);
#881=LINE('',#15199,#2281);
#882=LINE('',#15201,#2282);
#883=LINE('',#15203,#2283);
#884=LINE('',#15205,#2284);
#885=LINE('',#15207,#2285);
#886=LINE('',#15209,#2286);
#887=LINE('',#15211,#2287);
#888=LINE('',#15213,#2288);
#889=LINE('',#15215,#2289);
#890=LINE('',#15217,#2290);
#891=LINE('',#15219,#2291);
#892=LINE('',#15221,#2292);
#893=LINE('',#15223,#2293);
#894=LINE('',#15225,#2294);
#895=LINE('',#15227,#2295);
#896=LINE('',#15229,#2296);
#897=LINE('',#15231,#2297);
#898=LINE('',#15233,#2298);
#899=LINE('',#15235,#2299);
#900=LINE('',#15237,#2300);
#901=LINE('',#15239,#2301);
#902=LINE('',#15241,#2302);
#903=LINE('',#15243,#2303);
#904=LINE('',#15245,#2304);
#905=LINE('',#15247,#2305);
#906=LINE('',#15249,#2306);
#907=LINE('',#15251,#2307);
#908=LINE('',#15253,#2308);
#909=LINE('',#15255,#2309);
#910=LINE('',#15257,#2310);
#911=LINE('',#15259,#2311);
#912=LINE('',#15261,#2312);
#913=LINE('',#15263,#2313);
#914=LINE('',#15265,#2314);
#915=LINE('',#15267,#2315);
#916=LINE('',#15269,#2316);
#917=LINE('',#15271,#2317);
#918=LINE('',#15273,#2318);
#919=LINE('',#15275,#2319);
#920=LINE('',#15277,#2320);
#921=LINE('',#15279,#2321);
#922=LINE('',#15281,#2322);
#923=LINE('',#15283,#2323);
#924=LINE('',#15285,#2324);
#925=LINE('',#15287,#2325);
#926=LINE('',#15289,#2326);
#927=LINE('',#15291,#2327);
#928=LINE('',#15293,#2328);
#929=LINE('',#15295,#2329);
#930=LINE('',#15297,#2330);
#931=LINE('',#15299,#2331);
#932=LINE('',#15302,#2332);
#933=LINE('',#15304,#2333);
#934=LINE('',#15306,#2334);
#935=LINE('',#15308,#2335);
#936=LINE('',#15310,#2336);
#937=LINE('',#15312,#2337);
#938=LINE('',#15314,#2338);
#939=LINE('',#15316,#2339);
#940=LINE('',#15318,#2340);
#941=LINE('',#15320,#2341);
#942=LINE('',#15322,#2342);
#943=LINE('',#15324,#2343);
#944=LINE('',#15326,#2344);
#945=LINE('',#15328,#2345);
#946=LINE('',#15330,#2346);
#947=LINE('',#15332,#2347);
#948=LINE('',#15334,#2348);
#949=LINE('',#15336,#2349);
#950=LINE('',#15338,#2350);
#951=LINE('',#15340,#2351);
#952=LINE('',#15342,#2352);
#953=LINE('',#15344,#2353);
#954=LINE('',#15346,#2354);
#955=LINE('',#15348,#2355);
#956=LINE('',#15350,#2356);
#957=LINE('',#15352,#2357);
#958=LINE('',#15354,#2358);
#959=LINE('',#15356,#2359);
#960=LINE('',#15358,#2360);
#961=LINE('',#15360,#2361);
#962=LINE('',#15362,#2362);
#963=LINE('',#15364,#2363);
#964=LINE('',#15366,#2364);
#965=LINE('',#15368,#2365);
#966=LINE('',#15370,#2366);
#967=LINE('',#15372,#2367);
#968=LINE('',#15374,#2368);
#969=LINE('',#15376,#2369);
#970=LINE('',#15378,#2370);
#971=LINE('',#15380,#2371);
#972=LINE('',#15382,#2372);
#973=LINE('',#15384,#2373);
#974=LINE('',#15386,#2374);
#975=LINE('',#15388,#2375);
#976=LINE('',#15390,#2376);
#977=LINE('',#15392,#2377);
#978=LINE('',#15394,#2378);
#979=LINE('',#15396,#2379);
#980=LINE('',#15398,#2380);
#981=LINE('',#15400,#2381);
#982=LINE('',#15402,#2382);
#983=LINE('',#15404,#2383);
#984=LINE('',#15406,#2384);
#985=LINE('',#15408,#2385);
#986=LINE('',#15410,#2386);
#987=LINE('',#15412,#2387);
#988=LINE('',#15414,#2388);
#989=LINE('',#15416,#2389);
#990=LINE('',#15418,#2390);
#991=LINE('',#15420,#2391);
#992=LINE('',#15422,#2392);
#993=LINE('',#15424,#2393);
#994=LINE('',#15426,#2394);
#995=LINE('',#15428,#2395);
#996=LINE('',#15430,#2396);
#997=LINE('',#15432,#2397);
#998=LINE('',#15434,#2398);
#999=LINE('',#15436,#2399);
#1000=LINE('',#15438,#2400);
#1001=LINE('',#15440,#2401);
#1002=LINE('',#15442,#2402);
#1003=LINE('',#15444,#2403);
#1004=LINE('',#15446,#2404);
#1005=LINE('',#15448,#2405);
#1006=LINE('',#15450,#2406);
#1007=LINE('',#15452,#2407);
#1008=LINE('',#15454,#2408);
#1009=LINE('',#15456,#2409);
#1010=LINE('',#15458,#2410);
#1011=LINE('',#15460,#2411);
#1012=LINE('',#15462,#2412);
#1013=LINE('',#15464,#2413);
#1014=LINE('',#15466,#2414);
#1015=LINE('',#15468,#2415);
#1016=LINE('',#15470,#2416);
#1017=LINE('',#15472,#2417);
#1018=LINE('',#15474,#2418);
#1019=LINE('',#15476,#2419);
#1020=LINE('',#15478,#2420);
#1021=LINE('',#15480,#2421);
#1022=LINE('',#15482,#2422);
#1023=LINE('',#15484,#2423);
#1024=LINE('',#15486,#2424);
#1025=LINE('',#15488,#2425);
#1026=LINE('',#15491,#2426);
#1027=LINE('',#15493,#2427);
#1028=LINE('',#15495,#2428);
#1029=LINE('',#15497,#2429);
#1030=LINE('',#15499,#2430);
#1031=LINE('',#15501,#2431);
#1032=LINE('',#15503,#2432);
#1033=LINE('',#15505,#2433);
#1034=LINE('',#15507,#2434);
#1035=LINE('',#15509,#2435);
#1036=LINE('',#15511,#2436);
#1037=LINE('',#15513,#2437);
#1038=LINE('',#15515,#2438);
#1039=LINE('',#15517,#2439);
#1040=LINE('',#15519,#2440);
#1041=LINE('',#15521,#2441);
#1042=LINE('',#15523,#2442);
#1043=LINE('',#15525,#2443);
#1044=LINE('',#15527,#2444);
#1045=LINE('',#15529,#2445);
#1046=LINE('',#15531,#2446);
#1047=LINE('',#15533,#2447);
#1048=LINE('',#15535,#2448);
#1049=LINE('',#15537,#2449);
#1050=LINE('',#15539,#2450);
#1051=LINE('',#15541,#2451);
#1052=LINE('',#15543,#2452);
#1053=LINE('',#15545,#2453);
#1054=LINE('',#15547,#2454);
#1055=LINE('',#15549,#2455);
#1056=LINE('',#15551,#2456);
#1057=LINE('',#15553,#2457);
#1058=LINE('',#15555,#2458);
#1059=LINE('',#15557,#2459);
#1060=LINE('',#15559,#2460);
#1061=LINE('',#15561,#2461);
#1062=LINE('',#15563,#2462);
#1063=LINE('',#15565,#2463);
#1064=LINE('',#15567,#2464);
#1065=LINE('',#15569,#2465);
#1066=LINE('',#15571,#2466);
#1067=LINE('',#15573,#2467);
#1068=LINE('',#15575,#2468);
#1069=LINE('',#15577,#2469);
#1070=LINE('',#15579,#2470);
#1071=LINE('',#15581,#2471);
#1072=LINE('',#15583,#2472);
#1073=LINE('',#15585,#2473);
#1074=LINE('',#15587,#2474);
#1075=LINE('',#15589,#2475);
#1076=LINE('',#15591,#2476);
#1077=LINE('',#15593,#2477);
#1078=LINE('',#15595,#2478);
#1079=LINE('',#15597,#2479);
#1080=LINE('',#15599,#2480);
#1081=LINE('',#15601,#2481);
#1082=LINE('',#15603,#2482);
#1083=LINE('',#15605,#2483);
#1084=LINE('',#15607,#2484);
#1085=LINE('',#15609,#2485);
#1086=LINE('',#15611,#2486);
#1087=LINE('',#15613,#2487);
#1088=LINE('',#15615,#2488);
#1089=LINE('',#15617,#2489);
#1090=LINE('',#15619,#2490);
#1091=LINE('',#15621,#2491);
#1092=LINE('',#15623,#2492);
#1093=LINE('',#15625,#2493);
#1094=LINE('',#15627,#2494);
#1095=LINE('',#15629,#2495);
#1096=LINE('',#15631,#2496);
#1097=LINE('',#15633,#2497);
#1098=LINE('',#15635,#2498);
#1099=LINE('',#15637,#2499);
#1100=LINE('',#15639,#2500);
#1101=LINE('',#15641,#2501);
#1102=LINE('',#15643,#2502);
#1103=LINE('',#15645,#2503);
#1104=LINE('',#15647,#2504);
#1105=LINE('',#15649,#2505);
#1106=LINE('',#15651,#2506);
#1107=LINE('',#15653,#2507);
#1108=LINE('',#15655,#2508);
#1109=LINE('',#15657,#2509);
#1110=LINE('',#15659,#2510);
#1111=LINE('',#15661,#2511);
#1112=LINE('',#15663,#2512);
#1113=LINE('',#15665,#2513);
#1114=LINE('',#15667,#2514);
#1115=LINE('',#15669,#2515);
#1116=LINE('',#15671,#2516);
#1117=LINE('',#15673,#2517);
#1118=LINE('',#15675,#2518);
#1119=LINE('',#15677,#2519);
#1120=LINE('',#15679,#2520);
#1121=LINE('',#15681,#2521);
#1122=LINE('',#15683,#2522);
#1123=LINE('',#15685,#2523);
#1124=LINE('',#15687,#2524);
#1125=LINE('',#15689,#2525);
#1126=LINE('',#15691,#2526);
#1127=LINE('',#15693,#2527);
#1128=LINE('',#15695,#2528);
#1129=LINE('',#15697,#2529);
#1130=LINE('',#15699,#2530);
#1131=LINE('',#15701,#2531);
#1132=LINE('',#15703,#2532);
#1133=LINE('',#15705,#2533);
#1134=LINE('',#15707,#2534);
#1135=LINE('',#15709,#2535);
#1136=LINE('',#15711,#2536);
#1137=LINE('',#15713,#2537);
#1138=LINE('',#15715,#2538);
#1139=LINE('',#15717,#2539);
#1140=LINE('',#15719,#2540);
#1141=LINE('',#15721,#2541);
#1142=LINE('',#15723,#2542);
#1143=LINE('',#15725,#2543);
#1144=LINE('',#15727,#2544);
#1145=LINE('',#15729,#2545);
#1146=LINE('',#15731,#2546);
#1147=LINE('',#15733,#2547);
#1148=LINE('',#15735,#2548);
#1149=LINE('',#15737,#2549);
#1150=LINE('',#15739,#2550);
#1151=LINE('',#15741,#2551);
#1152=LINE('',#15743,#2552);
#1153=LINE('',#15745,#2553);
#1154=LINE('',#15747,#2554);
#1155=LINE('',#15749,#2555);
#1156=LINE('',#15751,#2556);
#1157=LINE('',#15753,#2557);
#1158=LINE('',#15755,#2558);
#1159=LINE('',#15757,#2559);
#1160=LINE('',#15759,#2560);
#1161=LINE('',#15761,#2561);
#1162=LINE('',#15763,#2562);
#1163=LINE('',#15765,#2563);
#1164=LINE('',#15767,#2564);
#1165=LINE('',#15769,#2565);
#1166=LINE('',#15771,#2566);
#1167=LINE('',#15773,#2567);
#1168=LINE('',#15775,#2568);
#1169=LINE('',#15777,#2569);
#1170=LINE('',#15779,#2570);
#1171=LINE('',#15781,#2571);
#1172=LINE('',#15783,#2572);
#1173=LINE('',#15785,#2573);
#1174=LINE('',#15787,#2574);
#1175=LINE('',#15789,#2575);
#1176=LINE('',#15791,#2576);
#1177=LINE('',#15793,#2577);
#1178=LINE('',#15795,#2578);
#1179=LINE('',#15797,#2579);
#1180=LINE('',#15799,#2580);
#1181=LINE('',#15801,#2581);
#1182=LINE('',#15803,#2582);
#1183=LINE('',#15805,#2583);
#1184=LINE('',#15807,#2584);
#1185=LINE('',#15809,#2585);
#1186=LINE('',#15811,#2586);
#1187=LINE('',#15813,#2587);
#1188=LINE('',#15815,#2588);
#1189=LINE('',#15817,#2589);
#1190=LINE('',#15819,#2590);
#1191=LINE('',#15821,#2591);
#1192=LINE('',#15823,#2592);
#1193=LINE('',#15825,#2593);
#1194=LINE('',#15827,#2594);
#1195=LINE('',#15829,#2595);
#1196=LINE('',#15831,#2596);
#1197=LINE('',#15833,#2597);
#1198=LINE('',#15835,#2598);
#1199=LINE('',#15837,#2599);
#1200=LINE('',#15839,#2600);
#1201=LINE('',#15841,#2601);
#1202=LINE('',#15843,#2602);
#1203=LINE('',#15845,#2603);
#1204=LINE('',#15847,#2604);
#1205=LINE('',#15849,#2605);
#1206=LINE('',#15851,#2606);
#1207=LINE('',#15853,#2607);
#1208=LINE('',#15855,#2608);
#1209=LINE('',#15857,#2609);
#1210=LINE('',#15859,#2610);
#1211=LINE('',#15861,#2611);
#1212=LINE('',#15863,#2612);
#1213=LINE('',#15865,#2613);
#1214=LINE('',#15867,#2614);
#1215=LINE('',#15869,#2615);
#1216=LINE('',#15871,#2616);
#1217=LINE('',#15873,#2617);
#1218=LINE('',#15875,#2618);
#1219=LINE('',#15877,#2619);
#1220=LINE('',#15879,#2620);
#1221=LINE('',#15881,#2621);
#1222=LINE('',#15883,#2622);
#1223=LINE('',#15885,#2623);
#1224=LINE('',#15887,#2624);
#1225=LINE('',#15889,#2625);
#1226=LINE('',#15891,#2626);
#1227=LINE('',#15893,#2627);
#1228=LINE('',#15895,#2628);
#1229=LINE('',#15897,#2629);
#1230=LINE('',#15899,#2630);
#1231=LINE('',#15901,#2631);
#1232=LINE('',#15903,#2632);
#1233=LINE('',#15905,#2633);
#1234=LINE('',#15907,#2634);
#1235=LINE('',#15909,#2635);
#1236=LINE('',#15911,#2636);
#1237=LINE('',#15913,#2637);
#1238=LINE('',#15915,#2638);
#1239=LINE('',#15917,#2639);
#1240=LINE('',#15919,#2640);
#1241=LINE('',#15921,#2641);
#1242=LINE('',#15923,#2642);
#1243=LINE('',#15925,#2643);
#1244=LINE('',#15927,#2644);
#1245=LINE('',#15929,#2645);
#1246=LINE('',#15931,#2646);
#1247=LINE('',#15933,#2647);
#1248=LINE('',#15935,#2648);
#1249=LINE('',#15937,#2649);
#1250=LINE('',#15939,#2650);
#1251=LINE('',#15941,#2651);
#1252=LINE('',#15943,#2652);
#1253=LINE('',#15945,#2653);
#1254=LINE('',#15947,#2654);
#1255=LINE('',#15949,#2655);
#1256=LINE('',#15951,#2656);
#1257=LINE('',#15953,#2657);
#1258=LINE('',#15955,#2658);
#1259=LINE('',#15957,#2659);
#1260=LINE('',#15959,#2660);
#1261=LINE('',#15961,#2661);
#1262=LINE('',#15963,#2662);
#1263=LINE('',#15965,#2663);
#1264=LINE('',#15967,#2664);
#1265=LINE('',#15969,#2665);
#1266=LINE('',#15971,#2666);
#1267=LINE('',#15973,#2667);
#1268=LINE('',#15975,#2668);
#1269=LINE('',#15977,#2669);
#1270=LINE('',#15979,#2670);
#1271=LINE('',#15981,#2671);
#1272=LINE('',#15983,#2672);
#1273=LINE('',#15985,#2673);
#1274=LINE('',#15987,#2674);
#1275=LINE('',#15989,#2675);
#1276=LINE('',#15991,#2676);
#1277=LINE('',#15993,#2677);
#1278=LINE('',#15995,#2678);
#1279=LINE('',#15997,#2679);
#1280=LINE('',#15999,#2680);
#1281=LINE('',#16001,#2681);
#1282=LINE('',#16003,#2682);
#1283=LINE('',#16005,#2683);
#1284=LINE('',#16007,#2684);
#1285=LINE('',#16009,#2685);
#1286=LINE('',#16011,#2686);
#1287=LINE('',#16013,#2687);
#1288=LINE('',#16015,#2688);
#1289=LINE('',#16017,#2689);
#1290=LINE('',#16019,#2690);
#1291=LINE('',#16021,#2691);
#1292=LINE('',#16023,#2692);
#1293=LINE('',#16025,#2693);
#1294=LINE('',#16027,#2694);
#1295=LINE('',#16029,#2695);
#1296=LINE('',#16031,#2696);
#1297=LINE('',#16033,#2697);
#1298=LINE('',#16035,#2698);
#1299=LINE('',#16037,#2699);
#1300=LINE('',#16039,#2700);
#1301=LINE('',#16041,#2701);
#1302=LINE('',#16043,#2702);
#1303=LINE('',#16045,#2703);
#1304=LINE('',#16047,#2704);
#1305=LINE('',#16049,#2705);
#1306=LINE('',#16051,#2706);
#1307=LINE('',#16053,#2707);
#1308=LINE('',#16055,#2708);
#1309=LINE('',#16057,#2709);
#1310=LINE('',#16059,#2710);
#1311=LINE('',#16061,#2711);
#1312=LINE('',#16063,#2712);
#1313=LINE('',#16065,#2713);
#1314=LINE('',#16067,#2714);
#1315=LINE('',#16069,#2715);
#1316=LINE('',#16071,#2716);
#1317=LINE('',#16073,#2717);
#1318=LINE('',#16075,#2718);
#1319=LINE('',#16077,#2719);
#1320=LINE('',#16079,#2720);
#1321=LINE('',#16081,#2721);
#1322=LINE('',#16083,#2722);
#1323=LINE('',#16085,#2723);
#1324=LINE('',#16087,#2724);
#1325=LINE('',#16089,#2725);
#1326=LINE('',#16091,#2726);
#1327=LINE('',#16093,#2727);
#1328=LINE('',#16095,#2728);
#1329=LINE('',#16097,#2729);
#1330=LINE('',#16099,#2730);
#1331=LINE('',#16101,#2731);
#1332=LINE('',#16103,#2732);
#1333=LINE('',#16105,#2733);
#1334=LINE('',#16106,#2734);
#1335=LINE('',#16108,#2735);
#1336=LINE('',#16109,#2736);
#1337=LINE('',#16111,#2737);
#1338=LINE('',#16112,#2738);
#1339=LINE('',#16114,#2739);
#1340=LINE('',#16115,#2740);
#1341=LINE('',#16117,#2741);
#1342=LINE('',#16118,#2742);
#1343=LINE('',#16120,#2743);
#1344=LINE('',#16121,#2744);
#1345=LINE('',#16123,#2745);
#1346=LINE('',#16124,#2746);
#1347=LINE('',#16126,#2747);
#1348=LINE('',#16128,#2748);
#1349=LINE('',#16129,#2749);
#1350=LINE('',#16135,#2750);
#1351=LINE('',#16138,#2751);
#1352=LINE('',#16140,#2752);
#1353=LINE('',#16142,#2753);
#1354=LINE('',#16144,#2754);
#1355=LINE('',#16146,#2755);
#1356=LINE('',#16148,#2756);
#1357=LINE('',#16150,#2757);
#1358=LINE('',#16152,#2758);
#1359=LINE('',#16154,#2759);
#1360=LINE('',#16156,#2760);
#1361=LINE('',#16158,#2761);
#1362=LINE('',#16160,#2762);
#1363=LINE('',#16162,#2763);
#1364=LINE('',#16163,#2764);
#1365=LINE('',#16166,#2765);
#1366=LINE('',#16168,#2766);
#1367=LINE('',#16170,#2767);
#1368=LINE('',#16172,#2768);
#1369=LINE('',#16174,#2769);
#1370=LINE('',#16176,#2770);
#1371=LINE('',#16178,#2771);
#1372=LINE('',#16180,#2772);
#1373=LINE('',#16182,#2773);
#1374=LINE('',#16187,#2774);
#1375=LINE('',#16189,#2775);
#1376=LINE('',#16191,#2776);
#1377=LINE('',#16193,#2777);
#1378=LINE('',#16195,#2778);
#1379=LINE('',#16197,#2779);
#1380=LINE('',#16199,#2780);
#1381=LINE('',#16201,#2781);
#1382=LINE('',#16203,#2782);
#1383=LINE('',#16205,#2783);
#1384=LINE('',#16207,#2784);
#1385=LINE('',#16209,#2785);
#1386=LINE('',#16211,#2786);
#1387=LINE('',#16213,#2787);
#1388=LINE('',#16215,#2788);
#1389=LINE('',#16217,#2789);
#1390=LINE('',#16219,#2790);
#1391=LINE('',#16221,#2791);
#1392=LINE('',#16223,#2792);
#1393=LINE('',#16225,#2793);
#1394=LINE('',#16228,#2794);
#1395=LINE('',#16230,#2795);
#1396=LINE('',#16232,#2796);
#1397=LINE('',#16234,#2797);
#1398=LINE('',#16236,#2798);
#1399=LINE('',#16238,#2799);
#1400=LINE('',#16240,#2800);
#1401=LINE('',#16242,#2801);
#1402=LINE('',#16244,#2802);
#1403=LINE('',#16246,#2803);
#1404=LINE('',#16248,#2804);
#1405=LINE('',#16250,#2805);
#1406=LINE('',#16252,#2806);
#1407=LINE('',#16254,#2807);
#1408=LINE('',#16256,#2808);
#1409=LINE('',#16258,#2809);
#1410=LINE('',#16260,#2810);
#1411=LINE('',#16262,#2811);
#1412=LINE('',#16264,#2812);
#1413=LINE('',#16266,#2813);
#1414=LINE('',#16268,#2814);
#1415=LINE('',#16270,#2815);
#1416=LINE('',#16272,#2816);
#1417=LINE('',#16274,#2817);
#1418=LINE('',#16276,#2818);
#1419=LINE('',#16278,#2819);
#1420=LINE('',#16280,#2820);
#1421=LINE('',#16282,#2821);
#1422=LINE('',#16285,#2822);
#1423=LINE('',#16288,#2823);
#1424=LINE('',#16290,#2824);
#1425=LINE('',#16292,#2825);
#1426=LINE('',#16294,#2826);
#1427=LINE('',#16296,#2827);
#1428=LINE('',#16298,#2828);
#1429=LINE('',#16300,#2829);
#1430=LINE('',#16302,#2830);
#1431=LINE('',#16304,#2831);
#1432=LINE('',#16306,#2832);
#1433=LINE('',#16308,#2833);
#1434=LINE('',#16310,#2834);
#1435=LINE('',#16312,#2835);
#1436=LINE('',#16314,#2836);
#1437=LINE('',#16316,#2837);
#1438=LINE('',#16318,#2838);
#1439=LINE('',#16320,#2839);
#1440=LINE('',#16322,#2840);
#1441=LINE('',#16324,#2841);
#1442=LINE('',#16326,#2842);
#1443=LINE('',#16331,#2843);
#1444=LINE('',#16334,#2844);
#1445=LINE('',#16335,#2845);
#1446=LINE('',#16337,#2846);
#1447=LINE('',#16340,#2847);
#1448=LINE('',#16341,#2848);
#1449=LINE('',#16343,#2849);
#1450=LINE('',#16346,#2850);
#1451=LINE('',#16348,#2851);
#1452=LINE('',#16350,#2852);
#1453=LINE('',#16355,#2853);
#1454=LINE('',#16356,#2854);
#1455=LINE('',#16358,#2855);
#1456=LINE('',#16360,#2856);
#1457=VECTOR('',#11005,1.);
#1458=VECTOR('',#11008,1.);
#1459=VECTOR('',#11019,1.);
#1460=VECTOR('',#11022,1.);
#1461=VECTOR('',#11025,1.);
#1462=VECTOR('',#11028,1.);
#1463=VECTOR('',#11031,1.);
#1464=VECTOR('',#11034,1.);
#1465=VECTOR('',#11037,1.);
#1466=VECTOR('',#11038,1.);
#1467=VECTOR('',#11039,1.);
#1468=VECTOR('',#11040,1.);
#1469=VECTOR('',#11041,1.);
#1470=VECTOR('',#11042,1.);
#1471=VECTOR('',#11043,1.);
#1472=VECTOR('',#11044,1.);
#1473=VECTOR('',#11045,1.);
#1474=VECTOR('',#11046,1.);
#1475=VECTOR('',#11047,1.);
#1476=VECTOR('',#11048,1.);
#1477=VECTOR('',#11049,1.);
#1478=VECTOR('',#11050,1.);
#1479=VECTOR('',#11051,1.);
#1480=VECTOR('',#11052,1.);
#1481=VECTOR('',#11053,1.);
#1482=VECTOR('',#11054,1.);
#1483=VECTOR('',#11055,1.);
#1484=VECTOR('',#11056,1.);
#1485=VECTOR('',#11057,1.);
#1486=VECTOR('',#11058,1.);
#1487=VECTOR('',#11059,1.);
#1488=VECTOR('',#11060,1.);
#1489=VECTOR('',#11061,1.);
#1490=VECTOR('',#11062,1.);
#1491=VECTOR('',#11063,1.);
#1492=VECTOR('',#11064,1.);
#1493=VECTOR('',#11065,1.);
#1494=VECTOR('',#11066,1.);
#1495=VECTOR('',#11067,1.);
#1496=VECTOR('',#11068,1.);
#1497=VECTOR('',#11069,1.);
#1498=VECTOR('',#11070,1.);
#1499=VECTOR('',#11071,1.);
#1500=VECTOR('',#11072,1.);
#1501=VECTOR('',#11073,1.);
#1502=VECTOR('',#11074,1.);
#1503=VECTOR('',#11075,1.);
#1504=VECTOR('',#11076,1.);
#1505=VECTOR('',#11077,1.);
#1506=VECTOR('',#11078,1.);
#1507=VECTOR('',#11079,1.);
#1508=VECTOR('',#11080,1.);
#1509=VECTOR('',#11081,1.);
#1510=VECTOR('',#11082,1.);
#1511=VECTOR('',#11083,1.);
#1512=VECTOR('',#11084,1.);
#1513=VECTOR('',#11085,1.);
#1514=VECTOR('',#11086,1.);
#1515=VECTOR('',#11087,1.);
#1516=VECTOR('',#11088,1.);
#1517=VECTOR('',#11089,1.);
#1518=VECTOR('',#11090,1.);
#1519=VECTOR('',#11091,1.);
#1520=VECTOR('',#11092,1.);
#1521=VECTOR('',#11093,1.);
#1522=VECTOR('',#11094,1.);
#1523=VECTOR('',#11095,1.);
#1524=VECTOR('',#11096,1.);
#1525=VECTOR('',#11097,1.);
#1526=VECTOR('',#11098,1.);
#1527=VECTOR('',#11099,1.);
#1528=VECTOR('',#11100,1.);
#1529=VECTOR('',#11101,1.);
#1530=VECTOR('',#11102,1.);
#1531=VECTOR('',#11103,1.);
#1532=VECTOR('',#11104,1.);
#1533=VECTOR('',#11105,1.);
#1534=VECTOR('',#11106,1.);
#1535=VECTOR('',#11107,1.);
#1536=VECTOR('',#11108,1.);
#1537=VECTOR('',#11109,1.);
#1538=VECTOR('',#11110,1.);
#1539=VECTOR('',#11111,1.);
#1540=VECTOR('',#11112,1.);
#1541=VECTOR('',#11113,1.);
#1542=VECTOR('',#11114,1.);
#1543=VECTOR('',#11115,1.);
#1544=VECTOR('',#11116,1.);
#1545=VECTOR('',#11117,1.);
#1546=VECTOR('',#11118,1.);
#1547=VECTOR('',#11119,1.);
#1548=VECTOR('',#11120,1.);
#1549=VECTOR('',#11121,1.);
#1550=VECTOR('',#11124,1.);
#1551=VECTOR('',#11125,1.);
#1552=VECTOR('',#11126,1.);
#1553=VECTOR('',#11127,1.);
#1554=VECTOR('',#11128,1.);
#1555=VECTOR('',#11129,1.);
#1556=VECTOR('',#11130,1.);
#1557=VECTOR('',#11131,1.);
#1558=VECTOR('',#11140,1.);
#1559=VECTOR('',#11141,1.);
#1560=VECTOR('',#11142,1.);
#1561=VECTOR('',#11145,1.);
#1562=VECTOR('',#11146,1.);
#1563=VECTOR('',#11149,1.);
#1564=VECTOR('',#11150,1.);
#1565=VECTOR('',#11153,1.);
#1566=VECTOR('',#11156,1.);
#1567=VECTOR('',#11157,1.);
#1568=VECTOR('',#11158,1.);
#1569=VECTOR('',#11161,1.);
#1570=VECTOR('',#11162,1.);
#1571=VECTOR('',#11163,1.);
#1572=VECTOR('',#11164,1.);
#1573=VECTOR('',#11165,1.);
#1574=VECTOR('',#11166,1.);
#1575=VECTOR('',#11169,1.);
#1576=VECTOR('',#11170,1.);
#1577=VECTOR('',#11171,1.);
#1578=VECTOR('',#11172,1.);
#1579=VECTOR('',#11173,1.);
#1580=VECTOR('',#11174,1.);
#1581=VECTOR('',#11177,1.);
#1582=VECTOR('',#11178,1.);
#1583=VECTOR('',#11179,1.);
#1584=VECTOR('',#11218,1.);
#1585=VECTOR('',#11219,1.);
#1586=VECTOR('',#11220,1.);
#1587=VECTOR('',#11221,1.);
#1588=VECTOR('',#11224,1.);
#1589=VECTOR('',#11225,1.);
#1590=VECTOR('',#11226,1.);
#1591=VECTOR('',#11229,1.);
#1592=VECTOR('',#11230,1.);
#1593=VECTOR('',#11231,1.);
#1594=VECTOR('',#11234,1.);
#1595=VECTOR('',#11235,1.);
#1596=VECTOR('',#11236,1.);
#1597=VECTOR('',#11239,1.);
#1598=VECTOR('',#11240,1.);
#1599=VECTOR('',#11241,1.);
#1600=VECTOR('',#11244,1.);
#1601=VECTOR('',#11245,1.);
#1602=VECTOR('',#11246,1.);
#1603=VECTOR('',#11249,1.);
#1604=VECTOR('',#11250,1.);
#1605=VECTOR('',#11251,1.);
#1606=VECTOR('',#11254,1.);
#1607=VECTOR('',#11255,1.);
#1608=VECTOR('',#11256,1.);
#1609=VECTOR('',#11259,1.);
#1610=VECTOR('',#11260,1.);
#1611=VECTOR('',#11261,1.);
#1612=VECTOR('',#11264,1.);
#1613=VECTOR('',#11265,1.);
#1614=VECTOR('',#11266,1.);
#1615=VECTOR('',#11269,1.);
#1616=VECTOR('',#11270,1.);
#1617=VECTOR('',#11271,1.);
#1618=VECTOR('',#11274,1.);
#1619=VECTOR('',#11275,1.);
#1620=VECTOR('',#11276,1.);
#1621=VECTOR('',#11279,1.);
#1622=VECTOR('',#11280,1.);
#1623=VECTOR('',#11281,1.);
#1624=VECTOR('',#11284,1.);
#1625=VECTOR('',#11285,1.);
#1626=VECTOR('',#11286,1.);
#1627=VECTOR('',#11289,1.);
#1628=VECTOR('',#11290,1.);
#1629=VECTOR('',#11291,1.);
#1630=VECTOR('',#11294,1.);
#1631=VECTOR('',#11295,1.);
#1632=VECTOR('',#11296,1.);
#1633=VECTOR('',#11299,1.);
#1634=VECTOR('',#11300,1.);
#1635=VECTOR('',#11301,1.);
#1636=VECTOR('',#11304,1.);
#1637=VECTOR('',#11305,1.);
#1638=VECTOR('',#11306,1.);
#1639=VECTOR('',#11309,1.);
#1640=VECTOR('',#11310,1.);
#1641=VECTOR('',#11311,1.);
#1642=VECTOR('',#11314,1.);
#1643=VECTOR('',#11315,1.);
#1644=VECTOR('',#11316,1.);
#1645=VECTOR('',#11319,1.);
#1646=VECTOR('',#11320,1.);
#1647=VECTOR('',#11321,1.);
#1648=VECTOR('',#11324,1.);
#1649=VECTOR('',#11325,1.);
#1650=VECTOR('',#11326,1.);
#1651=VECTOR('',#11329,1.);
#1652=VECTOR('',#11330,1.);
#1653=VECTOR('',#11331,1.);
#1654=VECTOR('',#11334,1.);
#1655=VECTOR('',#11335,1.);
#1656=VECTOR('',#11336,1.);
#1657=VECTOR('',#11339,1.);
#1658=VECTOR('',#11340,1.);
#1659=VECTOR('',#11341,1.);
#1660=VECTOR('',#11344,1.);
#1661=VECTOR('',#11345,1.);
#1662=VECTOR('',#11346,1.);
#1663=VECTOR('',#11349,1.);
#1664=VECTOR('',#11350,1.);
#1665=VECTOR('',#11351,1.);
#1666=VECTOR('',#11354,1.);
#1667=VECTOR('',#11355,1.);
#1668=VECTOR('',#11356,1.);
#1669=VECTOR('',#11359,1.);
#1670=VECTOR('',#11360,1.);
#1671=VECTOR('',#11361,1.);
#1672=VECTOR('',#11364,1.);
#1673=VECTOR('',#11365,1.);
#1674=VECTOR('',#11366,1.);
#1675=VECTOR('',#11369,1.);
#1676=VECTOR('',#11370,1.);
#1677=VECTOR('',#11371,1.);
#1678=VECTOR('',#11374,1.);
#1679=VECTOR('',#11375,1.);
#1680=VECTOR('',#11376,1.);
#1681=VECTOR('',#11377,1.);
#1682=VECTOR('',#11380,1.);
#1683=VECTOR('',#11381,1.);
#1684=VECTOR('',#11382,1.);
#1685=VECTOR('',#11385,1.);
#1686=VECTOR('',#11386,1.);
#1687=VECTOR('',#11387,1.);
#1688=VECTOR('',#11390,1.);
#1689=VECTOR('',#11391,1.);
#1690=VECTOR('',#11392,1.);
#1691=VECTOR('',#11395,1.);
#1692=VECTOR('',#11396,1.);
#1693=VECTOR('',#11397,1.);
#1694=VECTOR('',#11400,1.);
#1695=VECTOR('',#11401,1.);
#1696=VECTOR('',#11402,1.);
#1697=VECTOR('',#11405,1.);
#1698=VECTOR('',#11406,1.);
#1699=VECTOR('',#11407,1.);
#1700=VECTOR('',#11410,1.);
#1701=VECTOR('',#11411,1.);
#1702=VECTOR('',#11412,1.);
#1703=VECTOR('',#11415,1.);
#1704=VECTOR('',#11416,1.);
#1705=VECTOR('',#11417,1.);
#1706=VECTOR('',#11420,1.);
#1707=VECTOR('',#11421,1.);
#1708=VECTOR('',#11422,1.);
#1709=VECTOR('',#11425,1.);
#1710=VECTOR('',#11426,1.);
#1711=VECTOR('',#11427,1.);
#1712=VECTOR('',#11430,1.);
#1713=VECTOR('',#11431,1.);
#1714=VECTOR('',#11432,1.);
#1715=VECTOR('',#11435,1.);
#1716=VECTOR('',#11436,1.);
#1717=VECTOR('',#11437,1.);
#1718=VECTOR('',#11440,1.);
#1719=VECTOR('',#11441,1.);
#1720=VECTOR('',#11442,1.);
#1721=VECTOR('',#11445,1.);
#1722=VECTOR('',#11446,1.);
#1723=VECTOR('',#11447,1.);
#1724=VECTOR('',#11450,1.);
#1725=VECTOR('',#11451,1.);
#1726=VECTOR('',#11452,1.);
#1727=VECTOR('',#11455,1.);
#1728=VECTOR('',#11456,1.);
#1729=VECTOR('',#11457,1.);
#1730=VECTOR('',#11460,1.);
#1731=VECTOR('',#11461,1.);
#1732=VECTOR('',#11462,1.);
#1733=VECTOR('',#11465,1.);
#1734=VECTOR('',#11466,1.);
#1735=VECTOR('',#11467,1.);
#1736=VECTOR('',#11470,1.);
#1737=VECTOR('',#11471,1.);
#1738=VECTOR('',#11472,1.);
#1739=VECTOR('',#11475,1.);
#1740=VECTOR('',#11476,1.);
#1741=VECTOR('',#11477,1.);
#1742=VECTOR('',#11480,1.);
#1743=VECTOR('',#11481,1.);
#1744=VECTOR('',#11482,1.);
#1745=VECTOR('',#11485,1.);
#1746=VECTOR('',#11486,1.);
#1747=VECTOR('',#11487,1.);
#1748=VECTOR('',#11490,1.);
#1749=VECTOR('',#11491,1.);
#1750=VECTOR('',#11492,1.);
#1751=VECTOR('',#11495,1.);
#1752=VECTOR('',#11496,1.);
#1753=VECTOR('',#11497,1.);
#1754=VECTOR('',#11500,1.);
#1755=VECTOR('',#11501,1.);
#1756=VECTOR('',#11502,1.);
#1757=VECTOR('',#11505,1.);
#1758=VECTOR('',#11506,1.);
#1759=VECTOR('',#11507,1.);
#1760=VECTOR('',#11510,1.);
#1761=VECTOR('',#11511,1.);
#1762=VECTOR('',#11512,1.);
#1763=VECTOR('',#11515,1.);
#1764=VECTOR('',#11516,1.);
#1765=VECTOR('',#11517,1.);
#1766=VECTOR('',#11520,1.);
#1767=VECTOR('',#11521,1.);
#1768=VECTOR('',#11522,1.);
#1769=VECTOR('',#11525,1.);
#1770=VECTOR('',#11526,1.);
#1771=VECTOR('',#11527,1.);
#1772=VECTOR('',#11530,1.);
#1773=VECTOR('',#11531,1.);
#1774=VECTOR('',#11532,1.);
#1775=VECTOR('',#11535,1.);
#1776=VECTOR('',#11536,1.);
#1777=VECTOR('',#11537,1.);
#1778=VECTOR('',#11540,1.);
#1779=VECTOR('',#11541,1.);
#1780=VECTOR('',#11542,1.);
#1781=VECTOR('',#11545,1.);
#1782=VECTOR('',#11546,1.);
#1783=VECTOR('',#11547,1.);
#1784=VECTOR('',#11550,1.);
#1785=VECTOR('',#11551,1.);
#1786=VECTOR('',#11552,1.);
#1787=VECTOR('',#11555,1.);
#1788=VECTOR('',#11556,1.);
#1789=VECTOR('',#11557,1.);
#1790=VECTOR('',#11560,1.);
#1791=VECTOR('',#11561,1.);
#1792=VECTOR('',#11562,1.);
#1793=VECTOR('',#11565,1.);
#1794=VECTOR('',#11566,1.);
#1795=VECTOR('',#11567,1.);
#1796=VECTOR('',#11570,1.);
#1797=VECTOR('',#11571,1.);
#1798=VECTOR('',#11572,1.);
#1799=VECTOR('',#11575,1.);
#1800=VECTOR('',#11576,1.);
#1801=VECTOR('',#11577,1.);
#1802=VECTOR('',#11580,1.);
#1803=VECTOR('',#11581,1.);
#1804=VECTOR('',#11582,1.);
#1805=VECTOR('',#11585,1.);
#1806=VECTOR('',#11586,1.);
#1807=VECTOR('',#11587,1.);
#1808=VECTOR('',#11590,1.);
#1809=VECTOR('',#11591,1.);
#1810=VECTOR('',#11592,1.);
#1811=VECTOR('',#11595,1.);
#1812=VECTOR('',#11596,1.);
#1813=VECTOR('',#11597,1.);
#1814=VECTOR('',#11600,1.);
#1815=VECTOR('',#11601,1.);
#1816=VECTOR('',#11602,1.);
#1817=VECTOR('',#11605,1.);
#1818=VECTOR('',#11606,1.);
#1819=VECTOR('',#11607,1.);
#1820=VECTOR('',#11610,1.);
#1821=VECTOR('',#11611,1.);
#1822=VECTOR('',#11612,1.);
#1823=VECTOR('',#11615,1.);
#1824=VECTOR('',#11616,1.);
#1825=VECTOR('',#11617,1.);
#1826=VECTOR('',#11620,1.);
#1827=VECTOR('',#11621,1.);
#1828=VECTOR('',#11622,1.);
#1829=VECTOR('',#11623,1.);
#1830=VECTOR('',#11626,1.);
#1831=VECTOR('',#11627,1.);
#1832=VECTOR('',#11628,1.);
#1833=VECTOR('',#11631,1.);
#1834=VECTOR('',#11632,1.);
#1835=VECTOR('',#11633,1.);
#1836=VECTOR('',#11636,1.);
#1837=VECTOR('',#11637,1.);
#1838=VECTOR('',#11638,1.);
#1839=VECTOR('',#11641,1.);
#1840=VECTOR('',#11642,1.);
#1841=VECTOR('',#11643,1.);
#1842=VECTOR('',#11646,1.);
#1843=VECTOR('',#11647,1.);
#1844=VECTOR('',#11648,1.);
#1845=VECTOR('',#11651,1.);
#1846=VECTOR('',#11652,1.);
#1847=VECTOR('',#11653,1.);
#1848=VECTOR('',#11656,1.);
#1849=VECTOR('',#11657,1.);
#1850=VECTOR('',#11658,1.);
#1851=VECTOR('',#11661,1.);
#1852=VECTOR('',#11662,1.);
#1853=VECTOR('',#11663,1.);
#1854=VECTOR('',#11666,1.);
#1855=VECTOR('',#11667,1.);
#1856=VECTOR('',#11668,1.);
#1857=VECTOR('',#11671,1.);
#1858=VECTOR('',#11672,1.);
#1859=VECTOR('',#11673,1.);
#1860=VECTOR('',#11676,1.);
#1861=VECTOR('',#11677,1.);
#1862=VECTOR('',#11678,1.);
#1863=VECTOR('',#11681,1.);
#1864=VECTOR('',#11682,1.);
#1865=VECTOR('',#11683,1.);
#1866=VECTOR('',#11686,1.);
#1867=VECTOR('',#11687,1.);
#1868=VECTOR('',#11688,1.);
#1869=VECTOR('',#11691,1.);
#1870=VECTOR('',#11692,1.);
#1871=VECTOR('',#11693,1.);
#1872=VECTOR('',#11696,1.);
#1873=VECTOR('',#11697,1.);
#1874=VECTOR('',#11698,1.);
#1875=VECTOR('',#11701,1.);
#1876=VECTOR('',#11702,1.);
#1877=VECTOR('',#11703,1.);
#1878=VECTOR('',#11706,1.);
#1879=VECTOR('',#11707,1.);
#1880=VECTOR('',#11708,1.);
#1881=VECTOR('',#11711,1.);
#1882=VECTOR('',#11712,1.);
#1883=VECTOR('',#11713,1.);
#1884=VECTOR('',#11716,1.);
#1885=VECTOR('',#11717,1.);
#1886=VECTOR('',#11718,1.);
#1887=VECTOR('',#11721,1.);
#1888=VECTOR('',#11722,1.);
#1889=VECTOR('',#11723,1.);
#1890=VECTOR('',#11726,1.);
#1891=VECTOR('',#11727,1.);
#1892=VECTOR('',#11728,1.);
#1893=VECTOR('',#11731,1.);
#1894=VECTOR('',#11732,1.);
#1895=VECTOR('',#11733,1.);
#1896=VECTOR('',#11736,1.);
#1897=VECTOR('',#11737,1.);
#1898=VECTOR('',#11738,1.);
#1899=VECTOR('',#11741,1.);
#1900=VECTOR('',#11742,1.);
#1901=VECTOR('',#11743,1.);
#1902=VECTOR('',#11746,1.);
#1903=VECTOR('',#11747,1.);
#1904=VECTOR('',#11748,1.);
#1905=VECTOR('',#11751,1.);
#1906=VECTOR('',#11752,1.);
#1907=VECTOR('',#11753,1.);
#1908=VECTOR('',#11756,1.);
#1909=VECTOR('',#11757,1.);
#1910=VECTOR('',#11758,1.);
#1911=VECTOR('',#11761,1.);
#1912=VECTOR('',#11762,1.);
#1913=VECTOR('',#11763,1.);
#1914=VECTOR('',#11766,1.);
#1915=VECTOR('',#11767,1.);
#1916=VECTOR('',#11768,1.);
#1917=VECTOR('',#11771,1.);
#1918=VECTOR('',#11772,1.);
#1919=VECTOR('',#11773,1.);
#1920=VECTOR('',#11776,1.);
#1921=VECTOR('',#11777,1.);
#1922=VECTOR('',#11778,1.);
#1923=VECTOR('',#11781,1.);
#1924=VECTOR('',#11782,1.);
#1925=VECTOR('',#11783,1.);
#1926=VECTOR('',#11786,1.);
#1927=VECTOR('',#11787,1.);
#1928=VECTOR('',#11788,1.);
#1929=VECTOR('',#11791,1.);
#1930=VECTOR('',#11792,1.);
#1931=VECTOR('',#11793,1.);
#1932=VECTOR('',#11796,1.);
#1933=VECTOR('',#11797,1.);
#1934=VECTOR('',#11798,1.);
#1935=VECTOR('',#11801,1.);
#1936=VECTOR('',#11802,1.);
#1937=VECTOR('',#11803,1.);
#1938=VECTOR('',#11806,1.);
#1939=VECTOR('',#11807,1.);
#1940=VECTOR('',#11808,1.);
#1941=VECTOR('',#11811,1.);
#1942=VECTOR('',#11812,1.);
#1943=VECTOR('',#11813,1.);
#1944=VECTOR('',#11816,1.);
#1945=VECTOR('',#11817,1.);
#1946=VECTOR('',#11818,1.);
#1947=VECTOR('',#11821,1.);
#1948=VECTOR('',#11822,1.);
#1949=VECTOR('',#11823,1.);
#1950=VECTOR('',#11826,1.);
#1951=VECTOR('',#11827,1.);
#1952=VECTOR('',#11828,1.);
#1953=VECTOR('',#11831,1.);
#1954=VECTOR('',#11832,1.);
#1955=VECTOR('',#11833,1.);
#1956=VECTOR('',#11836,1.);
#1957=VECTOR('',#11837,1.);
#1958=VECTOR('',#11838,1.);
#1959=VECTOR('',#11841,1.);
#1960=VECTOR('',#11842,1.);
#1961=VECTOR('',#11843,1.);
#1962=VECTOR('',#11846,1.);
#1963=VECTOR('',#11847,1.);
#1964=VECTOR('',#11848,1.);
#1965=VECTOR('',#11851,1.);
#1966=VECTOR('',#11852,1.);
#1967=VECTOR('',#11853,1.);
#1968=VECTOR('',#11856,1.);
#1969=VECTOR('',#11857,1.);
#1970=VECTOR('',#11858,1.);
#1971=VECTOR('',#11861,1.);
#1972=VECTOR('',#11862,1.);
#1973=VECTOR('',#11863,1.);
#1974=VECTOR('',#11866,1.);
#1975=VECTOR('',#11867,1.);
#1976=VECTOR('',#11868,1.);
#1977=VECTOR('',#11871,1.);
#1978=VECTOR('',#11872,1.);
#1979=VECTOR('',#11873,1.);
#1980=VECTOR('',#11876,1.);
#1981=VECTOR('',#11877,1.);
#1982=VECTOR('',#11878,1.);
#1983=VECTOR('',#11881,1.);
#1984=VECTOR('',#11882,1.);
#1985=VECTOR('',#11883,1.);
#1986=VECTOR('',#11886,1.);
#1987=VECTOR('',#11887,1.);
#1988=VECTOR('',#11888,1.);
#1989=VECTOR('',#11889,1.);
#1990=VECTOR('',#11892,1.);
#1991=VECTOR('',#11893,1.);
#1992=VECTOR('',#11894,1.);
#1993=VECTOR('',#11897,1.);
#1994=VECTOR('',#11898,1.);
#1995=VECTOR('',#11899,1.);
#1996=VECTOR('',#11902,1.);
#1997=VECTOR('',#11903,1.);
#1998=VECTOR('',#11904,1.);
#1999=VECTOR('',#11907,1.);
#2000=VECTOR('',#11908,1.);
#2001=VECTOR('',#11909,1.);
#2002=VECTOR('',#11912,1.);
#2003=VECTOR('',#11913,1.);
#2004=VECTOR('',#11914,1.);
#2005=VECTOR('',#11917,1.);
#2006=VECTOR('',#11918,1.);
#2007=VECTOR('',#11919,1.);
#2008=VECTOR('',#11922,1.);
#2009=VECTOR('',#11923,1.);
#2010=VECTOR('',#11924,1.);
#2011=VECTOR('',#11927,1.);
#2012=VECTOR('',#11928,1.);
#2013=VECTOR('',#11929,1.);
#2014=VECTOR('',#11932,1.);
#2015=VECTOR('',#11933,1.);
#2016=VECTOR('',#11934,1.);
#2017=VECTOR('',#11937,1.);
#2018=VECTOR('',#11938,1.);
#2019=VECTOR('',#11939,1.);
#2020=VECTOR('',#11942,1.);
#2021=VECTOR('',#11943,1.);
#2022=VECTOR('',#11944,1.);
#2023=VECTOR('',#11947,1.);
#2024=VECTOR('',#11948,1.);
#2025=VECTOR('',#11949,1.);
#2026=VECTOR('',#11952,1.);
#2027=VECTOR('',#11953,1.);
#2028=VECTOR('',#11954,1.);
#2029=VECTOR('',#11957,1.);
#2030=VECTOR('',#11958,1.);
#2031=VECTOR('',#11959,1.);
#2032=VECTOR('',#11962,1.);
#2033=VECTOR('',#11963,1.);
#2034=VECTOR('',#11964,1.);
#2035=VECTOR('',#11967,1.);
#2036=VECTOR('',#11968,1.);
#2037=VECTOR('',#11969,1.);
#2038=VECTOR('',#11972,1.);
#2039=VECTOR('',#11973,1.);
#2040=VECTOR('',#11974,1.);
#2041=VECTOR('',#11977,1.);
#2042=VECTOR('',#11978,1.);
#2043=VECTOR('',#11979,1.);
#2044=VECTOR('',#11982,1.);
#2045=VECTOR('',#11983,1.);
#2046=VECTOR('',#11984,1.);
#2047=VECTOR('',#11987,1.);
#2048=VECTOR('',#11988,1.);
#2049=VECTOR('',#11989,1.);
#2050=VECTOR('',#11992,1.);
#2051=VECTOR('',#11993,1.);
#2052=VECTOR('',#11994,1.);
#2053=VECTOR('',#11997,1.);
#2054=VECTOR('',#11998,1.);
#2055=VECTOR('',#11999,1.);
#2056=VECTOR('',#12002,1.);
#2057=VECTOR('',#12003,1.);
#2058=VECTOR('',#12004,1.);
#2059=VECTOR('',#12007,1.);
#2060=VECTOR('',#12008,1.);
#2061=VECTOR('',#12009,1.);
#2062=VECTOR('',#12012,1.);
#2063=VECTOR('',#12013,1.);
#2064=VECTOR('',#12014,1.);
#2065=VECTOR('',#12017,1.);
#2066=VECTOR('',#12018,1.);
#2067=VECTOR('',#12019,1.);
#2068=VECTOR('',#12022,1.);
#2069=VECTOR('',#12023,1.);
#2070=VECTOR('',#12024,1.);
#2071=VECTOR('',#12027,1.);
#2072=VECTOR('',#12028,1.);
#2073=VECTOR('',#12029,1.);
#2074=VECTOR('',#12032,1.);
#2075=VECTOR('',#12033,1.);
#2076=VECTOR('',#12034,1.);
#2077=VECTOR('',#12037,1.);
#2078=VECTOR('',#12038,1.);
#2079=VECTOR('',#12039,1.);
#2080=VECTOR('',#12042,1.);
#2081=VECTOR('',#12043,1.);
#2082=VECTOR('',#12044,1.);
#2083=VECTOR('',#12047,1.);
#2084=VECTOR('',#12048,1.);
#2085=VECTOR('',#12049,1.);
#2086=VECTOR('',#12052,1.);
#2087=VECTOR('',#12053,1.);
#2088=VECTOR('',#12054,1.);
#2089=VECTOR('',#12057,1.);
#2090=VECTOR('',#12058,1.);
#2091=VECTOR('',#12059,1.);
#2092=VECTOR('',#12062,1.);
#2093=VECTOR('',#12063,1.);
#2094=VECTOR('',#12064,1.);
#2095=VECTOR('',#12067,1.);
#2096=VECTOR('',#12068,1.);
#2097=VECTOR('',#12069,1.);
#2098=VECTOR('',#12072,1.);
#2099=VECTOR('',#12073,1.);
#2100=VECTOR('',#12074,1.);
#2101=VECTOR('',#12077,1.);
#2102=VECTOR('',#12078,1.);
#2103=VECTOR('',#12079,1.);
#2104=VECTOR('',#12082,1.);
#2105=VECTOR('',#12083,1.);
#2106=VECTOR('',#12084,1.);
#2107=VECTOR('',#12087,1.);
#2108=VECTOR('',#12088,1.);
#2109=VECTOR('',#12089,1.);
#2110=VECTOR('',#12092,1.);
#2111=VECTOR('',#12093,1.);
#2112=VECTOR('',#12094,1.);
#2113=VECTOR('',#12097,1.);
#2114=VECTOR('',#12098,1.);
#2115=VECTOR('',#12099,1.);
#2116=VECTOR('',#12102,1.);
#2117=VECTOR('',#12103,1.);
#2118=VECTOR('',#12104,1.);
#2119=VECTOR('',#12107,1.);
#2120=VECTOR('',#12108,1.);
#2121=VECTOR('',#12109,1.);
#2122=VECTOR('',#12112,1.);
#2123=VECTOR('',#12113,1.);
#2124=VECTOR('',#12114,1.);
#2125=VECTOR('',#12115,1.);
#2126=VECTOR('',#12118,1.);
#2127=VECTOR('',#12119,1.);
#2128=VECTOR('',#12120,1.);
#2129=VECTOR('',#12123,1.);
#2130=VECTOR('',#12124,1.);
#2131=VECTOR('',#12125,1.);
#2132=VECTOR('',#12128,1.);
#2133=VECTOR('',#12129,1.);
#2134=VECTOR('',#12130,1.);
#2135=VECTOR('',#12133,1.);
#2136=VECTOR('',#12134,1.);
#2137=VECTOR('',#12135,1.);
#2138=VECTOR('',#12138,1.);
#2139=VECTOR('',#12139,1.);
#2140=VECTOR('',#12140,1.);
#2141=VECTOR('',#12143,1.);
#2142=VECTOR('',#12144,1.);
#2143=VECTOR('',#12145,1.);
#2144=VECTOR('',#12148,1.);
#2145=VECTOR('',#12149,1.);
#2146=VECTOR('',#12150,1.);
#2147=VECTOR('',#12153,1.);
#2148=VECTOR('',#12154,1.);
#2149=VECTOR('',#12155,1.);
#2150=VECTOR('',#12158,1.);
#2151=VECTOR('',#12159,1.);
#2152=VECTOR('',#12160,1.);
#2153=VECTOR('',#12163,1.);
#2154=VECTOR('',#12164,1.);
#2155=VECTOR('',#12165,1.);
#2156=VECTOR('',#12168,1.);
#2157=VECTOR('',#12169,1.);
#2158=VECTOR('',#12170,1.);
#2159=VECTOR('',#12173,1.);
#2160=VECTOR('',#12174,1.);
#2161=VECTOR('',#12175,1.);
#2162=VECTOR('',#12178,1.);
#2163=VECTOR('',#12179,1.);
#2164=VECTOR('',#12180,1.);
#2165=VECTOR('',#12183,1.);
#2166=VECTOR('',#12184,1.);
#2167=VECTOR('',#12185,1.);
#2168=VECTOR('',#12188,1.);
#2169=VECTOR('',#12189,1.);
#2170=VECTOR('',#12190,1.);
#2171=VECTOR('',#12193,1.);
#2172=VECTOR('',#12194,1.);
#2173=VECTOR('',#12195,1.);
#2174=VECTOR('',#12198,1.);
#2175=VECTOR('',#12199,1.);
#2176=VECTOR('',#12200,1.);
#2177=VECTOR('',#12203,1.);
#2178=VECTOR('',#12204,1.);
#2179=VECTOR('',#12205,1.);
#2180=VECTOR('',#12208,1.);
#2181=VECTOR('',#12209,1.);
#2182=VECTOR('',#12210,1.);
#2183=VECTOR('',#12213,1.);
#2184=VECTOR('',#12214,1.);
#2185=VECTOR('',#12215,1.);
#2186=VECTOR('',#12218,1.);
#2187=VECTOR('',#12219,1.);
#2188=VECTOR('',#12220,1.);
#2189=VECTOR('',#12223,1.);
#2190=VECTOR('',#12224,1.);
#2191=VECTOR('',#12225,1.);
#2192=VECTOR('',#12228,1.);
#2193=VECTOR('',#12229,1.);
#2194=VECTOR('',#12230,1.);
#2195=VECTOR('',#12233,1.);
#2196=VECTOR('',#12234,1.);
#2197=VECTOR('',#12235,1.);
#2198=VECTOR('',#12238,1.);
#2199=VECTOR('',#12239,1.);
#2200=VECTOR('',#12240,1.);
#2201=VECTOR('',#12243,1.);
#2202=VECTOR('',#12244,1.);
#2203=VECTOR('',#12245,1.);
#2204=VECTOR('',#12248,1.);
#2205=VECTOR('',#12249,1.);
#2206=VECTOR('',#12250,1.);
#2207=VECTOR('',#12253,1.);
#2208=VECTOR('',#12254,1.);
#2209=VECTOR('',#12255,1.);
#2210=VECTOR('',#12256,1.);
#2211=VECTOR('',#12259,1.);
#2212=VECTOR('',#12260,1.);
#2213=VECTOR('',#12261,1.);
#2214=VECTOR('',#12264,1.);
#2215=VECTOR('',#12265,1.);
#2216=VECTOR('',#12266,1.);
#2217=VECTOR('',#12269,1.);
#2218=VECTOR('',#12270,1.);
#2219=VECTOR('',#12271,1.);
#2220=VECTOR('',#12274,1.);
#2221=VECTOR('',#12275,1.);
#2222=VECTOR('',#12276,1.);
#2223=VECTOR('',#12279,1.);
#2224=VECTOR('',#12280,1.);
#2225=VECTOR('',#12281,1.);
#2226=VECTOR('',#12284,1.);
#2227=VECTOR('',#12285,1.);
#2228=VECTOR('',#12286,1.);
#2229=VECTOR('',#12289,1.);
#2230=VECTOR('',#12290,1.);
#2231=VECTOR('',#12291,1.);
#2232=VECTOR('',#12294,1.);
#2233=VECTOR('',#12295,1.);
#2234=VECTOR('',#12296,1.);
#2235=VECTOR('',#12299,1.);
#2236=VECTOR('',#12300,1.);
#2237=VECTOR('',#12301,1.);
#2238=VECTOR('',#12304,1.);
#2239=VECTOR('',#12305,1.);
#2240=VECTOR('',#12306,1.);
#2241=VECTOR('',#12309,1.);
#2242=VECTOR('',#12310,1.);
#2243=VECTOR('',#12311,1.);
#2244=VECTOR('',#12314,1.);
#2245=VECTOR('',#12315,1.);
#2246=VECTOR('',#12316,1.);
#2247=VECTOR('',#12319,1.);
#2248=VECTOR('',#12320,1.);
#2249=VECTOR('',#12321,1.);
#2250=VECTOR('',#12324,1.);
#2251=VECTOR('',#12325,1.);
#2252=VECTOR('',#12326,1.);
#2253=VECTOR('',#12329,1.);
#2254=VECTOR('',#12330,1.);
#2255=VECTOR('',#12331,1.);
#2256=VECTOR('',#12334,1.);
#2257=VECTOR('',#12335,1.);
#2258=VECTOR('',#12336,1.);
#2259=VECTOR('',#12339,1.);
#2260=VECTOR('',#12340,1.);
#2261=VECTOR('',#12341,1.);
#2262=VECTOR('',#12344,1.);
#2263=VECTOR('',#12345,1.);
#2264=VECTOR('',#12346,1.);
#2265=VECTOR('',#12349,1.);
#2266=VECTOR('',#12350,1.);
#2267=VECTOR('',#12351,1.);
#2268=VECTOR('',#12354,1.);
#2269=VECTOR('',#12355,1.);
#2270=VECTOR('',#12356,1.);
#2271=VECTOR('',#12359,1.);
#2272=VECTOR('',#12360,1.);
#2273=VECTOR('',#12361,1.);
#2274=VECTOR('',#12364,1.);
#2275=VECTOR('',#12365,1.);
#2276=VECTOR('',#12366,1.);
#2277=VECTOR('',#12369,1.);
#2278=VECTOR('',#12370,1.);
#2279=VECTOR('',#12371,1.);
#2280=VECTOR('',#12374,1.);
#2281=VECTOR('',#12375,1.);
#2282=VECTOR('',#12376,1.);
#2283=VECTOR('',#12379,1.);
#2284=VECTOR('',#12380,1.);
#2285=VECTOR('',#12381,1.);
#2286=VECTOR('',#12384,1.);
#2287=VECTOR('',#12385,1.);
#2288=VECTOR('',#12386,1.);
#2289=VECTOR('',#12389,1.);
#2290=VECTOR('',#12390,1.);
#2291=VECTOR('',#12391,1.);
#2292=VECTOR('',#12394,1.);
#2293=VECTOR('',#12395,1.);
#2294=VECTOR('',#12396,1.);
#2295=VECTOR('',#12399,1.);
#2296=VECTOR('',#12400,1.);
#2297=VECTOR('',#12401,1.);
#2298=VECTOR('',#12404,1.);
#2299=VECTOR('',#12405,1.);
#2300=VECTOR('',#12406,1.);
#2301=VECTOR('',#12409,1.);
#2302=VECTOR('',#12410,1.);
#2303=VECTOR('',#12411,1.);
#2304=VECTOR('',#12414,1.);
#2305=VECTOR('',#12415,1.);
#2306=VECTOR('',#12416,1.);
#2307=VECTOR('',#12419,1.);
#2308=VECTOR('',#12420,1.);
#2309=VECTOR('',#12421,1.);
#2310=VECTOR('',#12424,1.);
#2311=VECTOR('',#12425,1.);
#2312=VECTOR('',#12426,1.);
#2313=VECTOR('',#12429,1.);
#2314=VECTOR('',#12430,1.);
#2315=VECTOR('',#12431,1.);
#2316=VECTOR('',#12434,1.);
#2317=VECTOR('',#12435,1.);
#2318=VECTOR('',#12436,1.);
#2319=VECTOR('',#12439,1.);
#2320=VECTOR('',#12440,1.);
#2321=VECTOR('',#12441,1.);
#2322=VECTOR('',#12444,1.);
#2323=VECTOR('',#12445,1.);
#2324=VECTOR('',#12446,1.);
#2325=VECTOR('',#12449,1.);
#2326=VECTOR('',#12450,1.);
#2327=VECTOR('',#12451,1.);
#2328=VECTOR('',#12454,1.);
#2329=VECTOR('',#12455,1.);
#2330=VECTOR('',#12456,1.);
#2331=VECTOR('',#12459,1.);
#2332=VECTOR('',#12460,1.);
#2333=VECTOR('',#12461,1.);
#2334=VECTOR('',#12462,1.);
#2335=VECTOR('',#12465,1.);
#2336=VECTOR('',#12466,1.);
#2337=VECTOR('',#12467,1.);
#2338=VECTOR('',#12470,1.);
#2339=VECTOR('',#12471,1.);
#2340=VECTOR('',#12472,1.);
#2341=VECTOR('',#12475,1.);
#2342=VECTOR('',#12476,1.);
#2343=VECTOR('',#12477,1.);
#2344=VECTOR('',#12480,1.);
#2345=VECTOR('',#12481,1.);
#2346=VECTOR('',#12482,1.);
#2347=VECTOR('',#12485,1.);
#2348=VECTOR('',#12486,1.);
#2349=VECTOR('',#12487,1.);
#2350=VECTOR('',#12490,1.);
#2351=VECTOR('',#12491,1.);
#2352=VECTOR('',#12492,1.);
#2353=VECTOR('',#12495,1.);
#2354=VECTOR('',#12496,1.);
#2355=VECTOR('',#12497,1.);
#2356=VECTOR('',#12500,1.);
#2357=VECTOR('',#12501,1.);
#2358=VECTOR('',#12502,1.);
#2359=VECTOR('',#12505,1.);
#2360=VECTOR('',#12506,1.);
#2361=VECTOR('',#12507,1.);
#2362=VECTOR('',#12510,1.);
#2363=VECTOR('',#12511,1.);
#2364=VECTOR('',#12512,1.);
#2365=VECTOR('',#12515,1.);
#2366=VECTOR('',#12516,1.);
#2367=VECTOR('',#12517,1.);
#2368=VECTOR('',#12520,1.);
#2369=VECTOR('',#12521,1.);
#2370=VECTOR('',#12522,1.);
#2371=VECTOR('',#12525,1.);
#2372=VECTOR('',#12526,1.);
#2373=VECTOR('',#12527,1.);
#2374=VECTOR('',#12530,1.);
#2375=VECTOR('',#12531,1.);
#2376=VECTOR('',#12532,1.);
#2377=VECTOR('',#12535,1.);
#2378=VECTOR('',#12536,1.);
#2379=VECTOR('',#12537,1.);
#2380=VECTOR('',#12540,1.);
#2381=VECTOR('',#12541,1.);
#2382=VECTOR('',#12542,1.);
#2383=VECTOR('',#12545,1.);
#2384=VECTOR('',#12546,1.);
#2385=VECTOR('',#12547,1.);
#2386=VECTOR('',#12550,1.);
#2387=VECTOR('',#12551,1.);
#2388=VECTOR('',#12552,1.);
#2389=VECTOR('',#12555,1.);
#2390=VECTOR('',#12556,1.);
#2391=VECTOR('',#12557,1.);
#2392=VECTOR('',#12560,1.);
#2393=VECTOR('',#12561,1.);
#2394=VECTOR('',#12562,1.);
#2395=VECTOR('',#12565,1.);
#2396=VECTOR('',#12566,1.);
#2397=VECTOR('',#12567,1.);
#2398=VECTOR('',#12570,1.);
#2399=VECTOR('',#12571,1.);
#2400=VECTOR('',#12572,1.);
#2401=VECTOR('',#12575,1.);
#2402=VECTOR('',#12576,1.);
#2403=VECTOR('',#12577,1.);
#2404=VECTOR('',#12580,1.);
#2405=VECTOR('',#12581,1.);
#2406=VECTOR('',#12582,1.);
#2407=VECTOR('',#12585,1.);
#2408=VECTOR('',#12586,1.);
#2409=VECTOR('',#12587,1.);
#2410=VECTOR('',#12590,1.);
#2411=VECTOR('',#12591,1.);
#2412=VECTOR('',#12592,1.);
#2413=VECTOR('',#12595,1.);
#2414=VECTOR('',#12596,1.);
#2415=VECTOR('',#12597,1.);
#2416=VECTOR('',#12600,1.);
#2417=VECTOR('',#12601,1.);
#2418=VECTOR('',#12602,1.);
#2419=VECTOR('',#12605,1.);
#2420=VECTOR('',#12606,1.);
#2421=VECTOR('',#12607,1.);
#2422=VECTOR('',#12610,1.);
#2423=VECTOR('',#12611,1.);
#2424=VECTOR('',#12612,1.);
#2425=VECTOR('',#12615,1.);
#2426=VECTOR('',#12616,1.);
#2427=VECTOR('',#12617,1.);
#2428=VECTOR('',#12618,1.);
#2429=VECTOR('',#12621,1.);
#2430=VECTOR('',#12622,1.);
#2431=VECTOR('',#12623,1.);
#2432=VECTOR('',#12626,1.);
#2433=VECTOR('',#12627,1.);
#2434=VECTOR('',#12628,1.);
#2435=VECTOR('',#12631,1.);
#2436=VECTOR('',#12632,1.);
#2437=VECTOR('',#12633,1.);
#2438=VECTOR('',#12636,1.);
#2439=VECTOR('',#12637,1.);
#2440=VECTOR('',#12638,1.);
#2441=VECTOR('',#12641,1.);
#2442=VECTOR('',#12642,1.);
#2443=VECTOR('',#12643,1.);
#2444=VECTOR('',#12646,1.);
#2445=VECTOR('',#12647,1.);
#2446=VECTOR('',#12648,1.);
#2447=VECTOR('',#12651,1.);
#2448=VECTOR('',#12652,1.);
#2449=VECTOR('',#12653,1.);
#2450=VECTOR('',#12656,1.);
#2451=VECTOR('',#12657,1.);
#2452=VECTOR('',#12658,1.);
#2453=VECTOR('',#12661,1.);
#2454=VECTOR('',#12662,1.);
#2455=VECTOR('',#12663,1.);
#2456=VECTOR('',#12666,1.);
#2457=VECTOR('',#12667,1.);
#2458=VECTOR('',#12668,1.);
#2459=VECTOR('',#12671,1.);
#2460=VECTOR('',#12672,1.);
#2461=VECTOR('',#12673,1.);
#2462=VECTOR('',#12676,1.);
#2463=VECTOR('',#12677,1.);
#2464=VECTOR('',#12678,1.);
#2465=VECTOR('',#12681,1.);
#2466=VECTOR('',#12682,1.);
#2467=VECTOR('',#12683,1.);
#2468=VECTOR('',#12686,1.);
#2469=VECTOR('',#12687,1.);
#2470=VECTOR('',#12688,1.);
#2471=VECTOR('',#12691,1.);
#2472=VECTOR('',#12692,1.);
#2473=VECTOR('',#12693,1.);
#2474=VECTOR('',#12696,1.);
#2475=VECTOR('',#12697,1.);
#2476=VECTOR('',#12698,1.);
#2477=VECTOR('',#12701,1.);
#2478=VECTOR('',#12702,1.);
#2479=VECTOR('',#12703,1.);
#2480=VECTOR('',#12706,1.);
#2481=VECTOR('',#12707,1.);
#2482=VECTOR('',#12708,1.);
#2483=VECTOR('',#12711,1.);
#2484=VECTOR('',#12712,1.);
#2485=VECTOR('',#12713,1.);
#2486=VECTOR('',#12716,1.);
#2487=VECTOR('',#12717,1.);
#2488=VECTOR('',#12718,1.);
#2489=VECTOR('',#12721,1.);
#2490=VECTOR('',#12722,1.);
#2491=VECTOR('',#12723,1.);
#2492=VECTOR('',#12726,1.);
#2493=VECTOR('',#12727,1.);
#2494=VECTOR('',#12728,1.);
#2495=VECTOR('',#12731,1.);
#2496=VECTOR('',#12732,1.);
#2497=VECTOR('',#12733,1.);
#2498=VECTOR('',#12736,1.);
#2499=VECTOR('',#12737,1.);
#2500=VECTOR('',#12738,1.);
#2501=VECTOR('',#12741,1.);
#2502=VECTOR('',#12742,1.);
#2503=VECTOR('',#12743,1.);
#2504=VECTOR('',#12746,1.);
#2505=VECTOR('',#12747,1.);
#2506=VECTOR('',#12748,1.);
#2507=VECTOR('',#12751,1.);
#2508=VECTOR('',#12752,1.);
#2509=VECTOR('',#12753,1.);
#2510=VECTOR('',#12756,1.);
#2511=VECTOR('',#12757,1.);
#2512=VECTOR('',#12758,1.);
#2513=VECTOR('',#12761,1.);
#2514=VECTOR('',#12762,1.);
#2515=VECTOR('',#12763,1.);
#2516=VECTOR('',#12766,1.);
#2517=VECTOR('',#12767,1.);
#2518=VECTOR('',#12768,1.);
#2519=VECTOR('',#12771,1.);
#2520=VECTOR('',#12772,1.);
#2521=VECTOR('',#12773,1.);
#2522=VECTOR('',#12776,1.);
#2523=VECTOR('',#12777,1.);
#2524=VECTOR('',#12778,1.);
#2525=VECTOR('',#12781,1.);
#2526=VECTOR('',#12782,1.);
#2527=VECTOR('',#12783,1.);
#2528=VECTOR('',#12786,1.);
#2529=VECTOR('',#12787,1.);
#2530=VECTOR('',#12788,1.);
#2531=VECTOR('',#12791,1.);
#2532=VECTOR('',#12792,1.);
#2533=VECTOR('',#12793,1.);
#2534=VECTOR('',#12796,1.);
#2535=VECTOR('',#12797,1.);
#2536=VECTOR('',#12798,1.);
#2537=VECTOR('',#12801,1.);
#2538=VECTOR('',#12802,1.);
#2539=VECTOR('',#12803,1.);
#2540=VECTOR('',#12806,1.);
#2541=VECTOR('',#12807,1.);
#2542=VECTOR('',#12808,1.);
#2543=VECTOR('',#12811,1.);
#2544=VECTOR('',#12812,1.);
#2545=VECTOR('',#12813,1.);
#2546=VECTOR('',#12816,1.);
#2547=VECTOR('',#12817,1.);
#2548=VECTOR('',#12818,1.);
#2549=VECTOR('',#12821,1.);
#2550=VECTOR('',#12822,1.);
#2551=VECTOR('',#12823,1.);
#2552=VECTOR('',#12826,1.);
#2553=VECTOR('',#12827,1.);
#2554=VECTOR('',#12828,1.);
#2555=VECTOR('',#12831,1.);
#2556=VECTOR('',#12832,1.);
#2557=VECTOR('',#12833,1.);
#2558=VECTOR('',#12836,1.);
#2559=VECTOR('',#12837,1.);
#2560=VECTOR('',#12838,1.);
#2561=VECTOR('',#12841,1.);
#2562=VECTOR('',#12842,1.);
#2563=VECTOR('',#12843,1.);
#2564=VECTOR('',#12846,1.);
#2565=VECTOR('',#12847,1.);
#2566=VECTOR('',#12848,1.);
#2567=VECTOR('',#12851,1.);
#2568=VECTOR('',#12852,1.);
#2569=VECTOR('',#12855,1.);
#2570=VECTOR('',#12856,1.);
#2571=VECTOR('',#12859,1.);
#2572=VECTOR('',#12860,1.);
#2573=VECTOR('',#12863,1.);
#2574=VECTOR('',#12864,1.);
#2575=VECTOR('',#12867,1.);
#2576=VECTOR('',#12868,1.);
#2577=VECTOR('',#12871,1.);
#2578=VECTOR('',#12872,1.);
#2579=VECTOR('',#12875,1.);
#2580=VECTOR('',#12876,1.);
#2581=VECTOR('',#12879,1.);
#2582=VECTOR('',#12880,1.);
#2583=VECTOR('',#12883,1.);
#2584=VECTOR('',#12884,1.);
#2585=VECTOR('',#12887,1.);
#2586=VECTOR('',#12888,1.);
#2587=VECTOR('',#12891,1.);
#2588=VECTOR('',#12892,1.);
#2589=VECTOR('',#12895,1.);
#2590=VECTOR('',#12896,1.);
#2591=VECTOR('',#12899,1.);
#2592=VECTOR('',#12900,1.);
#2593=VECTOR('',#12903,1.);
#2594=VECTOR('',#12904,1.);
#2595=VECTOR('',#12907,1.);
#2596=VECTOR('',#12908,1.);
#2597=VECTOR('',#12911,1.);
#2598=VECTOR('',#12912,1.);
#2599=VECTOR('',#12915,1.);
#2600=VECTOR('',#12916,1.);
#2601=VECTOR('',#12919,1.);
#2602=VECTOR('',#12920,1.);
#2603=VECTOR('',#12923,1.);
#2604=VECTOR('',#12924,1.);
#2605=VECTOR('',#12927,1.);
#2606=VECTOR('',#12928,1.);
#2607=VECTOR('',#12931,1.);
#2608=VECTOR('',#12932,1.);
#2609=VECTOR('',#12935,1.);
#2610=VECTOR('',#12936,1.);
#2611=VECTOR('',#12939,1.);
#2612=VECTOR('',#12940,1.);
#2613=VECTOR('',#12943,1.);
#2614=VECTOR('',#12944,1.);
#2615=VECTOR('',#12947,1.);
#2616=VECTOR('',#12948,1.);
#2617=VECTOR('',#12951,1.);
#2618=VECTOR('',#12952,1.);
#2619=VECTOR('',#12955,1.);
#2620=VECTOR('',#12956,1.);
#2621=VECTOR('',#12959,1.);
#2622=VECTOR('',#12960,1.);
#2623=VECTOR('',#12963,1.);
#2624=VECTOR('',#12964,1.);
#2625=VECTOR('',#12967,1.);
#2626=VECTOR('',#12968,1.);
#2627=VECTOR('',#12971,1.);
#2628=VECTOR('',#12972,1.);
#2629=VECTOR('',#12975,1.);
#2630=VECTOR('',#12976,1.);
#2631=VECTOR('',#12979,1.);
#2632=VECTOR('',#12980,1.);
#2633=VECTOR('',#12983,1.);
#2634=VECTOR('',#12984,1.);
#2635=VECTOR('',#12987,1.);
#2636=VECTOR('',#12988,1.);
#2637=VECTOR('',#12991,1.);
#2638=VECTOR('',#12992,1.);
#2639=VECTOR('',#12995,1.);
#2640=VECTOR('',#12996,1.);
#2641=VECTOR('',#12999,1.);
#2642=VECTOR('',#13000,1.);
#2643=VECTOR('',#13003,1.);
#2644=VECTOR('',#13004,1.);
#2645=VECTOR('',#13007,1.);
#2646=VECTOR('',#13008,1.);
#2647=VECTOR('',#13011,1.);
#2648=VECTOR('',#13012,1.);
#2649=VECTOR('',#13015,1.);
#2650=VECTOR('',#13016,1.);
#2651=VECTOR('',#13019,1.);
#2652=VECTOR('',#13020,1.);
#2653=VECTOR('',#13023,1.);
#2654=VECTOR('',#13024,1.);
#2655=VECTOR('',#13027,1.);
#2656=VECTOR('',#13028,1.);
#2657=VECTOR('',#13031,1.);
#2658=VECTOR('',#13032,1.);
#2659=VECTOR('',#13035,1.);
#2660=VECTOR('',#13036,1.);
#2661=VECTOR('',#13039,1.);
#2662=VECTOR('',#13040,1.);
#2663=VECTOR('',#13043,1.);
#2664=VECTOR('',#13044,1.);
#2665=VECTOR('',#13047,1.);
#2666=VECTOR('',#13048,1.);
#2667=VECTOR('',#13051,1.);
#2668=VECTOR('',#13052,1.);
#2669=VECTOR('',#13055,1.);
#2670=VECTOR('',#13056,1.);
#2671=VECTOR('',#13059,1.);
#2672=VECTOR('',#13060,1.);
#2673=VECTOR('',#13063,1.);
#2674=VECTOR('',#13064,1.);
#2675=VECTOR('',#13067,1.);
#2676=VECTOR('',#13068,1.);
#2677=VECTOR('',#13071,1.);
#2678=VECTOR('',#13072,1.);
#2679=VECTOR('',#13075,1.);
#2680=VECTOR('',#13076,1.);
#2681=VECTOR('',#13079,1.);
#2682=VECTOR('',#13080,1.);
#2683=VECTOR('',#13083,1.);
#2684=VECTOR('',#13084,1.);
#2685=VECTOR('',#13087,1.);
#2686=VECTOR('',#13088,1.);
#2687=VECTOR('',#13091,1.);
#2688=VECTOR('',#13092,1.);
#2689=VECTOR('',#13095,1.);
#2690=VECTOR('',#13096,1.);
#2691=VECTOR('',#13099,1.);
#2692=VECTOR('',#13100,1.);
#2693=VECTOR('',#13103,1.);
#2694=VECTOR('',#13104,1.);
#2695=VECTOR('',#13107,1.);
#2696=VECTOR('',#13108,1.);
#2697=VECTOR('',#13111,1.);
#2698=VECTOR('',#13112,1.);
#2699=VECTOR('',#13115,1.);
#2700=VECTOR('',#13116,1.);
#2701=VECTOR('',#13119,1.);
#2702=VECTOR('',#13120,1.);
#2703=VECTOR('',#13123,1.);
#2704=VECTOR('',#13124,1.);
#2705=VECTOR('',#13127,1.);
#2706=VECTOR('',#13128,1.);
#2707=VECTOR('',#13131,1.);
#2708=VECTOR('',#13132,1.);
#2709=VECTOR('',#13135,1.);
#2710=VECTOR('',#13136,1.);
#2711=VECTOR('',#13139,1.);
#2712=VECTOR('',#13140,1.);
#2713=VECTOR('',#13143,1.);
#2714=VECTOR('',#13144,1.);
#2715=VECTOR('',#13147,1.);
#2716=VECTOR('',#13148,1.);
#2717=VECTOR('',#13151,1.);
#2718=VECTOR('',#13152,1.);
#2719=VECTOR('',#13155,1.);
#2720=VECTOR('',#13156,1.);
#2721=VECTOR('',#13159,1.);
#2722=VECTOR('',#13160,1.);
#2723=VECTOR('',#13163,1.);
#2724=VECTOR('',#13164,1.);
#2725=VECTOR('',#13167,1.);
#2726=VECTOR('',#13168,1.);
#2727=VECTOR('',#13171,1.);
#2728=VECTOR('',#13172,1.);
#2729=VECTOR('',#13175,1.);
#2730=VECTOR('',#13176,1.);
#2731=VECTOR('',#13179,1.);
#2732=VECTOR('',#13180,1.);
#2733=VECTOR('',#13183,1.);
#2734=VECTOR('',#13184,1.);
#2735=VECTOR('',#13187,1.);
#2736=VECTOR('',#13188,1.);
#2737=VECTOR('',#13191,1.);
#2738=VECTOR('',#13192,1.);
#2739=VECTOR('',#13195,1.);
#2740=VECTOR('',#13196,1.);
#2741=VECTOR('',#13199,1.);
#2742=VECTOR('',#13200,1.);
#2743=VECTOR('',#13203,1.);
#2744=VECTOR('',#13204,1.);
#2745=VECTOR('',#13207,1.);
#2746=VECTOR('',#13208,1.);
#2747=VECTOR('',#13211,1.);
#2748=VECTOR('',#13214,1.);
#2749=VECTOR('',#13215,1.);
#2750=VECTOR('',#13226,1.);
#2751=VECTOR('',#13227,1.);
#2752=VECTOR('',#13228,1.);
#2753=VECTOR('',#13229,1.);
#2754=VECTOR('',#13230,1.);
#2755=VECTOR('',#13231,1.);
#2756=VECTOR('',#13232,1.);
#2757=VECTOR('',#13233,1.);
#2758=VECTOR('',#13234,1.);
#2759=VECTOR('',#13235,1.);
#2760=VECTOR('',#13236,1.);
#2761=VECTOR('',#13237,1.);
#2762=VECTOR('',#13238,1.);
#2763=VECTOR('',#13239,1.);
#2764=VECTOR('',#13240,1.);
#2765=VECTOR('',#13241,1.);
#2766=VECTOR('',#13242,1.);
#2767=VECTOR('',#13243,1.);
#2768=VECTOR('',#13244,1.);
#2769=VECTOR('',#13245,1.);
#2770=VECTOR('',#13246,1.);
#2771=VECTOR('',#13247,1.);
#2772=VECTOR('',#13248,1.);
#2773=VECTOR('',#13249,1.);
#2774=VECTOR('',#13258,1.);
#2775=VECTOR('',#13259,1.);
#2776=VECTOR('',#13260,1.);
#2777=VECTOR('',#13263,1.);
#2778=VECTOR('',#13264,1.);
#2779=VECTOR('',#13267,1.);
#2780=VECTOR('',#13268,1.);
#2781=VECTOR('',#13271,1.);
#2782=VECTOR('',#13272,1.);
#2783=VECTOR('',#13275,1.);
#2784=VECTOR('',#13276,1.);
#2785=VECTOR('',#13279,1.);
#2786=VECTOR('',#13280,1.);
#2787=VECTOR('',#13283,1.);
#2788=VECTOR('',#13284,1.);
#2789=VECTOR('',#13287,1.);
#2790=VECTOR('',#13288,1.);
#2791=VECTOR('',#13291,1.);
#2792=VECTOR('',#13292,1.);
#2793=VECTOR('',#13295,1.);
#2794=VECTOR('',#13300,1.);
#2795=VECTOR('',#13301,1.);
#2796=VECTOR('',#13302,1.);
#2797=VECTOR('',#13305,1.);
#2798=VECTOR('',#13306,1.);
#2799=VECTOR('',#13309,1.);
#2800=VECTOR('',#13310,1.);
#2801=VECTOR('',#13313,1.);
#2802=VECTOR('',#13314,1.);
#2803=VECTOR('',#13317,1.);
#2804=VECTOR('',#13318,1.);
#2805=VECTOR('',#13321,1.);
#2806=VECTOR('',#13322,1.);
#2807=VECTOR('',#13325,1.);
#2808=VECTOR('',#13326,1.);
#2809=VECTOR('',#13329,1.);
#2810=VECTOR('',#13330,1.);
#2811=VECTOR('',#13333,1.);
#2812=VECTOR('',#13334,1.);
#2813=VECTOR('',#13337,1.);
#2814=VECTOR('',#13338,1.);
#2815=VECTOR('',#13341,1.);
#2816=VECTOR('',#13342,1.);
#2817=VECTOR('',#13345,1.);
#2818=VECTOR('',#13346,1.);
#2819=VECTOR('',#13349,1.);
#2820=VECTOR('',#13350,1.);
#2821=VECTOR('',#13353,1.);
#2822=VECTOR('',#13358,1.);
#2823=VECTOR('',#13359,1.);
#2824=VECTOR('',#13360,1.);
#2825=VECTOR('',#13361,1.);
#2826=VECTOR('',#13362,1.);
#2827=VECTOR('',#13363,1.);
#2828=VECTOR('',#13364,1.);
#2829=VECTOR('',#13367,1.);
#2830=VECTOR('',#13368,1.);
#2831=VECTOR('',#13369,1.);
#2832=VECTOR('',#13372,1.);
#2833=VECTOR('',#13373,1.);
#2834=VECTOR('',#13376,1.);
#2835=VECTOR('',#13377,1.);
#2836=VECTOR('',#13380,1.);
#2837=VECTOR('',#13381,1.);
#2838=VECTOR('',#13384,1.);
#2839=VECTOR('',#13385,1.);
#2840=VECTOR('',#13388,1.);
#2841=VECTOR('',#13389,1.);
#2842=VECTOR('',#13392,1.);
#2843=VECTOR('',#13401,1.);
#2844=VECTOR('',#13402,1.);
#2845=VECTOR('',#13403,1.);
#2846=VECTOR('',#13406,1.);
#2847=VECTOR('',#13407,1.);
#2848=VECTOR('',#13408,1.);
#2849=VECTOR('',#13411,1.);
#2850=VECTOR('',#13412,1.);
#2851=VECTOR('',#13413,1.);
#2852=VECTOR('',#13414,1.);
#2853=VECTOR('',#13423,1.);
#2854=VECTOR('',#13424,1.);
#2855=VECTOR('',#13427,1.);
#2856=VECTOR('',#13430,1.);
#2857=ORIENTED_EDGE('',*,*,#5733,.T.);
#2858=ORIENTED_EDGE('',*,*,#5734,.F.);
#2859=ORIENTED_EDGE('',*,*,#5735,.T.);
#2860=ORIENTED_EDGE('',*,*,#5736,.F.);
#2861=ORIENTED_EDGE('',*,*,#5737,.F.);
#2862=ORIENTED_EDGE('',*,*,#5738,.T.);
#2863=ORIENTED_EDGE('',*,*,#5739,.T.);
#2864=ORIENTED_EDGE('',*,*,#5740,.T.);
#2865=ORIENTED_EDGE('',*,*,#5741,.F.);
#2866=ORIENTED_EDGE('',*,*,#5742,.T.);
#2867=ORIENTED_EDGE('',*,*,#5743,.F.);
#2868=ORIENTED_EDGE('',*,*,#5744,.T.);
#2869=ORIENTED_EDGE('',*,*,#5745,.T.);
#2870=ORIENTED_EDGE('',*,*,#5746,.T.);
#2871=ORIENTED_EDGE('',*,*,#5747,.T.);
#2872=ORIENTED_EDGE('',*,*,#5748,.T.);
#2873=ORIENTED_EDGE('',*,*,#5749,.F.);
#2874=ORIENTED_EDGE('',*,*,#5750,.T.);
#2875=ORIENTED_EDGE('',*,*,#5751,.T.);
#2876=ORIENTED_EDGE('',*,*,#5752,.T.);
#2877=ORIENTED_EDGE('',*,*,#5753,.T.);
#2878=ORIENTED_EDGE('',*,*,#5754,.T.);
#2879=ORIENTED_EDGE('',*,*,#5755,.T.);
#2880=ORIENTED_EDGE('',*,*,#5756,.T.);
#2881=ORIENTED_EDGE('',*,*,#5757,.T.);
#2882=ORIENTED_EDGE('',*,*,#5758,.T.);
#2883=ORIENTED_EDGE('',*,*,#5759,.T.);
#2884=ORIENTED_EDGE('',*,*,#5760,.T.);
#2885=ORIENTED_EDGE('',*,*,#5761,.T.);
#2886=ORIENTED_EDGE('',*,*,#5762,.T.);
#2887=ORIENTED_EDGE('',*,*,#5763,.T.);
#2888=ORIENTED_EDGE('',*,*,#5764,.T.);
#2889=ORIENTED_EDGE('',*,*,#5765,.T.);
#2890=ORIENTED_EDGE('',*,*,#5766,.T.);
#2891=ORIENTED_EDGE('',*,*,#5767,.T.);
#2892=ORIENTED_EDGE('',*,*,#5768,.T.);
#2893=ORIENTED_EDGE('',*,*,#5769,.T.);
#2894=ORIENTED_EDGE('',*,*,#5770,.T.);
#2895=ORIENTED_EDGE('',*,*,#5771,.T.);
#2896=ORIENTED_EDGE('',*,*,#5772,.T.);
#2897=ORIENTED_EDGE('',*,*,#5773,.T.);
#2898=ORIENTED_EDGE('',*,*,#5774,.T.);
#2899=ORIENTED_EDGE('',*,*,#5775,.T.);
#2900=ORIENTED_EDGE('',*,*,#5776,.T.);
#2901=ORIENTED_EDGE('',*,*,#5777,.T.);
#2902=ORIENTED_EDGE('',*,*,#5778,.T.);
#2903=ORIENTED_EDGE('',*,*,#5779,.T.);
#2904=ORIENTED_EDGE('',*,*,#5780,.T.);
#2905=ORIENTED_EDGE('',*,*,#5781,.T.);
#2906=ORIENTED_EDGE('',*,*,#5782,.T.);
#2907=ORIENTED_EDGE('',*,*,#5783,.T.);
#2908=ORIENTED_EDGE('',*,*,#5784,.T.);
#2909=ORIENTED_EDGE('',*,*,#5785,.T.);
#2910=ORIENTED_EDGE('',*,*,#5786,.T.);
#2911=ORIENTED_EDGE('',*,*,#5787,.T.);
#2912=ORIENTED_EDGE('',*,*,#5788,.T.);
#2913=ORIENTED_EDGE('',*,*,#5789,.T.);
#2914=ORIENTED_EDGE('',*,*,#5790,.T.);
#2915=ORIENTED_EDGE('',*,*,#5791,.T.);
#2916=ORIENTED_EDGE('',*,*,#5792,.T.);
#2917=ORIENTED_EDGE('',*,*,#5793,.T.);
#2918=ORIENTED_EDGE('',*,*,#5794,.T.);
#2919=ORIENTED_EDGE('',*,*,#5795,.T.);
#2920=ORIENTED_EDGE('',*,*,#5796,.T.);
#2921=ORIENTED_EDGE('',*,*,#5797,.T.);
#2922=ORIENTED_EDGE('',*,*,#5798,.T.);
#2923=ORIENTED_EDGE('',*,*,#5799,.T.);
#2924=ORIENTED_EDGE('',*,*,#5800,.T.);
#2925=ORIENTED_EDGE('',*,*,#5801,.T.);
#2926=ORIENTED_EDGE('',*,*,#5802,.T.);
#2927=ORIENTED_EDGE('',*,*,#5803,.T.);
#2928=ORIENTED_EDGE('',*,*,#5804,.T.);
#2929=ORIENTED_EDGE('',*,*,#5805,.T.);
#2930=ORIENTED_EDGE('',*,*,#5806,.T.);
#2931=ORIENTED_EDGE('',*,*,#5807,.T.);
#2932=ORIENTED_EDGE('',*,*,#5808,.T.);
#2933=ORIENTED_EDGE('',*,*,#5809,.T.);
#2934=ORIENTED_EDGE('',*,*,#5810,.T.);
#2935=ORIENTED_EDGE('',*,*,#5811,.T.);
#2936=ORIENTED_EDGE('',*,*,#5812,.T.);
#2937=ORIENTED_EDGE('',*,*,#5813,.T.);
#2938=ORIENTED_EDGE('',*,*,#5814,.T.);
#2939=ORIENTED_EDGE('',*,*,#5815,.T.);
#2940=ORIENTED_EDGE('',*,*,#5816,.T.);
#2941=ORIENTED_EDGE('',*,*,#5817,.T.);
#2942=ORIENTED_EDGE('',*,*,#5818,.T.);
#2943=ORIENTED_EDGE('',*,*,#5819,.T.);
#2944=ORIENTED_EDGE('',*,*,#5820,.T.);
#2945=ORIENTED_EDGE('',*,*,#5821,.T.);
#2946=ORIENTED_EDGE('',*,*,#5822,.T.);
#2947=ORIENTED_EDGE('',*,*,#5823,.T.);
#2948=ORIENTED_EDGE('',*,*,#5824,.T.);
#2949=ORIENTED_EDGE('',*,*,#5825,.T.);
#2950=ORIENTED_EDGE('',*,*,#5826,.T.);
#2951=ORIENTED_EDGE('',*,*,#5827,.T.);
#2952=ORIENTED_EDGE('',*,*,#5828,.T.);
#2953=ORIENTED_EDGE('',*,*,#5829,.T.);
#2954=ORIENTED_EDGE('',*,*,#5830,.T.);
#2955=ORIENTED_EDGE('',*,*,#5831,.T.);
#2956=ORIENTED_EDGE('',*,*,#5832,.T.);
#2957=ORIENTED_EDGE('',*,*,#5833,.T.);
#2958=ORIENTED_EDGE('',*,*,#5834,.T.);
#2959=ORIENTED_EDGE('',*,*,#5835,.T.);
#2960=ORIENTED_EDGE('',*,*,#5836,.T.);
#2961=ORIENTED_EDGE('',*,*,#5837,.T.);
#2962=ORIENTED_EDGE('',*,*,#5838,.T.);
#2963=ORIENTED_EDGE('',*,*,#5839,.T.);
#2964=ORIENTED_EDGE('',*,*,#5840,.T.);
#2965=ORIENTED_EDGE('',*,*,#5841,.T.);
#2966=ORIENTED_EDGE('',*,*,#5842,.F.);
#2967=ORIENTED_EDGE('',*,*,#5843,.T.);
#2968=ORIENTED_EDGE('',*,*,#5844,.T.);
#2969=ORIENTED_EDGE('',*,*,#5845,.F.);
#2970=ORIENTED_EDGE('',*,*,#5846,.F.);
#2971=ORIENTED_EDGE('',*,*,#5847,.F.);
#2972=ORIENTED_EDGE('',*,*,#5848,.F.);
#2973=ORIENTED_EDGE('',*,*,#5849,.T.);
#2974=ORIENTED_EDGE('',*,*,#5842,.T.);
#2975=ORIENTED_EDGE('',*,*,#5850,.F.);
#2976=ORIENTED_EDGE('',*,*,#5851,.F.);
#2977=ORIENTED_EDGE('',*,*,#5843,.F.);
#2978=ORIENTED_EDGE('',*,*,#5849,.F.);
#2979=ORIENTED_EDGE('',*,*,#5852,.T.);
#2980=ORIENTED_EDGE('',*,*,#5853,.T.);
#2981=ORIENTED_EDGE('',*,*,#5844,.F.);
#2982=ORIENTED_EDGE('',*,*,#5853,.F.);
#2983=ORIENTED_EDGE('',*,*,#5854,.T.);
#2984=ORIENTED_EDGE('',*,*,#5855,.T.);
#2985=ORIENTED_EDGE('',*,*,#5850,.T.);
#2986=ORIENTED_EDGE('',*,*,#5845,.T.);
#2987=ORIENTED_EDGE('',*,*,#5855,.F.);
#2988=ORIENTED_EDGE('',*,*,#5856,.F.);
#2989=ORIENTED_EDGE('',*,*,#5857,.T.);
#2990=ORIENTED_EDGE('',*,*,#5858,.T.);
#2991=ORIENTED_EDGE('',*,*,#5745,.F.);
#2992=ORIENTED_EDGE('',*,*,#5859,.T.);
#2993=ORIENTED_EDGE('',*,*,#5743,.T.);
#2994=ORIENTED_EDGE('',*,*,#5860,.T.);
#2995=ORIENTED_EDGE('',*,*,#5861,.F.);
#2996=ORIENTED_EDGE('',*,*,#5862,.T.);
#2997=ORIENTED_EDGE('',*,*,#5736,.T.);
#2998=ORIENTED_EDGE('',*,*,#5863,.T.);
#2999=ORIENTED_EDGE('',*,*,#5864,.F.);
#3000=ORIENTED_EDGE('',*,*,#5865,.T.);
#3001=ORIENTED_EDGE('',*,*,#5866,.T.);
#3002=ORIENTED_EDGE('',*,*,#5867,.T.);
#3003=ORIENTED_EDGE('',*,*,#5749,.T.);
#3004=ORIENTED_EDGE('',*,*,#5868,.T.);
#3005=ORIENTED_EDGE('',*,*,#5869,.F.);
#3006=ORIENTED_EDGE('',*,*,#5870,.T.);
#3007=ORIENTED_EDGE('',*,*,#5734,.T.);
#3008=ORIENTED_EDGE('',*,*,#5871,.F.);
#3009=ORIENTED_EDGE('',*,*,#5872,.T.);
#3010=ORIENTED_EDGE('',*,*,#5873,.T.);
#3011=ORIENTED_EDGE('',*,*,#5747,.F.);
#3012=ORIENTED_EDGE('',*,*,#5874,.T.);
#3013=ORIENTED_EDGE('',*,*,#5875,.T.);
#3014=ORIENTED_EDGE('',*,*,#5876,.T.);
#3015=ORIENTED_EDGE('',*,*,#5877,.T.);
#3016=ORIENTED_EDGE('',*,*,#5878,.T.);
#3017=ORIENTED_EDGE('',*,*,#5869,.T.);
#3018=ORIENTED_EDGE('',*,*,#5879,.T.);
#3019=ORIENTED_EDGE('',*,*,#5872,.F.);
#3020=ORIENTED_EDGE('',*,*,#5880,.T.);
#3021=ORIENTED_EDGE('',*,*,#5857,.F.);
#3022=ORIENTED_EDGE('',*,*,#5881,.T.);
#3023=ORIENTED_EDGE('',*,*,#5864,.T.);
#3024=ORIENTED_EDGE('',*,*,#5882,.T.);
#3025=ORIENTED_EDGE('',*,*,#5852,.F.);
#3026=ORIENTED_EDGE('',*,*,#5851,.T.);
#3027=ORIENTED_EDGE('',*,*,#5856,.T.);
#3028=ORIENTED_EDGE('',*,*,#5854,.F.);
#3029=ORIENTED_EDGE('',*,*,#5846,.T.);
#3030=ORIENTED_EDGE('',*,*,#5883,.F.);
#3031=ORIENTED_EDGE('',*,*,#5847,.T.);
#3032=ORIENTED_EDGE('',*,*,#5884,.F.);
#3033=ORIENTED_EDGE('',*,*,#5884,.T.);
#3034=ORIENTED_EDGE('',*,*,#5848,.T.);
#3035=ORIENTED_EDGE('',*,*,#5885,.F.);
#3036=ORIENTED_EDGE('',*,*,#5885,.T.);
#3037=ORIENTED_EDGE('',*,*,#5883,.T.);
#3038=ORIENTED_EDGE('',*,*,#5886,.T.);
#3039=ORIENTED_EDGE('',*,*,#5887,.F.);
#3040=ORIENTED_EDGE('',*,*,#5888,.F.);
#3041=ORIENTED_EDGE('',*,*,#5889,.T.);
#3042=ORIENTED_EDGE('',*,*,#5890,.T.);
#3043=ORIENTED_EDGE('',*,*,#5891,.F.);
#3044=ORIENTED_EDGE('',*,*,#5892,.F.);
#3045=ORIENTED_EDGE('',*,*,#5887,.T.);
#3046=ORIENTED_EDGE('',*,*,#5893,.T.);
#3047=ORIENTED_EDGE('',*,*,#5894,.F.);
#3048=ORIENTED_EDGE('',*,*,#5895,.F.);
#3049=ORIENTED_EDGE('',*,*,#5891,.T.);
#3050=ORIENTED_EDGE('',*,*,#5896,.T.);
#3051=ORIENTED_EDGE('',*,*,#5897,.F.);
#3052=ORIENTED_EDGE('',*,*,#5898,.F.);
#3053=ORIENTED_EDGE('',*,*,#5894,.T.);
#3054=ORIENTED_EDGE('',*,*,#5899,.T.);
#3055=ORIENTED_EDGE('',*,*,#5900,.F.);
#3056=ORIENTED_EDGE('',*,*,#5901,.F.);
#3057=ORIENTED_EDGE('',*,*,#5897,.T.);
#3058=ORIENTED_EDGE('',*,*,#5902,.T.);
#3059=ORIENTED_EDGE('',*,*,#5903,.F.);
#3060=ORIENTED_EDGE('',*,*,#5904,.F.);
#3061=ORIENTED_EDGE('',*,*,#5900,.T.);
#3062=ORIENTED_EDGE('',*,*,#5905,.T.);
#3063=ORIENTED_EDGE('',*,*,#5906,.F.);
#3064=ORIENTED_EDGE('',*,*,#5907,.F.);
#3065=ORIENTED_EDGE('',*,*,#5903,.T.);
#3066=ORIENTED_EDGE('',*,*,#5908,.T.);
#3067=ORIENTED_EDGE('',*,*,#5909,.F.);
#3068=ORIENTED_EDGE('',*,*,#5910,.F.);
#3069=ORIENTED_EDGE('',*,*,#5906,.T.);
#3070=ORIENTED_EDGE('',*,*,#5911,.T.);
#3071=ORIENTED_EDGE('',*,*,#5912,.F.);
#3072=ORIENTED_EDGE('',*,*,#5913,.F.);
#3073=ORIENTED_EDGE('',*,*,#5909,.T.);
#3074=ORIENTED_EDGE('',*,*,#5914,.T.);
#3075=ORIENTED_EDGE('',*,*,#5915,.F.);
#3076=ORIENTED_EDGE('',*,*,#5916,.F.);
#3077=ORIENTED_EDGE('',*,*,#5912,.T.);
#3078=ORIENTED_EDGE('',*,*,#5917,.T.);
#3079=ORIENTED_EDGE('',*,*,#5918,.F.);
#3080=ORIENTED_EDGE('',*,*,#5919,.F.);
#3081=ORIENTED_EDGE('',*,*,#5915,.T.);
#3082=ORIENTED_EDGE('',*,*,#5920,.T.);
#3083=ORIENTED_EDGE('',*,*,#5921,.F.);
#3084=ORIENTED_EDGE('',*,*,#5922,.F.);
#3085=ORIENTED_EDGE('',*,*,#5918,.T.);
#3086=ORIENTED_EDGE('',*,*,#5923,.T.);
#3087=ORIENTED_EDGE('',*,*,#5924,.F.);
#3088=ORIENTED_EDGE('',*,*,#5925,.F.);
#3089=ORIENTED_EDGE('',*,*,#5921,.T.);
#3090=ORIENTED_EDGE('',*,*,#5926,.T.);
#3091=ORIENTED_EDGE('',*,*,#5927,.F.);
#3092=ORIENTED_EDGE('',*,*,#5928,.F.);
#3093=ORIENTED_EDGE('',*,*,#5924,.T.);
#3094=ORIENTED_EDGE('',*,*,#5929,.T.);
#3095=ORIENTED_EDGE('',*,*,#5930,.F.);
#3096=ORIENTED_EDGE('',*,*,#5931,.F.);
#3097=ORIENTED_EDGE('',*,*,#5927,.T.);
#3098=ORIENTED_EDGE('',*,*,#5932,.T.);
#3099=ORIENTED_EDGE('',*,*,#5933,.F.);
#3100=ORIENTED_EDGE('',*,*,#5934,.F.);
#3101=ORIENTED_EDGE('',*,*,#5930,.T.);
#3102=ORIENTED_EDGE('',*,*,#5935,.T.);
#3103=ORIENTED_EDGE('',*,*,#5936,.F.);
#3104=ORIENTED_EDGE('',*,*,#5937,.F.);
#3105=ORIENTED_EDGE('',*,*,#5933,.T.);
#3106=ORIENTED_EDGE('',*,*,#5938,.T.);
#3107=ORIENTED_EDGE('',*,*,#5939,.F.);
#3108=ORIENTED_EDGE('',*,*,#5940,.F.);
#3109=ORIENTED_EDGE('',*,*,#5936,.T.);
#3110=ORIENTED_EDGE('',*,*,#5941,.T.);
#3111=ORIENTED_EDGE('',*,*,#5942,.F.);
#3112=ORIENTED_EDGE('',*,*,#5943,.F.);
#3113=ORIENTED_EDGE('',*,*,#5939,.T.);
#3114=ORIENTED_EDGE('',*,*,#5944,.T.);
#3115=ORIENTED_EDGE('',*,*,#5945,.F.);
#3116=ORIENTED_EDGE('',*,*,#5946,.F.);
#3117=ORIENTED_EDGE('',*,*,#5942,.T.);
#3118=ORIENTED_EDGE('',*,*,#5947,.T.);
#3119=ORIENTED_EDGE('',*,*,#5948,.F.);
#3120=ORIENTED_EDGE('',*,*,#5949,.F.);
#3121=ORIENTED_EDGE('',*,*,#5945,.T.);
#3122=ORIENTED_EDGE('',*,*,#5950,.T.);
#3123=ORIENTED_EDGE('',*,*,#5951,.F.);
#3124=ORIENTED_EDGE('',*,*,#5952,.F.);
#3125=ORIENTED_EDGE('',*,*,#5948,.T.);
#3126=ORIENTED_EDGE('',*,*,#5953,.T.);
#3127=ORIENTED_EDGE('',*,*,#5954,.F.);
#3128=ORIENTED_EDGE('',*,*,#5955,.F.);
#3129=ORIENTED_EDGE('',*,*,#5951,.T.);
#3130=ORIENTED_EDGE('',*,*,#5956,.T.);
#3131=ORIENTED_EDGE('',*,*,#5957,.F.);
#3132=ORIENTED_EDGE('',*,*,#5958,.F.);
#3133=ORIENTED_EDGE('',*,*,#5954,.T.);
#3134=ORIENTED_EDGE('',*,*,#5959,.T.);
#3135=ORIENTED_EDGE('',*,*,#5960,.F.);
#3136=ORIENTED_EDGE('',*,*,#5961,.F.);
#3137=ORIENTED_EDGE('',*,*,#5957,.T.);
#3138=ORIENTED_EDGE('',*,*,#5962,.T.);
#3139=ORIENTED_EDGE('',*,*,#5963,.F.);
#3140=ORIENTED_EDGE('',*,*,#5964,.F.);
#3141=ORIENTED_EDGE('',*,*,#5960,.T.);
#3142=ORIENTED_EDGE('',*,*,#5965,.T.);
#3143=ORIENTED_EDGE('',*,*,#5966,.F.);
#3144=ORIENTED_EDGE('',*,*,#5967,.F.);
#3145=ORIENTED_EDGE('',*,*,#5963,.T.);
#3146=ORIENTED_EDGE('',*,*,#5968,.T.);
#3147=ORIENTED_EDGE('',*,*,#5969,.F.);
#3148=ORIENTED_EDGE('',*,*,#5970,.F.);
#3149=ORIENTED_EDGE('',*,*,#5966,.T.);
#3150=ORIENTED_EDGE('',*,*,#5971,.T.);
#3151=ORIENTED_EDGE('',*,*,#5972,.F.);
#3152=ORIENTED_EDGE('',*,*,#5973,.F.);
#3153=ORIENTED_EDGE('',*,*,#5969,.T.);
#3154=ORIENTED_EDGE('',*,*,#5974,.T.);
#3155=ORIENTED_EDGE('',*,*,#5975,.F.);
#3156=ORIENTED_EDGE('',*,*,#5976,.F.);
#3157=ORIENTED_EDGE('',*,*,#5972,.T.);
#3158=ORIENTED_EDGE('',*,*,#5977,.T.);
#3159=ORIENTED_EDGE('',*,*,#5978,.F.);
#3160=ORIENTED_EDGE('',*,*,#5979,.F.);
#3161=ORIENTED_EDGE('',*,*,#5975,.T.);
#3162=ORIENTED_EDGE('',*,*,#5980,.F.);
#3163=ORIENTED_EDGE('',*,*,#5981,.F.);
#3164=ORIENTED_EDGE('',*,*,#5982,.T.);
#3165=ORIENTED_EDGE('',*,*,#5983,.T.);
#3166=ORIENTED_EDGE('',*,*,#5984,.F.);
#3167=ORIENTED_EDGE('',*,*,#5985,.F.);
#3168=ORIENTED_EDGE('',*,*,#5986,.T.);
#3169=ORIENTED_EDGE('',*,*,#5981,.T.);
#3170=ORIENTED_EDGE('',*,*,#5987,.F.);
#3171=ORIENTED_EDGE('',*,*,#5988,.F.);
#3172=ORIENTED_EDGE('',*,*,#5989,.T.);
#3173=ORIENTED_EDGE('',*,*,#5985,.T.);
#3174=ORIENTED_EDGE('',*,*,#5990,.F.);
#3175=ORIENTED_EDGE('',*,*,#5991,.F.);
#3176=ORIENTED_EDGE('',*,*,#5992,.T.);
#3177=ORIENTED_EDGE('',*,*,#5988,.T.);
#3178=ORIENTED_EDGE('',*,*,#5993,.F.);
#3179=ORIENTED_EDGE('',*,*,#5994,.F.);
#3180=ORIENTED_EDGE('',*,*,#5995,.T.);
#3181=ORIENTED_EDGE('',*,*,#5991,.T.);
#3182=ORIENTED_EDGE('',*,*,#5996,.F.);
#3183=ORIENTED_EDGE('',*,*,#5997,.F.);
#3184=ORIENTED_EDGE('',*,*,#5998,.T.);
#3185=ORIENTED_EDGE('',*,*,#5994,.T.);
#3186=ORIENTED_EDGE('',*,*,#5999,.F.);
#3187=ORIENTED_EDGE('',*,*,#6000,.F.);
#3188=ORIENTED_EDGE('',*,*,#6001,.T.);
#3189=ORIENTED_EDGE('',*,*,#5997,.T.);
#3190=ORIENTED_EDGE('',*,*,#6002,.F.);
#3191=ORIENTED_EDGE('',*,*,#6003,.F.);
#3192=ORIENTED_EDGE('',*,*,#6004,.T.);
#3193=ORIENTED_EDGE('',*,*,#6000,.T.);
#3194=ORIENTED_EDGE('',*,*,#6005,.F.);
#3195=ORIENTED_EDGE('',*,*,#6006,.F.);
#3196=ORIENTED_EDGE('',*,*,#6007,.T.);
#3197=ORIENTED_EDGE('',*,*,#6003,.T.);
#3198=ORIENTED_EDGE('',*,*,#6008,.F.);
#3199=ORIENTED_EDGE('',*,*,#6009,.F.);
#3200=ORIENTED_EDGE('',*,*,#6010,.T.);
#3201=ORIENTED_EDGE('',*,*,#6006,.T.);
#3202=ORIENTED_EDGE('',*,*,#6011,.F.);
#3203=ORIENTED_EDGE('',*,*,#6012,.F.);
#3204=ORIENTED_EDGE('',*,*,#6013,.T.);
#3205=ORIENTED_EDGE('',*,*,#6009,.T.);
#3206=ORIENTED_EDGE('',*,*,#6014,.F.);
#3207=ORIENTED_EDGE('',*,*,#6015,.F.);
#3208=ORIENTED_EDGE('',*,*,#6016,.T.);
#3209=ORIENTED_EDGE('',*,*,#6012,.T.);
#3210=ORIENTED_EDGE('',*,*,#6017,.F.);
#3211=ORIENTED_EDGE('',*,*,#6018,.F.);
#3212=ORIENTED_EDGE('',*,*,#6019,.T.);
#3213=ORIENTED_EDGE('',*,*,#6015,.T.);
#3214=ORIENTED_EDGE('',*,*,#6020,.F.);
#3215=ORIENTED_EDGE('',*,*,#6021,.F.);
#3216=ORIENTED_EDGE('',*,*,#6022,.T.);
#3217=ORIENTED_EDGE('',*,*,#6018,.T.);
#3218=ORIENTED_EDGE('',*,*,#6023,.F.);
#3219=ORIENTED_EDGE('',*,*,#6024,.F.);
#3220=ORIENTED_EDGE('',*,*,#6025,.T.);
#3221=ORIENTED_EDGE('',*,*,#6021,.T.);
#3222=ORIENTED_EDGE('',*,*,#6026,.F.);
#3223=ORIENTED_EDGE('',*,*,#6027,.F.);
#3224=ORIENTED_EDGE('',*,*,#6028,.T.);
#3225=ORIENTED_EDGE('',*,*,#6024,.T.);
#3226=ORIENTED_EDGE('',*,*,#6029,.F.);
#3227=ORIENTED_EDGE('',*,*,#6030,.F.);
#3228=ORIENTED_EDGE('',*,*,#6031,.T.);
#3229=ORIENTED_EDGE('',*,*,#6027,.T.);
#3230=ORIENTED_EDGE('',*,*,#6032,.F.);
#3231=ORIENTED_EDGE('',*,*,#6033,.F.);
#3232=ORIENTED_EDGE('',*,*,#6034,.T.);
#3233=ORIENTED_EDGE('',*,*,#6030,.T.);
#3234=ORIENTED_EDGE('',*,*,#6035,.F.);
#3235=ORIENTED_EDGE('',*,*,#6036,.F.);
#3236=ORIENTED_EDGE('',*,*,#6037,.T.);
#3237=ORIENTED_EDGE('',*,*,#6033,.T.);
#3238=ORIENTED_EDGE('',*,*,#6038,.F.);
#3239=ORIENTED_EDGE('',*,*,#6039,.F.);
#3240=ORIENTED_EDGE('',*,*,#6040,.T.);
#3241=ORIENTED_EDGE('',*,*,#6036,.T.);
#3242=ORIENTED_EDGE('',*,*,#6041,.F.);
#3243=ORIENTED_EDGE('',*,*,#6042,.F.);
#3244=ORIENTED_EDGE('',*,*,#6043,.T.);
#3245=ORIENTED_EDGE('',*,*,#6039,.T.);
#3246=ORIENTED_EDGE('',*,*,#6044,.F.);
#3247=ORIENTED_EDGE('',*,*,#6045,.F.);
#3248=ORIENTED_EDGE('',*,*,#6046,.T.);
#3249=ORIENTED_EDGE('',*,*,#6042,.T.);
#3250=ORIENTED_EDGE('',*,*,#6047,.F.);
#3251=ORIENTED_EDGE('',*,*,#6048,.F.);
#3252=ORIENTED_EDGE('',*,*,#6049,.T.);
#3253=ORIENTED_EDGE('',*,*,#6045,.T.);
#3254=ORIENTED_EDGE('',*,*,#6050,.F.);
#3255=ORIENTED_EDGE('',*,*,#6051,.F.);
#3256=ORIENTED_EDGE('',*,*,#6052,.T.);
#3257=ORIENTED_EDGE('',*,*,#6048,.T.);
#3258=ORIENTED_EDGE('',*,*,#6053,.F.);
#3259=ORIENTED_EDGE('',*,*,#6054,.F.);
#3260=ORIENTED_EDGE('',*,*,#6055,.T.);
#3261=ORIENTED_EDGE('',*,*,#6051,.T.);
#3262=ORIENTED_EDGE('',*,*,#6056,.F.);
#3263=ORIENTED_EDGE('',*,*,#6057,.F.);
#3264=ORIENTED_EDGE('',*,*,#6058,.T.);
#3265=ORIENTED_EDGE('',*,*,#6054,.T.);
#3266=ORIENTED_EDGE('',*,*,#6059,.F.);
#3267=ORIENTED_EDGE('',*,*,#6060,.F.);
#3268=ORIENTED_EDGE('',*,*,#6061,.T.);
#3269=ORIENTED_EDGE('',*,*,#6057,.T.);
#3270=ORIENTED_EDGE('',*,*,#6062,.F.);
#3271=ORIENTED_EDGE('',*,*,#6063,.F.);
#3272=ORIENTED_EDGE('',*,*,#6064,.T.);
#3273=ORIENTED_EDGE('',*,*,#6060,.T.);
#3274=ORIENTED_EDGE('',*,*,#6065,.F.);
#3275=ORIENTED_EDGE('',*,*,#6066,.F.);
#3276=ORIENTED_EDGE('',*,*,#6067,.T.);
#3277=ORIENTED_EDGE('',*,*,#6063,.T.);
#3278=ORIENTED_EDGE('',*,*,#6068,.F.);
#3279=ORIENTED_EDGE('',*,*,#6069,.F.);
#3280=ORIENTED_EDGE('',*,*,#6070,.T.);
#3281=ORIENTED_EDGE('',*,*,#6066,.T.);
#3282=ORIENTED_EDGE('',*,*,#6071,.F.);
#3283=ORIENTED_EDGE('',*,*,#6072,.F.);
#3284=ORIENTED_EDGE('',*,*,#6073,.T.);
#3285=ORIENTED_EDGE('',*,*,#6069,.T.);
#3286=ORIENTED_EDGE('',*,*,#6074,.F.);
#3287=ORIENTED_EDGE('',*,*,#6075,.F.);
#3288=ORIENTED_EDGE('',*,*,#6076,.T.);
#3289=ORIENTED_EDGE('',*,*,#6072,.T.);
#3290=ORIENTED_EDGE('',*,*,#6077,.F.);
#3291=ORIENTED_EDGE('',*,*,#6078,.F.);
#3292=ORIENTED_EDGE('',*,*,#6079,.T.);
#3293=ORIENTED_EDGE('',*,*,#6075,.T.);
#3294=ORIENTED_EDGE('',*,*,#6080,.F.);
#3295=ORIENTED_EDGE('',*,*,#6081,.F.);
#3296=ORIENTED_EDGE('',*,*,#6082,.T.);
#3297=ORIENTED_EDGE('',*,*,#6078,.T.);
#3298=ORIENTED_EDGE('',*,*,#6083,.F.);
#3299=ORIENTED_EDGE('',*,*,#6084,.F.);
#3300=ORIENTED_EDGE('',*,*,#6085,.T.);
#3301=ORIENTED_EDGE('',*,*,#6081,.T.);
#3302=ORIENTED_EDGE('',*,*,#6086,.F.);
#3303=ORIENTED_EDGE('',*,*,#6087,.F.);
#3304=ORIENTED_EDGE('',*,*,#6088,.T.);
#3305=ORIENTED_EDGE('',*,*,#6084,.T.);
#3306=ORIENTED_EDGE('',*,*,#6089,.F.);
#3307=ORIENTED_EDGE('',*,*,#6090,.F.);
#3308=ORIENTED_EDGE('',*,*,#6091,.T.);
#3309=ORIENTED_EDGE('',*,*,#6087,.T.);
#3310=ORIENTED_EDGE('',*,*,#6092,.F.);
#3311=ORIENTED_EDGE('',*,*,#6093,.F.);
#3312=ORIENTED_EDGE('',*,*,#6094,.T.);
#3313=ORIENTED_EDGE('',*,*,#6090,.T.);
#3314=ORIENTED_EDGE('',*,*,#6095,.F.);
#3315=ORIENTED_EDGE('',*,*,#6096,.F.);
#3316=ORIENTED_EDGE('',*,*,#6097,.T.);
#3317=ORIENTED_EDGE('',*,*,#6093,.T.);
#3318=ORIENTED_EDGE('',*,*,#6098,.F.);
#3319=ORIENTED_EDGE('',*,*,#6099,.F.);
#3320=ORIENTED_EDGE('',*,*,#6100,.T.);
#3321=ORIENTED_EDGE('',*,*,#6096,.T.);
#3322=ORIENTED_EDGE('',*,*,#6101,.F.);
#3323=ORIENTED_EDGE('',*,*,#6102,.F.);
#3324=ORIENTED_EDGE('',*,*,#6103,.T.);
#3325=ORIENTED_EDGE('',*,*,#6099,.T.);
#3326=ORIENTED_EDGE('',*,*,#6104,.F.);
#3327=ORIENTED_EDGE('',*,*,#6105,.F.);
#3328=ORIENTED_EDGE('',*,*,#6106,.T.);
#3329=ORIENTED_EDGE('',*,*,#6102,.T.);
#3330=ORIENTED_EDGE('',*,*,#6107,.F.);
#3331=ORIENTED_EDGE('',*,*,#6108,.F.);
#3332=ORIENTED_EDGE('',*,*,#6109,.T.);
#3333=ORIENTED_EDGE('',*,*,#6105,.T.);
#3334=ORIENTED_EDGE('',*,*,#6110,.F.);
#3335=ORIENTED_EDGE('',*,*,#6111,.F.);
#3336=ORIENTED_EDGE('',*,*,#6112,.T.);
#3337=ORIENTED_EDGE('',*,*,#6108,.T.);
#3338=ORIENTED_EDGE('',*,*,#6113,.F.);
#3339=ORIENTED_EDGE('',*,*,#6114,.F.);
#3340=ORIENTED_EDGE('',*,*,#6115,.T.);
#3341=ORIENTED_EDGE('',*,*,#6111,.T.);
#3342=ORIENTED_EDGE('',*,*,#6116,.F.);
#3343=ORIENTED_EDGE('',*,*,#6117,.F.);
#3344=ORIENTED_EDGE('',*,*,#6118,.T.);
#3345=ORIENTED_EDGE('',*,*,#6114,.T.);
#3346=ORIENTED_EDGE('',*,*,#6119,.F.);
#3347=ORIENTED_EDGE('',*,*,#6120,.F.);
#3348=ORIENTED_EDGE('',*,*,#6121,.T.);
#3349=ORIENTED_EDGE('',*,*,#6117,.T.);
#3350=ORIENTED_EDGE('',*,*,#6122,.F.);
#3351=ORIENTED_EDGE('',*,*,#6123,.F.);
#3352=ORIENTED_EDGE('',*,*,#6124,.T.);
#3353=ORIENTED_EDGE('',*,*,#6120,.T.);
#3354=ORIENTED_EDGE('',*,*,#6125,.F.);
#3355=ORIENTED_EDGE('',*,*,#6126,.F.);
#3356=ORIENTED_EDGE('',*,*,#6127,.T.);
#3357=ORIENTED_EDGE('',*,*,#6123,.T.);
#3358=ORIENTED_EDGE('',*,*,#6128,.F.);
#3359=ORIENTED_EDGE('',*,*,#6129,.F.);
#3360=ORIENTED_EDGE('',*,*,#6130,.T.);
#3361=ORIENTED_EDGE('',*,*,#6131,.T.);
#3362=ORIENTED_EDGE('',*,*,#6132,.F.);
#3363=ORIENTED_EDGE('',*,*,#6133,.F.);
#3364=ORIENTED_EDGE('',*,*,#6134,.T.);
#3365=ORIENTED_EDGE('',*,*,#6129,.T.);
#3366=ORIENTED_EDGE('',*,*,#6135,.F.);
#3367=ORIENTED_EDGE('',*,*,#6136,.F.);
#3368=ORIENTED_EDGE('',*,*,#6137,.T.);
#3369=ORIENTED_EDGE('',*,*,#6133,.T.);
#3370=ORIENTED_EDGE('',*,*,#6138,.F.);
#3371=ORIENTED_EDGE('',*,*,#6139,.F.);
#3372=ORIENTED_EDGE('',*,*,#6140,.T.);
#3373=ORIENTED_EDGE('',*,*,#6136,.T.);
#3374=ORIENTED_EDGE('',*,*,#6141,.F.);
#3375=ORIENTED_EDGE('',*,*,#6142,.F.);
#3376=ORIENTED_EDGE('',*,*,#6143,.T.);
#3377=ORIENTED_EDGE('',*,*,#6139,.T.);
#3378=ORIENTED_EDGE('',*,*,#6144,.F.);
#3379=ORIENTED_EDGE('',*,*,#6145,.F.);
#3380=ORIENTED_EDGE('',*,*,#6146,.T.);
#3381=ORIENTED_EDGE('',*,*,#6142,.T.);
#3382=ORIENTED_EDGE('',*,*,#6147,.F.);
#3383=ORIENTED_EDGE('',*,*,#6148,.F.);
#3384=ORIENTED_EDGE('',*,*,#6149,.T.);
#3385=ORIENTED_EDGE('',*,*,#6145,.T.);
#3386=ORIENTED_EDGE('',*,*,#6150,.F.);
#3387=ORIENTED_EDGE('',*,*,#6151,.F.);
#3388=ORIENTED_EDGE('',*,*,#6152,.T.);
#3389=ORIENTED_EDGE('',*,*,#6148,.T.);
#3390=ORIENTED_EDGE('',*,*,#6153,.F.);
#3391=ORIENTED_EDGE('',*,*,#6154,.F.);
#3392=ORIENTED_EDGE('',*,*,#6155,.T.);
#3393=ORIENTED_EDGE('',*,*,#6151,.T.);
#3394=ORIENTED_EDGE('',*,*,#6156,.F.);
#3395=ORIENTED_EDGE('',*,*,#6157,.F.);
#3396=ORIENTED_EDGE('',*,*,#6158,.T.);
#3397=ORIENTED_EDGE('',*,*,#6154,.T.);
#3398=ORIENTED_EDGE('',*,*,#6159,.F.);
#3399=ORIENTED_EDGE('',*,*,#6160,.F.);
#3400=ORIENTED_EDGE('',*,*,#6161,.T.);
#3401=ORIENTED_EDGE('',*,*,#6157,.T.);
#3402=ORIENTED_EDGE('',*,*,#6162,.F.);
#3403=ORIENTED_EDGE('',*,*,#6163,.F.);
#3404=ORIENTED_EDGE('',*,*,#6164,.T.);
#3405=ORIENTED_EDGE('',*,*,#6160,.T.);
#3406=ORIENTED_EDGE('',*,*,#6165,.F.);
#3407=ORIENTED_EDGE('',*,*,#6166,.F.);
#3408=ORIENTED_EDGE('',*,*,#6167,.T.);
#3409=ORIENTED_EDGE('',*,*,#6163,.T.);
#3410=ORIENTED_EDGE('',*,*,#6168,.F.);
#3411=ORIENTED_EDGE('',*,*,#6169,.F.);
#3412=ORIENTED_EDGE('',*,*,#6170,.T.);
#3413=ORIENTED_EDGE('',*,*,#6166,.T.);
#3414=ORIENTED_EDGE('',*,*,#6171,.F.);
#3415=ORIENTED_EDGE('',*,*,#6172,.F.);
#3416=ORIENTED_EDGE('',*,*,#6173,.T.);
#3417=ORIENTED_EDGE('',*,*,#6169,.T.);
#3418=ORIENTED_EDGE('',*,*,#6174,.F.);
#3419=ORIENTED_EDGE('',*,*,#6175,.F.);
#3420=ORIENTED_EDGE('',*,*,#6176,.T.);
#3421=ORIENTED_EDGE('',*,*,#6172,.T.);
#3422=ORIENTED_EDGE('',*,*,#6177,.F.);
#3423=ORIENTED_EDGE('',*,*,#6178,.F.);
#3424=ORIENTED_EDGE('',*,*,#6179,.T.);
#3425=ORIENTED_EDGE('',*,*,#6175,.T.);
#3426=ORIENTED_EDGE('',*,*,#6180,.F.);
#3427=ORIENTED_EDGE('',*,*,#6181,.F.);
#3428=ORIENTED_EDGE('',*,*,#6182,.T.);
#3429=ORIENTED_EDGE('',*,*,#6178,.T.);
#3430=ORIENTED_EDGE('',*,*,#6183,.F.);
#3431=ORIENTED_EDGE('',*,*,#6184,.F.);
#3432=ORIENTED_EDGE('',*,*,#6185,.T.);
#3433=ORIENTED_EDGE('',*,*,#6181,.T.);
#3434=ORIENTED_EDGE('',*,*,#6186,.F.);
#3435=ORIENTED_EDGE('',*,*,#6187,.F.);
#3436=ORIENTED_EDGE('',*,*,#6188,.T.);
#3437=ORIENTED_EDGE('',*,*,#6184,.T.);
#3438=ORIENTED_EDGE('',*,*,#6189,.F.);
#3439=ORIENTED_EDGE('',*,*,#6190,.F.);
#3440=ORIENTED_EDGE('',*,*,#6191,.T.);
#3441=ORIENTED_EDGE('',*,*,#6187,.T.);
#3442=ORIENTED_EDGE('',*,*,#6192,.F.);
#3443=ORIENTED_EDGE('',*,*,#6193,.F.);
#3444=ORIENTED_EDGE('',*,*,#6194,.T.);
#3445=ORIENTED_EDGE('',*,*,#6190,.T.);
#3446=ORIENTED_EDGE('',*,*,#6195,.F.);
#3447=ORIENTED_EDGE('',*,*,#6196,.F.);
#3448=ORIENTED_EDGE('',*,*,#6197,.T.);
#3449=ORIENTED_EDGE('',*,*,#6193,.T.);
#3450=ORIENTED_EDGE('',*,*,#6198,.F.);
#3451=ORIENTED_EDGE('',*,*,#6199,.F.);
#3452=ORIENTED_EDGE('',*,*,#6200,.T.);
#3453=ORIENTED_EDGE('',*,*,#6196,.T.);
#3454=ORIENTED_EDGE('',*,*,#6201,.F.);
#3455=ORIENTED_EDGE('',*,*,#6202,.F.);
#3456=ORIENTED_EDGE('',*,*,#6203,.T.);
#3457=ORIENTED_EDGE('',*,*,#6199,.T.);
#3458=ORIENTED_EDGE('',*,*,#6204,.F.);
#3459=ORIENTED_EDGE('',*,*,#6205,.F.);
#3460=ORIENTED_EDGE('',*,*,#6206,.T.);
#3461=ORIENTED_EDGE('',*,*,#6202,.T.);
#3462=ORIENTED_EDGE('',*,*,#6207,.F.);
#3463=ORIENTED_EDGE('',*,*,#6208,.F.);
#3464=ORIENTED_EDGE('',*,*,#6209,.T.);
#3465=ORIENTED_EDGE('',*,*,#6205,.T.);
#3466=ORIENTED_EDGE('',*,*,#6210,.F.);
#3467=ORIENTED_EDGE('',*,*,#6211,.F.);
#3468=ORIENTED_EDGE('',*,*,#6212,.T.);
#3469=ORIENTED_EDGE('',*,*,#6208,.T.);
#3470=ORIENTED_EDGE('',*,*,#6213,.F.);
#3471=ORIENTED_EDGE('',*,*,#6214,.F.);
#3472=ORIENTED_EDGE('',*,*,#6215,.T.);
#3473=ORIENTED_EDGE('',*,*,#6211,.T.);
#3474=ORIENTED_EDGE('',*,*,#6216,.F.);
#3475=ORIENTED_EDGE('',*,*,#6217,.F.);
#3476=ORIENTED_EDGE('',*,*,#6218,.T.);
#3477=ORIENTED_EDGE('',*,*,#6214,.T.);
#3478=ORIENTED_EDGE('',*,*,#6219,.F.);
#3479=ORIENTED_EDGE('',*,*,#6220,.F.);
#3480=ORIENTED_EDGE('',*,*,#6221,.T.);
#3481=ORIENTED_EDGE('',*,*,#6217,.T.);
#3482=ORIENTED_EDGE('',*,*,#6222,.F.);
#3483=ORIENTED_EDGE('',*,*,#6223,.F.);
#3484=ORIENTED_EDGE('',*,*,#6224,.T.);
#3485=ORIENTED_EDGE('',*,*,#6220,.T.);
#3486=ORIENTED_EDGE('',*,*,#6225,.F.);
#3487=ORIENTED_EDGE('',*,*,#6226,.F.);
#3488=ORIENTED_EDGE('',*,*,#6227,.T.);
#3489=ORIENTED_EDGE('',*,*,#6223,.T.);
#3490=ORIENTED_EDGE('',*,*,#6228,.F.);
#3491=ORIENTED_EDGE('',*,*,#6229,.F.);
#3492=ORIENTED_EDGE('',*,*,#6230,.T.);
#3493=ORIENTED_EDGE('',*,*,#6226,.T.);
#3494=ORIENTED_EDGE('',*,*,#6231,.F.);
#3495=ORIENTED_EDGE('',*,*,#6232,.F.);
#3496=ORIENTED_EDGE('',*,*,#6233,.T.);
#3497=ORIENTED_EDGE('',*,*,#6229,.T.);
#3498=ORIENTED_EDGE('',*,*,#6234,.F.);
#3499=ORIENTED_EDGE('',*,*,#6235,.F.);
#3500=ORIENTED_EDGE('',*,*,#6236,.T.);
#3501=ORIENTED_EDGE('',*,*,#6232,.T.);
#3502=ORIENTED_EDGE('',*,*,#6237,.F.);
#3503=ORIENTED_EDGE('',*,*,#6238,.F.);
#3504=ORIENTED_EDGE('',*,*,#6239,.T.);
#3505=ORIENTED_EDGE('',*,*,#6235,.T.);
#3506=ORIENTED_EDGE('',*,*,#6240,.F.);
#3507=ORIENTED_EDGE('',*,*,#6241,.F.);
#3508=ORIENTED_EDGE('',*,*,#6242,.T.);
#3509=ORIENTED_EDGE('',*,*,#6238,.T.);
#3510=ORIENTED_EDGE('',*,*,#6243,.F.);
#3511=ORIENTED_EDGE('',*,*,#6244,.F.);
#3512=ORIENTED_EDGE('',*,*,#6245,.T.);
#3513=ORIENTED_EDGE('',*,*,#6241,.T.);
#3514=ORIENTED_EDGE('',*,*,#6246,.F.);
#3515=ORIENTED_EDGE('',*,*,#6247,.F.);
#3516=ORIENTED_EDGE('',*,*,#6248,.T.);
#3517=ORIENTED_EDGE('',*,*,#6244,.T.);
#3518=ORIENTED_EDGE('',*,*,#6249,.F.);
#3519=ORIENTED_EDGE('',*,*,#6250,.F.);
#3520=ORIENTED_EDGE('',*,*,#6251,.T.);
#3521=ORIENTED_EDGE('',*,*,#6247,.T.);
#3522=ORIENTED_EDGE('',*,*,#6252,.F.);
#3523=ORIENTED_EDGE('',*,*,#6253,.F.);
#3524=ORIENTED_EDGE('',*,*,#6254,.T.);
#3525=ORIENTED_EDGE('',*,*,#6250,.T.);
#3526=ORIENTED_EDGE('',*,*,#6255,.F.);
#3527=ORIENTED_EDGE('',*,*,#6256,.F.);
#3528=ORIENTED_EDGE('',*,*,#6257,.T.);
#3529=ORIENTED_EDGE('',*,*,#6253,.T.);
#3530=ORIENTED_EDGE('',*,*,#6258,.F.);
#3531=ORIENTED_EDGE('',*,*,#6259,.F.);
#3532=ORIENTED_EDGE('',*,*,#6260,.T.);
#3533=ORIENTED_EDGE('',*,*,#6256,.T.);
#3534=ORIENTED_EDGE('',*,*,#6261,.F.);
#3535=ORIENTED_EDGE('',*,*,#6262,.F.);
#3536=ORIENTED_EDGE('',*,*,#6263,.T.);
#3537=ORIENTED_EDGE('',*,*,#6259,.T.);
#3538=ORIENTED_EDGE('',*,*,#6264,.F.);
#3539=ORIENTED_EDGE('',*,*,#6265,.F.);
#3540=ORIENTED_EDGE('',*,*,#6266,.T.);
#3541=ORIENTED_EDGE('',*,*,#6262,.T.);
#3542=ORIENTED_EDGE('',*,*,#6267,.F.);
#3543=ORIENTED_EDGE('',*,*,#6268,.F.);
#3544=ORIENTED_EDGE('',*,*,#6269,.T.);
#3545=ORIENTED_EDGE('',*,*,#6265,.T.);
#3546=ORIENTED_EDGE('',*,*,#6270,.F.);
#3547=ORIENTED_EDGE('',*,*,#6271,.F.);
#3548=ORIENTED_EDGE('',*,*,#6272,.T.);
#3549=ORIENTED_EDGE('',*,*,#6268,.T.);
#3550=ORIENTED_EDGE('',*,*,#6273,.F.);
#3551=ORIENTED_EDGE('',*,*,#6274,.F.);
#3552=ORIENTED_EDGE('',*,*,#6275,.T.);
#3553=ORIENTED_EDGE('',*,*,#6271,.T.);
#3554=ORIENTED_EDGE('',*,*,#6276,.F.);
#3555=ORIENTED_EDGE('',*,*,#6277,.F.);
#3556=ORIENTED_EDGE('',*,*,#6278,.T.);
#3557=ORIENTED_EDGE('',*,*,#6274,.T.);
#3558=ORIENTED_EDGE('',*,*,#6279,.F.);
#3559=ORIENTED_EDGE('',*,*,#6280,.F.);
#3560=ORIENTED_EDGE('',*,*,#6281,.T.);
#3561=ORIENTED_EDGE('',*,*,#6277,.T.);
#3562=ORIENTED_EDGE('',*,*,#6282,.F.);
#3563=ORIENTED_EDGE('',*,*,#6283,.F.);
#3564=ORIENTED_EDGE('',*,*,#6284,.T.);
#3565=ORIENTED_EDGE('',*,*,#6280,.T.);
#3566=ORIENTED_EDGE('',*,*,#6285,.F.);
#3567=ORIENTED_EDGE('',*,*,#6286,.F.);
#3568=ORIENTED_EDGE('',*,*,#6287,.T.);
#3569=ORIENTED_EDGE('',*,*,#6283,.T.);
#3570=ORIENTED_EDGE('',*,*,#6288,.F.);
#3571=ORIENTED_EDGE('',*,*,#6289,.F.);
#3572=ORIENTED_EDGE('',*,*,#6290,.T.);
#3573=ORIENTED_EDGE('',*,*,#6291,.T.);
#3574=ORIENTED_EDGE('',*,*,#6292,.F.);
#3575=ORIENTED_EDGE('',*,*,#6293,.F.);
#3576=ORIENTED_EDGE('',*,*,#6294,.T.);
#3577=ORIENTED_EDGE('',*,*,#6289,.T.);
#3578=ORIENTED_EDGE('',*,*,#6295,.F.);
#3579=ORIENTED_EDGE('',*,*,#6296,.F.);
#3580=ORIENTED_EDGE('',*,*,#6297,.T.);
#3581=ORIENTED_EDGE('',*,*,#6293,.T.);
#3582=ORIENTED_EDGE('',*,*,#6298,.F.);
#3583=ORIENTED_EDGE('',*,*,#6299,.F.);
#3584=ORIENTED_EDGE('',*,*,#6300,.T.);
#3585=ORIENTED_EDGE('',*,*,#6296,.T.);
#3586=ORIENTED_EDGE('',*,*,#6301,.F.);
#3587=ORIENTED_EDGE('',*,*,#6302,.F.);
#3588=ORIENTED_EDGE('',*,*,#6303,.T.);
#3589=ORIENTED_EDGE('',*,*,#6299,.T.);
#3590=ORIENTED_EDGE('',*,*,#6304,.F.);
#3591=ORIENTED_EDGE('',*,*,#6305,.F.);
#3592=ORIENTED_EDGE('',*,*,#6306,.T.);
#3593=ORIENTED_EDGE('',*,*,#6302,.T.);
#3594=ORIENTED_EDGE('',*,*,#6307,.F.);
#3595=ORIENTED_EDGE('',*,*,#6308,.F.);
#3596=ORIENTED_EDGE('',*,*,#6309,.T.);
#3597=ORIENTED_EDGE('',*,*,#6305,.T.);
#3598=ORIENTED_EDGE('',*,*,#6310,.F.);
#3599=ORIENTED_EDGE('',*,*,#6311,.F.);
#3600=ORIENTED_EDGE('',*,*,#6312,.T.);
#3601=ORIENTED_EDGE('',*,*,#6308,.T.);
#3602=ORIENTED_EDGE('',*,*,#6313,.F.);
#3603=ORIENTED_EDGE('',*,*,#6314,.F.);
#3604=ORIENTED_EDGE('',*,*,#6315,.T.);
#3605=ORIENTED_EDGE('',*,*,#6311,.T.);
#3606=ORIENTED_EDGE('',*,*,#6316,.F.);
#3607=ORIENTED_EDGE('',*,*,#6317,.F.);
#3608=ORIENTED_EDGE('',*,*,#6318,.T.);
#3609=ORIENTED_EDGE('',*,*,#6314,.T.);
#3610=ORIENTED_EDGE('',*,*,#6319,.F.);
#3611=ORIENTED_EDGE('',*,*,#6320,.F.);
#3612=ORIENTED_EDGE('',*,*,#6321,.T.);
#3613=ORIENTED_EDGE('',*,*,#6317,.T.);
#3614=ORIENTED_EDGE('',*,*,#6322,.F.);
#3615=ORIENTED_EDGE('',*,*,#6323,.F.);
#3616=ORIENTED_EDGE('',*,*,#6324,.T.);
#3617=ORIENTED_EDGE('',*,*,#6320,.T.);
#3618=ORIENTED_EDGE('',*,*,#6325,.F.);
#3619=ORIENTED_EDGE('',*,*,#6326,.F.);
#3620=ORIENTED_EDGE('',*,*,#6327,.T.);
#3621=ORIENTED_EDGE('',*,*,#6323,.T.);
#3622=ORIENTED_EDGE('',*,*,#6328,.F.);
#3623=ORIENTED_EDGE('',*,*,#6329,.F.);
#3624=ORIENTED_EDGE('',*,*,#6330,.T.);
#3625=ORIENTED_EDGE('',*,*,#6326,.T.);
#3626=ORIENTED_EDGE('',*,*,#6331,.F.);
#3627=ORIENTED_EDGE('',*,*,#6332,.F.);
#3628=ORIENTED_EDGE('',*,*,#6333,.T.);
#3629=ORIENTED_EDGE('',*,*,#6329,.T.);
#3630=ORIENTED_EDGE('',*,*,#6334,.F.);
#3631=ORIENTED_EDGE('',*,*,#6335,.F.);
#3632=ORIENTED_EDGE('',*,*,#6336,.T.);
#3633=ORIENTED_EDGE('',*,*,#6332,.T.);
#3634=ORIENTED_EDGE('',*,*,#6337,.F.);
#3635=ORIENTED_EDGE('',*,*,#6338,.F.);
#3636=ORIENTED_EDGE('',*,*,#6339,.T.);
#3637=ORIENTED_EDGE('',*,*,#6335,.T.);
#3638=ORIENTED_EDGE('',*,*,#6340,.F.);
#3639=ORIENTED_EDGE('',*,*,#6341,.F.);
#3640=ORIENTED_EDGE('',*,*,#6342,.T.);
#3641=ORIENTED_EDGE('',*,*,#6338,.T.);
#3642=ORIENTED_EDGE('',*,*,#6343,.F.);
#3643=ORIENTED_EDGE('',*,*,#6344,.F.);
#3644=ORIENTED_EDGE('',*,*,#6345,.T.);
#3645=ORIENTED_EDGE('',*,*,#6341,.T.);
#3646=ORIENTED_EDGE('',*,*,#6346,.F.);
#3647=ORIENTED_EDGE('',*,*,#6347,.F.);
#3648=ORIENTED_EDGE('',*,*,#6348,.T.);
#3649=ORIENTED_EDGE('',*,*,#6344,.T.);
#3650=ORIENTED_EDGE('',*,*,#6349,.F.);
#3651=ORIENTED_EDGE('',*,*,#6350,.F.);
#3652=ORIENTED_EDGE('',*,*,#6351,.T.);
#3653=ORIENTED_EDGE('',*,*,#6347,.T.);
#3654=ORIENTED_EDGE('',*,*,#6352,.F.);
#3655=ORIENTED_EDGE('',*,*,#6353,.F.);
#3656=ORIENTED_EDGE('',*,*,#6354,.T.);
#3657=ORIENTED_EDGE('',*,*,#6350,.T.);
#3658=ORIENTED_EDGE('',*,*,#6355,.F.);
#3659=ORIENTED_EDGE('',*,*,#6356,.F.);
#3660=ORIENTED_EDGE('',*,*,#6357,.T.);
#3661=ORIENTED_EDGE('',*,*,#6353,.T.);
#3662=ORIENTED_EDGE('',*,*,#6358,.F.);
#3663=ORIENTED_EDGE('',*,*,#6359,.F.);
#3664=ORIENTED_EDGE('',*,*,#6360,.T.);
#3665=ORIENTED_EDGE('',*,*,#6356,.T.);
#3666=ORIENTED_EDGE('',*,*,#6361,.F.);
#3667=ORIENTED_EDGE('',*,*,#6362,.F.);
#3668=ORIENTED_EDGE('',*,*,#6363,.T.);
#3669=ORIENTED_EDGE('',*,*,#6359,.T.);
#3670=ORIENTED_EDGE('',*,*,#6364,.F.);
#3671=ORIENTED_EDGE('',*,*,#6365,.F.);
#3672=ORIENTED_EDGE('',*,*,#6366,.T.);
#3673=ORIENTED_EDGE('',*,*,#6362,.T.);
#3674=ORIENTED_EDGE('',*,*,#6367,.F.);
#3675=ORIENTED_EDGE('',*,*,#6368,.F.);
#3676=ORIENTED_EDGE('',*,*,#6369,.T.);
#3677=ORIENTED_EDGE('',*,*,#6365,.T.);
#3678=ORIENTED_EDGE('',*,*,#6370,.F.);
#3679=ORIENTED_EDGE('',*,*,#6371,.F.);
#3680=ORIENTED_EDGE('',*,*,#6372,.T.);
#3681=ORIENTED_EDGE('',*,*,#6368,.T.);
#3682=ORIENTED_EDGE('',*,*,#6373,.F.);
#3683=ORIENTED_EDGE('',*,*,#6374,.F.);
#3684=ORIENTED_EDGE('',*,*,#6375,.T.);
#3685=ORIENTED_EDGE('',*,*,#6371,.T.);
#3686=ORIENTED_EDGE('',*,*,#6376,.F.);
#3687=ORIENTED_EDGE('',*,*,#6377,.F.);
#3688=ORIENTED_EDGE('',*,*,#6378,.T.);
#3689=ORIENTED_EDGE('',*,*,#6374,.T.);
#3690=ORIENTED_EDGE('',*,*,#6379,.F.);
#3691=ORIENTED_EDGE('',*,*,#6380,.F.);
#3692=ORIENTED_EDGE('',*,*,#6381,.T.);
#3693=ORIENTED_EDGE('',*,*,#6377,.T.);
#3694=ORIENTED_EDGE('',*,*,#6382,.F.);
#3695=ORIENTED_EDGE('',*,*,#6383,.F.);
#3696=ORIENTED_EDGE('',*,*,#6384,.T.);
#3697=ORIENTED_EDGE('',*,*,#6380,.T.);
#3698=ORIENTED_EDGE('',*,*,#6385,.F.);
#3699=ORIENTED_EDGE('',*,*,#6386,.F.);
#3700=ORIENTED_EDGE('',*,*,#6387,.T.);
#3701=ORIENTED_EDGE('',*,*,#6383,.T.);
#3702=ORIENTED_EDGE('',*,*,#6388,.F.);
#3703=ORIENTED_EDGE('',*,*,#6389,.F.);
#3704=ORIENTED_EDGE('',*,*,#6390,.T.);
#3705=ORIENTED_EDGE('',*,*,#6386,.T.);
#3706=ORIENTED_EDGE('',*,*,#6391,.F.);
#3707=ORIENTED_EDGE('',*,*,#6392,.F.);
#3708=ORIENTED_EDGE('',*,*,#6393,.T.);
#3709=ORIENTED_EDGE('',*,*,#6389,.T.);
#3710=ORIENTED_EDGE('',*,*,#6394,.F.);
#3711=ORIENTED_EDGE('',*,*,#6395,.F.);
#3712=ORIENTED_EDGE('',*,*,#6396,.T.);
#3713=ORIENTED_EDGE('',*,*,#6392,.T.);
#3714=ORIENTED_EDGE('',*,*,#6397,.F.);
#3715=ORIENTED_EDGE('',*,*,#6398,.F.);
#3716=ORIENTED_EDGE('',*,*,#6399,.T.);
#3717=ORIENTED_EDGE('',*,*,#6395,.T.);
#3718=ORIENTED_EDGE('',*,*,#6400,.F.);
#3719=ORIENTED_EDGE('',*,*,#6401,.F.);
#3720=ORIENTED_EDGE('',*,*,#6402,.T.);
#3721=ORIENTED_EDGE('',*,*,#6398,.T.);
#3722=ORIENTED_EDGE('',*,*,#6403,.F.);
#3723=ORIENTED_EDGE('',*,*,#6404,.F.);
#3724=ORIENTED_EDGE('',*,*,#6405,.T.);
#3725=ORIENTED_EDGE('',*,*,#6401,.T.);
#3726=ORIENTED_EDGE('',*,*,#6406,.F.);
#3727=ORIENTED_EDGE('',*,*,#6407,.F.);
#3728=ORIENTED_EDGE('',*,*,#6408,.T.);
#3729=ORIENTED_EDGE('',*,*,#6404,.T.);
#3730=ORIENTED_EDGE('',*,*,#6409,.F.);
#3731=ORIENTED_EDGE('',*,*,#6410,.F.);
#3732=ORIENTED_EDGE('',*,*,#6411,.T.);
#3733=ORIENTED_EDGE('',*,*,#6407,.T.);
#3734=ORIENTED_EDGE('',*,*,#6412,.F.);
#3735=ORIENTED_EDGE('',*,*,#6413,.F.);
#3736=ORIENTED_EDGE('',*,*,#6414,.T.);
#3737=ORIENTED_EDGE('',*,*,#6410,.T.);
#3738=ORIENTED_EDGE('',*,*,#6415,.F.);
#3739=ORIENTED_EDGE('',*,*,#6416,.F.);
#3740=ORIENTED_EDGE('',*,*,#6417,.T.);
#3741=ORIENTED_EDGE('',*,*,#6413,.T.);
#3742=ORIENTED_EDGE('',*,*,#6418,.F.);
#3743=ORIENTED_EDGE('',*,*,#6419,.F.);
#3744=ORIENTED_EDGE('',*,*,#6420,.T.);
#3745=ORIENTED_EDGE('',*,*,#6416,.T.);
#3746=ORIENTED_EDGE('',*,*,#6421,.F.);
#3747=ORIENTED_EDGE('',*,*,#6422,.F.);
#3748=ORIENTED_EDGE('',*,*,#6423,.T.);
#3749=ORIENTED_EDGE('',*,*,#6419,.T.);
#3750=ORIENTED_EDGE('',*,*,#6424,.T.);
#3751=ORIENTED_EDGE('',*,*,#6425,.F.);
#3752=ORIENTED_EDGE('',*,*,#6426,.F.);
#3753=ORIENTED_EDGE('',*,*,#6427,.T.);
#3754=ORIENTED_EDGE('',*,*,#6428,.T.);
#3755=ORIENTED_EDGE('',*,*,#6429,.F.);
#3756=ORIENTED_EDGE('',*,*,#6430,.F.);
#3757=ORIENTED_EDGE('',*,*,#6425,.T.);
#3758=ORIENTED_EDGE('',*,*,#6431,.T.);
#3759=ORIENTED_EDGE('',*,*,#6432,.F.);
#3760=ORIENTED_EDGE('',*,*,#6433,.F.);
#3761=ORIENTED_EDGE('',*,*,#6429,.T.);
#3762=ORIENTED_EDGE('',*,*,#6434,.T.);
#3763=ORIENTED_EDGE('',*,*,#6435,.F.);
#3764=ORIENTED_EDGE('',*,*,#6436,.F.);
#3765=ORIENTED_EDGE('',*,*,#6432,.T.);
#3766=ORIENTED_EDGE('',*,*,#6437,.T.);
#3767=ORIENTED_EDGE('',*,*,#6438,.F.);
#3768=ORIENTED_EDGE('',*,*,#6439,.F.);
#3769=ORIENTED_EDGE('',*,*,#6435,.T.);
#3770=ORIENTED_EDGE('',*,*,#6440,.T.);
#3771=ORIENTED_EDGE('',*,*,#6441,.F.);
#3772=ORIENTED_EDGE('',*,*,#6442,.F.);
#3773=ORIENTED_EDGE('',*,*,#6438,.T.);
#3774=ORIENTED_EDGE('',*,*,#6443,.T.);
#3775=ORIENTED_EDGE('',*,*,#6444,.F.);
#3776=ORIENTED_EDGE('',*,*,#6445,.F.);
#3777=ORIENTED_EDGE('',*,*,#6441,.T.);
#3778=ORIENTED_EDGE('',*,*,#6446,.T.);
#3779=ORIENTED_EDGE('',*,*,#6447,.F.);
#3780=ORIENTED_EDGE('',*,*,#6448,.F.);
#3781=ORIENTED_EDGE('',*,*,#6444,.T.);
#3782=ORIENTED_EDGE('',*,*,#6449,.T.);
#3783=ORIENTED_EDGE('',*,*,#6450,.F.);
#3784=ORIENTED_EDGE('',*,*,#6451,.F.);
#3785=ORIENTED_EDGE('',*,*,#6447,.T.);
#3786=ORIENTED_EDGE('',*,*,#6452,.T.);
#3787=ORIENTED_EDGE('',*,*,#6453,.F.);
#3788=ORIENTED_EDGE('',*,*,#6454,.F.);
#3789=ORIENTED_EDGE('',*,*,#6450,.T.);
#3790=ORIENTED_EDGE('',*,*,#6455,.T.);
#3791=ORIENTED_EDGE('',*,*,#6456,.F.);
#3792=ORIENTED_EDGE('',*,*,#6457,.F.);
#3793=ORIENTED_EDGE('',*,*,#6453,.T.);
#3794=ORIENTED_EDGE('',*,*,#6458,.T.);
#3795=ORIENTED_EDGE('',*,*,#6459,.F.);
#3796=ORIENTED_EDGE('',*,*,#6460,.F.);
#3797=ORIENTED_EDGE('',*,*,#6456,.T.);
#3798=ORIENTED_EDGE('',*,*,#6461,.T.);
#3799=ORIENTED_EDGE('',*,*,#6462,.F.);
#3800=ORIENTED_EDGE('',*,*,#6463,.F.);
#3801=ORIENTED_EDGE('',*,*,#6459,.T.);
#3802=ORIENTED_EDGE('',*,*,#6464,.T.);
#3803=ORIENTED_EDGE('',*,*,#6465,.F.);
#3804=ORIENTED_EDGE('',*,*,#6466,.F.);
#3805=ORIENTED_EDGE('',*,*,#6462,.T.);
#3806=ORIENTED_EDGE('',*,*,#6467,.T.);
#3807=ORIENTED_EDGE('',*,*,#6468,.F.);
#3808=ORIENTED_EDGE('',*,*,#6469,.F.);
#3809=ORIENTED_EDGE('',*,*,#6465,.T.);
#3810=ORIENTED_EDGE('',*,*,#6470,.T.);
#3811=ORIENTED_EDGE('',*,*,#6471,.F.);
#3812=ORIENTED_EDGE('',*,*,#6472,.F.);
#3813=ORIENTED_EDGE('',*,*,#6468,.T.);
#3814=ORIENTED_EDGE('',*,*,#6473,.T.);
#3815=ORIENTED_EDGE('',*,*,#6474,.F.);
#3816=ORIENTED_EDGE('',*,*,#6475,.F.);
#3817=ORIENTED_EDGE('',*,*,#6471,.T.);
#3818=ORIENTED_EDGE('',*,*,#6476,.T.);
#3819=ORIENTED_EDGE('',*,*,#6477,.F.);
#3820=ORIENTED_EDGE('',*,*,#6478,.F.);
#3821=ORIENTED_EDGE('',*,*,#6474,.T.);
#3822=ORIENTED_EDGE('',*,*,#6479,.T.);
#3823=ORIENTED_EDGE('',*,*,#6480,.F.);
#3824=ORIENTED_EDGE('',*,*,#6481,.F.);
#3825=ORIENTED_EDGE('',*,*,#6477,.T.);
#3826=ORIENTED_EDGE('',*,*,#6482,.T.);
#3827=ORIENTED_EDGE('',*,*,#6483,.F.);
#3828=ORIENTED_EDGE('',*,*,#6484,.F.);
#3829=ORIENTED_EDGE('',*,*,#6480,.T.);
#3830=ORIENTED_EDGE('',*,*,#6485,.T.);
#3831=ORIENTED_EDGE('',*,*,#6486,.F.);
#3832=ORIENTED_EDGE('',*,*,#6487,.F.);
#3833=ORIENTED_EDGE('',*,*,#6483,.T.);
#3834=ORIENTED_EDGE('',*,*,#6488,.T.);
#3835=ORIENTED_EDGE('',*,*,#6489,.F.);
#3836=ORIENTED_EDGE('',*,*,#6490,.F.);
#3837=ORIENTED_EDGE('',*,*,#6486,.T.);
#3838=ORIENTED_EDGE('',*,*,#6491,.T.);
#3839=ORIENTED_EDGE('',*,*,#6492,.F.);
#3840=ORIENTED_EDGE('',*,*,#6493,.F.);
#3841=ORIENTED_EDGE('',*,*,#6489,.T.);
#3842=ORIENTED_EDGE('',*,*,#6494,.T.);
#3843=ORIENTED_EDGE('',*,*,#6495,.F.);
#3844=ORIENTED_EDGE('',*,*,#6496,.F.);
#3845=ORIENTED_EDGE('',*,*,#6492,.T.);
#3846=ORIENTED_EDGE('',*,*,#6497,.T.);
#3847=ORIENTED_EDGE('',*,*,#6498,.F.);
#3848=ORIENTED_EDGE('',*,*,#6499,.F.);
#3849=ORIENTED_EDGE('',*,*,#6495,.T.);
#3850=ORIENTED_EDGE('',*,*,#6500,.T.);
#3851=ORIENTED_EDGE('',*,*,#6501,.F.);
#3852=ORIENTED_EDGE('',*,*,#6502,.F.);
#3853=ORIENTED_EDGE('',*,*,#6498,.T.);
#3854=ORIENTED_EDGE('',*,*,#6503,.T.);
#3855=ORIENTED_EDGE('',*,*,#6504,.F.);
#3856=ORIENTED_EDGE('',*,*,#6505,.F.);
#3857=ORIENTED_EDGE('',*,*,#6501,.T.);
#3858=ORIENTED_EDGE('',*,*,#6506,.T.);
#3859=ORIENTED_EDGE('',*,*,#6507,.F.);
#3860=ORIENTED_EDGE('',*,*,#6508,.F.);
#3861=ORIENTED_EDGE('',*,*,#6504,.T.);
#3862=ORIENTED_EDGE('',*,*,#6509,.T.);
#3863=ORIENTED_EDGE('',*,*,#6510,.F.);
#3864=ORIENTED_EDGE('',*,*,#6511,.F.);
#3865=ORIENTED_EDGE('',*,*,#6512,.T.);
#3866=ORIENTED_EDGE('',*,*,#6513,.T.);
#3867=ORIENTED_EDGE('',*,*,#6514,.F.);
#3868=ORIENTED_EDGE('',*,*,#6515,.F.);
#3869=ORIENTED_EDGE('',*,*,#6510,.T.);
#3870=ORIENTED_EDGE('',*,*,#6516,.T.);
#3871=ORIENTED_EDGE('',*,*,#6517,.F.);
#3872=ORIENTED_EDGE('',*,*,#6518,.F.);
#3873=ORIENTED_EDGE('',*,*,#6514,.T.);
#3874=ORIENTED_EDGE('',*,*,#6519,.T.);
#3875=ORIENTED_EDGE('',*,*,#6520,.F.);
#3876=ORIENTED_EDGE('',*,*,#6521,.F.);
#3877=ORIENTED_EDGE('',*,*,#6517,.T.);
#3878=ORIENTED_EDGE('',*,*,#6522,.T.);
#3879=ORIENTED_EDGE('',*,*,#6523,.F.);
#3880=ORIENTED_EDGE('',*,*,#6524,.F.);
#3881=ORIENTED_EDGE('',*,*,#6520,.T.);
#3882=ORIENTED_EDGE('',*,*,#6525,.T.);
#3883=ORIENTED_EDGE('',*,*,#6526,.F.);
#3884=ORIENTED_EDGE('',*,*,#6527,.F.);
#3885=ORIENTED_EDGE('',*,*,#6523,.T.);
#3886=ORIENTED_EDGE('',*,*,#6528,.T.);
#3887=ORIENTED_EDGE('',*,*,#6529,.F.);
#3888=ORIENTED_EDGE('',*,*,#6530,.F.);
#3889=ORIENTED_EDGE('',*,*,#6526,.T.);
#3890=ORIENTED_EDGE('',*,*,#6531,.T.);
#3891=ORIENTED_EDGE('',*,*,#6532,.F.);
#3892=ORIENTED_EDGE('',*,*,#6533,.F.);
#3893=ORIENTED_EDGE('',*,*,#6529,.T.);
#3894=ORIENTED_EDGE('',*,*,#6534,.T.);
#3895=ORIENTED_EDGE('',*,*,#6535,.F.);
#3896=ORIENTED_EDGE('',*,*,#6536,.F.);
#3897=ORIENTED_EDGE('',*,*,#6532,.T.);
#3898=ORIENTED_EDGE('',*,*,#6537,.T.);
#3899=ORIENTED_EDGE('',*,*,#6538,.F.);
#3900=ORIENTED_EDGE('',*,*,#6539,.F.);
#3901=ORIENTED_EDGE('',*,*,#6535,.T.);
#3902=ORIENTED_EDGE('',*,*,#6540,.T.);
#3903=ORIENTED_EDGE('',*,*,#6541,.F.);
#3904=ORIENTED_EDGE('',*,*,#6542,.F.);
#3905=ORIENTED_EDGE('',*,*,#6538,.T.);
#3906=ORIENTED_EDGE('',*,*,#6543,.T.);
#3907=ORIENTED_EDGE('',*,*,#6544,.F.);
#3908=ORIENTED_EDGE('',*,*,#6545,.F.);
#3909=ORIENTED_EDGE('',*,*,#6541,.T.);
#3910=ORIENTED_EDGE('',*,*,#6546,.T.);
#3911=ORIENTED_EDGE('',*,*,#6547,.F.);
#3912=ORIENTED_EDGE('',*,*,#6548,.F.);
#3913=ORIENTED_EDGE('',*,*,#6544,.T.);
#3914=ORIENTED_EDGE('',*,*,#6549,.T.);
#3915=ORIENTED_EDGE('',*,*,#6550,.F.);
#3916=ORIENTED_EDGE('',*,*,#6551,.F.);
#3917=ORIENTED_EDGE('',*,*,#6547,.T.);
#3918=ORIENTED_EDGE('',*,*,#6552,.T.);
#3919=ORIENTED_EDGE('',*,*,#6553,.F.);
#3920=ORIENTED_EDGE('',*,*,#6554,.F.);
#3921=ORIENTED_EDGE('',*,*,#6550,.T.);
#3922=ORIENTED_EDGE('',*,*,#6555,.T.);
#3923=ORIENTED_EDGE('',*,*,#6556,.F.);
#3924=ORIENTED_EDGE('',*,*,#6557,.F.);
#3925=ORIENTED_EDGE('',*,*,#6553,.T.);
#3926=ORIENTED_EDGE('',*,*,#6558,.T.);
#3927=ORIENTED_EDGE('',*,*,#6559,.F.);
#3928=ORIENTED_EDGE('',*,*,#6560,.F.);
#3929=ORIENTED_EDGE('',*,*,#6556,.T.);
#3930=ORIENTED_EDGE('',*,*,#6561,.T.);
#3931=ORIENTED_EDGE('',*,*,#6562,.F.);
#3932=ORIENTED_EDGE('',*,*,#6563,.F.);
#3933=ORIENTED_EDGE('',*,*,#6559,.T.);
#3934=ORIENTED_EDGE('',*,*,#6564,.T.);
#3935=ORIENTED_EDGE('',*,*,#6565,.F.);
#3936=ORIENTED_EDGE('',*,*,#6566,.F.);
#3937=ORIENTED_EDGE('',*,*,#6562,.T.);
#3938=ORIENTED_EDGE('',*,*,#6567,.T.);
#3939=ORIENTED_EDGE('',*,*,#6568,.F.);
#3940=ORIENTED_EDGE('',*,*,#6569,.F.);
#3941=ORIENTED_EDGE('',*,*,#6565,.T.);
#3942=ORIENTED_EDGE('',*,*,#6570,.T.);
#3943=ORIENTED_EDGE('',*,*,#6571,.F.);
#3944=ORIENTED_EDGE('',*,*,#6572,.F.);
#3945=ORIENTED_EDGE('',*,*,#6568,.T.);
#3946=ORIENTED_EDGE('',*,*,#6573,.T.);
#3947=ORIENTED_EDGE('',*,*,#6574,.F.);
#3948=ORIENTED_EDGE('',*,*,#6575,.F.);
#3949=ORIENTED_EDGE('',*,*,#6571,.T.);
#3950=ORIENTED_EDGE('',*,*,#6576,.T.);
#3951=ORIENTED_EDGE('',*,*,#6577,.F.);
#3952=ORIENTED_EDGE('',*,*,#6578,.F.);
#3953=ORIENTED_EDGE('',*,*,#6574,.T.);
#3954=ORIENTED_EDGE('',*,*,#6579,.T.);
#3955=ORIENTED_EDGE('',*,*,#6580,.F.);
#3956=ORIENTED_EDGE('',*,*,#6581,.F.);
#3957=ORIENTED_EDGE('',*,*,#6577,.T.);
#3958=ORIENTED_EDGE('',*,*,#6582,.T.);
#3959=ORIENTED_EDGE('',*,*,#6583,.F.);
#3960=ORIENTED_EDGE('',*,*,#6584,.F.);
#3961=ORIENTED_EDGE('',*,*,#6580,.T.);
#3962=ORIENTED_EDGE('',*,*,#6585,.T.);
#3963=ORIENTED_EDGE('',*,*,#6586,.F.);
#3964=ORIENTED_EDGE('',*,*,#6587,.F.);
#3965=ORIENTED_EDGE('',*,*,#6583,.T.);
#3966=ORIENTED_EDGE('',*,*,#6588,.T.);
#3967=ORIENTED_EDGE('',*,*,#6589,.F.);
#3968=ORIENTED_EDGE('',*,*,#6590,.F.);
#3969=ORIENTED_EDGE('',*,*,#6586,.T.);
#3970=ORIENTED_EDGE('',*,*,#6591,.T.);
#3971=ORIENTED_EDGE('',*,*,#6592,.F.);
#3972=ORIENTED_EDGE('',*,*,#6593,.F.);
#3973=ORIENTED_EDGE('',*,*,#6589,.T.);
#3974=ORIENTED_EDGE('',*,*,#6594,.T.);
#3975=ORIENTED_EDGE('',*,*,#6595,.F.);
#3976=ORIENTED_EDGE('',*,*,#6596,.F.);
#3977=ORIENTED_EDGE('',*,*,#6592,.T.);
#3978=ORIENTED_EDGE('',*,*,#6597,.T.);
#3979=ORIENTED_EDGE('',*,*,#6598,.F.);
#3980=ORIENTED_EDGE('',*,*,#6599,.F.);
#3981=ORIENTED_EDGE('',*,*,#6595,.T.);
#3982=ORIENTED_EDGE('',*,*,#6600,.T.);
#3983=ORIENTED_EDGE('',*,*,#6601,.F.);
#3984=ORIENTED_EDGE('',*,*,#6602,.F.);
#3985=ORIENTED_EDGE('',*,*,#6598,.T.);
#3986=ORIENTED_EDGE('',*,*,#6603,.T.);
#3987=ORIENTED_EDGE('',*,*,#6604,.F.);
#3988=ORIENTED_EDGE('',*,*,#6605,.F.);
#3989=ORIENTED_EDGE('',*,*,#6601,.T.);
#3990=ORIENTED_EDGE('',*,*,#6606,.T.);
#3991=ORIENTED_EDGE('',*,*,#6607,.F.);
#3992=ORIENTED_EDGE('',*,*,#6608,.F.);
#3993=ORIENTED_EDGE('',*,*,#6604,.T.);
#3994=ORIENTED_EDGE('',*,*,#6609,.T.);
#3995=ORIENTED_EDGE('',*,*,#6610,.F.);
#3996=ORIENTED_EDGE('',*,*,#6611,.F.);
#3997=ORIENTED_EDGE('',*,*,#6607,.T.);
#3998=ORIENTED_EDGE('',*,*,#6612,.T.);
#3999=ORIENTED_EDGE('',*,*,#6613,.F.);
#4000=ORIENTED_EDGE('',*,*,#6614,.F.);
#4001=ORIENTED_EDGE('',*,*,#6610,.T.);
#4002=ORIENTED_EDGE('',*,*,#6615,.T.);
#4003=ORIENTED_EDGE('',*,*,#6616,.F.);
#4004=ORIENTED_EDGE('',*,*,#6617,.F.);
#4005=ORIENTED_EDGE('',*,*,#6613,.T.);
#4006=ORIENTED_EDGE('',*,*,#6618,.T.);
#4007=ORIENTED_EDGE('',*,*,#6619,.F.);
#4008=ORIENTED_EDGE('',*,*,#6620,.F.);
#4009=ORIENTED_EDGE('',*,*,#6616,.T.);
#4010=ORIENTED_EDGE('',*,*,#6621,.T.);
#4011=ORIENTED_EDGE('',*,*,#6622,.F.);
#4012=ORIENTED_EDGE('',*,*,#6623,.F.);
#4013=ORIENTED_EDGE('',*,*,#6619,.T.);
#4014=ORIENTED_EDGE('',*,*,#6624,.T.);
#4015=ORIENTED_EDGE('',*,*,#6625,.F.);
#4016=ORIENTED_EDGE('',*,*,#6626,.F.);
#4017=ORIENTED_EDGE('',*,*,#6622,.T.);
#4018=ORIENTED_EDGE('',*,*,#6627,.T.);
#4019=ORIENTED_EDGE('',*,*,#6628,.F.);
#4020=ORIENTED_EDGE('',*,*,#6629,.F.);
#4021=ORIENTED_EDGE('',*,*,#6625,.T.);
#4022=ORIENTED_EDGE('',*,*,#6630,.T.);
#4023=ORIENTED_EDGE('',*,*,#6631,.F.);
#4024=ORIENTED_EDGE('',*,*,#6632,.F.);
#4025=ORIENTED_EDGE('',*,*,#6628,.T.);
#4026=ORIENTED_EDGE('',*,*,#6633,.T.);
#4027=ORIENTED_EDGE('',*,*,#6634,.F.);
#4028=ORIENTED_EDGE('',*,*,#6635,.F.);
#4029=ORIENTED_EDGE('',*,*,#6636,.T.);
#4030=ORIENTED_EDGE('',*,*,#6637,.T.);
#4031=ORIENTED_EDGE('',*,*,#6638,.F.);
#4032=ORIENTED_EDGE('',*,*,#6639,.F.);
#4033=ORIENTED_EDGE('',*,*,#6634,.T.);
#4034=ORIENTED_EDGE('',*,*,#6640,.T.);
#4035=ORIENTED_EDGE('',*,*,#6641,.F.);
#4036=ORIENTED_EDGE('',*,*,#6642,.F.);
#4037=ORIENTED_EDGE('',*,*,#6638,.T.);
#4038=ORIENTED_EDGE('',*,*,#6643,.T.);
#4039=ORIENTED_EDGE('',*,*,#6644,.F.);
#4040=ORIENTED_EDGE('',*,*,#6645,.F.);
#4041=ORIENTED_EDGE('',*,*,#6641,.T.);
#4042=ORIENTED_EDGE('',*,*,#6646,.T.);
#4043=ORIENTED_EDGE('',*,*,#6647,.F.);
#4044=ORIENTED_EDGE('',*,*,#6648,.F.);
#4045=ORIENTED_EDGE('',*,*,#6644,.T.);
#4046=ORIENTED_EDGE('',*,*,#6649,.T.);
#4047=ORIENTED_EDGE('',*,*,#6650,.F.);
#4048=ORIENTED_EDGE('',*,*,#6651,.F.);
#4049=ORIENTED_EDGE('',*,*,#6647,.T.);
#4050=ORIENTED_EDGE('',*,*,#6652,.T.);
#4051=ORIENTED_EDGE('',*,*,#6653,.F.);
#4052=ORIENTED_EDGE('',*,*,#6654,.F.);
#4053=ORIENTED_EDGE('',*,*,#6650,.T.);
#4054=ORIENTED_EDGE('',*,*,#6655,.T.);
#4055=ORIENTED_EDGE('',*,*,#6656,.F.);
#4056=ORIENTED_EDGE('',*,*,#6657,.F.);
#4057=ORIENTED_EDGE('',*,*,#6653,.T.);
#4058=ORIENTED_EDGE('',*,*,#6658,.T.);
#4059=ORIENTED_EDGE('',*,*,#6659,.F.);
#4060=ORIENTED_EDGE('',*,*,#6660,.F.);
#4061=ORIENTED_EDGE('',*,*,#6656,.T.);
#4062=ORIENTED_EDGE('',*,*,#6661,.T.);
#4063=ORIENTED_EDGE('',*,*,#6662,.F.);
#4064=ORIENTED_EDGE('',*,*,#6663,.F.);
#4065=ORIENTED_EDGE('',*,*,#6659,.T.);
#4066=ORIENTED_EDGE('',*,*,#6664,.T.);
#4067=ORIENTED_EDGE('',*,*,#6665,.F.);
#4068=ORIENTED_EDGE('',*,*,#6666,.F.);
#4069=ORIENTED_EDGE('',*,*,#6662,.T.);
#4070=ORIENTED_EDGE('',*,*,#6667,.T.);
#4071=ORIENTED_EDGE('',*,*,#6668,.F.);
#4072=ORIENTED_EDGE('',*,*,#6669,.F.);
#4073=ORIENTED_EDGE('',*,*,#6665,.T.);
#4074=ORIENTED_EDGE('',*,*,#6670,.T.);
#4075=ORIENTED_EDGE('',*,*,#6671,.F.);
#4076=ORIENTED_EDGE('',*,*,#6672,.F.);
#4077=ORIENTED_EDGE('',*,*,#6668,.T.);
#4078=ORIENTED_EDGE('',*,*,#6673,.T.);
#4079=ORIENTED_EDGE('',*,*,#6674,.F.);
#4080=ORIENTED_EDGE('',*,*,#6675,.F.);
#4081=ORIENTED_EDGE('',*,*,#6671,.T.);
#4082=ORIENTED_EDGE('',*,*,#6676,.T.);
#4083=ORIENTED_EDGE('',*,*,#6677,.F.);
#4084=ORIENTED_EDGE('',*,*,#6678,.F.);
#4085=ORIENTED_EDGE('',*,*,#6674,.T.);
#4086=ORIENTED_EDGE('',*,*,#6679,.T.);
#4087=ORIENTED_EDGE('',*,*,#6680,.F.);
#4088=ORIENTED_EDGE('',*,*,#6681,.F.);
#4089=ORIENTED_EDGE('',*,*,#6677,.T.);
#4090=ORIENTED_EDGE('',*,*,#6682,.T.);
#4091=ORIENTED_EDGE('',*,*,#6683,.F.);
#4092=ORIENTED_EDGE('',*,*,#6684,.F.);
#4093=ORIENTED_EDGE('',*,*,#6680,.T.);
#4094=ORIENTED_EDGE('',*,*,#6685,.T.);
#4095=ORIENTED_EDGE('',*,*,#6686,.F.);
#4096=ORIENTED_EDGE('',*,*,#6687,.F.);
#4097=ORIENTED_EDGE('',*,*,#6683,.T.);
#4098=ORIENTED_EDGE('',*,*,#6688,.T.);
#4099=ORIENTED_EDGE('',*,*,#6689,.F.);
#4100=ORIENTED_EDGE('',*,*,#6690,.F.);
#4101=ORIENTED_EDGE('',*,*,#6686,.T.);
#4102=ORIENTED_EDGE('',*,*,#6691,.T.);
#4103=ORIENTED_EDGE('',*,*,#6692,.F.);
#4104=ORIENTED_EDGE('',*,*,#6693,.F.);
#4105=ORIENTED_EDGE('',*,*,#6689,.T.);
#4106=ORIENTED_EDGE('',*,*,#6694,.T.);
#4107=ORIENTED_EDGE('',*,*,#6695,.F.);
#4108=ORIENTED_EDGE('',*,*,#6696,.F.);
#4109=ORIENTED_EDGE('',*,*,#6692,.T.);
#4110=ORIENTED_EDGE('',*,*,#6697,.T.);
#4111=ORIENTED_EDGE('',*,*,#6698,.F.);
#4112=ORIENTED_EDGE('',*,*,#6699,.F.);
#4113=ORIENTED_EDGE('',*,*,#6695,.T.);
#4114=ORIENTED_EDGE('',*,*,#6700,.T.);
#4115=ORIENTED_EDGE('',*,*,#6701,.F.);
#4116=ORIENTED_EDGE('',*,*,#6702,.F.);
#4117=ORIENTED_EDGE('',*,*,#6698,.T.);
#4118=ORIENTED_EDGE('',*,*,#6703,.T.);
#4119=ORIENTED_EDGE('',*,*,#6704,.F.);
#4120=ORIENTED_EDGE('',*,*,#6705,.F.);
#4121=ORIENTED_EDGE('',*,*,#6701,.T.);
#4122=ORIENTED_EDGE('',*,*,#6706,.T.);
#4123=ORIENTED_EDGE('',*,*,#6707,.F.);
#4124=ORIENTED_EDGE('',*,*,#6708,.F.);
#4125=ORIENTED_EDGE('',*,*,#6704,.T.);
#4126=ORIENTED_EDGE('',*,*,#6709,.T.);
#4127=ORIENTED_EDGE('',*,*,#6710,.F.);
#4128=ORIENTED_EDGE('',*,*,#6711,.F.);
#4129=ORIENTED_EDGE('',*,*,#6707,.T.);
#4130=ORIENTED_EDGE('',*,*,#6712,.T.);
#4131=ORIENTED_EDGE('',*,*,#6713,.F.);
#4132=ORIENTED_EDGE('',*,*,#6714,.F.);
#4133=ORIENTED_EDGE('',*,*,#6710,.T.);
#4134=ORIENTED_EDGE('',*,*,#6715,.T.);
#4135=ORIENTED_EDGE('',*,*,#6716,.F.);
#4136=ORIENTED_EDGE('',*,*,#6717,.F.);
#4137=ORIENTED_EDGE('',*,*,#6713,.T.);
#4138=ORIENTED_EDGE('',*,*,#6718,.T.);
#4139=ORIENTED_EDGE('',*,*,#6719,.F.);
#4140=ORIENTED_EDGE('',*,*,#6720,.F.);
#4141=ORIENTED_EDGE('',*,*,#6716,.T.);
#4142=ORIENTED_EDGE('',*,*,#6721,.T.);
#4143=ORIENTED_EDGE('',*,*,#6722,.F.);
#4144=ORIENTED_EDGE('',*,*,#6723,.F.);
#4145=ORIENTED_EDGE('',*,*,#6719,.T.);
#4146=ORIENTED_EDGE('',*,*,#6724,.T.);
#4147=ORIENTED_EDGE('',*,*,#6725,.F.);
#4148=ORIENTED_EDGE('',*,*,#6726,.F.);
#4149=ORIENTED_EDGE('',*,*,#6722,.T.);
#4150=ORIENTED_EDGE('',*,*,#6727,.F.);
#4151=ORIENTED_EDGE('',*,*,#6728,.F.);
#4152=ORIENTED_EDGE('',*,*,#6729,.T.);
#4153=ORIENTED_EDGE('',*,*,#6730,.T.);
#4154=ORIENTED_EDGE('',*,*,#6731,.F.);
#4155=ORIENTED_EDGE('',*,*,#6732,.F.);
#4156=ORIENTED_EDGE('',*,*,#6733,.T.);
#4157=ORIENTED_EDGE('',*,*,#6728,.T.);
#4158=ORIENTED_EDGE('',*,*,#6734,.F.);
#4159=ORIENTED_EDGE('',*,*,#6735,.F.);
#4160=ORIENTED_EDGE('',*,*,#6736,.T.);
#4161=ORIENTED_EDGE('',*,*,#6732,.T.);
#4162=ORIENTED_EDGE('',*,*,#6737,.F.);
#4163=ORIENTED_EDGE('',*,*,#6738,.F.);
#4164=ORIENTED_EDGE('',*,*,#6739,.T.);
#4165=ORIENTED_EDGE('',*,*,#6735,.T.);
#4166=ORIENTED_EDGE('',*,*,#6740,.F.);
#4167=ORIENTED_EDGE('',*,*,#6741,.F.);
#4168=ORIENTED_EDGE('',*,*,#6742,.T.);
#4169=ORIENTED_EDGE('',*,*,#6738,.T.);
#4170=ORIENTED_EDGE('',*,*,#6743,.F.);
#4171=ORIENTED_EDGE('',*,*,#6744,.F.);
#4172=ORIENTED_EDGE('',*,*,#6745,.T.);
#4173=ORIENTED_EDGE('',*,*,#6741,.T.);
#4174=ORIENTED_EDGE('',*,*,#6746,.F.);
#4175=ORIENTED_EDGE('',*,*,#6747,.F.);
#4176=ORIENTED_EDGE('',*,*,#6748,.T.);
#4177=ORIENTED_EDGE('',*,*,#6744,.T.);
#4178=ORIENTED_EDGE('',*,*,#6749,.F.);
#4179=ORIENTED_EDGE('',*,*,#6750,.F.);
#4180=ORIENTED_EDGE('',*,*,#6751,.T.);
#4181=ORIENTED_EDGE('',*,*,#6747,.T.);
#4182=ORIENTED_EDGE('',*,*,#6752,.F.);
#4183=ORIENTED_EDGE('',*,*,#6753,.F.);
#4184=ORIENTED_EDGE('',*,*,#6754,.T.);
#4185=ORIENTED_EDGE('',*,*,#6750,.T.);
#4186=ORIENTED_EDGE('',*,*,#6755,.F.);
#4187=ORIENTED_EDGE('',*,*,#6756,.F.);
#4188=ORIENTED_EDGE('',*,*,#6757,.T.);
#4189=ORIENTED_EDGE('',*,*,#6753,.T.);
#4190=ORIENTED_EDGE('',*,*,#6758,.F.);
#4191=ORIENTED_EDGE('',*,*,#6759,.F.);
#4192=ORIENTED_EDGE('',*,*,#6760,.T.);
#4193=ORIENTED_EDGE('',*,*,#6756,.T.);
#4194=ORIENTED_EDGE('',*,*,#6761,.F.);
#4195=ORIENTED_EDGE('',*,*,#6762,.F.);
#4196=ORIENTED_EDGE('',*,*,#6763,.T.);
#4197=ORIENTED_EDGE('',*,*,#6759,.T.);
#4198=ORIENTED_EDGE('',*,*,#6764,.F.);
#4199=ORIENTED_EDGE('',*,*,#6765,.F.);
#4200=ORIENTED_EDGE('',*,*,#6766,.T.);
#4201=ORIENTED_EDGE('',*,*,#6762,.T.);
#4202=ORIENTED_EDGE('',*,*,#6767,.F.);
#4203=ORIENTED_EDGE('',*,*,#6768,.F.);
#4204=ORIENTED_EDGE('',*,*,#6769,.T.);
#4205=ORIENTED_EDGE('',*,*,#6765,.T.);
#4206=ORIENTED_EDGE('',*,*,#6770,.F.);
#4207=ORIENTED_EDGE('',*,*,#6771,.F.);
#4208=ORIENTED_EDGE('',*,*,#6772,.T.);
#4209=ORIENTED_EDGE('',*,*,#6768,.T.);
#4210=ORIENTED_EDGE('',*,*,#6773,.F.);
#4211=ORIENTED_EDGE('',*,*,#6774,.F.);
#4212=ORIENTED_EDGE('',*,*,#6775,.T.);
#4213=ORIENTED_EDGE('',*,*,#6771,.T.);
#4214=ORIENTED_EDGE('',*,*,#6776,.F.);
#4215=ORIENTED_EDGE('',*,*,#6777,.F.);
#4216=ORIENTED_EDGE('',*,*,#6778,.T.);
#4217=ORIENTED_EDGE('',*,*,#6774,.T.);
#4218=ORIENTED_EDGE('',*,*,#6779,.F.);
#4219=ORIENTED_EDGE('',*,*,#6780,.F.);
#4220=ORIENTED_EDGE('',*,*,#6781,.T.);
#4221=ORIENTED_EDGE('',*,*,#6777,.T.);
#4222=ORIENTED_EDGE('',*,*,#6782,.F.);
#4223=ORIENTED_EDGE('',*,*,#6783,.F.);
#4224=ORIENTED_EDGE('',*,*,#6784,.T.);
#4225=ORIENTED_EDGE('',*,*,#6780,.T.);
#4226=ORIENTED_EDGE('',*,*,#6785,.F.);
#4227=ORIENTED_EDGE('',*,*,#6786,.F.);
#4228=ORIENTED_EDGE('',*,*,#6787,.T.);
#4229=ORIENTED_EDGE('',*,*,#6783,.T.);
#4230=ORIENTED_EDGE('',*,*,#6788,.F.);
#4231=ORIENTED_EDGE('',*,*,#6789,.F.);
#4232=ORIENTED_EDGE('',*,*,#6790,.T.);
#4233=ORIENTED_EDGE('',*,*,#6786,.T.);
#4234=ORIENTED_EDGE('',*,*,#6791,.F.);
#4235=ORIENTED_EDGE('',*,*,#6792,.F.);
#4236=ORIENTED_EDGE('',*,*,#6793,.T.);
#4237=ORIENTED_EDGE('',*,*,#6789,.T.);
#4238=ORIENTED_EDGE('',*,*,#6794,.F.);
#4239=ORIENTED_EDGE('',*,*,#6795,.F.);
#4240=ORIENTED_EDGE('',*,*,#6796,.T.);
#4241=ORIENTED_EDGE('',*,*,#6792,.T.);
#4242=ORIENTED_EDGE('',*,*,#6797,.F.);
#4243=ORIENTED_EDGE('',*,*,#6798,.F.);
#4244=ORIENTED_EDGE('',*,*,#6799,.T.);
#4245=ORIENTED_EDGE('',*,*,#6795,.T.);
#4246=ORIENTED_EDGE('',*,*,#6800,.F.);
#4247=ORIENTED_EDGE('',*,*,#6801,.F.);
#4248=ORIENTED_EDGE('',*,*,#6802,.T.);
#4249=ORIENTED_EDGE('',*,*,#6798,.T.);
#4250=ORIENTED_EDGE('',*,*,#6803,.F.);
#4251=ORIENTED_EDGE('',*,*,#6804,.F.);
#4252=ORIENTED_EDGE('',*,*,#6805,.T.);
#4253=ORIENTED_EDGE('',*,*,#6801,.T.);
#4254=ORIENTED_EDGE('',*,*,#6806,.F.);
#4255=ORIENTED_EDGE('',*,*,#6807,.F.);
#4256=ORIENTED_EDGE('',*,*,#6808,.T.);
#4257=ORIENTED_EDGE('',*,*,#6804,.T.);
#4258=ORIENTED_EDGE('',*,*,#6809,.F.);
#4259=ORIENTED_EDGE('',*,*,#6810,.F.);
#4260=ORIENTED_EDGE('',*,*,#6811,.T.);
#4261=ORIENTED_EDGE('',*,*,#6807,.T.);
#4262=ORIENTED_EDGE('',*,*,#6812,.F.);
#4263=ORIENTED_EDGE('',*,*,#6813,.F.);
#4264=ORIENTED_EDGE('',*,*,#6814,.T.);
#4265=ORIENTED_EDGE('',*,*,#6810,.T.);
#4266=ORIENTED_EDGE('',*,*,#6815,.F.);
#4267=ORIENTED_EDGE('',*,*,#6816,.F.);
#4268=ORIENTED_EDGE('',*,*,#6817,.T.);
#4269=ORIENTED_EDGE('',*,*,#6813,.T.);
#4270=ORIENTED_EDGE('',*,*,#6818,.F.);
#4271=ORIENTED_EDGE('',*,*,#6819,.F.);
#4272=ORIENTED_EDGE('',*,*,#6820,.T.);
#4273=ORIENTED_EDGE('',*,*,#6816,.T.);
#4274=ORIENTED_EDGE('',*,*,#6821,.F.);
#4275=ORIENTED_EDGE('',*,*,#6822,.F.);
#4276=ORIENTED_EDGE('',*,*,#6823,.T.);
#4277=ORIENTED_EDGE('',*,*,#6819,.T.);
#4278=ORIENTED_EDGE('',*,*,#6824,.F.);
#4279=ORIENTED_EDGE('',*,*,#6825,.F.);
#4280=ORIENTED_EDGE('',*,*,#6826,.T.);
#4281=ORIENTED_EDGE('',*,*,#6822,.T.);
#4282=ORIENTED_EDGE('',*,*,#6827,.F.);
#4283=ORIENTED_EDGE('',*,*,#6828,.F.);
#4284=ORIENTED_EDGE('',*,*,#6829,.T.);
#4285=ORIENTED_EDGE('',*,*,#6825,.T.);
#4286=ORIENTED_EDGE('',*,*,#6830,.F.);
#4287=ORIENTED_EDGE('',*,*,#6831,.F.);
#4288=ORIENTED_EDGE('',*,*,#6832,.T.);
#4289=ORIENTED_EDGE('',*,*,#6828,.T.);
#4290=ORIENTED_EDGE('',*,*,#6833,.F.);
#4291=ORIENTED_EDGE('',*,*,#6834,.F.);
#4292=ORIENTED_EDGE('',*,*,#6835,.T.);
#4293=ORIENTED_EDGE('',*,*,#6831,.T.);
#4294=ORIENTED_EDGE('',*,*,#6836,.F.);
#4295=ORIENTED_EDGE('',*,*,#6837,.F.);
#4296=ORIENTED_EDGE('',*,*,#6838,.T.);
#4297=ORIENTED_EDGE('',*,*,#6834,.T.);
#4298=ORIENTED_EDGE('',*,*,#6839,.F.);
#4299=ORIENTED_EDGE('',*,*,#6840,.F.);
#4300=ORIENTED_EDGE('',*,*,#6841,.T.);
#4301=ORIENTED_EDGE('',*,*,#6837,.T.);
#4302=ORIENTED_EDGE('',*,*,#6842,.F.);
#4303=ORIENTED_EDGE('',*,*,#6843,.F.);
#4304=ORIENTED_EDGE('',*,*,#6844,.T.);
#4305=ORIENTED_EDGE('',*,*,#6840,.T.);
#4306=ORIENTED_EDGE('',*,*,#6845,.F.);
#4307=ORIENTED_EDGE('',*,*,#6846,.F.);
#4308=ORIENTED_EDGE('',*,*,#6847,.T.);
#4309=ORIENTED_EDGE('',*,*,#6843,.T.);
#4310=ORIENTED_EDGE('',*,*,#6848,.F.);
#4311=ORIENTED_EDGE('',*,*,#6849,.F.);
#4312=ORIENTED_EDGE('',*,*,#6850,.T.);
#4313=ORIENTED_EDGE('',*,*,#6846,.T.);
#4314=ORIENTED_EDGE('',*,*,#6851,.F.);
#4315=ORIENTED_EDGE('',*,*,#6852,.F.);
#4316=ORIENTED_EDGE('',*,*,#6853,.T.);
#4317=ORIENTED_EDGE('',*,*,#6849,.T.);
#4318=ORIENTED_EDGE('',*,*,#6854,.F.);
#4319=ORIENTED_EDGE('',*,*,#6855,.F.);
#4320=ORIENTED_EDGE('',*,*,#6856,.T.);
#4321=ORIENTED_EDGE('',*,*,#6852,.T.);
#4322=ORIENTED_EDGE('',*,*,#6857,.F.);
#4323=ORIENTED_EDGE('',*,*,#6858,.F.);
#4324=ORIENTED_EDGE('',*,*,#6859,.T.);
#4325=ORIENTED_EDGE('',*,*,#6855,.T.);
#4326=ORIENTED_EDGE('',*,*,#6860,.F.);
#4327=ORIENTED_EDGE('',*,*,#6861,.F.);
#4328=ORIENTED_EDGE('',*,*,#6862,.T.);
#4329=ORIENTED_EDGE('',*,*,#6858,.T.);
#4330=ORIENTED_EDGE('',*,*,#6863,.F.);
#4331=ORIENTED_EDGE('',*,*,#6864,.F.);
#4332=ORIENTED_EDGE('',*,*,#6865,.T.);
#4333=ORIENTED_EDGE('',*,*,#6861,.T.);
#4334=ORIENTED_EDGE('',*,*,#5753,.F.);
#4335=ORIENTED_EDGE('',*,*,#6866,.F.);
#4336=ORIENTED_EDGE('',*,*,#6867,.T.);
#4337=ORIENTED_EDGE('',*,*,#6868,.T.);
#4338=ORIENTED_EDGE('',*,*,#5837,.F.);
#4339=ORIENTED_EDGE('',*,*,#6869,.F.);
#4340=ORIENTED_EDGE('',*,*,#6870,.T.);
#4341=ORIENTED_EDGE('',*,*,#6866,.T.);
#4342=ORIENTED_EDGE('',*,*,#5836,.F.);
#4343=ORIENTED_EDGE('',*,*,#6871,.F.);
#4344=ORIENTED_EDGE('',*,*,#6872,.T.);
#4345=ORIENTED_EDGE('',*,*,#6869,.T.);
#4346=ORIENTED_EDGE('',*,*,#5835,.F.);
#4347=ORIENTED_EDGE('',*,*,#6873,.F.);
#4348=ORIENTED_EDGE('',*,*,#6874,.T.);
#4349=ORIENTED_EDGE('',*,*,#6871,.T.);
#4350=ORIENTED_EDGE('',*,*,#5834,.F.);
#4351=ORIENTED_EDGE('',*,*,#6875,.F.);
#4352=ORIENTED_EDGE('',*,*,#6876,.T.);
#4353=ORIENTED_EDGE('',*,*,#6873,.T.);
#4354=ORIENTED_EDGE('',*,*,#5833,.F.);
#4355=ORIENTED_EDGE('',*,*,#6877,.F.);
#4356=ORIENTED_EDGE('',*,*,#6878,.T.);
#4357=ORIENTED_EDGE('',*,*,#6875,.T.);
#4358=ORIENTED_EDGE('',*,*,#5832,.F.);
#4359=ORIENTED_EDGE('',*,*,#6879,.F.);
#4360=ORIENTED_EDGE('',*,*,#6880,.T.);
#4361=ORIENTED_EDGE('',*,*,#6877,.T.);
#4362=ORIENTED_EDGE('',*,*,#5831,.F.);
#4363=ORIENTED_EDGE('',*,*,#6881,.F.);
#4364=ORIENTED_EDGE('',*,*,#6882,.T.);
#4365=ORIENTED_EDGE('',*,*,#6879,.T.);
#4366=ORIENTED_EDGE('',*,*,#5830,.F.);
#4367=ORIENTED_EDGE('',*,*,#6883,.F.);
#4368=ORIENTED_EDGE('',*,*,#6884,.T.);
#4369=ORIENTED_EDGE('',*,*,#6881,.T.);
#4370=ORIENTED_EDGE('',*,*,#5829,.F.);
#4371=ORIENTED_EDGE('',*,*,#6885,.F.);
#4372=ORIENTED_EDGE('',*,*,#6886,.T.);
#4373=ORIENTED_EDGE('',*,*,#6883,.T.);
#4374=ORIENTED_EDGE('',*,*,#5828,.F.);
#4375=ORIENTED_EDGE('',*,*,#6887,.F.);
#4376=ORIENTED_EDGE('',*,*,#6888,.T.);
#4377=ORIENTED_EDGE('',*,*,#6885,.T.);
#4378=ORIENTED_EDGE('',*,*,#5827,.F.);
#4379=ORIENTED_EDGE('',*,*,#6889,.F.);
#4380=ORIENTED_EDGE('',*,*,#6890,.T.);
#4381=ORIENTED_EDGE('',*,*,#6887,.T.);
#4382=ORIENTED_EDGE('',*,*,#5826,.F.);
#4383=ORIENTED_EDGE('',*,*,#6891,.F.);
#4384=ORIENTED_EDGE('',*,*,#6892,.T.);
#4385=ORIENTED_EDGE('',*,*,#6889,.T.);
#4386=ORIENTED_EDGE('',*,*,#5825,.F.);
#4387=ORIENTED_EDGE('',*,*,#6893,.F.);
#4388=ORIENTED_EDGE('',*,*,#6894,.T.);
#4389=ORIENTED_EDGE('',*,*,#6891,.T.);
#4390=ORIENTED_EDGE('',*,*,#5824,.F.);
#4391=ORIENTED_EDGE('',*,*,#6895,.F.);
#4392=ORIENTED_EDGE('',*,*,#6896,.T.);
#4393=ORIENTED_EDGE('',*,*,#6893,.T.);
#4394=ORIENTED_EDGE('',*,*,#5823,.F.);
#4395=ORIENTED_EDGE('',*,*,#6897,.F.);
#4396=ORIENTED_EDGE('',*,*,#6898,.T.);
#4397=ORIENTED_EDGE('',*,*,#6895,.T.);
#4398=ORIENTED_EDGE('',*,*,#5822,.F.);
#4399=ORIENTED_EDGE('',*,*,#6899,.F.);
#4400=ORIENTED_EDGE('',*,*,#6900,.T.);
#4401=ORIENTED_EDGE('',*,*,#6897,.T.);
#4402=ORIENTED_EDGE('',*,*,#5821,.F.);
#4403=ORIENTED_EDGE('',*,*,#6901,.F.);
#4404=ORIENTED_EDGE('',*,*,#6902,.T.);
#4405=ORIENTED_EDGE('',*,*,#6899,.T.);
#4406=ORIENTED_EDGE('',*,*,#5820,.F.);
#4407=ORIENTED_EDGE('',*,*,#6903,.F.);
#4408=ORIENTED_EDGE('',*,*,#6904,.T.);
#4409=ORIENTED_EDGE('',*,*,#6901,.T.);
#4410=ORIENTED_EDGE('',*,*,#5819,.F.);
#4411=ORIENTED_EDGE('',*,*,#6905,.F.);
#4412=ORIENTED_EDGE('',*,*,#6906,.T.);
#4413=ORIENTED_EDGE('',*,*,#6903,.T.);
#4414=ORIENTED_EDGE('',*,*,#5818,.F.);
#4415=ORIENTED_EDGE('',*,*,#6907,.F.);
#4416=ORIENTED_EDGE('',*,*,#6908,.T.);
#4417=ORIENTED_EDGE('',*,*,#6905,.T.);
#4418=ORIENTED_EDGE('',*,*,#5817,.F.);
#4419=ORIENTED_EDGE('',*,*,#6909,.F.);
#4420=ORIENTED_EDGE('',*,*,#6910,.T.);
#4421=ORIENTED_EDGE('',*,*,#6907,.T.);
#4422=ORIENTED_EDGE('',*,*,#5816,.F.);
#4423=ORIENTED_EDGE('',*,*,#6911,.F.);
#4424=ORIENTED_EDGE('',*,*,#6912,.T.);
#4425=ORIENTED_EDGE('',*,*,#6909,.T.);
#4426=ORIENTED_EDGE('',*,*,#5815,.F.);
#4427=ORIENTED_EDGE('',*,*,#6913,.F.);
#4428=ORIENTED_EDGE('',*,*,#6914,.T.);
#4429=ORIENTED_EDGE('',*,*,#6911,.T.);
#4430=ORIENTED_EDGE('',*,*,#5814,.F.);
#4431=ORIENTED_EDGE('',*,*,#6915,.F.);
#4432=ORIENTED_EDGE('',*,*,#6916,.T.);
#4433=ORIENTED_EDGE('',*,*,#6913,.T.);
#4434=ORIENTED_EDGE('',*,*,#5813,.F.);
#4435=ORIENTED_EDGE('',*,*,#6917,.F.);
#4436=ORIENTED_EDGE('',*,*,#6918,.T.);
#4437=ORIENTED_EDGE('',*,*,#6915,.T.);
#4438=ORIENTED_EDGE('',*,*,#5812,.F.);
#4439=ORIENTED_EDGE('',*,*,#6919,.F.);
#4440=ORIENTED_EDGE('',*,*,#6920,.T.);
#4441=ORIENTED_EDGE('',*,*,#6917,.T.);
#4442=ORIENTED_EDGE('',*,*,#5811,.F.);
#4443=ORIENTED_EDGE('',*,*,#6921,.F.);
#4444=ORIENTED_EDGE('',*,*,#6922,.T.);
#4445=ORIENTED_EDGE('',*,*,#6919,.T.);
#4446=ORIENTED_EDGE('',*,*,#5810,.F.);
#4447=ORIENTED_EDGE('',*,*,#6923,.F.);
#4448=ORIENTED_EDGE('',*,*,#6924,.T.);
#4449=ORIENTED_EDGE('',*,*,#6921,.T.);
#4450=ORIENTED_EDGE('',*,*,#5809,.F.);
#4451=ORIENTED_EDGE('',*,*,#6925,.F.);
#4452=ORIENTED_EDGE('',*,*,#6926,.T.);
#4453=ORIENTED_EDGE('',*,*,#6923,.T.);
#4454=ORIENTED_EDGE('',*,*,#5808,.F.);
#4455=ORIENTED_EDGE('',*,*,#6927,.F.);
#4456=ORIENTED_EDGE('',*,*,#6928,.T.);
#4457=ORIENTED_EDGE('',*,*,#6925,.T.);
#4458=ORIENTED_EDGE('',*,*,#5807,.F.);
#4459=ORIENTED_EDGE('',*,*,#6929,.F.);
#4460=ORIENTED_EDGE('',*,*,#6930,.T.);
#4461=ORIENTED_EDGE('',*,*,#6927,.T.);
#4462=ORIENTED_EDGE('',*,*,#5806,.F.);
#4463=ORIENTED_EDGE('',*,*,#6931,.F.);
#4464=ORIENTED_EDGE('',*,*,#6932,.T.);
#4465=ORIENTED_EDGE('',*,*,#6929,.T.);
#4466=ORIENTED_EDGE('',*,*,#5805,.F.);
#4467=ORIENTED_EDGE('',*,*,#6933,.F.);
#4468=ORIENTED_EDGE('',*,*,#6934,.T.);
#4469=ORIENTED_EDGE('',*,*,#6931,.T.);
#4470=ORIENTED_EDGE('',*,*,#5804,.F.);
#4471=ORIENTED_EDGE('',*,*,#6935,.F.);
#4472=ORIENTED_EDGE('',*,*,#6936,.T.);
#4473=ORIENTED_EDGE('',*,*,#6933,.T.);
#4474=ORIENTED_EDGE('',*,*,#5803,.F.);
#4475=ORIENTED_EDGE('',*,*,#6937,.F.);
#4476=ORIENTED_EDGE('',*,*,#6938,.T.);
#4477=ORIENTED_EDGE('',*,*,#6935,.T.);
#4478=ORIENTED_EDGE('',*,*,#5802,.F.);
#4479=ORIENTED_EDGE('',*,*,#6939,.F.);
#4480=ORIENTED_EDGE('',*,*,#6940,.T.);
#4481=ORIENTED_EDGE('',*,*,#6937,.T.);
#4482=ORIENTED_EDGE('',*,*,#5801,.F.);
#4483=ORIENTED_EDGE('',*,*,#6941,.F.);
#4484=ORIENTED_EDGE('',*,*,#6942,.T.);
#4485=ORIENTED_EDGE('',*,*,#6939,.T.);
#4486=ORIENTED_EDGE('',*,*,#5800,.F.);
#4487=ORIENTED_EDGE('',*,*,#6943,.F.);
#4488=ORIENTED_EDGE('',*,*,#6944,.T.);
#4489=ORIENTED_EDGE('',*,*,#6941,.T.);
#4490=ORIENTED_EDGE('',*,*,#5799,.F.);
#4491=ORIENTED_EDGE('',*,*,#6945,.F.);
#4492=ORIENTED_EDGE('',*,*,#6946,.T.);
#4493=ORIENTED_EDGE('',*,*,#6943,.T.);
#4494=ORIENTED_EDGE('',*,*,#5798,.F.);
#4495=ORIENTED_EDGE('',*,*,#6947,.F.);
#4496=ORIENTED_EDGE('',*,*,#6948,.T.);
#4497=ORIENTED_EDGE('',*,*,#6945,.T.);
#4498=ORIENTED_EDGE('',*,*,#5797,.F.);
#4499=ORIENTED_EDGE('',*,*,#6949,.F.);
#4500=ORIENTED_EDGE('',*,*,#6950,.T.);
#4501=ORIENTED_EDGE('',*,*,#6947,.T.);
#4502=ORIENTED_EDGE('',*,*,#5796,.F.);
#4503=ORIENTED_EDGE('',*,*,#6951,.F.);
#4504=ORIENTED_EDGE('',*,*,#6952,.T.);
#4505=ORIENTED_EDGE('',*,*,#6949,.T.);
#4506=ORIENTED_EDGE('',*,*,#5795,.F.);
#4507=ORIENTED_EDGE('',*,*,#6953,.F.);
#4508=ORIENTED_EDGE('',*,*,#6954,.T.);
#4509=ORIENTED_EDGE('',*,*,#6951,.T.);
#4510=ORIENTED_EDGE('',*,*,#5794,.F.);
#4511=ORIENTED_EDGE('',*,*,#6955,.F.);
#4512=ORIENTED_EDGE('',*,*,#6956,.T.);
#4513=ORIENTED_EDGE('',*,*,#6953,.T.);
#4514=ORIENTED_EDGE('',*,*,#5793,.F.);
#4515=ORIENTED_EDGE('',*,*,#6957,.F.);
#4516=ORIENTED_EDGE('',*,*,#6958,.T.);
#4517=ORIENTED_EDGE('',*,*,#6955,.T.);
#4518=ORIENTED_EDGE('',*,*,#5792,.F.);
#4519=ORIENTED_EDGE('',*,*,#6959,.F.);
#4520=ORIENTED_EDGE('',*,*,#6960,.T.);
#4521=ORIENTED_EDGE('',*,*,#6957,.T.);
#4522=ORIENTED_EDGE('',*,*,#5791,.F.);
#4523=ORIENTED_EDGE('',*,*,#6961,.F.);
#4524=ORIENTED_EDGE('',*,*,#6962,.T.);
#4525=ORIENTED_EDGE('',*,*,#6959,.T.);
#4526=ORIENTED_EDGE('',*,*,#5790,.F.);
#4527=ORIENTED_EDGE('',*,*,#6963,.F.);
#4528=ORIENTED_EDGE('',*,*,#6964,.T.);
#4529=ORIENTED_EDGE('',*,*,#6961,.T.);
#4530=ORIENTED_EDGE('',*,*,#5789,.F.);
#4531=ORIENTED_EDGE('',*,*,#6965,.F.);
#4532=ORIENTED_EDGE('',*,*,#6966,.T.);
#4533=ORIENTED_EDGE('',*,*,#6963,.T.);
#4534=ORIENTED_EDGE('',*,*,#5788,.F.);
#4535=ORIENTED_EDGE('',*,*,#6967,.F.);
#4536=ORIENTED_EDGE('',*,*,#6968,.T.);
#4537=ORIENTED_EDGE('',*,*,#6965,.T.);
#4538=ORIENTED_EDGE('',*,*,#5787,.F.);
#4539=ORIENTED_EDGE('',*,*,#6969,.F.);
#4540=ORIENTED_EDGE('',*,*,#6970,.T.);
#4541=ORIENTED_EDGE('',*,*,#6967,.T.);
#4542=ORIENTED_EDGE('',*,*,#5786,.F.);
#4543=ORIENTED_EDGE('',*,*,#6971,.F.);
#4544=ORIENTED_EDGE('',*,*,#6972,.T.);
#4545=ORIENTED_EDGE('',*,*,#6969,.T.);
#4546=ORIENTED_EDGE('',*,*,#5785,.F.);
#4547=ORIENTED_EDGE('',*,*,#6973,.F.);
#4548=ORIENTED_EDGE('',*,*,#6974,.T.);
#4549=ORIENTED_EDGE('',*,*,#6971,.T.);
#4550=ORIENTED_EDGE('',*,*,#5784,.F.);
#4551=ORIENTED_EDGE('',*,*,#6975,.F.);
#4552=ORIENTED_EDGE('',*,*,#6976,.T.);
#4553=ORIENTED_EDGE('',*,*,#6973,.T.);
#4554=ORIENTED_EDGE('',*,*,#5783,.F.);
#4555=ORIENTED_EDGE('',*,*,#6977,.F.);
#4556=ORIENTED_EDGE('',*,*,#6978,.T.);
#4557=ORIENTED_EDGE('',*,*,#6975,.T.);
#4558=ORIENTED_EDGE('',*,*,#5782,.F.);
#4559=ORIENTED_EDGE('',*,*,#6979,.F.);
#4560=ORIENTED_EDGE('',*,*,#6980,.T.);
#4561=ORIENTED_EDGE('',*,*,#6977,.T.);
#4562=ORIENTED_EDGE('',*,*,#5781,.F.);
#4563=ORIENTED_EDGE('',*,*,#6981,.F.);
#4564=ORIENTED_EDGE('',*,*,#6982,.T.);
#4565=ORIENTED_EDGE('',*,*,#6979,.T.);
#4566=ORIENTED_EDGE('',*,*,#5780,.F.);
#4567=ORIENTED_EDGE('',*,*,#6983,.F.);
#4568=ORIENTED_EDGE('',*,*,#6984,.T.);
#4569=ORIENTED_EDGE('',*,*,#6981,.T.);
#4570=ORIENTED_EDGE('',*,*,#5779,.F.);
#4571=ORIENTED_EDGE('',*,*,#6985,.F.);
#4572=ORIENTED_EDGE('',*,*,#6986,.T.);
#4573=ORIENTED_EDGE('',*,*,#6983,.T.);
#4574=ORIENTED_EDGE('',*,*,#5778,.F.);
#4575=ORIENTED_EDGE('',*,*,#6987,.F.);
#4576=ORIENTED_EDGE('',*,*,#6988,.T.);
#4577=ORIENTED_EDGE('',*,*,#6985,.T.);
#4578=ORIENTED_EDGE('',*,*,#5777,.F.);
#4579=ORIENTED_EDGE('',*,*,#6989,.F.);
#4580=ORIENTED_EDGE('',*,*,#6990,.T.);
#4581=ORIENTED_EDGE('',*,*,#6987,.T.);
#4582=ORIENTED_EDGE('',*,*,#5776,.F.);
#4583=ORIENTED_EDGE('',*,*,#6991,.F.);
#4584=ORIENTED_EDGE('',*,*,#6992,.T.);
#4585=ORIENTED_EDGE('',*,*,#6989,.T.);
#4586=ORIENTED_EDGE('',*,*,#5775,.F.);
#4587=ORIENTED_EDGE('',*,*,#6993,.F.);
#4588=ORIENTED_EDGE('',*,*,#6994,.T.);
#4589=ORIENTED_EDGE('',*,*,#6991,.T.);
#4590=ORIENTED_EDGE('',*,*,#5774,.F.);
#4591=ORIENTED_EDGE('',*,*,#6995,.F.);
#4592=ORIENTED_EDGE('',*,*,#6996,.T.);
#4593=ORIENTED_EDGE('',*,*,#6993,.T.);
#4594=ORIENTED_EDGE('',*,*,#5773,.F.);
#4595=ORIENTED_EDGE('',*,*,#6997,.F.);
#4596=ORIENTED_EDGE('',*,*,#6998,.T.);
#4597=ORIENTED_EDGE('',*,*,#6995,.T.);
#4598=ORIENTED_EDGE('',*,*,#5772,.F.);
#4599=ORIENTED_EDGE('',*,*,#6999,.F.);
#4600=ORIENTED_EDGE('',*,*,#7000,.T.);
#4601=ORIENTED_EDGE('',*,*,#6997,.T.);
#4602=ORIENTED_EDGE('',*,*,#5771,.F.);
#4603=ORIENTED_EDGE('',*,*,#7001,.F.);
#4604=ORIENTED_EDGE('',*,*,#7002,.T.);
#4605=ORIENTED_EDGE('',*,*,#6999,.T.);
#4606=ORIENTED_EDGE('',*,*,#5770,.F.);
#4607=ORIENTED_EDGE('',*,*,#7003,.F.);
#4608=ORIENTED_EDGE('',*,*,#7004,.T.);
#4609=ORIENTED_EDGE('',*,*,#7001,.T.);
#4610=ORIENTED_EDGE('',*,*,#5769,.F.);
#4611=ORIENTED_EDGE('',*,*,#7005,.F.);
#4612=ORIENTED_EDGE('',*,*,#7006,.T.);
#4613=ORIENTED_EDGE('',*,*,#7003,.T.);
#4614=ORIENTED_EDGE('',*,*,#5768,.F.);
#4615=ORIENTED_EDGE('',*,*,#7007,.F.);
#4616=ORIENTED_EDGE('',*,*,#7008,.T.);
#4617=ORIENTED_EDGE('',*,*,#7005,.T.);
#4618=ORIENTED_EDGE('',*,*,#5767,.F.);
#4619=ORIENTED_EDGE('',*,*,#7009,.F.);
#4620=ORIENTED_EDGE('',*,*,#7010,.T.);
#4621=ORIENTED_EDGE('',*,*,#7007,.T.);
#4622=ORIENTED_EDGE('',*,*,#5766,.F.);
#4623=ORIENTED_EDGE('',*,*,#7011,.F.);
#4624=ORIENTED_EDGE('',*,*,#7012,.T.);
#4625=ORIENTED_EDGE('',*,*,#7009,.T.);
#4626=ORIENTED_EDGE('',*,*,#5765,.F.);
#4627=ORIENTED_EDGE('',*,*,#7013,.F.);
#4628=ORIENTED_EDGE('',*,*,#7014,.T.);
#4629=ORIENTED_EDGE('',*,*,#7011,.T.);
#4630=ORIENTED_EDGE('',*,*,#5764,.F.);
#4631=ORIENTED_EDGE('',*,*,#7015,.F.);
#4632=ORIENTED_EDGE('',*,*,#7016,.T.);
#4633=ORIENTED_EDGE('',*,*,#7013,.T.);
#4634=ORIENTED_EDGE('',*,*,#5763,.F.);
#4635=ORIENTED_EDGE('',*,*,#7017,.F.);
#4636=ORIENTED_EDGE('',*,*,#7018,.T.);
#4637=ORIENTED_EDGE('',*,*,#7015,.T.);
#4638=ORIENTED_EDGE('',*,*,#5762,.F.);
#4639=ORIENTED_EDGE('',*,*,#7019,.F.);
#4640=ORIENTED_EDGE('',*,*,#7020,.T.);
#4641=ORIENTED_EDGE('',*,*,#7017,.T.);
#4642=ORIENTED_EDGE('',*,*,#5761,.F.);
#4643=ORIENTED_EDGE('',*,*,#7021,.F.);
#4644=ORIENTED_EDGE('',*,*,#7022,.T.);
#4645=ORIENTED_EDGE('',*,*,#7019,.T.);
#4646=ORIENTED_EDGE('',*,*,#5760,.F.);
#4647=ORIENTED_EDGE('',*,*,#7023,.F.);
#4648=ORIENTED_EDGE('',*,*,#7024,.T.);
#4649=ORIENTED_EDGE('',*,*,#7021,.T.);
#4650=ORIENTED_EDGE('',*,*,#5759,.F.);
#4651=ORIENTED_EDGE('',*,*,#7025,.F.);
#4652=ORIENTED_EDGE('',*,*,#7026,.T.);
#4653=ORIENTED_EDGE('',*,*,#7023,.T.);
#4654=ORIENTED_EDGE('',*,*,#5758,.F.);
#4655=ORIENTED_EDGE('',*,*,#7027,.F.);
#4656=ORIENTED_EDGE('',*,*,#7028,.T.);
#4657=ORIENTED_EDGE('',*,*,#7025,.T.);
#4658=ORIENTED_EDGE('',*,*,#5757,.F.);
#4659=ORIENTED_EDGE('',*,*,#7029,.F.);
#4660=ORIENTED_EDGE('',*,*,#7030,.T.);
#4661=ORIENTED_EDGE('',*,*,#7027,.T.);
#4662=ORIENTED_EDGE('',*,*,#5756,.F.);
#4663=ORIENTED_EDGE('',*,*,#7031,.F.);
#4664=ORIENTED_EDGE('',*,*,#7032,.T.);
#4665=ORIENTED_EDGE('',*,*,#7029,.T.);
#4666=ORIENTED_EDGE('',*,*,#5755,.F.);
#4667=ORIENTED_EDGE('',*,*,#7033,.F.);
#4668=ORIENTED_EDGE('',*,*,#7034,.T.);
#4669=ORIENTED_EDGE('',*,*,#7031,.T.);
#4670=ORIENTED_EDGE('',*,*,#7035,.F.);
#4671=ORIENTED_EDGE('',*,*,#5983,.F.);
#4672=ORIENTED_EDGE('',*,*,#7036,.T.);
#4673=ORIENTED_EDGE('',*,*,#6126,.T.);
#4674=ORIENTED_EDGE('',*,*,#7037,.F.);
#4675=ORIENTED_EDGE('',*,*,#6131,.F.);
#4676=ORIENTED_EDGE('',*,*,#7038,.T.);
#4677=ORIENTED_EDGE('',*,*,#6286,.T.);
#4678=ORIENTED_EDGE('',*,*,#7039,.F.);
#4679=ORIENTED_EDGE('',*,*,#6291,.F.);
#4680=ORIENTED_EDGE('',*,*,#7040,.T.);
#4681=ORIENTED_EDGE('',*,*,#6422,.T.);
#4682=ORIENTED_EDGE('',*,*,#7041,.T.);
#4683=ORIENTED_EDGE('',*,*,#6427,.F.);
#4684=ORIENTED_EDGE('',*,*,#7042,.F.);
#4685=ORIENTED_EDGE('',*,*,#6507,.T.);
#4686=ORIENTED_EDGE('',*,*,#7043,.T.);
#4687=ORIENTED_EDGE('',*,*,#6512,.F.);
#4688=ORIENTED_EDGE('',*,*,#7044,.F.);
#4689=ORIENTED_EDGE('',*,*,#6631,.T.);
#4690=ORIENTED_EDGE('',*,*,#7045,.T.);
#4691=ORIENTED_EDGE('',*,*,#6636,.F.);
#4692=ORIENTED_EDGE('',*,*,#7046,.F.);
#4693=ORIENTED_EDGE('',*,*,#6725,.T.);
#4694=ORIENTED_EDGE('',*,*,#7047,.F.);
#4695=ORIENTED_EDGE('',*,*,#6730,.F.);
#4696=ORIENTED_EDGE('',*,*,#7048,.T.);
#4697=ORIENTED_EDGE('',*,*,#6864,.T.);
#4698=ORIENTED_EDGE('',*,*,#5754,.F.);
#4699=ORIENTED_EDGE('',*,*,#6868,.F.);
#4700=ORIENTED_EDGE('',*,*,#7049,.T.);
#4701=ORIENTED_EDGE('',*,*,#7033,.T.);
#4702=ORIENTED_EDGE('',*,*,#7050,.T.);
#4703=ORIENTED_EDGE('',*,*,#5889,.F.);
#4704=ORIENTED_EDGE('',*,*,#7051,.F.);
#4705=ORIENTED_EDGE('',*,*,#5978,.T.);
#4706=ORIENTED_EDGE('',*,*,#6867,.F.);
#4707=ORIENTED_EDGE('',*,*,#6870,.F.);
#4708=ORIENTED_EDGE('',*,*,#6872,.F.);
#4709=ORIENTED_EDGE('',*,*,#6874,.F.);
#4710=ORIENTED_EDGE('',*,*,#6876,.F.);
#4711=ORIENTED_EDGE('',*,*,#6878,.F.);
#4712=ORIENTED_EDGE('',*,*,#6880,.F.);
#4713=ORIENTED_EDGE('',*,*,#6882,.F.);
#4714=ORIENTED_EDGE('',*,*,#6884,.F.);
#4715=ORIENTED_EDGE('',*,*,#6886,.F.);
#4716=ORIENTED_EDGE('',*,*,#6888,.F.);
#4717=ORIENTED_EDGE('',*,*,#6890,.F.);
#4718=ORIENTED_EDGE('',*,*,#6892,.F.);
#4719=ORIENTED_EDGE('',*,*,#6894,.F.);
#4720=ORIENTED_EDGE('',*,*,#6896,.F.);
#4721=ORIENTED_EDGE('',*,*,#6898,.F.);
#4722=ORIENTED_EDGE('',*,*,#6900,.F.);
#4723=ORIENTED_EDGE('',*,*,#6902,.F.);
#4724=ORIENTED_EDGE('',*,*,#6904,.F.);
#4725=ORIENTED_EDGE('',*,*,#6906,.F.);
#4726=ORIENTED_EDGE('',*,*,#6908,.F.);
#4727=ORIENTED_EDGE('',*,*,#6910,.F.);
#4728=ORIENTED_EDGE('',*,*,#6912,.F.);
#4729=ORIENTED_EDGE('',*,*,#6914,.F.);
#4730=ORIENTED_EDGE('',*,*,#6916,.F.);
#4731=ORIENTED_EDGE('',*,*,#6918,.F.);
#4732=ORIENTED_EDGE('',*,*,#6920,.F.);
#4733=ORIENTED_EDGE('',*,*,#6922,.F.);
#4734=ORIENTED_EDGE('',*,*,#6924,.F.);
#4735=ORIENTED_EDGE('',*,*,#6926,.F.);
#4736=ORIENTED_EDGE('',*,*,#6928,.F.);
#4737=ORIENTED_EDGE('',*,*,#6930,.F.);
#4738=ORIENTED_EDGE('',*,*,#6932,.F.);
#4739=ORIENTED_EDGE('',*,*,#6934,.F.);
#4740=ORIENTED_EDGE('',*,*,#6936,.F.);
#4741=ORIENTED_EDGE('',*,*,#6938,.F.);
#4742=ORIENTED_EDGE('',*,*,#6940,.F.);
#4743=ORIENTED_EDGE('',*,*,#6942,.F.);
#4744=ORIENTED_EDGE('',*,*,#6944,.F.);
#4745=ORIENTED_EDGE('',*,*,#6946,.F.);
#4746=ORIENTED_EDGE('',*,*,#6948,.F.);
#4747=ORIENTED_EDGE('',*,*,#6950,.F.);
#4748=ORIENTED_EDGE('',*,*,#6952,.F.);
#4749=ORIENTED_EDGE('',*,*,#6954,.F.);
#4750=ORIENTED_EDGE('',*,*,#6956,.F.);
#4751=ORIENTED_EDGE('',*,*,#6958,.F.);
#4752=ORIENTED_EDGE('',*,*,#6960,.F.);
#4753=ORIENTED_EDGE('',*,*,#6962,.F.);
#4754=ORIENTED_EDGE('',*,*,#6964,.F.);
#4755=ORIENTED_EDGE('',*,*,#6966,.F.);
#4756=ORIENTED_EDGE('',*,*,#6968,.F.);
#4757=ORIENTED_EDGE('',*,*,#6970,.F.);
#4758=ORIENTED_EDGE('',*,*,#6972,.F.);
#4759=ORIENTED_EDGE('',*,*,#6974,.F.);
#4760=ORIENTED_EDGE('',*,*,#6976,.F.);
#4761=ORIENTED_EDGE('',*,*,#6978,.F.);
#4762=ORIENTED_EDGE('',*,*,#6980,.F.);
#4763=ORIENTED_EDGE('',*,*,#6982,.F.);
#4764=ORIENTED_EDGE('',*,*,#6984,.F.);
#4765=ORIENTED_EDGE('',*,*,#6986,.F.);
#4766=ORIENTED_EDGE('',*,*,#6988,.F.);
#4767=ORIENTED_EDGE('',*,*,#6990,.F.);
#4768=ORIENTED_EDGE('',*,*,#6992,.F.);
#4769=ORIENTED_EDGE('',*,*,#6994,.F.);
#4770=ORIENTED_EDGE('',*,*,#6996,.F.);
#4771=ORIENTED_EDGE('',*,*,#6998,.F.);
#4772=ORIENTED_EDGE('',*,*,#7000,.F.);
#4773=ORIENTED_EDGE('',*,*,#7002,.F.);
#4774=ORIENTED_EDGE('',*,*,#7004,.F.);
#4775=ORIENTED_EDGE('',*,*,#7006,.F.);
#4776=ORIENTED_EDGE('',*,*,#7008,.F.);
#4777=ORIENTED_EDGE('',*,*,#7010,.F.);
#4778=ORIENTED_EDGE('',*,*,#7012,.F.);
#4779=ORIENTED_EDGE('',*,*,#7014,.F.);
#4780=ORIENTED_EDGE('',*,*,#7016,.F.);
#4781=ORIENTED_EDGE('',*,*,#7018,.F.);
#4782=ORIENTED_EDGE('',*,*,#7020,.F.);
#4783=ORIENTED_EDGE('',*,*,#7022,.F.);
#4784=ORIENTED_EDGE('',*,*,#7024,.F.);
#4785=ORIENTED_EDGE('',*,*,#7026,.F.);
#4786=ORIENTED_EDGE('',*,*,#7028,.F.);
#4787=ORIENTED_EDGE('',*,*,#7030,.F.);
#4788=ORIENTED_EDGE('',*,*,#7032,.F.);
#4789=ORIENTED_EDGE('',*,*,#7034,.F.);
#4790=ORIENTED_EDGE('',*,*,#7049,.F.);
#4791=ORIENTED_EDGE('',*,*,#6729,.F.);
#4792=ORIENTED_EDGE('',*,*,#6733,.F.);
#4793=ORIENTED_EDGE('',*,*,#6736,.F.);
#4794=ORIENTED_EDGE('',*,*,#6739,.F.);
#4795=ORIENTED_EDGE('',*,*,#6742,.F.);
#4796=ORIENTED_EDGE('',*,*,#6745,.F.);
#4797=ORIENTED_EDGE('',*,*,#6748,.F.);
#4798=ORIENTED_EDGE('',*,*,#6751,.F.);
#4799=ORIENTED_EDGE('',*,*,#6754,.F.);
#4800=ORIENTED_EDGE('',*,*,#6757,.F.);
#4801=ORIENTED_EDGE('',*,*,#6760,.F.);
#4802=ORIENTED_EDGE('',*,*,#6763,.F.);
#4803=ORIENTED_EDGE('',*,*,#6766,.F.);
#4804=ORIENTED_EDGE('',*,*,#6769,.F.);
#4805=ORIENTED_EDGE('',*,*,#6772,.F.);
#4806=ORIENTED_EDGE('',*,*,#6775,.F.);
#4807=ORIENTED_EDGE('',*,*,#6778,.F.);
#4808=ORIENTED_EDGE('',*,*,#6781,.F.);
#4809=ORIENTED_EDGE('',*,*,#6784,.F.);
#4810=ORIENTED_EDGE('',*,*,#6787,.F.);
#4811=ORIENTED_EDGE('',*,*,#6790,.F.);
#4812=ORIENTED_EDGE('',*,*,#6793,.F.);
#4813=ORIENTED_EDGE('',*,*,#6796,.F.);
#4814=ORIENTED_EDGE('',*,*,#6799,.F.);
#4815=ORIENTED_EDGE('',*,*,#6802,.F.);
#4816=ORIENTED_EDGE('',*,*,#6805,.F.);
#4817=ORIENTED_EDGE('',*,*,#6808,.F.);
#4818=ORIENTED_EDGE('',*,*,#6811,.F.);
#4819=ORIENTED_EDGE('',*,*,#6814,.F.);
#4820=ORIENTED_EDGE('',*,*,#6817,.F.);
#4821=ORIENTED_EDGE('',*,*,#6820,.F.);
#4822=ORIENTED_EDGE('',*,*,#6823,.F.);
#4823=ORIENTED_EDGE('',*,*,#6826,.F.);
#4824=ORIENTED_EDGE('',*,*,#6829,.F.);
#4825=ORIENTED_EDGE('',*,*,#6832,.F.);
#4826=ORIENTED_EDGE('',*,*,#6835,.F.);
#4827=ORIENTED_EDGE('',*,*,#6838,.F.);
#4828=ORIENTED_EDGE('',*,*,#6841,.F.);
#4829=ORIENTED_EDGE('',*,*,#6844,.F.);
#4830=ORIENTED_EDGE('',*,*,#6847,.F.);
#4831=ORIENTED_EDGE('',*,*,#6850,.F.);
#4832=ORIENTED_EDGE('',*,*,#6853,.F.);
#4833=ORIENTED_EDGE('',*,*,#6856,.F.);
#4834=ORIENTED_EDGE('',*,*,#6859,.F.);
#4835=ORIENTED_EDGE('',*,*,#6862,.F.);
#4836=ORIENTED_EDGE('',*,*,#6865,.F.);
#4837=ORIENTED_EDGE('',*,*,#7048,.F.);
#4838=ORIENTED_EDGE('',*,*,#6635,.T.);
#4839=ORIENTED_EDGE('',*,*,#6639,.T.);
#4840=ORIENTED_EDGE('',*,*,#6642,.T.);
#4841=ORIENTED_EDGE('',*,*,#6645,.T.);
#4842=ORIENTED_EDGE('',*,*,#6648,.T.);
#4843=ORIENTED_EDGE('',*,*,#6651,.T.);
#4844=ORIENTED_EDGE('',*,*,#6654,.T.);
#4845=ORIENTED_EDGE('',*,*,#6657,.T.);
#4846=ORIENTED_EDGE('',*,*,#6660,.T.);
#4847=ORIENTED_EDGE('',*,*,#6663,.T.);
#4848=ORIENTED_EDGE('',*,*,#6666,.T.);
#4849=ORIENTED_EDGE('',*,*,#6669,.T.);
#4850=ORIENTED_EDGE('',*,*,#6672,.T.);
#4851=ORIENTED_EDGE('',*,*,#6675,.T.);
#4852=ORIENTED_EDGE('',*,*,#6678,.T.);
#4853=ORIENTED_EDGE('',*,*,#6681,.T.);
#4854=ORIENTED_EDGE('',*,*,#6684,.T.);
#4855=ORIENTED_EDGE('',*,*,#6687,.T.);
#4856=ORIENTED_EDGE('',*,*,#6690,.T.);
#4857=ORIENTED_EDGE('',*,*,#6693,.T.);
#4858=ORIENTED_EDGE('',*,*,#6696,.T.);
#4859=ORIENTED_EDGE('',*,*,#6699,.T.);
#4860=ORIENTED_EDGE('',*,*,#6702,.T.);
#4861=ORIENTED_EDGE('',*,*,#6705,.T.);
#4862=ORIENTED_EDGE('',*,*,#6708,.T.);
#4863=ORIENTED_EDGE('',*,*,#6711,.T.);
#4864=ORIENTED_EDGE('',*,*,#6714,.T.);
#4865=ORIENTED_EDGE('',*,*,#6717,.T.);
#4866=ORIENTED_EDGE('',*,*,#6720,.T.);
#4867=ORIENTED_EDGE('',*,*,#6723,.T.);
#4868=ORIENTED_EDGE('',*,*,#6726,.T.);
#4869=ORIENTED_EDGE('',*,*,#7046,.T.);
#4870=ORIENTED_EDGE('',*,*,#6511,.T.);
#4871=ORIENTED_EDGE('',*,*,#6515,.T.);
#4872=ORIENTED_EDGE('',*,*,#6518,.T.);
#4873=ORIENTED_EDGE('',*,*,#6521,.T.);
#4874=ORIENTED_EDGE('',*,*,#6524,.T.);
#4875=ORIENTED_EDGE('',*,*,#6527,.T.);
#4876=ORIENTED_EDGE('',*,*,#6530,.T.);
#4877=ORIENTED_EDGE('',*,*,#6533,.T.);
#4878=ORIENTED_EDGE('',*,*,#6536,.T.);
#4879=ORIENTED_EDGE('',*,*,#6539,.T.);
#4880=ORIENTED_EDGE('',*,*,#6542,.T.);
#4881=ORIENTED_EDGE('',*,*,#6545,.T.);
#4882=ORIENTED_EDGE('',*,*,#6548,.T.);
#4883=ORIENTED_EDGE('',*,*,#6551,.T.);
#4884=ORIENTED_EDGE('',*,*,#6554,.T.);
#4885=ORIENTED_EDGE('',*,*,#6557,.T.);
#4886=ORIENTED_EDGE('',*,*,#6560,.T.);
#4887=ORIENTED_EDGE('',*,*,#6563,.T.);
#4888=ORIENTED_EDGE('',*,*,#6566,.T.);
#4889=ORIENTED_EDGE('',*,*,#6569,.T.);
#4890=ORIENTED_EDGE('',*,*,#6572,.T.);
#4891=ORIENTED_EDGE('',*,*,#6575,.T.);
#4892=ORIENTED_EDGE('',*,*,#6578,.T.);
#4893=ORIENTED_EDGE('',*,*,#6581,.T.);
#4894=ORIENTED_EDGE('',*,*,#6584,.T.);
#4895=ORIENTED_EDGE('',*,*,#6587,.T.);
#4896=ORIENTED_EDGE('',*,*,#6590,.T.);
#4897=ORIENTED_EDGE('',*,*,#6593,.T.);
#4898=ORIENTED_EDGE('',*,*,#6596,.T.);
#4899=ORIENTED_EDGE('',*,*,#6599,.T.);
#4900=ORIENTED_EDGE('',*,*,#6602,.T.);
#4901=ORIENTED_EDGE('',*,*,#6605,.T.);
#4902=ORIENTED_EDGE('',*,*,#6608,.T.);
#4903=ORIENTED_EDGE('',*,*,#6611,.T.);
#4904=ORIENTED_EDGE('',*,*,#6614,.T.);
#4905=ORIENTED_EDGE('',*,*,#6617,.T.);
#4906=ORIENTED_EDGE('',*,*,#6620,.T.);
#4907=ORIENTED_EDGE('',*,*,#6623,.T.);
#4908=ORIENTED_EDGE('',*,*,#6626,.T.);
#4909=ORIENTED_EDGE('',*,*,#6629,.T.);
#4910=ORIENTED_EDGE('',*,*,#6632,.T.);
#4911=ORIENTED_EDGE('',*,*,#7044,.T.);
#4912=ORIENTED_EDGE('',*,*,#6426,.T.);
#4913=ORIENTED_EDGE('',*,*,#6430,.T.);
#4914=ORIENTED_EDGE('',*,*,#6433,.T.);
#4915=ORIENTED_EDGE('',*,*,#6436,.T.);
#4916=ORIENTED_EDGE('',*,*,#6439,.T.);
#4917=ORIENTED_EDGE('',*,*,#6442,.T.);
#4918=ORIENTED_EDGE('',*,*,#6445,.T.);
#4919=ORIENTED_EDGE('',*,*,#6448,.T.);
#4920=ORIENTED_EDGE('',*,*,#6451,.T.);
#4921=ORIENTED_EDGE('',*,*,#6454,.T.);
#4922=ORIENTED_EDGE('',*,*,#6457,.T.);
#4923=ORIENTED_EDGE('',*,*,#6460,.T.);
#4924=ORIENTED_EDGE('',*,*,#6463,.T.);
#4925=ORIENTED_EDGE('',*,*,#6466,.T.);
#4926=ORIENTED_EDGE('',*,*,#6469,.T.);
#4927=ORIENTED_EDGE('',*,*,#6472,.T.);
#4928=ORIENTED_EDGE('',*,*,#6475,.T.);
#4929=ORIENTED_EDGE('',*,*,#6478,.T.);
#4930=ORIENTED_EDGE('',*,*,#6481,.T.);
#4931=ORIENTED_EDGE('',*,*,#6484,.T.);
#4932=ORIENTED_EDGE('',*,*,#6487,.T.);
#4933=ORIENTED_EDGE('',*,*,#6490,.T.);
#4934=ORIENTED_EDGE('',*,*,#6493,.T.);
#4935=ORIENTED_EDGE('',*,*,#6496,.T.);
#4936=ORIENTED_EDGE('',*,*,#6499,.T.);
#4937=ORIENTED_EDGE('',*,*,#6502,.T.);
#4938=ORIENTED_EDGE('',*,*,#6505,.T.);
#4939=ORIENTED_EDGE('',*,*,#6508,.T.);
#4940=ORIENTED_EDGE('',*,*,#7042,.T.);
#4941=ORIENTED_EDGE('',*,*,#6290,.F.);
#4942=ORIENTED_EDGE('',*,*,#6294,.F.);
#4943=ORIENTED_EDGE('',*,*,#6297,.F.);
#4944=ORIENTED_EDGE('',*,*,#6300,.F.);
#4945=ORIENTED_EDGE('',*,*,#6303,.F.);
#4946=ORIENTED_EDGE('',*,*,#6306,.F.);
#4947=ORIENTED_EDGE('',*,*,#6309,.F.);
#4948=ORIENTED_EDGE('',*,*,#6312,.F.);
#4949=ORIENTED_EDGE('',*,*,#6315,.F.);
#4950=ORIENTED_EDGE('',*,*,#6318,.F.);
#4951=ORIENTED_EDGE('',*,*,#6321,.F.);
#4952=ORIENTED_EDGE('',*,*,#6324,.F.);
#4953=ORIENTED_EDGE('',*,*,#6327,.F.);
#4954=ORIENTED_EDGE('',*,*,#6330,.F.);
#4955=ORIENTED_EDGE('',*,*,#6333,.F.);
#4956=ORIENTED_EDGE('',*,*,#6336,.F.);
#4957=ORIENTED_EDGE('',*,*,#6339,.F.);
#4958=ORIENTED_EDGE('',*,*,#6342,.F.);
#4959=ORIENTED_EDGE('',*,*,#6345,.F.);
#4960=ORIENTED_EDGE('',*,*,#6348,.F.);
#4961=ORIENTED_EDGE('',*,*,#6351,.F.);
#4962=ORIENTED_EDGE('',*,*,#6354,.F.);
#4963=ORIENTED_EDGE('',*,*,#6357,.F.);
#4964=ORIENTED_EDGE('',*,*,#6360,.F.);
#4965=ORIENTED_EDGE('',*,*,#6363,.F.);
#4966=ORIENTED_EDGE('',*,*,#6366,.F.);
#4967=ORIENTED_EDGE('',*,*,#6369,.F.);
#4968=ORIENTED_EDGE('',*,*,#6372,.F.);
#4969=ORIENTED_EDGE('',*,*,#6375,.F.);
#4970=ORIENTED_EDGE('',*,*,#6378,.F.);
#4971=ORIENTED_EDGE('',*,*,#6381,.F.);
#4972=ORIENTED_EDGE('',*,*,#6384,.F.);
#4973=ORIENTED_EDGE('',*,*,#6387,.F.);
#4974=ORIENTED_EDGE('',*,*,#6390,.F.);
#4975=ORIENTED_EDGE('',*,*,#6393,.F.);
#4976=ORIENTED_EDGE('',*,*,#6396,.F.);
#4977=ORIENTED_EDGE('',*,*,#6399,.F.);
#4978=ORIENTED_EDGE('',*,*,#6402,.F.);
#4979=ORIENTED_EDGE('',*,*,#6405,.F.);
#4980=ORIENTED_EDGE('',*,*,#6408,.F.);
#4981=ORIENTED_EDGE('',*,*,#6411,.F.);
#4982=ORIENTED_EDGE('',*,*,#6414,.F.);
#4983=ORIENTED_EDGE('',*,*,#6417,.F.);
#4984=ORIENTED_EDGE('',*,*,#6420,.F.);
#4985=ORIENTED_EDGE('',*,*,#6423,.F.);
#4986=ORIENTED_EDGE('',*,*,#7040,.F.);
#4987=ORIENTED_EDGE('',*,*,#6130,.F.);
#4988=ORIENTED_EDGE('',*,*,#6134,.F.);
#4989=ORIENTED_EDGE('',*,*,#6137,.F.);
#4990=ORIENTED_EDGE('',*,*,#6140,.F.);
#4991=ORIENTED_EDGE('',*,*,#6143,.F.);
#4992=ORIENTED_EDGE('',*,*,#6146,.F.);
#4993=ORIENTED_EDGE('',*,*,#6149,.F.);
#4994=ORIENTED_EDGE('',*,*,#6152,.F.);
#4995=ORIENTED_EDGE('',*,*,#6155,.F.);
#4996=ORIENTED_EDGE('',*,*,#6158,.F.);
#4997=ORIENTED_EDGE('',*,*,#6161,.F.);
#4998=ORIENTED_EDGE('',*,*,#6164,.F.);
#4999=ORIENTED_EDGE('',*,*,#6167,.F.);
#5000=ORIENTED_EDGE('',*,*,#6170,.F.);
#5001=ORIENTED_EDGE('',*,*,#6173,.F.);
#5002=ORIENTED_EDGE('',*,*,#6176,.F.);
#5003=ORIENTED_EDGE('',*,*,#6179,.F.);
#5004=ORIENTED_EDGE('',*,*,#6182,.F.);
#5005=ORIENTED_EDGE('',*,*,#6185,.F.);
#5006=ORIENTED_EDGE('',*,*,#6188,.F.);
#5007=ORIENTED_EDGE('',*,*,#6191,.F.);
#5008=ORIENTED_EDGE('',*,*,#6194,.F.);
#5009=ORIENTED_EDGE('',*,*,#6197,.F.);
#5010=ORIENTED_EDGE('',*,*,#6200,.F.);
#5011=ORIENTED_EDGE('',*,*,#6203,.F.);
#5012=ORIENTED_EDGE('',*,*,#6206,.F.);
#5013=ORIENTED_EDGE('',*,*,#6209,.F.);
#5014=ORIENTED_EDGE('',*,*,#6212,.F.);
#5015=ORIENTED_EDGE('',*,*,#6215,.F.);
#5016=ORIENTED_EDGE('',*,*,#6218,.F.);
#5017=ORIENTED_EDGE('',*,*,#6221,.F.);
#5018=ORIENTED_EDGE('',*,*,#6224,.F.);
#5019=ORIENTED_EDGE('',*,*,#6227,.F.);
#5020=ORIENTED_EDGE('',*,*,#6230,.F.);
#5021=ORIENTED_EDGE('',*,*,#6233,.F.);
#5022=ORIENTED_EDGE('',*,*,#6236,.F.);
#5023=ORIENTED_EDGE('',*,*,#6239,.F.);
#5024=ORIENTED_EDGE('',*,*,#6242,.F.);
#5025=ORIENTED_EDGE('',*,*,#6245,.F.);
#5026=ORIENTED_EDGE('',*,*,#6248,.F.);
#5027=ORIENTED_EDGE('',*,*,#6251,.F.);
#5028=ORIENTED_EDGE('',*,*,#6254,.F.);
#5029=ORIENTED_EDGE('',*,*,#6257,.F.);
#5030=ORIENTED_EDGE('',*,*,#6260,.F.);
#5031=ORIENTED_EDGE('',*,*,#6263,.F.);
#5032=ORIENTED_EDGE('',*,*,#6266,.F.);
#5033=ORIENTED_EDGE('',*,*,#6269,.F.);
#5034=ORIENTED_EDGE('',*,*,#6272,.F.);
#5035=ORIENTED_EDGE('',*,*,#6275,.F.);
#5036=ORIENTED_EDGE('',*,*,#6278,.F.);
#5037=ORIENTED_EDGE('',*,*,#6281,.F.);
#5038=ORIENTED_EDGE('',*,*,#6284,.F.);
#5039=ORIENTED_EDGE('',*,*,#6287,.F.);
#5040=ORIENTED_EDGE('',*,*,#7038,.F.);
#5041=ORIENTED_EDGE('',*,*,#5982,.F.);
#5042=ORIENTED_EDGE('',*,*,#5986,.F.);
#5043=ORIENTED_EDGE('',*,*,#5989,.F.);
#5044=ORIENTED_EDGE('',*,*,#5992,.F.);
#5045=ORIENTED_EDGE('',*,*,#5995,.F.);
#5046=ORIENTED_EDGE('',*,*,#5998,.F.);
#5047=ORIENTED_EDGE('',*,*,#6001,.F.);
#5048=ORIENTED_EDGE('',*,*,#6004,.F.);
#5049=ORIENTED_EDGE('',*,*,#6007,.F.);
#5050=ORIENTED_EDGE('',*,*,#6010,.F.);
#5051=ORIENTED_EDGE('',*,*,#6013,.F.);
#5052=ORIENTED_EDGE('',*,*,#6016,.F.);
#5053=ORIENTED_EDGE('',*,*,#6019,.F.);
#5054=ORIENTED_EDGE('',*,*,#6022,.F.);
#5055=ORIENTED_EDGE('',*,*,#6025,.F.);
#5056=ORIENTED_EDGE('',*,*,#6028,.F.);
#5057=ORIENTED_EDGE('',*,*,#6031,.F.);
#5058=ORIENTED_EDGE('',*,*,#6034,.F.);
#5059=ORIENTED_EDGE('',*,*,#6037,.F.);
#5060=ORIENTED_EDGE('',*,*,#6040,.F.);
#5061=ORIENTED_EDGE('',*,*,#6043,.F.);
#5062=ORIENTED_EDGE('',*,*,#6046,.F.);
#5063=ORIENTED_EDGE('',*,*,#6049,.F.);
#5064=ORIENTED_EDGE('',*,*,#6052,.F.);
#5065=ORIENTED_EDGE('',*,*,#6055,.F.);
#5066=ORIENTED_EDGE('',*,*,#6058,.F.);
#5067=ORIENTED_EDGE('',*,*,#6061,.F.);
#5068=ORIENTED_EDGE('',*,*,#6064,.F.);
#5069=ORIENTED_EDGE('',*,*,#6067,.F.);
#5070=ORIENTED_EDGE('',*,*,#6070,.F.);
#5071=ORIENTED_EDGE('',*,*,#6073,.F.);
#5072=ORIENTED_EDGE('',*,*,#6076,.F.);
#5073=ORIENTED_EDGE('',*,*,#6079,.F.);
#5074=ORIENTED_EDGE('',*,*,#6082,.F.);
#5075=ORIENTED_EDGE('',*,*,#6085,.F.);
#5076=ORIENTED_EDGE('',*,*,#6088,.F.);
#5077=ORIENTED_EDGE('',*,*,#6091,.F.);
#5078=ORIENTED_EDGE('',*,*,#6094,.F.);
#5079=ORIENTED_EDGE('',*,*,#6097,.F.);
#5080=ORIENTED_EDGE('',*,*,#6100,.F.);
#5081=ORIENTED_EDGE('',*,*,#6103,.F.);
#5082=ORIENTED_EDGE('',*,*,#6106,.F.);
#5083=ORIENTED_EDGE('',*,*,#6109,.F.);
#5084=ORIENTED_EDGE('',*,*,#6112,.F.);
#5085=ORIENTED_EDGE('',*,*,#6115,.F.);
#5086=ORIENTED_EDGE('',*,*,#6118,.F.);
#5087=ORIENTED_EDGE('',*,*,#6121,.F.);
#5088=ORIENTED_EDGE('',*,*,#6124,.F.);
#5089=ORIENTED_EDGE('',*,*,#6127,.F.);
#5090=ORIENTED_EDGE('',*,*,#7036,.F.);
#5091=ORIENTED_EDGE('',*,*,#5888,.T.);
#5092=ORIENTED_EDGE('',*,*,#5892,.T.);
#5093=ORIENTED_EDGE('',*,*,#5895,.T.);
#5094=ORIENTED_EDGE('',*,*,#5898,.T.);
#5095=ORIENTED_EDGE('',*,*,#5901,.T.);
#5096=ORIENTED_EDGE('',*,*,#5904,.T.);
#5097=ORIENTED_EDGE('',*,*,#5907,.T.);
#5098=ORIENTED_EDGE('',*,*,#5910,.T.);
#5099=ORIENTED_EDGE('',*,*,#5913,.T.);
#5100=ORIENTED_EDGE('',*,*,#5916,.T.);
#5101=ORIENTED_EDGE('',*,*,#5919,.T.);
#5102=ORIENTED_EDGE('',*,*,#5922,.T.);
#5103=ORIENTED_EDGE('',*,*,#5925,.T.);
#5104=ORIENTED_EDGE('',*,*,#5928,.T.);
#5105=ORIENTED_EDGE('',*,*,#5931,.T.);
#5106=ORIENTED_EDGE('',*,*,#5934,.T.);
#5107=ORIENTED_EDGE('',*,*,#5937,.T.);
#5108=ORIENTED_EDGE('',*,*,#5940,.T.);
#5109=ORIENTED_EDGE('',*,*,#5943,.T.);
#5110=ORIENTED_EDGE('',*,*,#5946,.T.);
#5111=ORIENTED_EDGE('',*,*,#5949,.T.);
#5112=ORIENTED_EDGE('',*,*,#5952,.T.);
#5113=ORIENTED_EDGE('',*,*,#5955,.T.);
#5114=ORIENTED_EDGE('',*,*,#5958,.T.);
#5115=ORIENTED_EDGE('',*,*,#5961,.T.);
#5116=ORIENTED_EDGE('',*,*,#5964,.T.);
#5117=ORIENTED_EDGE('',*,*,#5967,.T.);
#5118=ORIENTED_EDGE('',*,*,#5970,.T.);
#5119=ORIENTED_EDGE('',*,*,#5973,.T.);
#5120=ORIENTED_EDGE('',*,*,#5976,.T.);
#5121=ORIENTED_EDGE('',*,*,#5979,.T.);
#5122=ORIENTED_EDGE('',*,*,#7051,.T.);
#5123=ORIENTED_EDGE('',*,*,#6727,.T.);
#5124=ORIENTED_EDGE('',*,*,#7047,.T.);
#5125=ORIENTED_EDGE('',*,*,#6863,.T.);
#5126=ORIENTED_EDGE('',*,*,#6860,.T.);
#5127=ORIENTED_EDGE('',*,*,#6857,.T.);
#5128=ORIENTED_EDGE('',*,*,#6854,.T.);
#5129=ORIENTED_EDGE('',*,*,#6851,.T.);
#5130=ORIENTED_EDGE('',*,*,#6848,.T.);
#5131=ORIENTED_EDGE('',*,*,#6845,.T.);
#5132=ORIENTED_EDGE('',*,*,#6842,.T.);
#5133=ORIENTED_EDGE('',*,*,#6839,.T.);
#5134=ORIENTED_EDGE('',*,*,#6836,.T.);
#5135=ORIENTED_EDGE('',*,*,#6833,.T.);
#5136=ORIENTED_EDGE('',*,*,#6830,.T.);
#5137=ORIENTED_EDGE('',*,*,#6827,.T.);
#5138=ORIENTED_EDGE('',*,*,#6824,.T.);
#5139=ORIENTED_EDGE('',*,*,#6821,.T.);
#5140=ORIENTED_EDGE('',*,*,#6818,.T.);
#5141=ORIENTED_EDGE('',*,*,#6815,.T.);
#5142=ORIENTED_EDGE('',*,*,#6812,.T.);
#5143=ORIENTED_EDGE('',*,*,#6809,.T.);
#5144=ORIENTED_EDGE('',*,*,#6806,.T.);
#5145=ORIENTED_EDGE('',*,*,#6803,.T.);
#5146=ORIENTED_EDGE('',*,*,#6800,.T.);
#5147=ORIENTED_EDGE('',*,*,#6797,.T.);
#5148=ORIENTED_EDGE('',*,*,#6794,.T.);
#5149=ORIENTED_EDGE('',*,*,#6791,.T.);
#5150=ORIENTED_EDGE('',*,*,#6788,.T.);
#5151=ORIENTED_EDGE('',*,*,#6785,.T.);
#5152=ORIENTED_EDGE('',*,*,#6782,.T.);
#5153=ORIENTED_EDGE('',*,*,#6779,.T.);
#5154=ORIENTED_EDGE('',*,*,#6776,.T.);
#5155=ORIENTED_EDGE('',*,*,#6773,.T.);
#5156=ORIENTED_EDGE('',*,*,#6770,.T.);
#5157=ORIENTED_EDGE('',*,*,#6767,.T.);
#5158=ORIENTED_EDGE('',*,*,#6764,.T.);
#5159=ORIENTED_EDGE('',*,*,#6761,.T.);
#5160=ORIENTED_EDGE('',*,*,#6758,.T.);
#5161=ORIENTED_EDGE('',*,*,#6755,.T.);
#5162=ORIENTED_EDGE('',*,*,#6752,.T.);
#5163=ORIENTED_EDGE('',*,*,#6749,.T.);
#5164=ORIENTED_EDGE('',*,*,#6746,.T.);
#5165=ORIENTED_EDGE('',*,*,#6743,.T.);
#5166=ORIENTED_EDGE('',*,*,#6740,.T.);
#5167=ORIENTED_EDGE('',*,*,#6737,.T.);
#5168=ORIENTED_EDGE('',*,*,#6734,.T.);
#5169=ORIENTED_EDGE('',*,*,#6731,.T.);
#5170=ORIENTED_EDGE('',*,*,#6637,.F.);
#5171=ORIENTED_EDGE('',*,*,#6633,.F.);
#5172=ORIENTED_EDGE('',*,*,#7045,.F.);
#5173=ORIENTED_EDGE('',*,*,#6724,.F.);
#5174=ORIENTED_EDGE('',*,*,#6721,.F.);
#5175=ORIENTED_EDGE('',*,*,#6718,.F.);
#5176=ORIENTED_EDGE('',*,*,#6715,.F.);
#5177=ORIENTED_EDGE('',*,*,#6712,.F.);
#5178=ORIENTED_EDGE('',*,*,#6709,.F.);
#5179=ORIENTED_EDGE('',*,*,#6706,.F.);
#5180=ORIENTED_EDGE('',*,*,#6703,.F.);
#5181=ORIENTED_EDGE('',*,*,#6700,.F.);
#5182=ORIENTED_EDGE('',*,*,#6697,.F.);
#5183=ORIENTED_EDGE('',*,*,#6694,.F.);
#5184=ORIENTED_EDGE('',*,*,#6691,.F.);
#5185=ORIENTED_EDGE('',*,*,#6688,.F.);
#5186=ORIENTED_EDGE('',*,*,#6685,.F.);
#5187=ORIENTED_EDGE('',*,*,#6682,.F.);
#5188=ORIENTED_EDGE('',*,*,#6679,.F.);
#5189=ORIENTED_EDGE('',*,*,#6676,.F.);
#5190=ORIENTED_EDGE('',*,*,#6673,.F.);
#5191=ORIENTED_EDGE('',*,*,#6670,.F.);
#5192=ORIENTED_EDGE('',*,*,#6667,.F.);
#5193=ORIENTED_EDGE('',*,*,#6664,.F.);
#5194=ORIENTED_EDGE('',*,*,#6661,.F.);
#5195=ORIENTED_EDGE('',*,*,#6658,.F.);
#5196=ORIENTED_EDGE('',*,*,#6655,.F.);
#5197=ORIENTED_EDGE('',*,*,#6652,.F.);
#5198=ORIENTED_EDGE('',*,*,#6649,.F.);
#5199=ORIENTED_EDGE('',*,*,#6646,.F.);
#5200=ORIENTED_EDGE('',*,*,#6643,.F.);
#5201=ORIENTED_EDGE('',*,*,#6640,.F.);
#5202=ORIENTED_EDGE('',*,*,#6513,.F.);
#5203=ORIENTED_EDGE('',*,*,#6509,.F.);
#5204=ORIENTED_EDGE('',*,*,#7043,.F.);
#5205=ORIENTED_EDGE('',*,*,#6630,.F.);
#5206=ORIENTED_EDGE('',*,*,#6627,.F.);
#5207=ORIENTED_EDGE('',*,*,#6624,.F.);
#5208=ORIENTED_EDGE('',*,*,#6621,.F.);
#5209=ORIENTED_EDGE('',*,*,#6618,.F.);
#5210=ORIENTED_EDGE('',*,*,#6615,.F.);
#5211=ORIENTED_EDGE('',*,*,#6612,.F.);
#5212=ORIENTED_EDGE('',*,*,#6609,.F.);
#5213=ORIENTED_EDGE('',*,*,#6606,.F.);
#5214=ORIENTED_EDGE('',*,*,#6603,.F.);
#5215=ORIENTED_EDGE('',*,*,#6600,.F.);
#5216=ORIENTED_EDGE('',*,*,#6597,.F.);
#5217=ORIENTED_EDGE('',*,*,#6594,.F.);
#5218=ORIENTED_EDGE('',*,*,#6591,.F.);
#5219=ORIENTED_EDGE('',*,*,#6588,.F.);
#5220=ORIENTED_EDGE('',*,*,#6585,.F.);
#5221=ORIENTED_EDGE('',*,*,#6582,.F.);
#5222=ORIENTED_EDGE('',*,*,#6579,.F.);
#5223=ORIENTED_EDGE('',*,*,#6576,.F.);
#5224=ORIENTED_EDGE('',*,*,#6573,.F.);
#5225=ORIENTED_EDGE('',*,*,#6570,.F.);
#5226=ORIENTED_EDGE('',*,*,#6567,.F.);
#5227=ORIENTED_EDGE('',*,*,#6564,.F.);
#5228=ORIENTED_EDGE('',*,*,#6561,.F.);
#5229=ORIENTED_EDGE('',*,*,#6558,.F.);
#5230=ORIENTED_EDGE('',*,*,#6555,.F.);
#5231=ORIENTED_EDGE('',*,*,#6552,.F.);
#5232=ORIENTED_EDGE('',*,*,#6549,.F.);
#5233=ORIENTED_EDGE('',*,*,#6546,.F.);
#5234=ORIENTED_EDGE('',*,*,#6543,.F.);
#5235=ORIENTED_EDGE('',*,*,#6540,.F.);
#5236=ORIENTED_EDGE('',*,*,#6537,.F.);
#5237=ORIENTED_EDGE('',*,*,#6534,.F.);
#5238=ORIENTED_EDGE('',*,*,#6531,.F.);
#5239=ORIENTED_EDGE('',*,*,#6528,.F.);
#5240=ORIENTED_EDGE('',*,*,#6525,.F.);
#5241=ORIENTED_EDGE('',*,*,#6522,.F.);
#5242=ORIENTED_EDGE('',*,*,#6519,.F.);
#5243=ORIENTED_EDGE('',*,*,#6516,.F.);
#5244=ORIENTED_EDGE('',*,*,#7052,.F.);
#5245=ORIENTED_EDGE('',*,*,#7053,.F.);
#5246=ORIENTED_EDGE('',*,*,#7054,.F.);
#5247=ORIENTED_EDGE('',*,*,#7055,.F.);
#5248=ORIENTED_EDGE('',*,*,#7056,.F.);
#5249=ORIENTED_EDGE('',*,*,#7057,.F.);
#5250=ORIENTED_EDGE('',*,*,#7058,.F.);
#5251=ORIENTED_EDGE('',*,*,#7059,.F.);
#5252=ORIENTED_EDGE('',*,*,#7060,.F.);
#5253=ORIENTED_EDGE('',*,*,#7061,.F.);
#5254=ORIENTED_EDGE('',*,*,#7062,.F.);
#5255=ORIENTED_EDGE('',*,*,#7063,.F.);
#5256=ORIENTED_EDGE('',*,*,#7064,.F.);
#5257=ORIENTED_EDGE('',*,*,#7065,.F.);
#5258=ORIENTED_EDGE('',*,*,#7066,.F.);
#5259=ORIENTED_EDGE('',*,*,#7067,.F.);
#5260=ORIENTED_EDGE('',*,*,#7068,.F.);
#5261=ORIENTED_EDGE('',*,*,#7069,.F.);
#5262=ORIENTED_EDGE('',*,*,#7070,.F.);
#5263=ORIENTED_EDGE('',*,*,#7071,.F.);
#5264=ORIENTED_EDGE('',*,*,#7072,.F.);
#5265=ORIENTED_EDGE('',*,*,#7073,.F.);
#5266=ORIENTED_EDGE('',*,*,#7074,.F.);
#5267=ORIENTED_EDGE('',*,*,#7075,.F.);
#5268=ORIENTED_EDGE('',*,*,#6428,.F.);
#5269=ORIENTED_EDGE('',*,*,#6424,.F.);
#5270=ORIENTED_EDGE('',*,*,#7041,.F.);
#5271=ORIENTED_EDGE('',*,*,#6506,.F.);
#5272=ORIENTED_EDGE('',*,*,#6503,.F.);
#5273=ORIENTED_EDGE('',*,*,#6500,.F.);
#5274=ORIENTED_EDGE('',*,*,#6497,.F.);
#5275=ORIENTED_EDGE('',*,*,#6494,.F.);
#5276=ORIENTED_EDGE('',*,*,#6491,.F.);
#5277=ORIENTED_EDGE('',*,*,#6488,.F.);
#5278=ORIENTED_EDGE('',*,*,#6485,.F.);
#5279=ORIENTED_EDGE('',*,*,#6482,.F.);
#5280=ORIENTED_EDGE('',*,*,#6479,.F.);
#5281=ORIENTED_EDGE('',*,*,#6476,.F.);
#5282=ORIENTED_EDGE('',*,*,#6473,.F.);
#5283=ORIENTED_EDGE('',*,*,#6470,.F.);
#5284=ORIENTED_EDGE('',*,*,#6467,.F.);
#5285=ORIENTED_EDGE('',*,*,#6464,.F.);
#5286=ORIENTED_EDGE('',*,*,#6461,.F.);
#5287=ORIENTED_EDGE('',*,*,#6458,.F.);
#5288=ORIENTED_EDGE('',*,*,#6455,.F.);
#5289=ORIENTED_EDGE('',*,*,#6452,.F.);
#5290=ORIENTED_EDGE('',*,*,#6449,.F.);
#5291=ORIENTED_EDGE('',*,*,#6446,.F.);
#5292=ORIENTED_EDGE('',*,*,#6443,.F.);
#5293=ORIENTED_EDGE('',*,*,#6440,.F.);
#5294=ORIENTED_EDGE('',*,*,#6437,.F.);
#5295=ORIENTED_EDGE('',*,*,#6434,.F.);
#5296=ORIENTED_EDGE('',*,*,#6431,.F.);
#5297=ORIENTED_EDGE('',*,*,#6288,.T.);
#5298=ORIENTED_EDGE('',*,*,#7039,.T.);
#5299=ORIENTED_EDGE('',*,*,#6421,.T.);
#5300=ORIENTED_EDGE('',*,*,#6418,.T.);
#5301=ORIENTED_EDGE('',*,*,#6415,.T.);
#5302=ORIENTED_EDGE('',*,*,#6412,.T.);
#5303=ORIENTED_EDGE('',*,*,#6409,.T.);
#5304=ORIENTED_EDGE('',*,*,#6406,.T.);
#5305=ORIENTED_EDGE('',*,*,#6403,.T.);
#5306=ORIENTED_EDGE('',*,*,#6400,.T.);
#5307=ORIENTED_EDGE('',*,*,#6397,.T.);
#5308=ORIENTED_EDGE('',*,*,#6394,.T.);
#5309=ORIENTED_EDGE('',*,*,#6391,.T.);
#5310=ORIENTED_EDGE('',*,*,#6388,.T.);
#5311=ORIENTED_EDGE('',*,*,#6385,.T.);
#5312=ORIENTED_EDGE('',*,*,#6382,.T.);
#5313=ORIENTED_EDGE('',*,*,#6379,.T.);
#5314=ORIENTED_EDGE('',*,*,#6376,.T.);
#5315=ORIENTED_EDGE('',*,*,#6373,.T.);
#5316=ORIENTED_EDGE('',*,*,#6370,.T.);
#5317=ORIENTED_EDGE('',*,*,#6367,.T.);
#5318=ORIENTED_EDGE('',*,*,#6364,.T.);
#5319=ORIENTED_EDGE('',*,*,#6361,.T.);
#5320=ORIENTED_EDGE('',*,*,#6358,.T.);
#5321=ORIENTED_EDGE('',*,*,#6355,.T.);
#5322=ORIENTED_EDGE('',*,*,#6352,.T.);
#5323=ORIENTED_EDGE('',*,*,#6349,.T.);
#5324=ORIENTED_EDGE('',*,*,#6346,.T.);
#5325=ORIENTED_EDGE('',*,*,#6343,.T.);
#5326=ORIENTED_EDGE('',*,*,#6340,.T.);
#5327=ORIENTED_EDGE('',*,*,#6337,.T.);
#5328=ORIENTED_EDGE('',*,*,#6334,.T.);
#5329=ORIENTED_EDGE('',*,*,#6331,.T.);
#5330=ORIENTED_EDGE('',*,*,#6328,.T.);
#5331=ORIENTED_EDGE('',*,*,#6325,.T.);
#5332=ORIENTED_EDGE('',*,*,#6322,.T.);
#5333=ORIENTED_EDGE('',*,*,#6319,.T.);
#5334=ORIENTED_EDGE('',*,*,#6316,.T.);
#5335=ORIENTED_EDGE('',*,*,#6313,.T.);
#5336=ORIENTED_EDGE('',*,*,#6310,.T.);
#5337=ORIENTED_EDGE('',*,*,#6307,.T.);
#5338=ORIENTED_EDGE('',*,*,#6304,.T.);
#5339=ORIENTED_EDGE('',*,*,#6301,.T.);
#5340=ORIENTED_EDGE('',*,*,#6298,.T.);
#5341=ORIENTED_EDGE('',*,*,#6295,.T.);
#5342=ORIENTED_EDGE('',*,*,#6292,.T.);
#5343=ORIENTED_EDGE('',*,*,#6128,.T.);
#5344=ORIENTED_EDGE('',*,*,#7037,.T.);
#5345=ORIENTED_EDGE('',*,*,#6285,.T.);
#5346=ORIENTED_EDGE('',*,*,#6282,.T.);
#5347=ORIENTED_EDGE('',*,*,#6279,.T.);
#5348=ORIENTED_EDGE('',*,*,#6276,.T.);
#5349=ORIENTED_EDGE('',*,*,#6273,.T.);
#5350=ORIENTED_EDGE('',*,*,#6270,.T.);
#5351=ORIENTED_EDGE('',*,*,#6267,.T.);
#5352=ORIENTED_EDGE('',*,*,#6264,.T.);
#5353=ORIENTED_EDGE('',*,*,#6261,.T.);
#5354=ORIENTED_EDGE('',*,*,#6258,.T.);
#5355=ORIENTED_EDGE('',*,*,#6255,.T.);
#5356=ORIENTED_EDGE('',*,*,#6252,.T.);
#5357=ORIENTED_EDGE('',*,*,#6249,.T.);
#5358=ORIENTED_EDGE('',*,*,#6246,.T.);
#5359=ORIENTED_EDGE('',*,*,#6243,.T.);
#5360=ORIENTED_EDGE('',*,*,#6240,.T.);
#5361=ORIENTED_EDGE('',*,*,#6237,.T.);
#5362=ORIENTED_EDGE('',*,*,#6234,.T.);
#5363=ORIENTED_EDGE('',*,*,#6231,.T.);
#5364=ORIENTED_EDGE('',*,*,#6228,.T.);
#5365=ORIENTED_EDGE('',*,*,#6225,.T.);
#5366=ORIENTED_EDGE('',*,*,#6222,.T.);
#5367=ORIENTED_EDGE('',*,*,#6219,.T.);
#5368=ORIENTED_EDGE('',*,*,#6216,.T.);
#5369=ORIENTED_EDGE('',*,*,#6213,.T.);
#5370=ORIENTED_EDGE('',*,*,#6210,.T.);
#5371=ORIENTED_EDGE('',*,*,#6207,.T.);
#5372=ORIENTED_EDGE('',*,*,#6204,.T.);
#5373=ORIENTED_EDGE('',*,*,#6201,.T.);
#5374=ORIENTED_EDGE('',*,*,#6198,.T.);
#5375=ORIENTED_EDGE('',*,*,#6195,.T.);
#5376=ORIENTED_EDGE('',*,*,#6192,.T.);
#5377=ORIENTED_EDGE('',*,*,#6189,.T.);
#5378=ORIENTED_EDGE('',*,*,#6186,.T.);
#5379=ORIENTED_EDGE('',*,*,#6183,.T.);
#5380=ORIENTED_EDGE('',*,*,#6180,.T.);
#5381=ORIENTED_EDGE('',*,*,#6177,.T.);
#5382=ORIENTED_EDGE('',*,*,#6174,.T.);
#5383=ORIENTED_EDGE('',*,*,#6171,.T.);
#5384=ORIENTED_EDGE('',*,*,#6168,.T.);
#5385=ORIENTED_EDGE('',*,*,#6165,.T.);
#5386=ORIENTED_EDGE('',*,*,#6162,.T.);
#5387=ORIENTED_EDGE('',*,*,#6159,.T.);
#5388=ORIENTED_EDGE('',*,*,#6156,.T.);
#5389=ORIENTED_EDGE('',*,*,#6153,.T.);
#5390=ORIENTED_EDGE('',*,*,#6150,.T.);
#5391=ORIENTED_EDGE('',*,*,#6147,.T.);
#5392=ORIENTED_EDGE('',*,*,#6144,.T.);
#5393=ORIENTED_EDGE('',*,*,#6141,.T.);
#5394=ORIENTED_EDGE('',*,*,#6138,.T.);
#5395=ORIENTED_EDGE('',*,*,#6135,.T.);
#5396=ORIENTED_EDGE('',*,*,#6132,.T.);
#5397=ORIENTED_EDGE('',*,*,#5980,.T.);
#5398=ORIENTED_EDGE('',*,*,#7035,.T.);
#5399=ORIENTED_EDGE('',*,*,#6125,.T.);
#5400=ORIENTED_EDGE('',*,*,#6122,.T.);
#5401=ORIENTED_EDGE('',*,*,#6119,.T.);
#5402=ORIENTED_EDGE('',*,*,#6116,.T.);
#5403=ORIENTED_EDGE('',*,*,#6113,.T.);
#5404=ORIENTED_EDGE('',*,*,#6110,.T.);
#5405=ORIENTED_EDGE('',*,*,#6107,.T.);
#5406=ORIENTED_EDGE('',*,*,#6104,.T.);
#5407=ORIENTED_EDGE('',*,*,#6101,.T.);
#5408=ORIENTED_EDGE('',*,*,#6098,.T.);
#5409=ORIENTED_EDGE('',*,*,#6095,.T.);
#5410=ORIENTED_EDGE('',*,*,#6092,.T.);
#5411=ORIENTED_EDGE('',*,*,#6089,.T.);
#5412=ORIENTED_EDGE('',*,*,#6086,.T.);
#5413=ORIENTED_EDGE('',*,*,#6083,.T.);
#5414=ORIENTED_EDGE('',*,*,#6080,.T.);
#5415=ORIENTED_EDGE('',*,*,#6077,.T.);
#5416=ORIENTED_EDGE('',*,*,#6074,.T.);
#5417=ORIENTED_EDGE('',*,*,#6071,.T.);
#5418=ORIENTED_EDGE('',*,*,#6068,.T.);
#5419=ORIENTED_EDGE('',*,*,#6065,.T.);
#5420=ORIENTED_EDGE('',*,*,#6062,.T.);
#5421=ORIENTED_EDGE('',*,*,#6059,.T.);
#5422=ORIENTED_EDGE('',*,*,#6056,.T.);
#5423=ORIENTED_EDGE('',*,*,#6053,.T.);
#5424=ORIENTED_EDGE('',*,*,#6050,.T.);
#5425=ORIENTED_EDGE('',*,*,#6047,.T.);
#5426=ORIENTED_EDGE('',*,*,#6044,.T.);
#5427=ORIENTED_EDGE('',*,*,#6041,.T.);
#5428=ORIENTED_EDGE('',*,*,#6038,.T.);
#5429=ORIENTED_EDGE('',*,*,#6035,.T.);
#5430=ORIENTED_EDGE('',*,*,#6032,.T.);
#5431=ORIENTED_EDGE('',*,*,#6029,.T.);
#5432=ORIENTED_EDGE('',*,*,#6026,.T.);
#5433=ORIENTED_EDGE('',*,*,#6023,.T.);
#5434=ORIENTED_EDGE('',*,*,#6020,.T.);
#5435=ORIENTED_EDGE('',*,*,#6017,.T.);
#5436=ORIENTED_EDGE('',*,*,#6014,.T.);
#5437=ORIENTED_EDGE('',*,*,#6011,.T.);
#5438=ORIENTED_EDGE('',*,*,#6008,.T.);
#5439=ORIENTED_EDGE('',*,*,#6005,.T.);
#5440=ORIENTED_EDGE('',*,*,#6002,.T.);
#5441=ORIENTED_EDGE('',*,*,#5999,.T.);
#5442=ORIENTED_EDGE('',*,*,#5996,.T.);
#5443=ORIENTED_EDGE('',*,*,#5993,.T.);
#5444=ORIENTED_EDGE('',*,*,#5990,.T.);
#5445=ORIENTED_EDGE('',*,*,#5987,.T.);
#5446=ORIENTED_EDGE('',*,*,#5984,.T.);
#5447=ORIENTED_EDGE('',*,*,#7067,.T.);
#5448=ORIENTED_EDGE('',*,*,#7076,.F.);
#5449=ORIENTED_EDGE('',*,*,#7077,.F.);
#5450=ORIENTED_EDGE('',*,*,#7078,.T.);
#5451=ORIENTED_EDGE('',*,*,#7066,.T.);
#5452=ORIENTED_EDGE('',*,*,#7079,.F.);
#5453=ORIENTED_EDGE('',*,*,#7080,.F.);
#5454=ORIENTED_EDGE('',*,*,#7076,.T.);
#5455=ORIENTED_EDGE('',*,*,#7075,.T.);
#5456=ORIENTED_EDGE('',*,*,#7081,.F.);
#5457=ORIENTED_EDGE('',*,*,#7082,.F.);
#5458=ORIENTED_EDGE('',*,*,#7079,.T.);
#5459=ORIENTED_EDGE('',*,*,#7074,.T.);
#5460=ORIENTED_EDGE('',*,*,#7083,.F.);
#5461=ORIENTED_EDGE('',*,*,#7084,.F.);
#5462=ORIENTED_EDGE('',*,*,#7081,.T.);
#5463=ORIENTED_EDGE('',*,*,#7073,.T.);
#5464=ORIENTED_EDGE('',*,*,#7085,.F.);
#5465=ORIENTED_EDGE('',*,*,#7086,.F.);
#5466=ORIENTED_EDGE('',*,*,#7083,.T.);
#5467=ORIENTED_EDGE('',*,*,#7072,.T.);
#5468=ORIENTED_EDGE('',*,*,#7087,.F.);
#5469=ORIENTED_EDGE('',*,*,#7088,.F.);
#5470=ORIENTED_EDGE('',*,*,#7085,.T.);
#5471=ORIENTED_EDGE('',*,*,#7071,.T.);
#5472=ORIENTED_EDGE('',*,*,#7089,.F.);
#5473=ORIENTED_EDGE('',*,*,#7090,.F.);
#5474=ORIENTED_EDGE('',*,*,#7087,.T.);
#5475=ORIENTED_EDGE('',*,*,#7070,.T.);
#5476=ORIENTED_EDGE('',*,*,#7091,.F.);
#5477=ORIENTED_EDGE('',*,*,#7092,.F.);
#5478=ORIENTED_EDGE('',*,*,#7089,.T.);
#5479=ORIENTED_EDGE('',*,*,#7069,.T.);
#5480=ORIENTED_EDGE('',*,*,#7093,.F.);
#5481=ORIENTED_EDGE('',*,*,#7094,.F.);
#5482=ORIENTED_EDGE('',*,*,#7091,.T.);
#5483=ORIENTED_EDGE('',*,*,#7068,.T.);
#5484=ORIENTED_EDGE('',*,*,#7078,.F.);
#5485=ORIENTED_EDGE('',*,*,#7095,.F.);
#5486=ORIENTED_EDGE('',*,*,#7093,.T.);
#5487=ORIENTED_EDGE('',*,*,#7077,.T.);
#5488=ORIENTED_EDGE('',*,*,#7080,.T.);
#5489=ORIENTED_EDGE('',*,*,#7082,.T.);
#5490=ORIENTED_EDGE('',*,*,#7084,.T.);
#5491=ORIENTED_EDGE('',*,*,#7086,.T.);
#5492=ORIENTED_EDGE('',*,*,#7088,.T.);
#5493=ORIENTED_EDGE('',*,*,#7090,.T.);
#5494=ORIENTED_EDGE('',*,*,#7092,.T.);
#5495=ORIENTED_EDGE('',*,*,#7094,.T.);
#5496=ORIENTED_EDGE('',*,*,#7095,.T.);
#5497=ORIENTED_EDGE('',*,*,#7053,.T.);
#5498=ORIENTED_EDGE('',*,*,#7096,.F.);
#5499=ORIENTED_EDGE('',*,*,#7097,.F.);
#5500=ORIENTED_EDGE('',*,*,#7098,.T.);
#5501=ORIENTED_EDGE('',*,*,#7052,.T.);
#5502=ORIENTED_EDGE('',*,*,#7099,.F.);
#5503=ORIENTED_EDGE('',*,*,#7100,.F.);
#5504=ORIENTED_EDGE('',*,*,#7096,.T.);
#5505=ORIENTED_EDGE('',*,*,#7065,.T.);
#5506=ORIENTED_EDGE('',*,*,#7101,.F.);
#5507=ORIENTED_EDGE('',*,*,#7102,.F.);
#5508=ORIENTED_EDGE('',*,*,#7099,.T.);
#5509=ORIENTED_EDGE('',*,*,#7064,.T.);
#5510=ORIENTED_EDGE('',*,*,#7103,.F.);
#5511=ORIENTED_EDGE('',*,*,#7104,.F.);
#5512=ORIENTED_EDGE('',*,*,#7101,.T.);
#5513=ORIENTED_EDGE('',*,*,#7063,.T.);
#5514=ORIENTED_EDGE('',*,*,#7105,.F.);
#5515=ORIENTED_EDGE('',*,*,#7106,.F.);
#5516=ORIENTED_EDGE('',*,*,#7103,.T.);
#5517=ORIENTED_EDGE('',*,*,#7062,.T.);
#5518=ORIENTED_EDGE('',*,*,#7107,.F.);
#5519=ORIENTED_EDGE('',*,*,#7108,.F.);
#5520=ORIENTED_EDGE('',*,*,#7105,.T.);
#5521=ORIENTED_EDGE('',*,*,#7061,.T.);
#5522=ORIENTED_EDGE('',*,*,#7109,.F.);
#5523=ORIENTED_EDGE('',*,*,#7110,.F.);
#5524=ORIENTED_EDGE('',*,*,#7107,.T.);
#5525=ORIENTED_EDGE('',*,*,#7060,.T.);
#5526=ORIENTED_EDGE('',*,*,#7111,.F.);
#5527=ORIENTED_EDGE('',*,*,#7112,.F.);
#5528=ORIENTED_EDGE('',*,*,#7109,.T.);
#5529=ORIENTED_EDGE('',*,*,#7059,.T.);
#5530=ORIENTED_EDGE('',*,*,#7113,.F.);
#5531=ORIENTED_EDGE('',*,*,#7114,.F.);
#5532=ORIENTED_EDGE('',*,*,#7111,.T.);
#5533=ORIENTED_EDGE('',*,*,#7058,.T.);
#5534=ORIENTED_EDGE('',*,*,#7115,.F.);
#5535=ORIENTED_EDGE('',*,*,#7116,.F.);
#5536=ORIENTED_EDGE('',*,*,#7113,.T.);
#5537=ORIENTED_EDGE('',*,*,#7057,.T.);
#5538=ORIENTED_EDGE('',*,*,#7117,.F.);
#5539=ORIENTED_EDGE('',*,*,#7118,.F.);
#5540=ORIENTED_EDGE('',*,*,#7115,.T.);
#5541=ORIENTED_EDGE('',*,*,#7056,.T.);
#5542=ORIENTED_EDGE('',*,*,#7119,.F.);
#5543=ORIENTED_EDGE('',*,*,#7120,.F.);
#5544=ORIENTED_EDGE('',*,*,#7117,.T.);
#5545=ORIENTED_EDGE('',*,*,#7055,.T.);
#5546=ORIENTED_EDGE('',*,*,#7121,.F.);
#5547=ORIENTED_EDGE('',*,*,#7122,.F.);
#5548=ORIENTED_EDGE('',*,*,#7119,.T.);
#5549=ORIENTED_EDGE('',*,*,#7054,.T.);
#5550=ORIENTED_EDGE('',*,*,#7098,.F.);
#5551=ORIENTED_EDGE('',*,*,#7123,.F.);
#5552=ORIENTED_EDGE('',*,*,#7121,.T.);
#5553=ORIENTED_EDGE('',*,*,#7097,.T.);
#5554=ORIENTED_EDGE('',*,*,#7100,.T.);
#5555=ORIENTED_EDGE('',*,*,#7102,.T.);
#5556=ORIENTED_EDGE('',*,*,#7104,.T.);
#5557=ORIENTED_EDGE('',*,*,#7106,.T.);
#5558=ORIENTED_EDGE('',*,*,#7108,.T.);
#5559=ORIENTED_EDGE('',*,*,#7110,.T.);
#5560=ORIENTED_EDGE('',*,*,#7112,.T.);
#5561=ORIENTED_EDGE('',*,*,#7114,.T.);
#5562=ORIENTED_EDGE('',*,*,#7116,.T.);
#5563=ORIENTED_EDGE('',*,*,#7118,.T.);
#5564=ORIENTED_EDGE('',*,*,#7120,.T.);
#5565=ORIENTED_EDGE('',*,*,#7122,.T.);
#5566=ORIENTED_EDGE('',*,*,#7123,.T.);
#5567=ORIENTED_EDGE('',*,*,#7124,.F.);
#5568=ORIENTED_EDGE('',*,*,#7125,.F.);
#5569=ORIENTED_EDGE('',*,*,#7126,.F.);
#5570=ORIENTED_EDGE('',*,*,#7127,.F.);
#5571=ORIENTED_EDGE('',*,*,#7128,.F.);
#5572=ORIENTED_EDGE('',*,*,#7129,.F.);
#5573=ORIENTED_EDGE('',*,*,#7130,.F.);
#5574=ORIENTED_EDGE('',*,*,#5890,.F.);
#5575=ORIENTED_EDGE('',*,*,#5886,.F.);
#5576=ORIENTED_EDGE('',*,*,#7050,.F.);
#5577=ORIENTED_EDGE('',*,*,#5977,.F.);
#5578=ORIENTED_EDGE('',*,*,#5974,.F.);
#5579=ORIENTED_EDGE('',*,*,#5971,.F.);
#5580=ORIENTED_EDGE('',*,*,#5968,.F.);
#5581=ORIENTED_EDGE('',*,*,#5965,.F.);
#5582=ORIENTED_EDGE('',*,*,#5962,.F.);
#5583=ORIENTED_EDGE('',*,*,#5959,.F.);
#5584=ORIENTED_EDGE('',*,*,#5956,.F.);
#5585=ORIENTED_EDGE('',*,*,#5953,.F.);
#5586=ORIENTED_EDGE('',*,*,#5950,.F.);
#5587=ORIENTED_EDGE('',*,*,#5947,.F.);
#5588=ORIENTED_EDGE('',*,*,#5944,.F.);
#5589=ORIENTED_EDGE('',*,*,#5941,.F.);
#5590=ORIENTED_EDGE('',*,*,#5938,.F.);
#5591=ORIENTED_EDGE('',*,*,#5935,.F.);
#5592=ORIENTED_EDGE('',*,*,#5932,.F.);
#5593=ORIENTED_EDGE('',*,*,#5929,.F.);
#5594=ORIENTED_EDGE('',*,*,#5926,.F.);
#5595=ORIENTED_EDGE('',*,*,#5923,.F.);
#5596=ORIENTED_EDGE('',*,*,#5920,.F.);
#5597=ORIENTED_EDGE('',*,*,#5917,.F.);
#5598=ORIENTED_EDGE('',*,*,#5914,.F.);
#5599=ORIENTED_EDGE('',*,*,#5911,.F.);
#5600=ORIENTED_EDGE('',*,*,#5908,.F.);
#5601=ORIENTED_EDGE('',*,*,#5905,.F.);
#5602=ORIENTED_EDGE('',*,*,#5902,.F.);
#5603=ORIENTED_EDGE('',*,*,#5899,.F.);
#5604=ORIENTED_EDGE('',*,*,#5896,.F.);
#5605=ORIENTED_EDGE('',*,*,#5893,.F.);
#5606=ORIENTED_EDGE('',*,*,#7125,.T.);
#5607=ORIENTED_EDGE('',*,*,#7131,.F.);
#5608=ORIENTED_EDGE('',*,*,#7132,.F.);
#5609=ORIENTED_EDGE('',*,*,#7133,.T.);
#5610=ORIENTED_EDGE('',*,*,#7124,.T.);
#5611=ORIENTED_EDGE('',*,*,#7134,.F.);
#5612=ORIENTED_EDGE('',*,*,#7135,.F.);
#5613=ORIENTED_EDGE('',*,*,#7131,.T.);
#5614=ORIENTED_EDGE('',*,*,#7130,.T.);
#5615=ORIENTED_EDGE('',*,*,#7136,.F.);
#5616=ORIENTED_EDGE('',*,*,#7137,.F.);
#5617=ORIENTED_EDGE('',*,*,#7134,.T.);
#5618=ORIENTED_EDGE('',*,*,#7129,.T.);
#5619=ORIENTED_EDGE('',*,*,#7138,.F.);
#5620=ORIENTED_EDGE('',*,*,#7139,.F.);
#5621=ORIENTED_EDGE('',*,*,#7136,.T.);
#5622=ORIENTED_EDGE('',*,*,#7128,.T.);
#5623=ORIENTED_EDGE('',*,*,#7140,.F.);
#5624=ORIENTED_EDGE('',*,*,#7141,.F.);
#5625=ORIENTED_EDGE('',*,*,#7138,.T.);
#5626=ORIENTED_EDGE('',*,*,#7127,.T.);
#5627=ORIENTED_EDGE('',*,*,#7142,.F.);
#5628=ORIENTED_EDGE('',*,*,#7143,.F.);
#5629=ORIENTED_EDGE('',*,*,#7140,.T.);
#5630=ORIENTED_EDGE('',*,*,#7126,.T.);
#5631=ORIENTED_EDGE('',*,*,#7133,.F.);
#5632=ORIENTED_EDGE('',*,*,#7144,.F.);
#5633=ORIENTED_EDGE('',*,*,#7142,.T.);
#5634=ORIENTED_EDGE('',*,*,#7132,.T.);
#5635=ORIENTED_EDGE('',*,*,#7135,.T.);
#5636=ORIENTED_EDGE('',*,*,#7137,.T.);
#5637=ORIENTED_EDGE('',*,*,#7139,.T.);
#5638=ORIENTED_EDGE('',*,*,#7141,.T.);
#5639=ORIENTED_EDGE('',*,*,#7143,.T.);
#5640=ORIENTED_EDGE('',*,*,#7144,.T.);
#5641=ORIENTED_EDGE('',*,*,#5737,.T.);
#5642=ORIENTED_EDGE('',*,*,#5862,.F.);
#5643=ORIENTED_EDGE('',*,*,#7145,.F.);
#5644=ORIENTED_EDGE('',*,*,#5871,.T.);
#5645=ORIENTED_EDGE('',*,*,#7146,.T.);
#5646=ORIENTED_EDGE('',*,*,#7147,.T.);
#5647=ORIENTED_EDGE('',*,*,#5751,.F.);
#5648=ORIENTED_EDGE('',*,*,#7148,.T.);
#5649=ORIENTED_EDGE('',*,*,#7149,.F.);
#5650=ORIENTED_EDGE('',*,*,#7150,.T.);
#5651=ORIENTED_EDGE('',*,*,#5741,.T.);
#5652=ORIENTED_EDGE('',*,*,#7151,.T.);
#5653=ORIENTED_EDGE('',*,*,#7152,.T.);
#5654=ORIENTED_EDGE('',*,*,#7153,.T.);
#5655=ORIENTED_EDGE('',*,*,#7154,.T.);
#5656=ORIENTED_EDGE('',*,*,#7155,.T.);
#5657=ORIENTED_EDGE('',*,*,#7149,.T.);
#5658=ORIENTED_EDGE('',*,*,#7156,.T.);
#5659=ORIENTED_EDGE('',*,*,#7146,.F.);
#5660=ORIENTED_EDGE('',*,*,#7157,.T.);
#5661=ORIENTED_EDGE('',*,*,#5866,.F.);
#5662=ORIENTED_EDGE('',*,*,#7145,.T.);
#5663=ORIENTED_EDGE('',*,*,#5861,.T.);
#5664=ORIENTED_EDGE('',*,*,#7158,.T.);
#5665=ORIENTED_EDGE('',*,*,#7159,.F.);
#5666=ORIENTED_EDGE('',*,*,#5841,.F.);
#5667=ORIENTED_EDGE('',*,*,#7160,.F.);
#5668=ORIENTED_EDGE('',*,*,#7155,.F.);
#5669=ORIENTED_EDGE('',*,*,#7160,.T.);
#5670=ORIENTED_EDGE('',*,*,#5840,.F.);
#5671=ORIENTED_EDGE('',*,*,#7161,.F.);
#5672=ORIENTED_EDGE('',*,*,#7152,.F.);
#5673=ORIENTED_EDGE('',*,*,#7159,.T.);
#5674=ORIENTED_EDGE('',*,*,#7154,.F.);
#5675=ORIENTED_EDGE('',*,*,#7162,.F.);
#5676=ORIENTED_EDGE('',*,*,#5838,.F.);
#5677=ORIENTED_EDGE('',*,*,#7161,.T.);
#5678=ORIENTED_EDGE('',*,*,#5839,.F.);
#5679=ORIENTED_EDGE('',*,*,#7162,.T.);
#5680=ORIENTED_EDGE('',*,*,#7153,.F.);
#5681=ORIENTED_EDGE('',*,*,#7163,.T.);
#5682=ORIENTED_EDGE('',*,*,#5740,.F.);
#5683=ORIENTED_EDGE('',*,*,#7164,.F.);
#5684=ORIENTED_EDGE('',*,*,#7163,.F.);
#5685=ORIENTED_EDGE('',*,*,#7165,.T.);
#5686=ORIENTED_EDGE('',*,*,#5739,.F.);
#5687=ORIENTED_EDGE('',*,*,#7166,.F.);
#5688=ORIENTED_EDGE('',*,*,#7165,.F.);
#5689=ORIENTED_EDGE('',*,*,#7167,.T.);
#5690=ORIENTED_EDGE('',*,*,#5738,.F.);
#5691=ORIENTED_EDGE('',*,*,#7168,.F.);
#5692=ORIENTED_EDGE('',*,*,#7167,.F.);
#5693=ORIENTED_EDGE('',*,*,#7169,.T.);
#5694=ORIENTED_EDGE('',*,*,#5733,.F.);
#5695=ORIENTED_EDGE('',*,*,#7170,.F.);
#5696=ORIENTED_EDGE('',*,*,#7169,.F.);
#5697=ORIENTED_EDGE('',*,*,#5877,.F.);
#5698=ORIENTED_EDGE('',*,*,#7170,.T.);
#5699=ORIENTED_EDGE('',*,*,#5878,.F.);
#5700=ORIENTED_EDGE('',*,*,#7168,.T.);
#5701=ORIENTED_EDGE('',*,*,#5876,.F.);
#5702=ORIENTED_EDGE('',*,*,#7166,.T.);
#5703=ORIENTED_EDGE('',*,*,#5875,.F.);
#5704=ORIENTED_EDGE('',*,*,#7164,.T.);
#5705=ORIENTED_EDGE('',*,*,#7158,.F.);
#5706=ORIENTED_EDGE('',*,*,#5860,.F.);
#5707=ORIENTED_EDGE('',*,*,#5742,.F.);
#5708=ORIENTED_EDGE('',*,*,#7150,.F.);
#5709=ORIENTED_EDGE('',*,*,#7156,.F.);
#5710=ORIENTED_EDGE('',*,*,#7151,.F.);
#5711=ORIENTED_EDGE('',*,*,#5752,.F.);
#5712=ORIENTED_EDGE('',*,*,#7147,.F.);
#5713=ORIENTED_EDGE('',*,*,#7157,.F.);
#5714=ORIENTED_EDGE('',*,*,#7148,.F.);
#5715=ORIENTED_EDGE('',*,*,#5750,.F.);
#5716=ORIENTED_EDGE('',*,*,#5867,.F.);
#5717=ORIENTED_EDGE('',*,*,#5879,.F.);
#5718=ORIENTED_EDGE('',*,*,#5868,.F.);
#5719=ORIENTED_EDGE('',*,*,#5748,.F.);
#5720=ORIENTED_EDGE('',*,*,#5873,.F.);
#5721=ORIENTED_EDGE('',*,*,#5880,.F.);
#5722=ORIENTED_EDGE('',*,*,#5874,.F.);
#5723=ORIENTED_EDGE('',*,*,#5746,.F.);
#5724=ORIENTED_EDGE('',*,*,#5858,.F.);
#5725=ORIENTED_EDGE('',*,*,#5881,.F.);
#5726=ORIENTED_EDGE('',*,*,#5859,.F.);
#5727=ORIENTED_EDGE('',*,*,#5744,.F.);
#5728=ORIENTED_EDGE('',*,*,#5865,.F.);
#5729=ORIENTED_EDGE('',*,*,#5882,.F.);
#5730=ORIENTED_EDGE('',*,*,#5863,.F.);
#5731=ORIENTED_EDGE('',*,*,#5735,.F.);
#5732=ORIENTED_EDGE('',*,*,#5870,.F.);
#5733=EDGE_CURVE('',#7171,#7171,#8137,.F.);
#5734=EDGE_CURVE('',#7172,#7173,#57,.F.);
#5735=EDGE_CURVE('',#7172,#7174,#8138,.T.);
#5736=EDGE_CURVE('',#7175,#7174,#58,.F.);
#5737=EDGE_CURVE('',#7173,#7175,#8139,.F.);
#5738=EDGE_CURVE('',#7176,#7176,#8140,.F.);
#5739=EDGE_CURVE('',#7177,#7177,#8141,.F.);
#5740=EDGE_CURVE('',#7178,#7178,#8142,.F.);
#5741=EDGE_CURVE('',#7179,#7180,#59,.F.);
#5742=EDGE_CURVE('',#7179,#7181,#8143,.T.);
#5743=EDGE_CURVE('',#7182,#7181,#60,.F.);
#5744=EDGE_CURVE('',#7182,#7183,#8144,.T.);
#5745=EDGE_CURVE('',#7183,#7184,#61,.F.);
#5746=EDGE_CURVE('',#7184,#7185,#8145,.T.);
#5747=EDGE_CURVE('',#7185,#7186,#62,.F.);
#5748=EDGE_CURVE('',#7186,#7187,#8146,.T.);
#5749=EDGE_CURVE('',#7188,#7187,#63,.F.);
#5750=EDGE_CURVE('',#7188,#7189,#8147,.T.);
#5751=EDGE_CURVE('',#7189,#7190,#64,.F.);
#5752=EDGE_CURVE('',#7190,#7180,#8148,.F.);
#5753=EDGE_CURVE('',#7191,#7192,#65,.F.);
#5754=EDGE_CURVE('',#7192,#7193,#66,.F.);
#5755=EDGE_CURVE('',#7193,#7194,#67,.F.);
#5756=EDGE_CURVE('',#7194,#7195,#68,.F.);
#5757=EDGE_CURVE('',#7195,#7196,#69,.F.);
#5758=EDGE_CURVE('',#7196,#7197,#70,.F.);
#5759=EDGE_CURVE('',#7197,#7198,#71,.F.);
#5760=EDGE_CURVE('',#7198,#7199,#72,.F.);
#5761=EDGE_CURVE('',#7199,#7200,#73,.F.);
#5762=EDGE_CURVE('',#7200,#7201,#74,.F.);
#5763=EDGE_CURVE('',#7201,#7202,#75,.F.);
#5764=EDGE_CURVE('',#7202,#7203,#76,.F.);
#5765=EDGE_CURVE('',#7203,#7204,#77,.F.);
#5766=EDGE_CURVE('',#7204,#7205,#78,.F.);
#5767=EDGE_CURVE('',#7205,#7206,#79,.F.);
#5768=EDGE_CURVE('',#7206,#7207,#80,.F.);
#5769=EDGE_CURVE('',#7207,#7208,#81,.F.);
#5770=EDGE_CURVE('',#7208,#7209,#82,.F.);
#5771=EDGE_CURVE('',#7209,#7210,#83,.F.);
#5772=EDGE_CURVE('',#7210,#7211,#84,.F.);
#5773=EDGE_CURVE('',#7211,#7212,#85,.F.);
#5774=EDGE_CURVE('',#7212,#7213,#86,.F.);
#5775=EDGE_CURVE('',#7213,#7214,#87,.F.);
#5776=EDGE_CURVE('',#7214,#7215,#88,.F.);
#5777=EDGE_CURVE('',#7215,#7216,#89,.F.);
#5778=EDGE_CURVE('',#7216,#7217,#90,.F.);
#5779=EDGE_CURVE('',#7217,#7218,#91,.F.);
#5780=EDGE_CURVE('',#7218,#7219,#92,.F.);
#5781=EDGE_CURVE('',#7219,#7220,#93,.F.);
#5782=EDGE_CURVE('',#7220,#7221,#94,.F.);
#5783=EDGE_CURVE('',#7221,#7222,#95,.F.);
#5784=EDGE_CURVE('',#7222,#7223,#96,.F.);
#5785=EDGE_CURVE('',#7223,#7224,#97,.F.);
#5786=EDGE_CURVE('',#7224,#7225,#98,.F.);
#5787=EDGE_CURVE('',#7225,#7226,#99,.F.);
#5788=EDGE_CURVE('',#7226,#7227,#100,.F.);
#5789=EDGE_CURVE('',#7227,#7228,#101,.F.);
#5790=EDGE_CURVE('',#7228,#7229,#102,.F.);
#5791=EDGE_CURVE('',#7229,#7230,#103,.F.);
#5792=EDGE_CURVE('',#7230,#7231,#104,.F.);
#5793=EDGE_CURVE('',#7231,#7232,#105,.F.);
#5794=EDGE_CURVE('',#7232,#7233,#106,.F.);
#5795=EDGE_CURVE('',#7233,#7234,#107,.F.);
#5796=EDGE_CURVE('',#7234,#7235,#108,.F.);
#5797=EDGE_CURVE('',#7235,#7236,#109,.F.);
#5798=EDGE_CURVE('',#7236,#7237,#110,.F.);
#5799=EDGE_CURVE('',#7237,#7238,#111,.F.);
#5800=EDGE_CURVE('',#7238,#7239,#112,.F.);
#5801=EDGE_CURVE('',#7239,#7240,#113,.F.);
#5802=EDGE_CURVE('',#7240,#7241,#114,.F.);
#5803=EDGE_CURVE('',#7241,#7242,#115,.F.);
#5804=EDGE_CURVE('',#7242,#7243,#116,.F.);
#5805=EDGE_CURVE('',#7243,#7244,#117,.F.);
#5806=EDGE_CURVE('',#7244,#7245,#118,.F.);
#5807=EDGE_CURVE('',#7245,#7246,#119,.F.);
#5808=EDGE_CURVE('',#7246,#7247,#120,.F.);
#5809=EDGE_CURVE('',#7247,#7248,#121,.F.);
#5810=EDGE_CURVE('',#7248,#7249,#122,.F.);
#5811=EDGE_CURVE('',#7249,#7250,#123,.F.);
#5812=EDGE_CURVE('',#7250,#7251,#124,.F.);
#5813=EDGE_CURVE('',#7251,#7252,#125,.F.);
#5814=EDGE_CURVE('',#7252,#7253,#126,.F.);
#5815=EDGE_CURVE('',#7253,#7254,#127,.F.);
#5816=EDGE_CURVE('',#7254,#7255,#128,.F.);
#5817=EDGE_CURVE('',#7255,#7256,#129,.F.);
#5818=EDGE_CURVE('',#7256,#7257,#130,.F.);
#5819=EDGE_CURVE('',#7257,#7258,#131,.F.);
#5820=EDGE_CURVE('',#7258,#7259,#132,.F.);
#5821=EDGE_CURVE('',#7259,#7260,#133,.F.);
#5822=EDGE_CURVE('',#7260,#7261,#134,.F.);
#5823=EDGE_CURVE('',#7261,#7262,#135,.F.);
#5824=EDGE_CURVE('',#7262,#7263,#136,.F.);
#5825=EDGE_CURVE('',#7263,#7264,#137,.F.);
#5826=EDGE_CURVE('',#7264,#7265,#138,.F.);
#5827=EDGE_CURVE('',#7265,#7266,#139,.F.);
#5828=EDGE_CURVE('',#7266,#7267,#140,.F.);
#5829=EDGE_CURVE('',#7267,#7268,#141,.F.);
#5830=EDGE_CURVE('',#7268,#7269,#142,.F.);
#5831=EDGE_CURVE('',#7269,#7270,#143,.F.);
#5832=EDGE_CURVE('',#7270,#7271,#144,.F.);
#5833=EDGE_CURVE('',#7271,#7272,#145,.F.);
#5834=EDGE_CURVE('',#7272,#7273,#146,.F.);
#5835=EDGE_CURVE('',#7273,#7274,#147,.F.);
#5836=EDGE_CURVE('',#7274,#7275,#148,.F.);
#5837=EDGE_CURVE('',#7275,#7191,#149,.F.);
#5838=EDGE_CURVE('',#7276,#7277,#150,.F.);
#5839=EDGE_CURVE('',#7277,#7278,#151,.T.);
#5840=EDGE_CURVE('',#7278,#7279,#152,.T.);
#5841=EDGE_CURVE('',#7279,#7276,#153,.F.);
#5842=EDGE_CURVE('',#7280,#7281,#154,.T.);
#5843=EDGE_CURVE('',#7280,#7282,#155,.T.);
#5844=EDGE_CURVE('',#7282,#7283,#156,.T.);
#5845=EDGE_CURVE('',#7281,#7283,#157,.T.);
#5846=EDGE_CURVE('',#7284,#7284,#31,.T.);
#5847=EDGE_CURVE('',#7285,#7285,#32,.T.);
#5848=EDGE_CURVE('',#7286,#7286,#33,.T.);
#5849=EDGE_CURVE('',#7287,#7280,#158,.T.);
#5850=EDGE_CURVE('',#7288,#7281,#159,.T.);
#5851=EDGE_CURVE('',#7287,#7288,#160,.T.);
#5852=EDGE_CURVE('',#7287,#7289,#161,.T.);
#5853=EDGE_CURVE('',#7289,#7282,#162,.T.);
#5854=EDGE_CURVE('',#7289,#7290,#163,.T.);
#5855=EDGE_CURVE('',#7290,#7283,#164,.T.);
#5856=EDGE_CURVE('',#7288,#7290,#165,.T.);
#5857=EDGE_CURVE('',#7291,#7292,#166,.T.);
#5858=EDGE_CURVE('',#7292,#7184,#167,.T.);
#5859=EDGE_CURVE('',#7183,#7291,#168,.F.);
#5860=EDGE_CURVE('',#7181,#7293,#169,.F.);
#5861=EDGE_CURVE('',#7294,#7293,#170,.T.);
#5862=EDGE_CURVE('',#7294,#7175,#171,.T.);
#5863=EDGE_CURVE('',#7174,#7295,#172,.F.);
#5864=EDGE_CURVE('',#7296,#7295,#173,.T.);
#5865=EDGE_CURVE('',#7296,#7182,#174,.T.);
#5866=EDGE_CURVE('',#7297,#7298,#175,.T.);
#5867=EDGE_CURVE('',#7298,#7188,#176,.T.);
#5868=EDGE_CURVE('',#7187,#7299,#177,.F.);
#5869=EDGE_CURVE('',#7300,#7299,#178,.T.);
#5870=EDGE_CURVE('',#7300,#7172,#179,.T.);
#5871=EDGE_CURVE('',#7297,#7173,#180,.T.);
#5872=EDGE_CURVE('',#7301,#7302,#181,.T.);
#5873=EDGE_CURVE('',#7302,#7186,#182,.T.);
#5874=EDGE_CURVE('',#7185,#7301,#183,.F.);
#5875=EDGE_CURVE('',#7303,#7303,#34,.F.);
#5876=EDGE_CURVE('',#7304,#7304,#35,.F.);
#5877=EDGE_CURVE('',#7305,#7305,#36,.F.);
#5878=EDGE_CURVE('',#7306,#7306,#37,.F.);
#5879=EDGE_CURVE('',#7299,#7302,#38,.T.);
#5880=EDGE_CURVE('',#7301,#7292,#39,.T.);
#5881=EDGE_CURVE('',#7291,#7296,#40,.T.);
#5882=EDGE_CURVE('',#7295,#7300,#41,.T.);
#5883=EDGE_CURVE('',#7307,#7307,#42,.T.);
#5884=EDGE_CURVE('',#7308,#7308,#43,.T.);
#5885=EDGE_CURVE('',#7309,#7309,#44,.T.);
#5886=EDGE_CURVE('',#7310,#7311,#184,.T.);
#5887=EDGE_CURVE('',#7312,#7311,#185,.T.);
#5888=EDGE_CURVE('',#7313,#7312,#186,.T.);
#5889=EDGE_CURVE('',#7313,#7310,#187,.T.);
#5890=EDGE_CURVE('',#7311,#7314,#188,.T.);
#5891=EDGE_CURVE('',#7315,#7314,#189,.T.);
#5892=EDGE_CURVE('',#7312,#7315,#190,.T.);
#5893=EDGE_CURVE('',#7314,#7316,#191,.T.);
#5894=EDGE_CURVE('',#7317,#7316,#192,.T.);
#5895=EDGE_CURVE('',#7315,#7317,#193,.T.);
#5896=EDGE_CURVE('',#7316,#7318,#194,.T.);
#5897=EDGE_CURVE('',#7319,#7318,#195,.T.);
#5898=EDGE_CURVE('',#7317,#7319,#196,.T.);
#5899=EDGE_CURVE('',#7318,#7320,#197,.T.);
#5900=EDGE_CURVE('',#7321,#7320,#198,.T.);
#5901=EDGE_CURVE('',#7319,#7321,#199,.T.);
#5902=EDGE_CURVE('',#7320,#7322,#200,.T.);
#5903=EDGE_CURVE('',#7323,#7322,#201,.T.);
#5904=EDGE_CURVE('',#7321,#7323,#202,.T.);
#5905=EDGE_CURVE('',#7322,#7324,#203,.T.);
#5906=EDGE_CURVE('',#7325,#7324,#204,.T.);
#5907=EDGE_CURVE('',#7323,#7325,#205,.T.);
#5908=EDGE_CURVE('',#7324,#7326,#206,.T.);
#5909=EDGE_CURVE('',#7327,#7326,#207,.T.);
#5910=EDGE_CURVE('',#7325,#7327,#208,.T.);
#5911=EDGE_CURVE('',#7326,#7328,#209,.T.);
#5912=EDGE_CURVE('',#7329,#7328,#210,.T.);
#5913=EDGE_CURVE('',#7327,#7329,#211,.T.);
#5914=EDGE_CURVE('',#7328,#7330,#212,.T.);
#5915=EDGE_CURVE('',#7331,#7330,#213,.T.);
#5916=EDGE_CURVE('',#7329,#7331,#214,.T.);
#5917=EDGE_CURVE('',#7330,#7332,#215,.T.);
#5918=EDGE_CURVE('',#7333,#7332,#216,.T.);
#5919=EDGE_CURVE('',#7331,#7333,#217,.T.);
#5920=EDGE_CURVE('',#7332,#7334,#218,.T.);
#5921=EDGE_CURVE('',#7335,#7334,#219,.T.);
#5922=EDGE_CURVE('',#7333,#7335,#220,.T.);
#5923=EDGE_CURVE('',#7334,#7336,#221,.T.);
#5924=EDGE_CURVE('',#7337,#7336,#222,.T.);
#5925=EDGE_CURVE('',#7335,#7337,#223,.T.);
#5926=EDGE_CURVE('',#7336,#7338,#224,.T.);
#5927=EDGE_CURVE('',#7339,#7338,#225,.T.);
#5928=EDGE_CURVE('',#7337,#7339,#226,.T.);
#5929=EDGE_CURVE('',#7338,#7340,#227,.T.);
#5930=EDGE_CURVE('',#7341,#7340,#228,.T.);
#5931=EDGE_CURVE('',#7339,#7341,#229,.T.);
#5932=EDGE_CURVE('',#7340,#7342,#230,.T.);
#5933=EDGE_CURVE('',#7343,#7342,#231,.T.);
#5934=EDGE_CURVE('',#7341,#7343,#232,.T.);
#5935=EDGE_CURVE('',#7342,#7344,#233,.T.);
#5936=EDGE_CURVE('',#7345,#7344,#234,.T.);
#5937=EDGE_CURVE('',#7343,#7345,#235,.T.);
#5938=EDGE_CURVE('',#7344,#7346,#236,.T.);
#5939=EDGE_CURVE('',#7347,#7346,#237,.T.);
#5940=EDGE_CURVE('',#7345,#7347,#238,.T.);
#5941=EDGE_CURVE('',#7346,#7348,#239,.T.);
#5942=EDGE_CURVE('',#7349,#7348,#240,.T.);
#5943=EDGE_CURVE('',#7347,#7349,#241,.T.);
#5944=EDGE_CURVE('',#7348,#7350,#242,.T.);
#5945=EDGE_CURVE('',#7351,#7350,#243,.T.);
#5946=EDGE_CURVE('',#7349,#7351,#244,.T.);
#5947=EDGE_CURVE('',#7350,#7352,#245,.T.);
#5948=EDGE_CURVE('',#7353,#7352,#246,.T.);
#5949=EDGE_CURVE('',#7351,#7353,#247,.T.);
#5950=EDGE_CURVE('',#7352,#7354,#248,.T.);
#5951=EDGE_CURVE('',#7355,#7354,#249,.T.);
#5952=EDGE_CURVE('',#7353,#7355,#250,.T.);
#5953=EDGE_CURVE('',#7354,#7356,#251,.T.);
#5954=EDGE_CURVE('',#7357,#7356,#252,.T.);
#5955=EDGE_CURVE('',#7355,#7357,#253,.T.);
#5956=EDGE_CURVE('',#7356,#7358,#254,.T.);
#5957=EDGE_CURVE('',#7359,#7358,#255,.T.);
#5958=EDGE_CURVE('',#7357,#7359,#256,.T.);
#5959=EDGE_CURVE('',#7358,#7360,#257,.T.);
#5960=EDGE_CURVE('',#7361,#7360,#258,.T.);
#5961=EDGE_CURVE('',#7359,#7361,#259,.T.);
#5962=EDGE_CURVE('',#7360,#7362,#260,.T.);
#5963=EDGE_CURVE('',#7363,#7362,#261,.T.);
#5964=EDGE_CURVE('',#7361,#7363,#262,.T.);
#5965=EDGE_CURVE('',#7362,#7364,#263,.T.);
#5966=EDGE_CURVE('',#7365,#7364,#264,.T.);
#5967=EDGE_CURVE('',#7363,#7365,#265,.T.);
#5968=EDGE_CURVE('',#7364,#7366,#266,.T.);
#5969=EDGE_CURVE('',#7367,#7366,#267,.T.);
#5970=EDGE_CURVE('',#7365,#7367,#268,.T.);
#5971=EDGE_CURVE('',#7366,#7368,#269,.T.);
#5972=EDGE_CURVE('',#7369,#7368,#270,.T.);
#5973=EDGE_CURVE('',#7367,#7369,#271,.T.);
#5974=EDGE_CURVE('',#7368,#7370,#272,.T.);
#5975=EDGE_CURVE('',#7371,#7370,#273,.T.);
#5976=EDGE_CURVE('',#7369,#7371,#274,.T.);
#5977=EDGE_CURVE('',#7370,#7372,#275,.T.);
#5978=EDGE_CURVE('',#7373,#7372,#276,.T.);
#5979=EDGE_CURVE('',#7371,#7373,#277,.T.);
#5980=EDGE_CURVE('',#7374,#7375,#278,.T.);
#5981=EDGE_CURVE('',#7376,#7374,#279,.T.);
#5982=EDGE_CURVE('',#7376,#7377,#280,.T.);
#5983=EDGE_CURVE('',#7377,#7375,#281,.T.);
#5984=EDGE_CURVE('',#7378,#7374,#282,.T.);
#5985=EDGE_CURVE('',#7379,#7378,#283,.T.);
#5986=EDGE_CURVE('',#7379,#7376,#284,.T.);
#5987=EDGE_CURVE('',#7380,#7378,#285,.T.);
#5988=EDGE_CURVE('',#7381,#7380,#286,.T.);
#5989=EDGE_CURVE('',#7381,#7379,#287,.T.);
#5990=EDGE_CURVE('',#7382,#7380,#288,.T.);
#5991=EDGE_CURVE('',#7383,#7382,#289,.T.);
#5992=EDGE_CURVE('',#7383,#7381,#290,.T.);
#5993=EDGE_CURVE('',#7384,#7382,#291,.T.);
#5994=EDGE_CURVE('',#7385,#7384,#292,.T.);
#5995=EDGE_CURVE('',#7385,#7383,#293,.T.);
#5996=EDGE_CURVE('',#7386,#7384,#294,.T.);
#5997=EDGE_CURVE('',#7387,#7386,#295,.T.);
#5998=EDGE_CURVE('',#7387,#7385,#296,.T.);
#5999=EDGE_CURVE('',#7388,#7386,#297,.T.);
#6000=EDGE_CURVE('',#7389,#7388,#298,.T.);
#6001=EDGE_CURVE('',#7389,#7387,#299,.T.);
#6002=EDGE_CURVE('',#7390,#7388,#300,.T.);
#6003=EDGE_CURVE('',#7391,#7390,#301,.T.);
#6004=EDGE_CURVE('',#7391,#7389,#302,.T.);
#6005=EDGE_CURVE('',#7392,#7390,#303,.T.);
#6006=EDGE_CURVE('',#7393,#7392,#304,.T.);
#6007=EDGE_CURVE('',#7393,#7391,#305,.T.);
#6008=EDGE_CURVE('',#7394,#7392,#306,.T.);
#6009=EDGE_CURVE('',#7395,#7394,#307,.T.);
#6010=EDGE_CURVE('',#7395,#7393,#308,.T.);
#6011=EDGE_CURVE('',#7396,#7394,#309,.T.);
#6012=EDGE_CURVE('',#7397,#7396,#310,.T.);
#6013=EDGE_CURVE('',#7397,#7395,#311,.T.);
#6014=EDGE_CURVE('',#7398,#7396,#312,.T.);
#6015=EDGE_CURVE('',#7399,#7398,#313,.T.);
#6016=EDGE_CURVE('',#7399,#7397,#314,.T.);
#6017=EDGE_CURVE('',#7400,#7398,#315,.T.);
#6018=EDGE_CURVE('',#7401,#7400,#316,.T.);
#6019=EDGE_CURVE('',#7401,#7399,#317,.T.);
#6020=EDGE_CURVE('',#7402,#7400,#318,.T.);
#6021=EDGE_CURVE('',#7403,#7402,#319,.T.);
#6022=EDGE_CURVE('',#7403,#7401,#320,.T.);
#6023=EDGE_CURVE('',#7404,#7402,#321,.T.);
#6024=EDGE_CURVE('',#7405,#7404,#322,.T.);
#6025=EDGE_CURVE('',#7405,#7403,#323,.T.);
#6026=EDGE_CURVE('',#7406,#7404,#324,.T.);
#6027=EDGE_CURVE('',#7407,#7406,#325,.T.);
#6028=EDGE_CURVE('',#7407,#7405,#326,.T.);
#6029=EDGE_CURVE('',#7408,#7406,#327,.T.);
#6030=EDGE_CURVE('',#7409,#7408,#328,.T.);
#6031=EDGE_CURVE('',#7409,#7407,#329,.T.);
#6032=EDGE_CURVE('',#7410,#7408,#330,.T.);
#6033=EDGE_CURVE('',#7411,#7410,#331,.T.);
#6034=EDGE_CURVE('',#7411,#7409,#332,.T.);
#6035=EDGE_CURVE('',#7412,#7410,#333,.T.);
#6036=EDGE_CURVE('',#7413,#7412,#334,.T.);
#6037=EDGE_CURVE('',#7413,#7411,#335,.T.);
#6038=EDGE_CURVE('',#7414,#7412,#336,.T.);
#6039=EDGE_CURVE('',#7415,#7414,#337,.T.);
#6040=EDGE_CURVE('',#7415,#7413,#338,.T.);
#6041=EDGE_CURVE('',#7416,#7414,#339,.T.);
#6042=EDGE_CURVE('',#7417,#7416,#340,.T.);
#6043=EDGE_CURVE('',#7417,#7415,#341,.T.);
#6044=EDGE_CURVE('',#7418,#7416,#342,.T.);
#6045=EDGE_CURVE('',#7419,#7418,#343,.T.);
#6046=EDGE_CURVE('',#7419,#7417,#344,.T.);
#6047=EDGE_CURVE('',#7420,#7418,#345,.T.);
#6048=EDGE_CURVE('',#7421,#7420,#346,.T.);
#6049=EDGE_CURVE('',#7421,#7419,#347,.T.);
#6050=EDGE_CURVE('',#7422,#7420,#348,.T.);
#6051=EDGE_CURVE('',#7423,#7422,#349,.T.);
#6052=EDGE_CURVE('',#7423,#7421,#350,.T.);
#6053=EDGE_CURVE('',#7424,#7422,#351,.T.);
#6054=EDGE_CURVE('',#7425,#7424,#352,.T.);
#6055=EDGE_CURVE('',#7425,#7423,#353,.T.);
#6056=EDGE_CURVE('',#7426,#7424,#354,.T.);
#6057=EDGE_CURVE('',#7427,#7426,#355,.T.);
#6058=EDGE_CURVE('',#7427,#7425,#356,.T.);
#6059=EDGE_CURVE('',#7428,#7426,#357,.T.);
#6060=EDGE_CURVE('',#7429,#7428,#358,.T.);
#6061=EDGE_CURVE('',#7429,#7427,#359,.T.);
#6062=EDGE_CURVE('',#7430,#7428,#360,.T.);
#6063=EDGE_CURVE('',#7431,#7430,#361,.T.);
#6064=EDGE_CURVE('',#7431,#7429,#362,.T.);
#6065=EDGE_CURVE('',#7432,#7430,#363,.T.);
#6066=EDGE_CURVE('',#7433,#7432,#364,.T.);
#6067=EDGE_CURVE('',#7433,#7431,#365,.T.);
#6068=EDGE_CURVE('',#7434,#7432,#366,.T.);
#6069=EDGE_CURVE('',#7435,#7434,#367,.T.);
#6070=EDGE_CURVE('',#7435,#7433,#368,.T.);
#6071=EDGE_CURVE('',#7436,#7434,#369,.T.);
#6072=EDGE_CURVE('',#7437,#7436,#370,.T.);
#6073=EDGE_CURVE('',#7437,#7435,#371,.T.);
#6074=EDGE_CURVE('',#7438,#7436,#372,.T.);
#6075=EDGE_CURVE('',#7439,#7438,#373,.T.);
#6076=EDGE_CURVE('',#7439,#7437,#374,.T.);
#6077=EDGE_CURVE('',#7440,#7438,#375,.T.);
#6078=EDGE_CURVE('',#7441,#7440,#376,.T.);
#6079=EDGE_CURVE('',#7441,#7439,#377,.T.);
#6080=EDGE_CURVE('',#7442,#7440,#378,.T.);
#6081=EDGE_CURVE('',#7443,#7442,#379,.T.);
#6082=EDGE_CURVE('',#7443,#7441,#380,.T.);
#6083=EDGE_CURVE('',#7444,#7442,#381,.T.);
#6084=EDGE_CURVE('',#7445,#7444,#382,.T.);
#6085=EDGE_CURVE('',#7445,#7443,#383,.T.);
#6086=EDGE_CURVE('',#7446,#7444,#384,.T.);
#6087=EDGE_CURVE('',#7447,#7446,#385,.T.);
#6088=EDGE_CURVE('',#7447,#7445,#386,.T.);
#6089=EDGE_CURVE('',#7448,#7446,#387,.T.);
#6090=EDGE_CURVE('',#7449,#7448,#388,.T.);
#6091=EDGE_CURVE('',#7449,#7447,#389,.T.);
#6092=EDGE_CURVE('',#7450,#7448,#390,.T.);
#6093=EDGE_CURVE('',#7451,#7450,#391,.T.);
#6094=EDGE_CURVE('',#7451,#7449,#392,.T.);
#6095=EDGE_CURVE('',#7452,#7450,#393,.T.);
#6096=EDGE_CURVE('',#7453,#7452,#394,.T.);
#6097=EDGE_CURVE('',#7453,#7451,#395,.T.);
#6098=EDGE_CURVE('',#7454,#7452,#396,.T.);
#6099=EDGE_CURVE('',#7455,#7454,#397,.T.);
#6100=EDGE_CURVE('',#7455,#7453,#398,.T.);
#6101=EDGE_CURVE('',#7456,#7454,#399,.T.);
#6102=EDGE_CURVE('',#7457,#7456,#400,.T.);
#6103=EDGE_CURVE('',#7457,#7455,#401,.T.);
#6104=EDGE_CURVE('',#7458,#7456,#402,.T.);
#6105=EDGE_CURVE('',#7459,#7458,#403,.T.);
#6106=EDGE_CURVE('',#7459,#7457,#404,.T.);
#6107=EDGE_CURVE('',#7460,#7458,#405,.T.);
#6108=EDGE_CURVE('',#7461,#7460,#406,.T.);
#6109=EDGE_CURVE('',#7461,#7459,#407,.T.);
#6110=EDGE_CURVE('',#7462,#7460,#408,.T.);
#6111=EDGE_CURVE('',#7463,#7462,#409,.T.);
#6112=EDGE_CURVE('',#7463,#7461,#410,.T.);
#6113=EDGE_CURVE('',#7464,#7462,#411,.T.);
#6114=EDGE_CURVE('',#7465,#7464,#412,.T.);
#6115=EDGE_CURVE('',#7465,#7463,#413,.T.);
#6116=EDGE_CURVE('',#7466,#7464,#414,.T.);
#6117=EDGE_CURVE('',#7467,#7466,#415,.T.);
#6118=EDGE_CURVE('',#7467,#7465,#416,.T.);
#6119=EDGE_CURVE('',#7468,#7466,#417,.T.);
#6120=EDGE_CURVE('',#7469,#7468,#418,.T.);
#6121=EDGE_CURVE('',#7469,#7467,#419,.T.);
#6122=EDGE_CURVE('',#7470,#7468,#420,.T.);
#6123=EDGE_CURVE('',#7471,#7470,#421,.T.);
#6124=EDGE_CURVE('',#7471,#7469,#422,.T.);
#6125=EDGE_CURVE('',#7472,#7470,#423,.T.);
#6126=EDGE_CURVE('',#7473,#7472,#424,.T.);
#6127=EDGE_CURVE('',#7473,#7471,#425,.T.);
#6128=EDGE_CURVE('',#7474,#7475,#426,.T.);
#6129=EDGE_CURVE('',#7476,#7474,#427,.T.);
#6130=EDGE_CURVE('',#7476,#7477,#428,.T.);
#6131=EDGE_CURVE('',#7477,#7475,#429,.T.);
#6132=EDGE_CURVE('',#7478,#7474,#430,.T.);
#6133=EDGE_CURVE('',#7479,#7478,#431,.T.);
#6134=EDGE_CURVE('',#7479,#7476,#432,.T.);
#6135=EDGE_CURVE('',#7480,#7478,#433,.T.);
#6136=EDGE_CURVE('',#7481,#7480,#434,.T.);
#6137=EDGE_CURVE('',#7481,#7479,#435,.T.);
#6138=EDGE_CURVE('',#7482,#7480,#436,.T.);
#6139=EDGE_CURVE('',#7483,#7482,#437,.T.);
#6140=EDGE_CURVE('',#7483,#7481,#438,.T.);
#6141=EDGE_CURVE('',#7484,#7482,#439,.T.);
#6142=EDGE_CURVE('',#7485,#7484,#440,.T.);
#6143=EDGE_CURVE('',#7485,#7483,#441,.T.);
#6144=EDGE_CURVE('',#7486,#7484,#442,.T.);
#6145=EDGE_CURVE('',#7487,#7486,#443,.T.);
#6146=EDGE_CURVE('',#7487,#7485,#444,.T.);
#6147=EDGE_CURVE('',#7488,#7486,#445,.T.);
#6148=EDGE_CURVE('',#7489,#7488,#446,.T.);
#6149=EDGE_CURVE('',#7489,#7487,#447,.T.);
#6150=EDGE_CURVE('',#7490,#7488,#448,.T.);
#6151=EDGE_CURVE('',#7491,#7490,#449,.T.);
#6152=EDGE_CURVE('',#7491,#7489,#450,.T.);
#6153=EDGE_CURVE('',#7492,#7490,#451,.T.);
#6154=EDGE_CURVE('',#7493,#7492,#452,.T.);
#6155=EDGE_CURVE('',#7493,#7491,#453,.T.);
#6156=EDGE_CURVE('',#7494,#7492,#454,.T.);
#6157=EDGE_CURVE('',#7495,#7494,#455,.T.);
#6158=EDGE_CURVE('',#7495,#7493,#456,.T.);
#6159=EDGE_CURVE('',#7496,#7494,#457,.T.);
#6160=EDGE_CURVE('',#7497,#7496,#458,.T.);
#6161=EDGE_CURVE('',#7497,#7495,#459,.T.);
#6162=EDGE_CURVE('',#7498,#7496,#460,.T.);
#6163=EDGE_CURVE('',#7499,#7498,#461,.T.);
#6164=EDGE_CURVE('',#7499,#7497,#462,.T.);
#6165=EDGE_CURVE('',#7500,#7498,#463,.T.);
#6166=EDGE_CURVE('',#7501,#7500,#464,.T.);
#6167=EDGE_CURVE('',#7501,#7499,#465,.T.);
#6168=EDGE_CURVE('',#7502,#7500,#466,.T.);
#6169=EDGE_CURVE('',#7503,#7502,#467,.T.);
#6170=EDGE_CURVE('',#7503,#7501,#468,.T.);
#6171=EDGE_CURVE('',#7504,#7502,#469,.T.);
#6172=EDGE_CURVE('',#7505,#7504,#470,.T.);
#6173=EDGE_CURVE('',#7505,#7503,#471,.T.);
#6174=EDGE_CURVE('',#7506,#7504,#472,.T.);
#6175=EDGE_CURVE('',#7507,#7506,#473,.T.);
#6176=EDGE_CURVE('',#7507,#7505,#474,.T.);
#6177=EDGE_CURVE('',#7508,#7506,#475,.T.);
#6178=EDGE_CURVE('',#7509,#7508,#476,.T.);
#6179=EDGE_CURVE('',#7509,#7507,#477,.T.);
#6180=EDGE_CURVE('',#7510,#7508,#478,.T.);
#6181=EDGE_CURVE('',#7511,#7510,#479,.T.);
#6182=EDGE_CURVE('',#7511,#7509,#480,.T.);
#6183=EDGE_CURVE('',#7512,#7510,#481,.T.);
#6184=EDGE_CURVE('',#7513,#7512,#482,.T.);
#6185=EDGE_CURVE('',#7513,#7511,#483,.T.);
#6186=EDGE_CURVE('',#7514,#7512,#484,.T.);
#6187=EDGE_CURVE('',#7515,#7514,#485,.T.);
#6188=EDGE_CURVE('',#7515,#7513,#486,.T.);
#6189=EDGE_CURVE('',#7516,#7514,#487,.T.);
#6190=EDGE_CURVE('',#7517,#7516,#488,.T.);
#6191=EDGE_CURVE('',#7517,#7515,#489,.T.);
#6192=EDGE_CURVE('',#7518,#7516,#490,.T.);
#6193=EDGE_CURVE('',#7519,#7518,#491,.T.);
#6194=EDGE_CURVE('',#7519,#7517,#492,.T.);
#6195=EDGE_CURVE('',#7520,#7518,#493,.T.);
#6196=EDGE_CURVE('',#7521,#7520,#494,.T.);
#6197=EDGE_CURVE('',#7521,#7519,#495,.T.);
#6198=EDGE_CURVE('',#7522,#7520,#496,.T.);
#6199=EDGE_CURVE('',#7523,#7522,#497,.T.);
#6200=EDGE_CURVE('',#7523,#7521,#498,.T.);
#6201=EDGE_CURVE('',#7524,#7522,#499,.T.);
#6202=EDGE_CURVE('',#7525,#7524,#500,.T.);
#6203=EDGE_CURVE('',#7525,#7523,#501,.T.);
#6204=EDGE_CURVE('',#7526,#7524,#502,.T.);
#6205=EDGE_CURVE('',#7527,#7526,#503,.T.);
#6206=EDGE_CURVE('',#7527,#7525,#504,.T.);
#6207=EDGE_CURVE('',#7528,#7526,#505,.T.);
#6208=EDGE_CURVE('',#7529,#7528,#506,.T.);
#6209=EDGE_CURVE('',#7529,#7527,#507,.T.);
#6210=EDGE_CURVE('',#7530,#7528,#508,.T.);
#6211=EDGE_CURVE('',#7531,#7530,#509,.T.);
#6212=EDGE_CURVE('',#7531,#7529,#510,.T.);
#6213=EDGE_CURVE('',#7532,#7530,#511,.T.);
#6214=EDGE_CURVE('',#7533,#7532,#512,.T.);
#6215=EDGE_CURVE('',#7533,#7531,#513,.T.);
#6216=EDGE_CURVE('',#7534,#7532,#514,.T.);
#6217=EDGE_CURVE('',#7535,#7534,#515,.T.);
#6218=EDGE_CURVE('',#7535,#7533,#516,.T.);
#6219=EDGE_CURVE('',#7536,#7534,#517,.T.);
#6220=EDGE_CURVE('',#7537,#7536,#518,.T.);
#6221=EDGE_CURVE('',#7537,#7535,#519,.T.);
#6222=EDGE_CURVE('',#7538,#7536,#520,.T.);
#6223=EDGE_CURVE('',#7539,#7538,#521,.T.);
#6224=EDGE_CURVE('',#7539,#7537,#522,.T.);
#6225=EDGE_CURVE('',#7540,#7538,#523,.T.);
#6226=EDGE_CURVE('',#7541,#7540,#524,.T.);
#6227=EDGE_CURVE('',#7541,#7539,#525,.T.);
#6228=EDGE_CURVE('',#7542,#7540,#526,.T.);
#6229=EDGE_CURVE('',#7543,#7542,#527,.T.);
#6230=EDGE_CURVE('',#7543,#7541,#528,.T.);
#6231=EDGE_CURVE('',#7544,#7542,#529,.T.);
#6232=EDGE_CURVE('',#7545,#7544,#530,.T.);
#6233=EDGE_CURVE('',#7545,#7543,#531,.T.);
#6234=EDGE_CURVE('',#7546,#7544,#532,.T.);
#6235=EDGE_CURVE('',#7547,#7546,#533,.T.);
#6236=EDGE_CURVE('',#7547,#7545,#534,.T.);
#6237=EDGE_CURVE('',#7548,#7546,#535,.T.);
#6238=EDGE_CURVE('',#7549,#7548,#536,.T.);
#6239=EDGE_CURVE('',#7549,#7547,#537,.T.);
#6240=EDGE_CURVE('',#7550,#7548,#538,.T.);
#6241=EDGE_CURVE('',#7551,#7550,#539,.T.);
#6242=EDGE_CURVE('',#7551,#7549,#540,.T.);
#6243=EDGE_CURVE('',#7552,#7550,#541,.T.);
#6244=EDGE_CURVE('',#7553,#7552,#542,.T.);
#6245=EDGE_CURVE('',#7553,#7551,#543,.T.);
#6246=EDGE_CURVE('',#7554,#7552,#544,.T.);
#6247=EDGE_CURVE('',#7555,#7554,#545,.T.);
#6248=EDGE_CURVE('',#7555,#7553,#546,.T.);
#6249=EDGE_CURVE('',#7556,#7554,#547,.T.);
#6250=EDGE_CURVE('',#7557,#7556,#548,.T.);
#6251=EDGE_CURVE('',#7557,#7555,#549,.T.);
#6252=EDGE_CURVE('',#7558,#7556,#550,.T.);
#6253=EDGE_CURVE('',#7559,#7558,#551,.T.);
#6254=EDGE_CURVE('',#7559,#7557,#552,.T.);
#6255=EDGE_CURVE('',#7560,#7558,#553,.T.);
#6256=EDGE_CURVE('',#7561,#7560,#554,.T.);
#6257=EDGE_CURVE('',#7561,#7559,#555,.T.);
#6258=EDGE_CURVE('',#7562,#7560,#556,.T.);
#6259=EDGE_CURVE('',#7563,#7562,#557,.T.);
#6260=EDGE_CURVE('',#7563,#7561,#558,.T.);
#6261=EDGE_CURVE('',#7564,#7562,#559,.T.);
#6262=EDGE_CURVE('',#7565,#7564,#560,.T.);
#6263=EDGE_CURVE('',#7565,#7563,#561,.T.);
#6264=EDGE_CURVE('',#7566,#7564,#562,.T.);
#6265=EDGE_CURVE('',#7567,#7566,#563,.T.);
#6266=EDGE_CURVE('',#7567,#7565,#564,.T.);
#6267=EDGE_CURVE('',#7568,#7566,#565,.T.);
#6268=EDGE_CURVE('',#7569,#7568,#566,.T.);
#6269=EDGE_CURVE('',#7569,#7567,#567,.T.);
#6270=EDGE_CURVE('',#7570,#7568,#568,.T.);
#6271=EDGE_CURVE('',#7571,#7570,#569,.T.);
#6272=EDGE_CURVE('',#7571,#7569,#570,.T.);
#6273=EDGE_CURVE('',#7572,#7570,#571,.T.);
#6274=EDGE_CURVE('',#7573,#7572,#572,.T.);
#6275=EDGE_CURVE('',#7573,#7571,#573,.T.);
#6276=EDGE_CURVE('',#7574,#7572,#574,.T.);
#6277=EDGE_CURVE('',#7575,#7574,#575,.T.);
#6278=EDGE_CURVE('',#7575,#7573,#576,.T.);
#6279=EDGE_CURVE('',#7576,#7574,#577,.T.);
#6280=EDGE_CURVE('',#7577,#7576,#578,.T.);
#6281=EDGE_CURVE('',#7577,#7575,#579,.T.);
#6282=EDGE_CURVE('',#7578,#7576,#580,.T.);
#6283=EDGE_CURVE('',#7579,#7578,#581,.T.);
#6284=EDGE_CURVE('',#7579,#7577,#582,.T.);
#6285=EDGE_CURVE('',#7580,#7578,#583,.T.);
#6286=EDGE_CURVE('',#7581,#7580,#584,.T.);
#6287=EDGE_CURVE('',#7581,#7579,#585,.T.);
#6288=EDGE_CURVE('',#7582,#7583,#586,.T.);
#6289=EDGE_CURVE('',#7584,#7582,#587,.T.);
#6290=EDGE_CURVE('',#7584,#7585,#588,.T.);
#6291=EDGE_CURVE('',#7585,#7583,#589,.T.);
#6292=EDGE_CURVE('',#7586,#7582,#590,.T.);
#6293=EDGE_CURVE('',#7587,#7586,#591,.T.);
#6294=EDGE_CURVE('',#7587,#7584,#592,.T.);
#6295=EDGE_CURVE('',#7588,#7586,#593,.T.);
#6296=EDGE_CURVE('',#7589,#7588,#594,.T.);
#6297=EDGE_CURVE('',#7589,#7587,#595,.T.);
#6298=EDGE_CURVE('',#7590,#7588,#596,.T.);
#6299=EDGE_CURVE('',#7591,#7590,#597,.T.);
#6300=EDGE_CURVE('',#7591,#7589,#598,.T.);
#6301=EDGE_CURVE('',#7592,#7590,#599,.T.);
#6302=EDGE_CURVE('',#7593,#7592,#600,.T.);
#6303=EDGE_CURVE('',#7593,#7591,#601,.T.);
#6304=EDGE_CURVE('',#7594,#7592,#602,.T.);
#6305=EDGE_CURVE('',#7595,#7594,#603,.T.);
#6306=EDGE_CURVE('',#7595,#7593,#604,.T.);
#6307=EDGE_CURVE('',#7596,#7594,#605,.T.);
#6308=EDGE_CURVE('',#7597,#7596,#606,.T.);
#6309=EDGE_CURVE('',#7597,#7595,#607,.T.);
#6310=EDGE_CURVE('',#7598,#7596,#608,.T.);
#6311=EDGE_CURVE('',#7599,#7598,#609,.T.);
#6312=EDGE_CURVE('',#7599,#7597,#610,.T.);
#6313=EDGE_CURVE('',#7600,#7598,#611,.T.);
#6314=EDGE_CURVE('',#7601,#7600,#612,.T.);
#6315=EDGE_CURVE('',#7601,#7599,#613,.T.);
#6316=EDGE_CURVE('',#7602,#7600,#614,.T.);
#6317=EDGE_CURVE('',#7603,#7602,#615,.T.);
#6318=EDGE_CURVE('',#7603,#7601,#616,.T.);
#6319=EDGE_CURVE('',#7604,#7602,#617,.T.);
#6320=EDGE_CURVE('',#7605,#7604,#618,.T.);
#6321=EDGE_CURVE('',#7605,#7603,#619,.T.);
#6322=EDGE_CURVE('',#7606,#7604,#620,.T.);
#6323=EDGE_CURVE('',#7607,#7606,#621,.T.);
#6324=EDGE_CURVE('',#7607,#7605,#622,.T.);
#6325=EDGE_CURVE('',#7608,#7606,#623,.T.);
#6326=EDGE_CURVE('',#7609,#7608,#624,.T.);
#6327=EDGE_CURVE('',#7609,#7607,#625,.T.);
#6328=EDGE_CURVE('',#7610,#7608,#626,.T.);
#6329=EDGE_CURVE('',#7611,#7610,#627,.T.);
#6330=EDGE_CURVE('',#7611,#7609,#628,.T.);
#6331=EDGE_CURVE('',#7612,#7610,#629,.T.);
#6332=EDGE_CURVE('',#7613,#7612,#630,.T.);
#6333=EDGE_CURVE('',#7613,#7611,#631,.T.);
#6334=EDGE_CURVE('',#7614,#7612,#632,.T.);
#6335=EDGE_CURVE('',#7615,#7614,#633,.T.);
#6336=EDGE_CURVE('',#7615,#7613,#634,.T.);
#6337=EDGE_CURVE('',#7616,#7614,#635,.T.);
#6338=EDGE_CURVE('',#7617,#7616,#636,.T.);
#6339=EDGE_CURVE('',#7617,#7615,#637,.T.);
#6340=EDGE_CURVE('',#7618,#7616,#638,.T.);
#6341=EDGE_CURVE('',#7619,#7618,#639,.T.);
#6342=EDGE_CURVE('',#7619,#7617,#640,.T.);
#6343=EDGE_CURVE('',#7620,#7618,#641,.T.);
#6344=EDGE_CURVE('',#7621,#7620,#642,.T.);
#6345=EDGE_CURVE('',#7621,#7619,#643,.T.);
#6346=EDGE_CURVE('',#7622,#7620,#644,.T.);
#6347=EDGE_CURVE('',#7623,#7622,#645,.T.);
#6348=EDGE_CURVE('',#7623,#7621,#646,.T.);
#6349=EDGE_CURVE('',#7624,#7622,#647,.T.);
#6350=EDGE_CURVE('',#7625,#7624,#648,.T.);
#6351=EDGE_CURVE('',#7625,#7623,#649,.T.);
#6352=EDGE_CURVE('',#7626,#7624,#650,.T.);
#6353=EDGE_CURVE('',#7627,#7626,#651,.T.);
#6354=EDGE_CURVE('',#7627,#7625,#652,.T.);
#6355=EDGE_CURVE('',#7628,#7626,#653,.T.);
#6356=EDGE_CURVE('',#7629,#7628,#654,.T.);
#6357=EDGE_CURVE('',#7629,#7627,#655,.T.);
#6358=EDGE_CURVE('',#7630,#7628,#656,.T.);
#6359=EDGE_CURVE('',#7631,#7630,#657,.T.);
#6360=EDGE_CURVE('',#7631,#7629,#658,.T.);
#6361=EDGE_CURVE('',#7632,#7630,#659,.T.);
#6362=EDGE_CURVE('',#7633,#7632,#660,.T.);
#6363=EDGE_CURVE('',#7633,#7631,#661,.T.);
#6364=EDGE_CURVE('',#7634,#7632,#662,.T.);
#6365=EDGE_CURVE('',#7635,#7634,#663,.T.);
#6366=EDGE_CURVE('',#7635,#7633,#664,.T.);
#6367=EDGE_CURVE('',#7636,#7634,#665,.T.);
#6368=EDGE_CURVE('',#7637,#7636,#666,.T.);
#6369=EDGE_CURVE('',#7637,#7635,#667,.T.);
#6370=EDGE_CURVE('',#7638,#7636,#668,.T.);
#6371=EDGE_CURVE('',#7639,#7638,#669,.T.);
#6372=EDGE_CURVE('',#7639,#7637,#670,.T.);
#6373=EDGE_CURVE('',#7640,#7638,#671,.T.);
#6374=EDGE_CURVE('',#7641,#7640,#672,.T.);
#6375=EDGE_CURVE('',#7641,#7639,#673,.T.);
#6376=EDGE_CURVE('',#7642,#7640,#674,.T.);
#6377=EDGE_CURVE('',#7643,#7642,#675,.T.);
#6378=EDGE_CURVE('',#7643,#7641,#676,.T.);
#6379=EDGE_CURVE('',#7644,#7642,#677,.T.);
#6380=EDGE_CURVE('',#7645,#7644,#678,.T.);
#6381=EDGE_CURVE('',#7645,#7643,#679,.T.);
#6382=EDGE_CURVE('',#7646,#7644,#680,.T.);
#6383=EDGE_CURVE('',#7647,#7646,#681,.T.);
#6384=EDGE_CURVE('',#7647,#7645,#682,.T.);
#6385=EDGE_CURVE('',#7648,#7646,#683,.T.);
#6386=EDGE_CURVE('',#7649,#7648,#684,.T.);
#6387=EDGE_CURVE('',#7649,#7647,#685,.T.);
#6388=EDGE_CURVE('',#7650,#7648,#686,.T.);
#6389=EDGE_CURVE('',#7651,#7650,#687,.T.);
#6390=EDGE_CURVE('',#7651,#7649,#688,.T.);
#6391=EDGE_CURVE('',#7652,#7650,#689,.T.);
#6392=EDGE_CURVE('',#7653,#7652,#690,.T.);
#6393=EDGE_CURVE('',#7653,#7651,#691,.T.);
#6394=EDGE_CURVE('',#7654,#7652,#692,.T.);
#6395=EDGE_CURVE('',#7655,#7654,#693,.T.);
#6396=EDGE_CURVE('',#7655,#7653,#694,.T.);
#6397=EDGE_CURVE('',#7656,#7654,#695,.T.);
#6398=EDGE_CURVE('',#7657,#7656,#696,.T.);
#6399=EDGE_CURVE('',#7657,#7655,#697,.T.);
#6400=EDGE_CURVE('',#7658,#7656,#698,.T.);
#6401=EDGE_CURVE('',#7659,#7658,#699,.T.);
#6402=EDGE_CURVE('',#7659,#7657,#700,.T.);
#6403=EDGE_CURVE('',#7660,#7658,#701,.T.);
#6404=EDGE_CURVE('',#7661,#7660,#702,.T.);
#6405=EDGE_CURVE('',#7661,#7659,#703,.T.);
#6406=EDGE_CURVE('',#7662,#7660,#704,.T.);
#6407=EDGE_CURVE('',#7663,#7662,#705,.T.);
#6408=EDGE_CURVE('',#7663,#7661,#706,.T.);
#6409=EDGE_CURVE('',#7664,#7662,#707,.T.);
#6410=EDGE_CURVE('',#7665,#7664,#708,.T.);
#6411=EDGE_CURVE('',#7665,#7663,#709,.T.);
#6412=EDGE_CURVE('',#7666,#7664,#710,.T.);
#6413=EDGE_CURVE('',#7667,#7666,#711,.T.);
#6414=EDGE_CURVE('',#7667,#7665,#712,.T.);
#6415=EDGE_CURVE('',#7668,#7666,#713,.T.);
#6416=EDGE_CURVE('',#7669,#7668,#714,.T.);
#6417=EDGE_CURVE('',#7669,#7667,#715,.T.);
#6418=EDGE_CURVE('',#7670,#7668,#716,.T.);
#6419=EDGE_CURVE('',#7671,#7670,#717,.T.);
#6420=EDGE_CURVE('',#7671,#7669,#718,.T.);
#6421=EDGE_CURVE('',#7672,#7670,#719,.T.);
#6422=EDGE_CURVE('',#7673,#7672,#720,.T.);
#6423=EDGE_CURVE('',#7673,#7671,#721,.T.);
#6424=EDGE_CURVE('',#7674,#7675,#722,.T.);
#6425=EDGE_CURVE('',#7676,#7675,#723,.T.);
#6426=EDGE_CURVE('',#7677,#7676,#724,.T.);
#6427=EDGE_CURVE('',#7677,#7674,#725,.T.);
#6428=EDGE_CURVE('',#7675,#7678,#726,.T.);
#6429=EDGE_CURVE('',#7679,#7678,#727,.T.);
#6430=EDGE_CURVE('',#7676,#7679,#728,.T.);
#6431=EDGE_CURVE('',#7678,#7680,#729,.T.);
#6432=EDGE_CURVE('',#7681,#7680,#730,.T.);
#6433=EDGE_CURVE('',#7679,#7681,#731,.T.);
#6434=EDGE_CURVE('',#7680,#7682,#732,.T.);
#6435=EDGE_CURVE('',#7683,#7682,#733,.T.);
#6436=EDGE_CURVE('',#7681,#7683,#734,.T.);
#6437=EDGE_CURVE('',#7682,#7684,#735,.T.);
#6438=EDGE_CURVE('',#7685,#7684,#736,.T.);
#6439=EDGE_CURVE('',#7683,#7685,#737,.T.);
#6440=EDGE_CURVE('',#7684,#7686,#738,.T.);
#6441=EDGE_CURVE('',#7687,#7686,#739,.T.);
#6442=EDGE_CURVE('',#7685,#7687,#740,.T.);
#6443=EDGE_CURVE('',#7686,#7688,#741,.T.);
#6444=EDGE_CURVE('',#7689,#7688,#742,.T.);
#6445=EDGE_CURVE('',#7687,#7689,#743,.T.);
#6446=EDGE_CURVE('',#7688,#7690,#744,.T.);
#6447=EDGE_CURVE('',#7691,#7690,#745,.T.);
#6448=EDGE_CURVE('',#7689,#7691,#746,.T.);
#6449=EDGE_CURVE('',#7690,#7692,#747,.T.);
#6450=EDGE_CURVE('',#7693,#7692,#748,.T.);
#6451=EDGE_CURVE('',#7691,#7693,#749,.T.);
#6452=EDGE_CURVE('',#7692,#7694,#750,.T.);
#6453=EDGE_CURVE('',#7695,#7694,#751,.T.);
#6454=EDGE_CURVE('',#7693,#7695,#752,.T.);
#6455=EDGE_CURVE('',#7694,#7696,#753,.T.);
#6456=EDGE_CURVE('',#7697,#7696,#754,.T.);
#6457=EDGE_CURVE('',#7695,#7697,#755,.T.);
#6458=EDGE_CURVE('',#7696,#7698,#756,.T.);
#6459=EDGE_CURVE('',#7699,#7698,#757,.T.);
#6460=EDGE_CURVE('',#7697,#7699,#758,.T.);
#6461=EDGE_CURVE('',#7698,#7700,#759,.T.);
#6462=EDGE_CURVE('',#7701,#7700,#760,.T.);
#6463=EDGE_CURVE('',#7699,#7701,#761,.T.);
#6464=EDGE_CURVE('',#7700,#7702,#762,.T.);
#6465=EDGE_CURVE('',#7703,#7702,#763,.T.);
#6466=EDGE_CURVE('',#7701,#7703,#764,.T.);
#6467=EDGE_CURVE('',#7702,#7704,#765,.T.);
#6468=EDGE_CURVE('',#7705,#7704,#766,.T.);
#6469=EDGE_CURVE('',#7703,#7705,#767,.T.);
#6470=EDGE_CURVE('',#7704,#7706,#768,.T.);
#6471=EDGE_CURVE('',#7707,#7706,#769,.T.);
#6472=EDGE_CURVE('',#7705,#7707,#770,.T.);
#6473=EDGE_CURVE('',#7706,#7708,#771,.T.);
#6474=EDGE_CURVE('',#7709,#7708,#772,.T.);
#6475=EDGE_CURVE('',#7707,#7709,#773,.T.);
#6476=EDGE_CURVE('',#7708,#7710,#774,.T.);
#6477=EDGE_CURVE('',#7711,#7710,#775,.T.);
#6478=EDGE_CURVE('',#7709,#7711,#776,.T.);
#6479=EDGE_CURVE('',#7710,#7712,#777,.T.);
#6480=EDGE_CURVE('',#7713,#7712,#778,.T.);
#6481=EDGE_CURVE('',#7711,#7713,#779,.T.);
#6482=EDGE_CURVE('',#7712,#7714,#780,.T.);
#6483=EDGE_CURVE('',#7715,#7714,#781,.T.);
#6484=EDGE_CURVE('',#7713,#7715,#782,.T.);
#6485=EDGE_CURVE('',#7714,#7716,#783,.T.);
#6486=EDGE_CURVE('',#7717,#7716,#784,.T.);
#6487=EDGE_CURVE('',#7715,#7717,#785,.T.);
#6488=EDGE_CURVE('',#7716,#7718,#786,.T.);
#6489=EDGE_CURVE('',#7719,#7718,#787,.T.);
#6490=EDGE_CURVE('',#7717,#7719,#788,.T.);
#6491=EDGE_CURVE('',#7718,#7720,#789,.T.);
#6492=EDGE_CURVE('',#7721,#7720,#790,.T.);
#6493=EDGE_CURVE('',#7719,#7721,#791,.T.);
#6494=EDGE_CURVE('',#7720,#7722,#792,.T.);
#6495=EDGE_CURVE('',#7723,#7722,#793,.T.);
#6496=EDGE_CURVE('',#7721,#7723,#794,.T.);
#6497=EDGE_CURVE('',#7722,#7724,#795,.T.);
#6498=EDGE_CURVE('',#7725,#7724,#796,.T.);
#6499=EDGE_CURVE('',#7723,#7725,#797,.T.);
#6500=EDGE_CURVE('',#7724,#7726,#798,.T.);
#6501=EDGE_CURVE('',#7727,#7726,#799,.T.);
#6502=EDGE_CURVE('',#7725,#7727,#800,.T.);
#6503=EDGE_CURVE('',#7726,#7728,#801,.T.);
#6504=EDGE_CURVE('',#7729,#7728,#802,.T.);
#6505=EDGE_CURVE('',#7727,#7729,#803,.T.);
#6506=EDGE_CURVE('',#7728,#7730,#804,.T.);
#6507=EDGE_CURVE('',#7731,#7730,#805,.T.);
#6508=EDGE_CURVE('',#7729,#7731,#806,.T.);
#6509=EDGE_CURVE('',#7732,#7733,#807,.T.);
#6510=EDGE_CURVE('',#7734,#7733,#808,.T.);
#6511=EDGE_CURVE('',#7735,#7734,#809,.T.);
#6512=EDGE_CURVE('',#7735,#7732,#810,.T.);
#6513=EDGE_CURVE('',#7733,#7736,#811,.T.);
#6514=EDGE_CURVE('',#7737,#7736,#812,.T.);
#6515=EDGE_CURVE('',#7734,#7737,#813,.T.);
#6516=EDGE_CURVE('',#7736,#7738,#814,.T.);
#6517=EDGE_CURVE('',#7739,#7738,#815,.T.);
#6518=EDGE_CURVE('',#7737,#7739,#816,.T.);
#6519=EDGE_CURVE('',#7738,#7740,#817,.T.);
#6520=EDGE_CURVE('',#7741,#7740,#818,.T.);
#6521=EDGE_CURVE('',#7739,#7741,#819,.T.);
#6522=EDGE_CURVE('',#7740,#7742,#820,.T.);
#6523=EDGE_CURVE('',#7743,#7742,#821,.T.);
#6524=EDGE_CURVE('',#7741,#7743,#822,.T.);
#6525=EDGE_CURVE('',#7742,#7744,#823,.T.);
#6526=EDGE_CURVE('',#7745,#7744,#824,.T.);
#6527=EDGE_CURVE('',#7743,#7745,#825,.T.);
#6528=EDGE_CURVE('',#7744,#7746,#826,.T.);
#6529=EDGE_CURVE('',#7747,#7746,#827,.T.);
#6530=EDGE_CURVE('',#7745,#7747,#828,.T.);
#6531=EDGE_CURVE('',#7746,#7748,#829,.T.);
#6532=EDGE_CURVE('',#7749,#7748,#830,.T.);
#6533=EDGE_CURVE('',#7747,#7749,#831,.T.);
#6534=EDGE_CURVE('',#7748,#7750,#832,.T.);
#6535=EDGE_CURVE('',#7751,#7750,#833,.T.);
#6536=EDGE_CURVE('',#7749,#7751,#834,.T.);
#6537=EDGE_CURVE('',#7750,#7752,#835,.T.);
#6538=EDGE_CURVE('',#7753,#7752,#836,.T.);
#6539=EDGE_CURVE('',#7751,#7753,#837,.T.);
#6540=EDGE_CURVE('',#7752,#7754,#838,.T.);
#6541=EDGE_CURVE('',#7755,#7754,#839,.T.);
#6542=EDGE_CURVE('',#7753,#7755,#840,.T.);
#6543=EDGE_CURVE('',#7754,#7756,#841,.T.);
#6544=EDGE_CURVE('',#7757,#7756,#842,.T.);
#6545=EDGE_CURVE('',#7755,#7757,#843,.T.);
#6546=EDGE_CURVE('',#7756,#7758,#844,.T.);
#6547=EDGE_CURVE('',#7759,#7758,#845,.T.);
#6548=EDGE_CURVE('',#7757,#7759,#846,.T.);
#6549=EDGE_CURVE('',#7758,#7760,#847,.T.);
#6550=EDGE_CURVE('',#7761,#7760,#848,.T.);
#6551=EDGE_CURVE('',#7759,#7761,#849,.T.);
#6552=EDGE_CURVE('',#7760,#7762,#850,.T.);
#6553=EDGE_CURVE('',#7763,#7762,#851,.T.);
#6554=EDGE_CURVE('',#7761,#7763,#852,.T.);
#6555=EDGE_CURVE('',#7762,#7764,#853,.T.);
#6556=EDGE_CURVE('',#7765,#7764,#854,.T.);
#6557=EDGE_CURVE('',#7763,#7765,#855,.T.);
#6558=EDGE_CURVE('',#7764,#7766,#856,.T.);
#6559=EDGE_CURVE('',#7767,#7766,#857,.T.);
#6560=EDGE_CURVE('',#7765,#7767,#858,.T.);
#6561=EDGE_CURVE('',#7766,#7768,#859,.T.);
#6562=EDGE_CURVE('',#7769,#7768,#860,.T.);
#6563=EDGE_CURVE('',#7767,#7769,#861,.T.);
#6564=EDGE_CURVE('',#7768,#7770,#862,.T.);
#6565=EDGE_CURVE('',#7771,#7770,#863,.T.);
#6566=EDGE_CURVE('',#7769,#7771,#864,.T.);
#6567=EDGE_CURVE('',#7770,#7772,#865,.T.);
#6568=EDGE_CURVE('',#7773,#7772,#866,.T.);
#6569=EDGE_CURVE('',#7771,#7773,#867,.T.);
#6570=EDGE_CURVE('',#7772,#7774,#868,.T.);
#6571=EDGE_CURVE('',#7775,#7774,#869,.T.);
#6572=EDGE_CURVE('',#7773,#7775,#870,.T.);
#6573=EDGE_CURVE('',#7774,#7776,#871,.T.);
#6574=EDGE_CURVE('',#7777,#7776,#872,.T.);
#6575=EDGE_CURVE('',#7775,#7777,#873,.T.);
#6576=EDGE_CURVE('',#7776,#7778,#874,.T.);
#6577=EDGE_CURVE('',#7779,#7778,#875,.T.);
#6578=EDGE_CURVE('',#7777,#7779,#876,.T.);
#6579=EDGE_CURVE('',#7778,#7780,#877,.T.);
#6580=EDGE_CURVE('',#7781,#7780,#878,.T.);
#6581=EDGE_CURVE('',#7779,#7781,#879,.T.);
#6582=EDGE_CURVE('',#7780,#7782,#880,.T.);
#6583=EDGE_CURVE('',#7783,#7782,#881,.T.);
#6584=EDGE_CURVE('',#7781,#7783,#882,.T.);
#6585=EDGE_CURVE('',#7782,#7784,#883,.T.);
#6586=EDGE_CURVE('',#7785,#7784,#884,.T.);
#6587=EDGE_CURVE('',#7783,#7785,#885,.T.);
#6588=EDGE_CURVE('',#7784,#7786,#886,.T.);
#6589=EDGE_CURVE('',#7787,#7786,#887,.T.);
#6590=EDGE_CURVE('',#7785,#7787,#888,.T.);
#6591=EDGE_CURVE('',#7786,#7788,#889,.T.);
#6592=EDGE_CURVE('',#7789,#7788,#890,.T.);
#6593=EDGE_CURVE('',#7787,#7789,#891,.T.);
#6594=EDGE_CURVE('',#7788,#7790,#892,.T.);
#6595=EDGE_CURVE('',#7791,#7790,#893,.T.);
#6596=EDGE_CURVE('',#7789,#7791,#894,.T.);
#6597=EDGE_CURVE('',#7790,#7792,#895,.T.);
#6598=EDGE_CURVE('',#7793,#7792,#896,.T.);
#6599=EDGE_CURVE('',#7791,#7793,#897,.T.);
#6600=EDGE_CURVE('',#7792,#7794,#898,.T.);
#6601=EDGE_CURVE('',#7795,#7794,#899,.T.);
#6602=EDGE_CURVE('',#7793,#7795,#900,.T.);
#6603=EDGE_CURVE('',#7794,#7796,#901,.T.);
#6604=EDGE_CURVE('',#7797,#7796,#902,.T.);
#6605=EDGE_CURVE('',#7795,#7797,#903,.T.);
#6606=EDGE_CURVE('',#7796,#7798,#904,.T.);
#6607=EDGE_CURVE('',#7799,#7798,#905,.T.);
#6608=EDGE_CURVE('',#7797,#7799,#906,.T.);
#6609=EDGE_CURVE('',#7798,#7800,#907,.T.);
#6610=EDGE_CURVE('',#7801,#7800,#908,.T.);
#6611=EDGE_CURVE('',#7799,#7801,#909,.T.);
#6612=EDGE_CURVE('',#7800,#7802,#910,.T.);
#6613=EDGE_CURVE('',#7803,#7802,#911,.T.);
#6614=EDGE_CURVE('',#7801,#7803,#912,.T.);
#6615=EDGE_CURVE('',#7802,#7804,#913,.T.);
#6616=EDGE_CURVE('',#7805,#7804,#914,.T.);
#6617=EDGE_CURVE('',#7803,#7805,#915,.T.);
#6618=EDGE_CURVE('',#7804,#7806,#916,.T.);
#6619=EDGE_CURVE('',#7807,#7806,#917,.T.);
#6620=EDGE_CURVE('',#7805,#7807,#918,.T.);
#6621=EDGE_CURVE('',#7806,#7808,#919,.T.);
#6622=EDGE_CURVE('',#7809,#7808,#920,.T.);
#6623=EDGE_CURVE('',#7807,#7809,#921,.T.);
#6624=EDGE_CURVE('',#7808,#7810,#922,.T.);
#6625=EDGE_CURVE('',#7811,#7810,#923,.T.);
#6626=EDGE_CURVE('',#7809,#7811,#924,.T.);
#6627=EDGE_CURVE('',#7810,#7812,#925,.T.);
#6628=EDGE_CURVE('',#7813,#7812,#926,.T.);
#6629=EDGE_CURVE('',#7811,#7813,#927,.T.);
#6630=EDGE_CURVE('',#7812,#7814,#928,.T.);
#6631=EDGE_CURVE('',#7815,#7814,#929,.T.);
#6632=EDGE_CURVE('',#7813,#7815,#930,.T.);
#6633=EDGE_CURVE('',#7816,#7817,#931,.T.);
#6634=EDGE_CURVE('',#7818,#7817,#932,.T.);
#6635=EDGE_CURVE('',#7819,#7818,#933,.T.);
#6636=EDGE_CURVE('',#7819,#7816,#934,.T.);
#6637=EDGE_CURVE('',#7817,#7820,#935,.T.);
#6638=EDGE_CURVE('',#7821,#7820,#936,.T.);
#6639=EDGE_CURVE('',#7818,#7821,#937,.T.);
#6640=EDGE_CURVE('',#7820,#7822,#938,.T.);
#6641=EDGE_CURVE('',#7823,#7822,#939,.T.);
#6642=EDGE_CURVE('',#7821,#7823,#940,.T.);
#6643=EDGE_CURVE('',#7822,#7824,#941,.T.);
#6644=EDGE_CURVE('',#7825,#7824,#942,.T.);
#6645=EDGE_CURVE('',#7823,#7825,#943,.T.);
#6646=EDGE_CURVE('',#7824,#7826,#944,.T.);
#6647=EDGE_CURVE('',#7827,#7826,#945,.T.);
#6648=EDGE_CURVE('',#7825,#7827,#946,.T.);
#6649=EDGE_CURVE('',#7826,#7828,#947,.T.);
#6650=EDGE_CURVE('',#7829,#7828,#948,.T.);
#6651=EDGE_CURVE('',#7827,#7829,#949,.T.);
#6652=EDGE_CURVE('',#7828,#7830,#950,.T.);
#6653=EDGE_CURVE('',#7831,#7830,#951,.T.);
#6654=EDGE_CURVE('',#7829,#7831,#952,.T.);
#6655=EDGE_CURVE('',#7830,#7832,#953,.T.);
#6656=EDGE_CURVE('',#7833,#7832,#954,.T.);
#6657=EDGE_CURVE('',#7831,#7833,#955,.T.);
#6658=EDGE_CURVE('',#7832,#7834,#956,.T.);
#6659=EDGE_CURVE('',#7835,#7834,#957,.T.);
#6660=EDGE_CURVE('',#7833,#7835,#958,.T.);
#6661=EDGE_CURVE('',#7834,#7836,#959,.T.);
#6662=EDGE_CURVE('',#7837,#7836,#960,.T.);
#6663=EDGE_CURVE('',#7835,#7837,#961,.T.);
#6664=EDGE_CURVE('',#7836,#7838,#962,.T.);
#6665=EDGE_CURVE('',#7839,#7838,#963,.T.);
#6666=EDGE_CURVE('',#7837,#7839,#964,.T.);
#6667=EDGE_CURVE('',#7838,#7840,#965,.T.);
#6668=EDGE_CURVE('',#7841,#7840,#966,.T.);
#6669=EDGE_CURVE('',#7839,#7841,#967,.T.);
#6670=EDGE_CURVE('',#7840,#7842,#968,.T.);
#6671=EDGE_CURVE('',#7843,#7842,#969,.T.);
#6672=EDGE_CURVE('',#7841,#7843,#970,.T.);
#6673=EDGE_CURVE('',#7842,#7844,#971,.T.);
#6674=EDGE_CURVE('',#7845,#7844,#972,.T.);
#6675=EDGE_CURVE('',#7843,#7845,#973,.T.);
#6676=EDGE_CURVE('',#7844,#7846,#974,.T.);
#6677=EDGE_CURVE('',#7847,#7846,#975,.T.);
#6678=EDGE_CURVE('',#7845,#7847,#976,.T.);
#6679=EDGE_CURVE('',#7846,#7848,#977,.T.);
#6680=EDGE_CURVE('',#7849,#7848,#978,.T.);
#6681=EDGE_CURVE('',#7847,#7849,#979,.T.);
#6682=EDGE_CURVE('',#7848,#7850,#980,.T.);
#6683=EDGE_CURVE('',#7851,#7850,#981,.T.);
#6684=EDGE_CURVE('',#7849,#7851,#982,.T.);
#6685=EDGE_CURVE('',#7850,#7852,#983,.T.);
#6686=EDGE_CURVE('',#7853,#7852,#984,.T.);
#6687=EDGE_CURVE('',#7851,#7853,#985,.T.);
#6688=EDGE_CURVE('',#7852,#7854,#986,.T.);
#6689=EDGE_CURVE('',#7855,#7854,#987,.T.);
#6690=EDGE_CURVE('',#7853,#7855,#988,.T.);
#6691=EDGE_CURVE('',#7854,#7856,#989,.T.);
#6692=EDGE_CURVE('',#7857,#7856,#990,.T.);
#6693=EDGE_CURVE('',#7855,#7857,#991,.T.);
#6694=EDGE_CURVE('',#7856,#7858,#992,.T.);
#6695=EDGE_CURVE('',#7859,#7858,#993,.T.);
#6696=EDGE_CURVE('',#7857,#7859,#994,.T.);
#6697=EDGE_CURVE('',#7858,#7860,#995,.T.);
#6698=EDGE_CURVE('',#7861,#7860,#996,.T.);
#6699=EDGE_CURVE('',#7859,#7861,#997,.T.);
#6700=EDGE_CURVE('',#7860,#7862,#998,.T.);
#6701=EDGE_CURVE('',#7863,#7862,#999,.T.);
#6702=EDGE_CURVE('',#7861,#7863,#1000,.T.);
#6703=EDGE_CURVE('',#7862,#7864,#1001,.T.);
#6704=EDGE_CURVE('',#7865,#7864,#1002,.T.);
#6705=EDGE_CURVE('',#7863,#7865,#1003,.T.);
#6706=EDGE_CURVE('',#7864,#7866,#1004,.T.);
#6707=EDGE_CURVE('',#7867,#7866,#1005,.T.);
#6708=EDGE_CURVE('',#7865,#7867,#1006,.T.);
#6709=EDGE_CURVE('',#7866,#7868,#1007,.T.);
#6710=EDGE_CURVE('',#7869,#7868,#1008,.T.);
#6711=EDGE_CURVE('',#7867,#7869,#1009,.T.);
#6712=EDGE_CURVE('',#7868,#7870,#1010,.T.);
#6713=EDGE_CURVE('',#7871,#7870,#1011,.T.);
#6714=EDGE_CURVE('',#7869,#7871,#1012,.T.);
#6715=EDGE_CURVE('',#7870,#7872,#1013,.T.);
#6716=EDGE_CURVE('',#7873,#7872,#1014,.T.);
#6717=EDGE_CURVE('',#7871,#7873,#1015,.T.);
#6718=EDGE_CURVE('',#7872,#7874,#1016,.T.);
#6719=EDGE_CURVE('',#7875,#7874,#1017,.T.);
#6720=EDGE_CURVE('',#7873,#7875,#1018,.T.);
#6721=EDGE_CURVE('',#7874,#7876,#1019,.T.);
#6722=EDGE_CURVE('',#7877,#7876,#1020,.T.);
#6723=EDGE_CURVE('',#7875,#7877,#1021,.T.);
#6724=EDGE_CURVE('',#7876,#7878,#1022,.T.);
#6725=EDGE_CURVE('',#7879,#7878,#1023,.T.);
#6726=EDGE_CURVE('',#7877,#7879,#1024,.T.);
#6727=EDGE_CURVE('',#7880,#7881,#1025,.T.);
#6728=EDGE_CURVE('',#7882,#7880,#1026,.T.);
#6729=EDGE_CURVE('',#7882,#7883,#1027,.T.);
#6730=EDGE_CURVE('',#7883,#7881,#1028,.T.);
#6731=EDGE_CURVE('',#7884,#7880,#1029,.T.);
#6732=EDGE_CURVE('',#7885,#7884,#1030,.T.);
#6733=EDGE_CURVE('',#7885,#7882,#1031,.T.);
#6734=EDGE_CURVE('',#7886,#7884,#1032,.T.);
#6735=EDGE_CURVE('',#7887,#7886,#1033,.T.);
#6736=EDGE_CURVE('',#7887,#7885,#1034,.T.);
#6737=EDGE_CURVE('',#7888,#7886,#1035,.T.);
#6738=EDGE_CURVE('',#7889,#7888,#1036,.T.);
#6739=EDGE_CURVE('',#7889,#7887,#1037,.T.);
#6740=EDGE_CURVE('',#7890,#7888,#1038,.T.);
#6741=EDGE_CURVE('',#7891,#7890,#1039,.T.);
#6742=EDGE_CURVE('',#7891,#7889,#1040,.T.);
#6743=EDGE_CURVE('',#7892,#7890,#1041,.T.);
#6744=EDGE_CURVE('',#7893,#7892,#1042,.T.);
#6745=EDGE_CURVE('',#7893,#7891,#1043,.T.);
#6746=EDGE_CURVE('',#7894,#7892,#1044,.T.);
#6747=EDGE_CURVE('',#7895,#7894,#1045,.T.);
#6748=EDGE_CURVE('',#7895,#7893,#1046,.T.);
#6749=EDGE_CURVE('',#7896,#7894,#1047,.T.);
#6750=EDGE_CURVE('',#7897,#7896,#1048,.T.);
#6751=EDGE_CURVE('',#7897,#7895,#1049,.T.);
#6752=EDGE_CURVE('',#7898,#7896,#1050,.T.);
#6753=EDGE_CURVE('',#7899,#7898,#1051,.T.);
#6754=EDGE_CURVE('',#7899,#7897,#1052,.T.);
#6755=EDGE_CURVE('',#7900,#7898,#1053,.T.);
#6756=EDGE_CURVE('',#7901,#7900,#1054,.T.);
#6757=EDGE_CURVE('',#7901,#7899,#1055,.T.);
#6758=EDGE_CURVE('',#7902,#7900,#1056,.T.);
#6759=EDGE_CURVE('',#7903,#7902,#1057,.T.);
#6760=EDGE_CURVE('',#7903,#7901,#1058,.T.);
#6761=EDGE_CURVE('',#7904,#7902,#1059,.T.);
#6762=EDGE_CURVE('',#7905,#7904,#1060,.T.);
#6763=EDGE_CURVE('',#7905,#7903,#1061,.T.);
#6764=EDGE_CURVE('',#7906,#7904,#1062,.T.);
#6765=EDGE_CURVE('',#7907,#7906,#1063,.T.);
#6766=EDGE_CURVE('',#7907,#7905,#1064,.T.);
#6767=EDGE_CURVE('',#7908,#7906,#1065,.T.);
#6768=EDGE_CURVE('',#7909,#7908,#1066,.T.);
#6769=EDGE_CURVE('',#7909,#7907,#1067,.T.);
#6770=EDGE_CURVE('',#7910,#7908,#1068,.T.);
#6771=EDGE_CURVE('',#7911,#7910,#1069,.T.);
#6772=EDGE_CURVE('',#7911,#7909,#1070,.T.);
#6773=EDGE_CURVE('',#7912,#7910,#1071,.T.);
#6774=EDGE_CURVE('',#7913,#7912,#1072,.T.);
#6775=EDGE_CURVE('',#7913,#7911,#1073,.T.);
#6776=EDGE_CURVE('',#7914,#7912,#1074,.T.);
#6777=EDGE_CURVE('',#7915,#7914,#1075,.T.);
#6778=EDGE_CURVE('',#7915,#7913,#1076,.T.);
#6779=EDGE_CURVE('',#7916,#7914,#1077,.T.);
#6780=EDGE_CURVE('',#7917,#7916,#1078,.T.);
#6781=EDGE_CURVE('',#7917,#7915,#1079,.T.);
#6782=EDGE_CURVE('',#7918,#7916,#1080,.T.);
#6783=EDGE_CURVE('',#7919,#7918,#1081,.T.);
#6784=EDGE_CURVE('',#7919,#7917,#1082,.T.);
#6785=EDGE_CURVE('',#7920,#7918,#1083,.T.);
#6786=EDGE_CURVE('',#7921,#7920,#1084,.T.);
#6787=EDGE_CURVE('',#7921,#7919,#1085,.T.);
#6788=EDGE_CURVE('',#7922,#7920,#1086,.T.);
#6789=EDGE_CURVE('',#7923,#7922,#1087,.T.);
#6790=EDGE_CURVE('',#7923,#7921,#1088,.T.);
#6791=EDGE_CURVE('',#7924,#7922,#1089,.T.);
#6792=EDGE_CURVE('',#7925,#7924,#1090,.T.);
#6793=EDGE_CURVE('',#7925,#7923,#1091,.T.);
#6794=EDGE_CURVE('',#7926,#7924,#1092,.T.);
#6795=EDGE_CURVE('',#7927,#7926,#1093,.T.);
#6796=EDGE_CURVE('',#7927,#7925,#1094,.T.);
#6797=EDGE_CURVE('',#7928,#7926,#1095,.T.);
#6798=EDGE_CURVE('',#7929,#7928,#1096,.T.);
#6799=EDGE_CURVE('',#7929,#7927,#1097,.T.);
#6800=EDGE_CURVE('',#7930,#7928,#1098,.T.);
#6801=EDGE_CURVE('',#7931,#7930,#1099,.T.);
#6802=EDGE_CURVE('',#7931,#7929,#1100,.T.);
#6803=EDGE_CURVE('',#7932,#7930,#1101,.T.);
#6804=EDGE_CURVE('',#7933,#7932,#1102,.T.);
#6805=EDGE_CURVE('',#7933,#7931,#1103,.T.);
#6806=EDGE_CURVE('',#7934,#7932,#1104,.T.);
#6807=EDGE_CURVE('',#7935,#7934,#1105,.T.);
#6808=EDGE_CURVE('',#7935,#7933,#1106,.T.);
#6809=EDGE_CURVE('',#7936,#7934,#1107,.T.);
#6810=EDGE_CURVE('',#7937,#7936,#1108,.T.);
#6811=EDGE_CURVE('',#7937,#7935,#1109,.T.);
#6812=EDGE_CURVE('',#7938,#7936,#1110,.T.);
#6813=EDGE_CURVE('',#7939,#7938,#1111,.T.);
#6814=EDGE_CURVE('',#7939,#7937,#1112,.T.);
#6815=EDGE_CURVE('',#7940,#7938,#1113,.T.);
#6816=EDGE_CURVE('',#7941,#7940,#1114,.T.);
#6817=EDGE_CURVE('',#7941,#7939,#1115,.T.);
#6818=EDGE_CURVE('',#7942,#7940,#1116,.T.);
#6819=EDGE_CURVE('',#7943,#7942,#1117,.T.);
#6820=EDGE_CURVE('',#7943,#7941,#1118,.T.);
#6821=EDGE_CURVE('',#7944,#7942,#1119,.T.);
#6822=EDGE_CURVE('',#7945,#7944,#1120,.T.);
#6823=EDGE_CURVE('',#7945,#7943,#1121,.T.);
#6824=EDGE_CURVE('',#7946,#7944,#1122,.T.);
#6825=EDGE_CURVE('',#7947,#7946,#1123,.T.);
#6826=EDGE_CURVE('',#7947,#7945,#1124,.T.);
#6827=EDGE_CURVE('',#7948,#7946,#1125,.T.);
#6828=EDGE_CURVE('',#7949,#7948,#1126,.T.);
#6829=EDGE_CURVE('',#7949,#7947,#1127,.T.);
#6830=EDGE_CURVE('',#7950,#7948,#1128,.T.);
#6831=EDGE_CURVE('',#7951,#7950,#1129,.T.);
#6832=EDGE_CURVE('',#7951,#7949,#1130,.T.);
#6833=EDGE_CURVE('',#7952,#7950,#1131,.T.);
#6834=EDGE_CURVE('',#7953,#7952,#1132,.T.);
#6835=EDGE_CURVE('',#7953,#7951,#1133,.T.);
#6836=EDGE_CURVE('',#7954,#7952,#1134,.T.);
#6837=EDGE_CURVE('',#7955,#7954,#1135,.T.);
#6838=EDGE_CURVE('',#7955,#7953,#1136,.T.);
#6839=EDGE_CURVE('',#7956,#7954,#1137,.T.);
#6840=EDGE_CURVE('',#7957,#7956,#1138,.T.);
#6841=EDGE_CURVE('',#7957,#7955,#1139,.T.);
#6842=EDGE_CURVE('',#7958,#7956,#1140,.T.);
#6843=EDGE_CURVE('',#7959,#7958,#1141,.T.);
#6844=EDGE_CURVE('',#7959,#7957,#1142,.T.);
#6845=EDGE_CURVE('',#7960,#7958,#1143,.T.);
#6846=EDGE_CURVE('',#7961,#7960,#1144,.T.);
#6847=EDGE_CURVE('',#7961,#7959,#1145,.T.);
#6848=EDGE_CURVE('',#7962,#7960,#1146,.T.);
#6849=EDGE_CURVE('',#7963,#7962,#1147,.T.);
#6850=EDGE_CURVE('',#7963,#7961,#1148,.T.);
#6851=EDGE_CURVE('',#7964,#7962,#1149,.T.);
#6852=EDGE_CURVE('',#7965,#7964,#1150,.T.);
#6853=EDGE_CURVE('',#7965,#7963,#1151,.T.);
#6854=EDGE_CURVE('',#7966,#7964,#1152,.T.);
#6855=EDGE_CURVE('',#7967,#7966,#1153,.T.);
#6856=EDGE_CURVE('',#7967,#7965,#1154,.T.);
#6857=EDGE_CURVE('',#7968,#7966,#1155,.T.);
#6858=EDGE_CURVE('',#7969,#7968,#1156,.T.);
#6859=EDGE_CURVE('',#7969,#7967,#1157,.T.);
#6860=EDGE_CURVE('',#7970,#7968,#1158,.T.);
#6861=EDGE_CURVE('',#7971,#7970,#1159,.T.);
#6862=EDGE_CURVE('',#7971,#7969,#1160,.T.);
#6863=EDGE_CURVE('',#7972,#7970,#1161,.T.);
#6864=EDGE_CURVE('',#7973,#7972,#1162,.T.);
#6865=EDGE_CURVE('',#7973,#7971,#1163,.T.);
#6866=EDGE_CURVE('',#7974,#7191,#1164,.T.);
#6867=EDGE_CURVE('',#7974,#7975,#1165,.T.);
#6868=EDGE_CURVE('',#7975,#7192,#1166,.T.);
#6869=EDGE_CURVE('',#7976,#7275,#1167,.T.);
#6870=EDGE_CURVE('',#7976,#7974,#1168,.T.);
#6871=EDGE_CURVE('',#7977,#7274,#1169,.T.);
#6872=EDGE_CURVE('',#7977,#7976,#1170,.T.);
#6873=EDGE_CURVE('',#7978,#7273,#1171,.T.);
#6874=EDGE_CURVE('',#7978,#7977,#1172,.T.);
#6875=EDGE_CURVE('',#7979,#7272,#1173,.T.);
#6876=EDGE_CURVE('',#7979,#7978,#1174,.T.);
#6877=EDGE_CURVE('',#7980,#7271,#1175,.T.);
#6878=EDGE_CURVE('',#7980,#7979,#1176,.T.);
#6879=EDGE_CURVE('',#7981,#7270,#1177,.T.);
#6880=EDGE_CURVE('',#7981,#7980,#1178,.T.);
#6881=EDGE_CURVE('',#7982,#7269,#1179,.T.);
#6882=EDGE_CURVE('',#7982,#7981,#1180,.T.);
#6883=EDGE_CURVE('',#7983,#7268,#1181,.T.);
#6884=EDGE_CURVE('',#7983,#7982,#1182,.T.);
#6885=EDGE_CURVE('',#7984,#7267,#1183,.T.);
#6886=EDGE_CURVE('',#7984,#7983,#1184,.T.);
#6887=EDGE_CURVE('',#7985,#7266,#1185,.T.);
#6888=EDGE_CURVE('',#7985,#7984,#1186,.T.);
#6889=EDGE_CURVE('',#7986,#7265,#1187,.T.);
#6890=EDGE_CURVE('',#7986,#7985,#1188,.T.);
#6891=EDGE_CURVE('',#7987,#7264,#1189,.T.);
#6892=EDGE_CURVE('',#7987,#7986,#1190,.T.);
#6893=EDGE_CURVE('',#7988,#7263,#1191,.T.);
#6894=EDGE_CURVE('',#7988,#7987,#1192,.T.);
#6895=EDGE_CURVE('',#7989,#7262,#1193,.T.);
#6896=EDGE_CURVE('',#7989,#7988,#1194,.T.);
#6897=EDGE_CURVE('',#7990,#7261,#1195,.T.);
#6898=EDGE_CURVE('',#7990,#7989,#1196,.T.);
#6899=EDGE_CURVE('',#7991,#7260,#1197,.T.);
#6900=EDGE_CURVE('',#7991,#7990,#1198,.T.);
#6901=EDGE_CURVE('',#7992,#7259,#1199,.T.);
#6902=EDGE_CURVE('',#7992,#7991,#1200,.T.);
#6903=EDGE_CURVE('',#7993,#7258,#1201,.T.);
#6904=EDGE_CURVE('',#7993,#7992,#1202,.T.);
#6905=EDGE_CURVE('',#7994,#7257,#1203,.T.);
#6906=EDGE_CURVE('',#7994,#7993,#1204,.T.);
#6907=EDGE_CURVE('',#7995,#7256,#1205,.T.);
#6908=EDGE_CURVE('',#7995,#7994,#1206,.T.);
#6909=EDGE_CURVE('',#7996,#7255,#1207,.T.);
#6910=EDGE_CURVE('',#7996,#7995,#1208,.T.);
#6911=EDGE_CURVE('',#7997,#7254,#1209,.T.);
#6912=EDGE_CURVE('',#7997,#7996,#1210,.T.);
#6913=EDGE_CURVE('',#7998,#7253,#1211,.T.);
#6914=EDGE_CURVE('',#7998,#7997,#1212,.T.);
#6915=EDGE_CURVE('',#7999,#7252,#1213,.T.);
#6916=EDGE_CURVE('',#7999,#7998,#1214,.T.);
#6917=EDGE_CURVE('',#8000,#7251,#1215,.T.);
#6918=EDGE_CURVE('',#8000,#7999,#1216,.T.);
#6919=EDGE_CURVE('',#8001,#7250,#1217,.T.);
#6920=EDGE_CURVE('',#8001,#8000,#1218,.T.);
#6921=EDGE_CURVE('',#8002,#7249,#1219,.T.);
#6922=EDGE_CURVE('',#8002,#8001,#1220,.T.);
#6923=EDGE_CURVE('',#8003,#7248,#1221,.T.);
#6924=EDGE_CURVE('',#8003,#8002,#1222,.T.);
#6925=EDGE_CURVE('',#8004,#7247,#1223,.T.);
#6926=EDGE_CURVE('',#8004,#8003,#1224,.T.);
#6927=EDGE_CURVE('',#8005,#7246,#1225,.T.);
#6928=EDGE_CURVE('',#8005,#8004,#1226,.T.);
#6929=EDGE_CURVE('',#8006,#7245,#1227,.T.);
#6930=EDGE_CURVE('',#8006,#8005,#1228,.T.);
#6931=EDGE_CURVE('',#8007,#7244,#1229,.T.);
#6932=EDGE_CURVE('',#8007,#8006,#1230,.T.);
#6933=EDGE_CURVE('',#8008,#7243,#1231,.T.);
#6934=EDGE_CURVE('',#8008,#8007,#1232,.T.);
#6935=EDGE_CURVE('',#8009,#7242,#1233,.T.);
#6936=EDGE_CURVE('',#8009,#8008,#1234,.T.);
#6937=EDGE_CURVE('',#8010,#7241,#1235,.T.);
#6938=EDGE_CURVE('',#8010,#8009,#1236,.T.);
#6939=EDGE_CURVE('',#8011,#7240,#1237,.T.);
#6940=EDGE_CURVE('',#8011,#8010,#1238,.T.);
#6941=EDGE_CURVE('',#8012,#7239,#1239,.T.);
#6942=EDGE_CURVE('',#8012,#8011,#1240,.T.);
#6943=EDGE_CURVE('',#8013,#7238,#1241,.T.);
#6944=EDGE_CURVE('',#8013,#8012,#1242,.T.);
#6945=EDGE_CURVE('',#8014,#7237,#1243,.T.);
#6946=EDGE_CURVE('',#8014,#8013,#1244,.T.);
#6947=EDGE_CURVE('',#8015,#7236,#1245,.T.);
#6948=EDGE_CURVE('',#8015,#8014,#1246,.T.);
#6949=EDGE_CURVE('',#8016,#7235,#1247,.T.);
#6950=EDGE_CURVE('',#8016,#8015,#1248,.T.);
#6951=EDGE_CURVE('',#8017,#7234,#1249,.T.);
#6952=EDGE_CURVE('',#8017,#8016,#1250,.T.);
#6953=EDGE_CURVE('',#8018,#7233,#1251,.T.);
#6954=EDGE_CURVE('',#8018,#8017,#1252,.T.);
#6955=EDGE_CURVE('',#8019,#7232,#1253,.T.);
#6956=EDGE_CURVE('',#8019,#8018,#1254,.T.);
#6957=EDGE_CURVE('',#8020,#7231,#1255,.T.);
#6958=EDGE_CURVE('',#8020,#8019,#1256,.T.);
#6959=EDGE_CURVE('',#8021,#7230,#1257,.T.);
#6960=EDGE_CURVE('',#8021,#8020,#1258,.T.);
#6961=EDGE_CURVE('',#8022,#7229,#1259,.T.);
#6962=EDGE_CURVE('',#8022,#8021,#1260,.T.);
#6963=EDGE_CURVE('',#8023,#7228,#1261,.T.);
#6964=EDGE_CURVE('',#8023,#8022,#1262,.T.);
#6965=EDGE_CURVE('',#8024,#7227,#1263,.T.);
#6966=EDGE_CURVE('',#8024,#8023,#1264,.T.);
#6967=EDGE_CURVE('',#8025,#7226,#1265,.T.);
#6968=EDGE_CURVE('',#8025,#8024,#1266,.T.);
#6969=EDGE_CURVE('',#8026,#7225,#1267,.T.);
#6970=EDGE_CURVE('',#8026,#8025,#1268,.T.);
#6971=EDGE_CURVE('',#8027,#7224,#1269,.T.);
#6972=EDGE_CURVE('',#8027,#8026,#1270,.T.);
#6973=EDGE_CURVE('',#8028,#7223,#1271,.T.);
#6974=EDGE_CURVE('',#8028,#8027,#1272,.T.);
#6975=EDGE_CURVE('',#8029,#7222,#1273,.T.);
#6976=EDGE_CURVE('',#8029,#8028,#1274,.T.);
#6977=EDGE_CURVE('',#8030,#7221,#1275,.T.);
#6978=EDGE_CURVE('',#8030,#8029,#1276,.T.);
#6979=EDGE_CURVE('',#8031,#7220,#1277,.T.);
#6980=EDGE_CURVE('',#8031,#8030,#1278,.T.);
#6981=EDGE_CURVE('',#8032,#7219,#1279,.T.);
#6982=EDGE_CURVE('',#8032,#8031,#1280,.T.);
#6983=EDGE_CURVE('',#8033,#7218,#1281,.T.);
#6984=EDGE_CURVE('',#8033,#8032,#1282,.T.);
#6985=EDGE_CURVE('',#8034,#7217,#1283,.T.);
#6986=EDGE_CURVE('',#8034,#8033,#1284,.T.);
#6987=EDGE_CURVE('',#8035,#7216,#1285,.T.);
#6988=EDGE_CURVE('',#8035,#8034,#1286,.T.);
#6989=EDGE_CURVE('',#8036,#7215,#1287,.T.);
#6990=EDGE_CURVE('',#8036,#8035,#1288,.T.);
#6991=EDGE_CURVE('',#8037,#7214,#1289,.T.);
#6992=EDGE_CURVE('',#8037,#8036,#1290,.T.);
#6993=EDGE_CURVE('',#8038,#7213,#1291,.T.);
#6994=EDGE_CURVE('',#8038,#8037,#1292,.T.);
#6995=EDGE_CURVE('',#8039,#7212,#1293,.T.);
#6996=EDGE_CURVE('',#8039,#8038,#1294,.T.);
#6997=EDGE_CURVE('',#8040,#7211,#1295,.T.);
#6998=EDGE_CURVE('',#8040,#8039,#1296,.T.);
#6999=EDGE_CURVE('',#8041,#7210,#1297,.T.);
#7000=EDGE_CURVE('',#8041,#8040,#1298,.T.);
#7001=EDGE_CURVE('',#8042,#7209,#1299,.T.);
#7002=EDGE_CURVE('',#8042,#8041,#1300,.T.);
#7003=EDGE_CURVE('',#8043,#7208,#1301,.T.);
#7004=EDGE_CURVE('',#8043,#8042,#1302,.T.);
#7005=EDGE_CURVE('',#8044,#7207,#1303,.T.);
#7006=EDGE_CURVE('',#8044,#8043,#1304,.T.);
#7007=EDGE_CURVE('',#8045,#7206,#1305,.T.);
#7008=EDGE_CURVE('',#8045,#8044,#1306,.T.);
#7009=EDGE_CURVE('',#8046,#7205,#1307,.T.);
#7010=EDGE_CURVE('',#8046,#8045,#1308,.T.);
#7011=EDGE_CURVE('',#8047,#7204,#1309,.T.);
#7012=EDGE_CURVE('',#8047,#8046,#1310,.T.);
#7013=EDGE_CURVE('',#8048,#7203,#1311,.T.);
#7014=EDGE_CURVE('',#8048,#8047,#1312,.T.);
#7015=EDGE_CURVE('',#8049,#7202,#1313,.T.);
#7016=EDGE_CURVE('',#8049,#8048,#1314,.T.);
#7017=EDGE_CURVE('',#8050,#7201,#1315,.T.);
#7018=EDGE_CURVE('',#8050,#8049,#1316,.T.);
#7019=EDGE_CURVE('',#8051,#7200,#1317,.T.);
#7020=EDGE_CURVE('',#8051,#8050,#1318,.T.);
#7021=EDGE_CURVE('',#8052,#7199,#1319,.T.);
#7022=EDGE_CURVE('',#8052,#8051,#1320,.T.);
#7023=EDGE_CURVE('',#8053,#7198,#1321,.T.);
#7024=EDGE_CURVE('',#8053,#8052,#1322,.T.);
#7025=EDGE_CURVE('',#8054,#7197,#1323,.T.);
#7026=EDGE_CURVE('',#8054,#8053,#1324,.T.);
#7027=EDGE_CURVE('',#8055,#7196,#1325,.T.);
#7028=EDGE_CURVE('',#8055,#8054,#1326,.T.);
#7029=EDGE_CURVE('',#8056,#7195,#1327,.T.);
#7030=EDGE_CURVE('',#8056,#8055,#1328,.T.);
#7031=EDGE_CURVE('',#8057,#7194,#1329,.T.);
#7032=EDGE_CURVE('',#8057,#8056,#1330,.T.);
#7033=EDGE_CURVE('',#8058,#7193,#1331,.T.);
#7034=EDGE_CURVE('',#8058,#8057,#1332,.T.);
#7035=EDGE_CURVE('',#7375,#7472,#1333,.T.);
#7036=EDGE_CURVE('',#7377,#7473,#1334,.T.);
#7037=EDGE_CURVE('',#7475,#7580,#1335,.T.);
#7038=EDGE_CURVE('',#7477,#7581,#1336,.T.);
#7039=EDGE_CURVE('',#7583,#7672,#1337,.T.);
#7040=EDGE_CURVE('',#7585,#7673,#1338,.T.);
#7041=EDGE_CURVE('',#7730,#7674,#1339,.T.);
#7042=EDGE_CURVE('',#7731,#7677,#1340,.T.);
#7043=EDGE_CURVE('',#7814,#7732,#1341,.T.);
#7044=EDGE_CURVE('',#7815,#7735,#1342,.T.);
#7045=EDGE_CURVE('',#7878,#7816,#1343,.T.);
#7046=EDGE_CURVE('',#7879,#7819,#1344,.T.);
#7047=EDGE_CURVE('',#7881,#7972,#1345,.T.);
#7048=EDGE_CURVE('',#7883,#7973,#1346,.T.);
#7049=EDGE_CURVE('',#7975,#8058,#1347,.T.);
#7050=EDGE_CURVE('',#7372,#7310,#1348,.T.);
#7051=EDGE_CURVE('',#7373,#7313,#1349,.T.);
#7052=EDGE_CURVE('',#8059,#8060,#1350,.T.);
#7053=EDGE_CURVE('',#8061,#8059,#1351,.T.);
#7054=EDGE_CURVE('',#8062,#8061,#1352,.T.);
#7055=EDGE_CURVE('',#8063,#8062,#1353,.T.);
#7056=EDGE_CURVE('',#8064,#8063,#1354,.T.);
#7057=EDGE_CURVE('',#8065,#8064,#1355,.T.);
#7058=EDGE_CURVE('',#8066,#8065,#1356,.T.);
#7059=EDGE_CURVE('',#8067,#8066,#1357,.T.);
#7060=EDGE_CURVE('',#8068,#8067,#1358,.T.);
#7061=EDGE_CURVE('',#8069,#8068,#1359,.T.);
#7062=EDGE_CURVE('',#8070,#8069,#1360,.T.);
#7063=EDGE_CURVE('',#8071,#8070,#1361,.T.);
#7064=EDGE_CURVE('',#8072,#8071,#1362,.T.);
#7065=EDGE_CURVE('',#8060,#8072,#1363,.T.);
#7066=EDGE_CURVE('',#8073,#8074,#1364,.T.);
#7067=EDGE_CURVE('',#8075,#8073,#1365,.T.);
#7068=EDGE_CURVE('',#8076,#8075,#1366,.T.);
#7069=EDGE_CURVE('',#8077,#8076,#1367,.T.);
#7070=EDGE_CURVE('',#8078,#8077,#1368,.T.);
#7071=EDGE_CURVE('',#8079,#8078,#1369,.T.);
#7072=EDGE_CURVE('',#8080,#8079,#1370,.T.);
#7073=EDGE_CURVE('',#8081,#8080,#1371,.T.);
#7074=EDGE_CURVE('',#8082,#8081,#1372,.T.);
#7075=EDGE_CURVE('',#8074,#8082,#1373,.T.);
#7076=EDGE_CURVE('',#8083,#8073,#1374,.T.);
#7077=EDGE_CURVE('',#8084,#8083,#1375,.T.);
#7078=EDGE_CURVE('',#8084,#8075,#1376,.T.);
#7079=EDGE_CURVE('',#8085,#8074,#1377,.T.);
#7080=EDGE_CURVE('',#8083,#8085,#1378,.T.);
#7081=EDGE_CURVE('',#8086,#8082,#1379,.T.);
#7082=EDGE_CURVE('',#8085,#8086,#1380,.T.);
#7083=EDGE_CURVE('',#8087,#8081,#1381,.T.);
#7084=EDGE_CURVE('',#8086,#8087,#1382,.T.);
#7085=EDGE_CURVE('',#8088,#8080,#1383,.T.);
#7086=EDGE_CURVE('',#8087,#8088,#1384,.T.);
#7087=EDGE_CURVE('',#8089,#8079,#1385,.T.);
#7088=EDGE_CURVE('',#8088,#8089,#1386,.T.);
#7089=EDGE_CURVE('',#8090,#8078,#1387,.T.);
#7090=EDGE_CURVE('',#8089,#8090,#1388,.T.);
#7091=EDGE_CURVE('',#8091,#8077,#1389,.T.);
#7092=EDGE_CURVE('',#8090,#8091,#1390,.T.);
#7093=EDGE_CURVE('',#8092,#8076,#1391,.T.);
#7094=EDGE_CURVE('',#8091,#8092,#1392,.T.);
#7095=EDGE_CURVE('',#8092,#8084,#1393,.T.);
#7096=EDGE_CURVE('',#8093,#8059,#1394,.T.);
#7097=EDGE_CURVE('',#8094,#8093,#1395,.T.);
#7098=EDGE_CURVE('',#8094,#8061,#1396,.T.);
#7099=EDGE_CURVE('',#8095,#8060,#1397,.T.);
#7100=EDGE_CURVE('',#8093,#8095,#1398,.T.);
#7101=EDGE_CURVE('',#8096,#8072,#1399,.T.);
#7102=EDGE_CURVE('',#8095,#8096,#1400,.T.);
#7103=EDGE_CURVE('',#8097,#8071,#1401,.T.);
#7104=EDGE_CURVE('',#8096,#8097,#1402,.T.);
#7105=EDGE_CURVE('',#8098,#8070,#1403,.T.);
#7106=EDGE_CURVE('',#8097,#8098,#1404,.T.);
#7107=EDGE_CURVE('',#8099,#8069,#1405,.T.);
#7108=EDGE_CURVE('',#8098,#8099,#1406,.T.);
#7109=EDGE_CURVE('',#8100,#8068,#1407,.T.);
#7110=EDGE_CURVE('',#8099,#8100,#1408,.T.);
#7111=EDGE_CURVE('',#8101,#8067,#1409,.T.);
#7112=EDGE_CURVE('',#8100,#8101,#1410,.T.);
#7113=EDGE_CURVE('',#8102,#8066,#1411,.T.);
#7114=EDGE_CURVE('',#8101,#8102,#1412,.T.);
#7115=EDGE_CURVE('',#8103,#8065,#1413,.T.);
#7116=EDGE_CURVE('',#8102,#8103,#1414,.T.);
#7117=EDGE_CURVE('',#8104,#8064,#1415,.T.);
#7118=EDGE_CURVE('',#8103,#8104,#1416,.T.);
#7119=EDGE_CURVE('',#8105,#8063,#1417,.T.);
#7120=EDGE_CURVE('',#8104,#8105,#1418,.T.);
#7121=EDGE_CURVE('',#8106,#8062,#1419,.T.);
#7122=EDGE_CURVE('',#8105,#8106,#1420,.T.);
#7123=EDGE_CURVE('',#8106,#8094,#1421,.T.);
#7124=EDGE_CURVE('',#8107,#8108,#1422,.T.);
#7125=EDGE_CURVE('',#8109,#8107,#1423,.T.);
#7126=EDGE_CURVE('',#8110,#8109,#1424,.T.);
#7127=EDGE_CURVE('',#8111,#8110,#1425,.T.);
#7128=EDGE_CURVE('',#8112,#8111,#1426,.T.);
#7129=EDGE_CURVE('',#8113,#8112,#1427,.T.);
#7130=EDGE_CURVE('',#8108,#8113,#1428,.T.);
#7131=EDGE_CURVE('',#8114,#8107,#1429,.T.);
#7132=EDGE_CURVE('',#8115,#8114,#1430,.T.);
#7133=EDGE_CURVE('',#8115,#8109,#1431,.T.);
#7134=EDGE_CURVE('',#8116,#8108,#1432,.T.);
#7135=EDGE_CURVE('',#8114,#8116,#1433,.T.);
#7136=EDGE_CURVE('',#8117,#8113,#1434,.T.);
#7137=EDGE_CURVE('',#8116,#8117,#1435,.T.);
#7138=EDGE_CURVE('',#8118,#8112,#1436,.T.);
#7139=EDGE_CURVE('',#8117,#8118,#1437,.T.);
#7140=EDGE_CURVE('',#8119,#8111,#1438,.T.);
#7141=EDGE_CURVE('',#8118,#8119,#1439,.T.);
#7142=EDGE_CURVE('',#8120,#8110,#1440,.T.);
#7143=EDGE_CURVE('',#8119,#8120,#1441,.T.);
#7144=EDGE_CURVE('',#8120,#8115,#1442,.T.);
#7145=EDGE_CURVE('',#7297,#7294,#45,.T.);
#7146=EDGE_CURVE('',#8121,#8122,#1443,.T.);
#7147=EDGE_CURVE('',#8122,#7190,#1444,.T.);
#7148=EDGE_CURVE('',#7189,#8121,#1445,.F.);
#7149=EDGE_CURVE('',#8123,#8124,#1446,.T.);
#7150=EDGE_CURVE('',#8123,#7179,#1447,.T.);
#7151=EDGE_CURVE('',#7180,#8124,#1448,.F.);
#7152=EDGE_CURVE('',#8125,#8126,#1449,.T.);
#7153=EDGE_CURVE('',#8126,#8127,#1450,.T.);
#7154=EDGE_CURVE('',#8127,#8128,#1451,.T.);
#7155=EDGE_CURVE('',#8128,#8125,#1452,.T.);
#7156=EDGE_CURVE('',#8124,#8122,#46,.F.);
#7157=EDGE_CURVE('',#8121,#7298,#47,.T.);
#7158=EDGE_CURVE('',#7293,#8123,#48,.T.);
#7159=EDGE_CURVE('',#7276,#8128,#1453,.F.);
#7160=EDGE_CURVE('',#8125,#7279,#1454,.F.);
#7161=EDGE_CURVE('',#8126,#7278,#1455,.T.);
#7162=EDGE_CURVE('',#7277,#8127,#1456,.F.);
#7163=EDGE_CURVE('',#8129,#8129,#49,.T.);
#7164=EDGE_CURVE('',#8130,#8130,#50,.F.);
#7165=EDGE_CURVE('',#8131,#8131,#51,.T.);
#7166=EDGE_CURVE('',#8132,#8132,#52,.F.);
#7167=EDGE_CURVE('',#8133,#8133,#53,.T.);
#7168=EDGE_CURVE('',#8134,#8134,#54,.F.);
#7169=EDGE_CURVE('',#8135,#8135,#55,.T.);
#7170=EDGE_CURVE('',#8136,#8136,#56,.F.);
#7171=VERTEX_POINT('',#13490);
#7172=VERTEX_POINT('',#13492);
#7173=VERTEX_POINT('',#13493);
#7174=VERTEX_POINT('',#13495);
#7175=VERTEX_POINT('',#13497);
#7176=VERTEX_POINT('',#13501);
#7177=VERTEX_POINT('',#13503);
#7178=VERTEX_POINT('',#13505);
#7179=VERTEX_POINT('',#13507);
#7180=VERTEX_POINT('',#13508);
#7181=VERTEX_POINT('',#13510);
#7182=VERTEX_POINT('',#13512);
#7183=VERTEX_POINT('',#13514);
#7184=VERTEX_POINT('',#13516);
#7185=VERTEX_POINT('',#13518);
#7186=VERTEX_POINT('',#13520);
#7187=VERTEX_POINT('',#13522);
#7188=VERTEX_POINT('',#13524);
#7189=VERTEX_POINT('',#13526);
#7190=VERTEX_POINT('',#13528);
#7191=VERTEX_POINT('',#13531);
#7192=VERTEX_POINT('',#13532);
#7193=VERTEX_POINT('',#13534);
#7194=VERTEX_POINT('',#13536);
#7195=VERTEX_POINT('',#13538);
#7196=VERTEX_POINT('',#13540);
#7197=VERTEX_POINT('',#13542);
#7198=VERTEX_POINT('',#13544);
#7199=VERTEX_POINT('',#13546);
#7200=VERTEX_POINT('',#13548);
#7201=VERTEX_POINT('',#13550);
#7202=VERTEX_POINT('',#13552);
#7203=VERTEX_POINT('',#13554);
#7204=VERTEX_POINT('',#13556);
#7205=VERTEX_POINT('',#13558);
#7206=VERTEX_POINT('',#13560);
#7207=VERTEX_POINT('',#13562);
#7208=VERTEX_POINT('',#13564);
#7209=VERTEX_POINT('',#13566);
#7210=VERTEX_POINT('',#13568);
#7211=VERTEX_POINT('',#13570);
#7212=VERTEX_POINT('',#13572);
#7213=VERTEX_POINT('',#13574);
#7214=VERTEX_POINT('',#13576);
#7215=VERTEX_POINT('',#13578);
#7216=VERTEX_POINT('',#13580);
#7217=VERTEX_POINT('',#13582);
#7218=VERTEX_POINT('',#13584);
#7219=VERTEX_POINT('',#13586);
#7220=VERTEX_POINT('',#13588);
#7221=VERTEX_POINT('',#13590);
#7222=VERTEX_POINT('',#13592);
#7223=VERTEX_POINT('',#13594);
#7224=VERTEX_POINT('',#13596);
#7225=VERTEX_POINT('',#13598);
#7226=VERTEX_POINT('',#13600);
#7227=VERTEX_POINT('',#13602);
#7228=VERTEX_POINT('',#13604);
#7229=VERTEX_POINT('',#13606);
#7230=VERTEX_POINT('',#13608);
#7231=VERTEX_POINT('',#13610);
#7232=VERTEX_POINT('',#13612);
#7233=VERTEX_POINT('',#13614);
#7234=VERTEX_POINT('',#13616);
#7235=VERTEX_POINT('',#13618);
#7236=VERTEX_POINT('',#13620);
#7237=VERTEX_POINT('',#13622);
#7238=VERTEX_POINT('',#13624);
#7239=VERTEX_POINT('',#13626);
#7240=VERTEX_POINT('',#13628);
#7241=VERTEX_POINT('',#13630);
#7242=VERTEX_POINT('',#13632);
#7243=VERTEX_POINT('',#13634);
#7244=VERTEX_POINT('',#13636);
#7245=VERTEX_POINT('',#13638);
#7246=VERTEX_POINT('',#13640);
#7247=VERTEX_POINT('',#13642);
#7248=VERTEX_POINT('',#13644);
#7249=VERTEX_POINT('',#13646);
#7250=VERTEX_POINT('',#13648);
#7251=VERTEX_POINT('',#13650);
#7252=VERTEX_POINT('',#13652);
#7253=VERTEX_POINT('',#13654);
#7254=VERTEX_POINT('',#13656);
#7255=VERTEX_POINT('',#13658);
#7256=VERTEX_POINT('',#13660);
#7257=VERTEX_POINT('',#13662);
#7258=VERTEX_POINT('',#13664);
#7259=VERTEX_POINT('',#13666);
#7260=VERTEX_POINT('',#13668);
#7261=VERTEX_POINT('',#13670);
#7262=VERTEX_POINT('',#13672);
#7263=VERTEX_POINT('',#13674);
#7264=VERTEX_POINT('',#13676);
#7265=VERTEX_POINT('',#13678);
#7266=VERTEX_POINT('',#13680);
#7267=VERTEX_POINT('',#13682);
#7268=VERTEX_POINT('',#13684);
#7269=VERTEX_POINT('',#13686);
#7270=VERTEX_POINT('',#13688);
#7271=VERTEX_POINT('',#13690);
#7272=VERTEX_POINT('',#13692);
#7273=VERTEX_POINT('',#13694);
#7274=VERTEX_POINT('',#13696);
#7275=VERTEX_POINT('',#13698);
#7276=VERTEX_POINT('',#13702);
#7277=VERTEX_POINT('',#13703);
#7278=VERTEX_POINT('',#13705);
#7279=VERTEX_POINT('',#13707);
#7280=VERTEX_POINT('',#13710);
#7281=VERTEX_POINT('',#13711);
#7282=VERTEX_POINT('',#13713);
#7283=VERTEX_POINT('',#13715);
#7284=VERTEX_POINT('',#13718);
#7285=VERTEX_POINT('',#13720);
#7286=VERTEX_POINT('',#13722);
#7287=VERTEX_POINT('',#13725);
#7288=VERTEX_POINT('',#13727);
#7289=VERTEX_POINT('',#13731);
#7290=VERTEX_POINT('',#13735);
#7291=VERTEX_POINT('',#13741);
#7292=VERTEX_POINT('',#13742);
#7293=VERTEX_POINT('',#13747);
#7294=VERTEX_POINT('',#13749);
#7295=VERTEX_POINT('',#13752);
#7296=VERTEX_POINT('',#13754);
#7297=VERTEX_POINT('',#13758);
#7298=VERTEX_POINT('',#13759);
#7299=VERTEX_POINT('',#13762);
#7300=VERTEX_POINT('',#13764);
#7301=VERTEX_POINT('',#13769);
#7302=VERTEX_POINT('',#13770);
#7303=VERTEX_POINT('',#13775);
#7304=VERTEX_POINT('',#13777);
#7305=VERTEX_POINT('',#13779);
#7306=VERTEX_POINT('',#13781);
#7307=VERTEX_POINT('',#13788);
#7308=VERTEX_POINT('',#13791);
#7309=VERTEX_POINT('',#13795);
#7310=VERTEX_POINT('',#13800);
#7311=VERTEX_POINT('',#13801);
#7312=VERTEX_POINT('',#13803);
#7313=VERTEX_POINT('',#13805);
#7314=VERTEX_POINT('',#13809);
#7315=VERTEX_POINT('',#13811);
#7316=VERTEX_POINT('',#13815);
#7317=VERTEX_POINT('',#13817);
#7318=VERTEX_POINT('',#13821);
#7319=VERTEX_POINT('',#13823);
#7320=VERTEX_POINT('',#13827);
#7321=VERTEX_POINT('',#13829);
#7322=VERTEX_POINT('',#13833);
#7323=VERTEX_POINT('',#13835);
#7324=VERTEX_POINT('',#13839);
#7325=VERTEX_POINT('',#13841);
#7326=VERTEX_POINT('',#13845);
#7327=VERTEX_POINT('',#13847);
#7328=VERTEX_POINT('',#13851);
#7329=VERTEX_POINT('',#13853);
#7330=VERTEX_POINT('',#13857);
#7331=VERTEX_POINT('',#13859);
#7332=VERTEX_POINT('',#13863);
#7333=VERTEX_POINT('',#13865);
#7334=VERTEX_POINT('',#13869);
#7335=VERTEX_POINT('',#13871);
#7336=VERTEX_POINT('',#13875);
#7337=VERTEX_POINT('',#13877);
#7338=VERTEX_POINT('',#13881);
#7339=VERTEX_POINT('',#13883);
#7340=VERTEX_POINT('',#13887);
#7341=VERTEX_POINT('',#13889);
#7342=VERTEX_POINT('',#13893);
#7343=VERTEX_POINT('',#13895);
#7344=VERTEX_POINT('',#13899);
#7345=VERTEX_POINT('',#13901);
#7346=VERTEX_POINT('',#13905);
#7347=VERTEX_POINT('',#13907);
#7348=VERTEX_POINT('',#13911);
#7349=VERTEX_POINT('',#13913);
#7350=VERTEX_POINT('',#13917);
#7351=VERTEX_POINT('',#13919);
#7352=VERTEX_POINT('',#13923);
#7353=VERTEX_POINT('',#13925);
#7354=VERTEX_POINT('',#13929);
#7355=VERTEX_POINT('',#13931);
#7356=VERTEX_POINT('',#13935);
#7357=VERTEX_POINT('',#13937);
#7358=VERTEX_POINT('',#13941);
#7359=VERTEX_POINT('',#13943);
#7360=VERTEX_POINT('',#13947);
#7361=VERTEX_POINT('',#13949);
#7362=VERTEX_POINT('',#13953);
#7363=VERTEX_POINT('',#13955);
#7364=VERTEX_POINT('',#13959);
#7365=VERTEX_POINT('',#13961);
#7366=VERTEX_POINT('',#13965);
#7367=VERTEX_POINT('',#13967);
#7368=VERTEX_POINT('',#13971);
#7369=VERTEX_POINT('',#13973);
#7370=VERTEX_POINT('',#13977);
#7371=VERTEX_POINT('',#13979);
#7372=VERTEX_POINT('',#13983);
#7373=VERTEX_POINT('',#13985);
#7374=VERTEX_POINT('',#13989);
#7375=VERTEX_POINT('',#13990);
#7376=VERTEX_POINT('',#13992);
#7377=VERTEX_POINT('',#13994);
#7378=VERTEX_POINT('',#13998);
#7379=VERTEX_POINT('',#14000);
#7380=VERTEX_POINT('',#14004);
#7381=VERTEX_POINT('',#14006);
#7382=VERTEX_POINT('',#14010);
#7383=VERTEX_POINT('',#14012);
#7384=VERTEX_POINT('',#14016);
#7385=VERTEX_POINT('',#14018);
#7386=VERTEX_POINT('',#14022);
#7387=VERTEX_POINT('',#14024);
#7388=VERTEX_POINT('',#14028);
#7389=VERTEX_POINT('',#14030);
#7390=VERTEX_POINT('',#14034);
#7391=VERTEX_POINT('',#14036);
#7392=VERTEX_POINT('',#14040);
#7393=VERTEX_POINT('',#14042);
#7394=VERTEX_POINT('',#14046);
#7395=VERTEX_POINT('',#14048);
#7396=VERTEX_POINT('',#14052);
#7397=VERTEX_POINT('',#14054);
#7398=VERTEX_POINT('',#14058);
#7399=VERTEX_POINT('',#14060);
#7400=VERTEX_POINT('',#14064);
#7401=VERTEX_POINT('',#14066);
#7402=VERTEX_POINT('',#14070);
#7403=VERTEX_POINT('',#14072);
#7404=VERTEX_POINT('',#14076);
#7405=VERTEX_POINT('',#14078);
#7406=VERTEX_POINT('',#14082);
#7407=VERTEX_POINT('',#14084);
#7408=VERTEX_POINT('',#14088);
#7409=VERTEX_POINT('',#14090);
#7410=VERTEX_POINT('',#14094);
#7411=VERTEX_POINT('',#14096);
#7412=VERTEX_POINT('',#14100);
#7413=VERTEX_POINT('',#14102);
#7414=VERTEX_POINT('',#14106);
#7415=VERTEX_POINT('',#14108);
#7416=VERTEX_POINT('',#14112);
#7417=VERTEX_POINT('',#14114);
#7418=VERTEX_POINT('',#14118);
#7419=VERTEX_POINT('',#14120);
#7420=VERTEX_POINT('',#14124);
#7421=VERTEX_POINT('',#14126);
#7422=VERTEX_POINT('',#14130);
#7423=VERTEX_POINT('',#14132);
#7424=VERTEX_POINT('',#14136);
#7425=VERTEX_POINT('',#14138);
#7426=VERTEX_POINT('',#14142);
#7427=VERTEX_POINT('',#14144);
#7428=VERTEX_POINT('',#14148);
#7429=VERTEX_POINT('',#14150);
#7430=VERTEX_POINT('',#14154);
#7431=VERTEX_POINT('',#14156);
#7432=VERTEX_POINT('',#14160);
#7433=VERTEX_POINT('',#14162);
#7434=VERTEX_POINT('',#14166);
#7435=VERTEX_POINT('',#14168);
#7436=VERTEX_POINT('',#14172);
#7437=VERTEX_POINT('',#14174);
#7438=VERTEX_POINT('',#14178);
#7439=VERTEX_POINT('',#14180);
#7440=VERTEX_POINT('',#14184);
#7441=VERTEX_POINT('',#14186);
#7442=VERTEX_POINT('',#14190);
#7443=VERTEX_POINT('',#14192);
#7444=VERTEX_POINT('',#14196);
#7445=VERTEX_POINT('',#14198);
#7446=VERTEX_POINT('',#14202);
#7447=VERTEX_POINT('',#14204);
#7448=VERTEX_POINT('',#14208);
#7449=VERTEX_POINT('',#14210);
#7450=VERTEX_POINT('',#14214);
#7451=VERTEX_POINT('',#14216);
#7452=VERTEX_POINT('',#14220);
#7453=VERTEX_POINT('',#14222);
#7454=VERTEX_POINT('',#14226);
#7455=VERTEX_POINT('',#14228);
#7456=VERTEX_POINT('',#14232);
#7457=VERTEX_POINT('',#14234);
#7458=VERTEX_POINT('',#14238);
#7459=VERTEX_POINT('',#14240);
#7460=VERTEX_POINT('',#14244);
#7461=VERTEX_POINT('',#14246);
#7462=VERTEX_POINT('',#14250);
#7463=VERTEX_POINT('',#14252);
#7464=VERTEX_POINT('',#14256);
#7465=VERTEX_POINT('',#14258);
#7466=VERTEX_POINT('',#14262);
#7467=VERTEX_POINT('',#14264);
#7468=VERTEX_POINT('',#14268);
#7469=VERTEX_POINT('',#14270);
#7470=VERTEX_POINT('',#14274);
#7471=VERTEX_POINT('',#14276);
#7472=VERTEX_POINT('',#14280);
#7473=VERTEX_POINT('',#14282);
#7474=VERTEX_POINT('',#14286);
#7475=VERTEX_POINT('',#14287);
#7476=VERTEX_POINT('',#14289);
#7477=VERTEX_POINT('',#14291);
#7478=VERTEX_POINT('',#14295);
#7479=VERTEX_POINT('',#14297);
#7480=VERTEX_POINT('',#14301);
#7481=VERTEX_POINT('',#14303);
#7482=VERTEX_POINT('',#14307);
#7483=VERTEX_POINT('',#14309);
#7484=VERTEX_POINT('',#14313);
#7485=VERTEX_POINT('',#14315);
#7486=VERTEX_POINT('',#14319);
#7487=VERTEX_POINT('',#14321);
#7488=VERTEX_POINT('',#14325);
#7489=VERTEX_POINT('',#14327);
#7490=VERTEX_POINT('',#14331);
#7491=VERTEX_POINT('',#14333);
#7492=VERTEX_POINT('',#14337);
#7493=VERTEX_POINT('',#14339);
#7494=VERTEX_POINT('',#14343);
#7495=VERTEX_POINT('',#14345);
#7496=VERTEX_POINT('',#14349);
#7497=VERTEX_POINT('',#14351);
#7498=VERTEX_POINT('',#14355);
#7499=VERTEX_POINT('',#14357);
#7500=VERTEX_POINT('',#14361);
#7501=VERTEX_POINT('',#14363);
#7502=VERTEX_POINT('',#14367);
#7503=VERTEX_POINT('',#14369);
#7504=VERTEX_POINT('',#14373);
#7505=VERTEX_POINT('',#14375);
#7506=VERTEX_POINT('',#14379);
#7507=VERTEX_POINT('',#14381);
#7508=VERTEX_POINT('',#14385);
#7509=VERTEX_POINT('',#14387);
#7510=VERTEX_POINT('',#14391);
#7511=VERTEX_POINT('',#14393);
#7512=VERTEX_POINT('',#14397);
#7513=VERTEX_POINT('',#14399);
#7514=VERTEX_POINT('',#14403);
#7515=VERTEX_POINT('',#14405);
#7516=VERTEX_POINT('',#14409);
#7517=VERTEX_POINT('',#14411);
#7518=VERTEX_POINT('',#14415);
#7519=VERTEX_POINT('',#14417);
#7520=VERTEX_POINT('',#14421);
#7521=VERTEX_POINT('',#14423);
#7522=VERTEX_POINT('',#14427);
#7523=VERTEX_POINT('',#14429);
#7524=VERTEX_POINT('',#14433);
#7525=VERTEX_POINT('',#14435);
#7526=VERTEX_POINT('',#14439);
#7527=VERTEX_POINT('',#14441);
#7528=VERTEX_POINT('',#14445);
#7529=VERTEX_POINT('',#14447);
#7530=VERTEX_POINT('',#14451);
#7531=VERTEX_POINT('',#14453);
#7532=VERTEX_POINT('',#14457);
#7533=VERTEX_POINT('',#14459);
#7534=VERTEX_POINT('',#14463);
#7535=VERTEX_POINT('',#14465);
#7536=VERTEX_POINT('',#14469);
#7537=VERTEX_POINT('',#14471);
#7538=VERTEX_POINT('',#14475);
#7539=VERTEX_POINT('',#14477);
#7540=VERTEX_POINT('',#14481);
#7541=VERTEX_POINT('',#14483);
#7542=VERTEX_POINT('',#14487);
#7543=VERTEX_POINT('',#14489);
#7544=VERTEX_POINT('',#14493);
#7545=VERTEX_POINT('',#14495);
#7546=VERTEX_POINT('',#14499);
#7547=VERTEX_POINT('',#14501);
#7548=VERTEX_POINT('',#14505);
#7549=VERTEX_POINT('',#14507);
#7550=VERTEX_POINT('',#14511);
#7551=VERTEX_POINT('',#14513);
#7552=VERTEX_POINT('',#14517);
#7553=VERTEX_POINT('',#14519);
#7554=VERTEX_POINT('',#14523);
#7555=VERTEX_POINT('',#14525);
#7556=VERTEX_POINT('',#14529);
#7557=VERTEX_POINT('',#14531);
#7558=VERTEX_POINT('',#14535);
#7559=VERTEX_POINT('',#14537);
#7560=VERTEX_POINT('',#14541);
#7561=VERTEX_POINT('',#14543);
#7562=VERTEX_POINT('',#14547);
#7563=VERTEX_POINT('',#14549);
#7564=VERTEX_POINT('',#14553);
#7565=VERTEX_POINT('',#14555);
#7566=VERTEX_POINT('',#14559);
#7567=VERTEX_POINT('',#14561);
#7568=VERTEX_POINT('',#14565);
#7569=VERTEX_POINT('',#14567);
#7570=VERTEX_POINT('',#14571);
#7571=VERTEX_POINT('',#14573);
#7572=VERTEX_POINT('',#14577);
#7573=VERTEX_POINT('',#14579);
#7574=VERTEX_POINT('',#14583);
#7575=VERTEX_POINT('',#14585);
#7576=VERTEX_POINT('',#14589);
#7577=VERTEX_POINT('',#14591);
#7578=VERTEX_POINT('',#14595);
#7579=VERTEX_POINT('',#14597);
#7580=VERTEX_POINT('',#14601);
#7581=VERTEX_POINT('',#14603);
#7582=VERTEX_POINT('',#14607);
#7583=VERTEX_POINT('',#14608);
#7584=VERTEX_POINT('',#14610);
#7585=VERTEX_POINT('',#14612);
#7586=VERTEX_POINT('',#14616);
#7587=VERTEX_POINT('',#14618);
#7588=VERTEX_POINT('',#14622);
#7589=VERTEX_POINT('',#14624);
#7590=VERTEX_POINT('',#14628);
#7591=VERTEX_POINT('',#14630);
#7592=VERTEX_POINT('',#14634);
#7593=VERTEX_POINT('',#14636);
#7594=VERTEX_POINT('',#14640);
#7595=VERTEX_POINT('',#14642);
#7596=VERTEX_POINT('',#14646);
#7597=VERTEX_POINT('',#14648);
#7598=VERTEX_POINT('',#14652);
#7599=VERTEX_POINT('',#14654);
#7600=VERTEX_POINT('',#14658);
#7601=VERTEX_POINT('',#14660);
#7602=VERTEX_POINT('',#14664);
#7603=VERTEX_POINT('',#14666);
#7604=VERTEX_POINT('',#14670);
#7605=VERTEX_POINT('',#14672);
#7606=VERTEX_POINT('',#14676);
#7607=VERTEX_POINT('',#14678);
#7608=VERTEX_POINT('',#14682);
#7609=VERTEX_POINT('',#14684);
#7610=VERTEX_POINT('',#14688);
#7611=VERTEX_POINT('',#14690);
#7612=VERTEX_POINT('',#14694);
#7613=VERTEX_POINT('',#14696);
#7614=VERTEX_POINT('',#14700);
#7615=VERTEX_POINT('',#14702);
#7616=VERTEX_POINT('',#14706);
#7617=VERTEX_POINT('',#14708);
#7618=VERTEX_POINT('',#14712);
#7619=VERTEX_POINT('',#14714);
#7620=VERTEX_POINT('',#14718);
#7621=VERTEX_POINT('',#14720);
#7622=VERTEX_POINT('',#14724);
#7623=VERTEX_POINT('',#14726);
#7624=VERTEX_POINT('',#14730);
#7625=VERTEX_POINT('',#14732);
#7626=VERTEX_POINT('',#14736);
#7627=VERTEX_POINT('',#14738);
#7628=VERTEX_POINT('',#14742);
#7629=VERTEX_POINT('',#14744);
#7630=VERTEX_POINT('',#14748);
#7631=VERTEX_POINT('',#14750);
#7632=VERTEX_POINT('',#14754);
#7633=VERTEX_POINT('',#14756);
#7634=VERTEX_POINT('',#14760);
#7635=VERTEX_POINT('',#14762);
#7636=VERTEX_POINT('',#14766);
#7637=VERTEX_POINT('',#14768);
#7638=VERTEX_POINT('',#14772);
#7639=VERTEX_POINT('',#14774);
#7640=VERTEX_POINT('',#14778);
#7641=VERTEX_POINT('',#14780);
#7642=VERTEX_POINT('',#14784);
#7643=VERTEX_POINT('',#14786);
#7644=VERTEX_POINT('',#14790);
#7645=VERTEX_POINT('',#14792);
#7646=VERTEX_POINT('',#14796);
#7647=VERTEX_POINT('',#14798);
#7648=VERTEX_POINT('',#14802);
#7649=VERTEX_POINT('',#14804);
#7650=VERTEX_POINT('',#14808);
#7651=VERTEX_POINT('',#14810);
#7652=VERTEX_POINT('',#14814);
#7653=VERTEX_POINT('',#14816);
#7654=VERTEX_POINT('',#14820);
#7655=VERTEX_POINT('',#14822);
#7656=VERTEX_POINT('',#14826);
#7657=VERTEX_POINT('',#14828);
#7658=VERTEX_POINT('',#14832);
#7659=VERTEX_POINT('',#14834);
#7660=VERTEX_POINT('',#14838);
#7661=VERTEX_POINT('',#14840);
#7662=VERTEX_POINT('',#14844);
#7663=VERTEX_POINT('',#14846);
#7664=VERTEX_POINT('',#14850);
#7665=VERTEX_POINT('',#14852);
#7666=VERTEX_POINT('',#14856);
#7667=VERTEX_POINT('',#14858);
#7668=VERTEX_POINT('',#14862);
#7669=VERTEX_POINT('',#14864);
#7670=VERTEX_POINT('',#14868);
#7671=VERTEX_POINT('',#14870);
#7672=VERTEX_POINT('',#14874);
#7673=VERTEX_POINT('',#14876);
#7674=VERTEX_POINT('',#14880);
#7675=VERTEX_POINT('',#14881);
#7676=VERTEX_POINT('',#14883);
#7677=VERTEX_POINT('',#14885);
#7678=VERTEX_POINT('',#14889);
#7679=VERTEX_POINT('',#14891);
#7680=VERTEX_POINT('',#14895);
#7681=VERTEX_POINT('',#14897);
#7682=VERTEX_POINT('',#14901);
#7683=VERTEX_POINT('',#14903);
#7684=VERTEX_POINT('',#14907);
#7685=VERTEX_POINT('',#14909);
#7686=VERTEX_POINT('',#14913);
#7687=VERTEX_POINT('',#14915);
#7688=VERTEX_POINT('',#14919);
#7689=VERTEX_POINT('',#14921);
#7690=VERTEX_POINT('',#14925);
#7691=VERTEX_POINT('',#14927);
#7692=VERTEX_POINT('',#14931);
#7693=VERTEX_POINT('',#14933);
#7694=VERTEX_POINT('',#14937);
#7695=VERTEX_POINT('',#14939);
#7696=VERTEX_POINT('',#14943);
#7697=VERTEX_POINT('',#14945);
#7698=VERTEX_POINT('',#14949);
#7699=VERTEX_POINT('',#14951);
#7700=VERTEX_POINT('',#14955);
#7701=VERTEX_POINT('',#14957);
#7702=VERTEX_POINT('',#14961);
#7703=VERTEX_POINT('',#14963);
#7704=VERTEX_POINT('',#14967);
#7705=VERTEX_POINT('',#14969);
#7706=VERTEX_POINT('',#14973);
#7707=VERTEX_POINT('',#14975);
#7708=VERTEX_POINT('',#14979);
#7709=VERTEX_POINT('',#14981);
#7710=VERTEX_POINT('',#14985);
#7711=VERTEX_POINT('',#14987);
#7712=VERTEX_POINT('',#14991);
#7713=VERTEX_POINT('',#14993);
#7714=VERTEX_POINT('',#14997);
#7715=VERTEX_POINT('',#14999);
#7716=VERTEX_POINT('',#15003);
#7717=VERTEX_POINT('',#15005);
#7718=VERTEX_POINT('',#15009);
#7719=VERTEX_POINT('',#15011);
#7720=VERTEX_POINT('',#15015);
#7721=VERTEX_POINT('',#15017);
#7722=VERTEX_POINT('',#15021);
#7723=VERTEX_POINT('',#15023);
#7724=VERTEX_POINT('',#15027);
#7725=VERTEX_POINT('',#15029);
#7726=VERTEX_POINT('',#15033);
#7727=VERTEX_POINT('',#15035);
#7728=VERTEX_POINT('',#15039);
#7729=VERTEX_POINT('',#15041);
#7730=VERTEX_POINT('',#15045);
#7731=VERTEX_POINT('',#15047);
#7732=VERTEX_POINT('',#15051);
#7733=VERTEX_POINT('',#15052);
#7734=VERTEX_POINT('',#15054);
#7735=VERTEX_POINT('',#15056);
#7736=VERTEX_POINT('',#15060);
#7737=VERTEX_POINT('',#15062);
#7738=VERTEX_POINT('',#15066);
#7739=VERTEX_POINT('',#15068);
#7740=VERTEX_POINT('',#15072);
#7741=VERTEX_POINT('',#15074);
#7742=VERTEX_POINT('',#15078);
#7743=VERTEX_POINT('',#15080);
#7744=VERTEX_POINT('',#15084);
#7745=VERTEX_POINT('',#15086);
#7746=VERTEX_POINT('',#15090);
#7747=VERTEX_POINT('',#15092);
#7748=VERTEX_POINT('',#15096);
#7749=VERTEX_POINT('',#15098);
#7750=VERTEX_POINT('',#15102);
#7751=VERTEX_POINT('',#15104);
#7752=VERTEX_POINT('',#15108);
#7753=VERTEX_POINT('',#15110);
#7754=VERTEX_POINT('',#15114);
#7755=VERTEX_POINT('',#15116);
#7756=VERTEX_POINT('',#15120);
#7757=VERTEX_POINT('',#15122);
#7758=VERTEX_POINT('',#15126);
#7759=VERTEX_POINT('',#15128);
#7760=VERTEX_POINT('',#15132);
#7761=VERTEX_POINT('',#15134);
#7762=VERTEX_POINT('',#15138);
#7763=VERTEX_POINT('',#15140);
#7764=VERTEX_POINT('',#15144);
#7765=VERTEX_POINT('',#15146);
#7766=VERTEX_POINT('',#15150);
#7767=VERTEX_POINT('',#15152);
#7768=VERTEX_POINT('',#15156);
#7769=VERTEX_POINT('',#15158);
#7770=VERTEX_POINT('',#15162);
#7771=VERTEX_POINT('',#15164);
#7772=VERTEX_POINT('',#15168);
#7773=VERTEX_POINT('',#15170);
#7774=VERTEX_POINT('',#15174);
#7775=VERTEX_POINT('',#15176);
#7776=VERTEX_POINT('',#15180);
#7777=VERTEX_POINT('',#15182);
#7778=VERTEX_POINT('',#15186);
#7779=VERTEX_POINT('',#15188);
#7780=VERTEX_POINT('',#15192);
#7781=VERTEX_POINT('',#15194);
#7782=VERTEX_POINT('',#15198);
#7783=VERTEX_POINT('',#15200);
#7784=VERTEX_POINT('',#15204);
#7785=VERTEX_POINT('',#15206);
#7786=VERTEX_POINT('',#15210);
#7787=VERTEX_POINT('',#15212);
#7788=VERTEX_POINT('',#15216);
#7789=VERTEX_POINT('',#15218);
#7790=VERTEX_POINT('',#15222);
#7791=VERTEX_POINT('',#15224);
#7792=VERTEX_POINT('',#15228);
#7793=VERTEX_POINT('',#15230);
#7794=VERTEX_POINT('',#15234);
#7795=VERTEX_POINT('',#15236);
#7796=VERTEX_POINT('',#15240);
#7797=VERTEX_POINT('',#15242);
#7798=VERTEX_POINT('',#15246);
#7799=VERTEX_POINT('',#15248);
#7800=VERTEX_POINT('',#15252);
#7801=VERTEX_POINT('',#15254);
#7802=VERTEX_POINT('',#15258);
#7803=VERTEX_POINT('',#15260);
#7804=VERTEX_POINT('',#15264);
#7805=VERTEX_POINT('',#15266);
#7806=VERTEX_POINT('',#15270);
#7807=VERTEX_POINT('',#15272);
#7808=VERTEX_POINT('',#15276);
#7809=VERTEX_POINT('',#15278);
#7810=VERTEX_POINT('',#15282);
#7811=VERTEX_POINT('',#15284);
#7812=VERTEX_POINT('',#15288);
#7813=VERTEX_POINT('',#15290);
#7814=VERTEX_POINT('',#15294);
#7815=VERTEX_POINT('',#15296);
#7816=VERTEX_POINT('',#15300);
#7817=VERTEX_POINT('',#15301);
#7818=VERTEX_POINT('',#15303);
#7819=VERTEX_POINT('',#15305);
#7820=VERTEX_POINT('',#15309);
#7821=VERTEX_POINT('',#15311);
#7822=VERTEX_POINT('',#15315);
#7823=VERTEX_POINT('',#15317);
#7824=VERTEX_POINT('',#15321);
#7825=VERTEX_POINT('',#15323);
#7826=VERTEX_POINT('',#15327);
#7827=VERTEX_POINT('',#15329);
#7828=VERTEX_POINT('',#15333);
#7829=VERTEX_POINT('',#15335);
#7830=VERTEX_POINT('',#15339);
#7831=VERTEX_POINT('',#15341);
#7832=VERTEX_POINT('',#15345);
#7833=VERTEX_POINT('',#15347);
#7834=VERTEX_POINT('',#15351);
#7835=VERTEX_POINT('',#15353);
#7836=VERTEX_POINT('',#15357);
#7837=VERTEX_POINT('',#15359);
#7838=VERTEX_POINT('',#15363);
#7839=VERTEX_POINT('',#15365);
#7840=VERTEX_POINT('',#15369);
#7841=VERTEX_POINT('',#15371);
#7842=VERTEX_POINT('',#15375);
#7843=VERTEX_POINT('',#15377);
#7844=VERTEX_POINT('',#15381);
#7845=VERTEX_POINT('',#15383);
#7846=VERTEX_POINT('',#15387);
#7847=VERTEX_POINT('',#15389);
#7848=VERTEX_POINT('',#15393);
#7849=VERTEX_POINT('',#15395);
#7850=VERTEX_POINT('',#15399);
#7851=VERTEX_POINT('',#15401);
#7852=VERTEX_POINT('',#15405);
#7853=VERTEX_POINT('',#15407);
#7854=VERTEX_POINT('',#15411);
#7855=VERTEX_POINT('',#15413);
#7856=VERTEX_POINT('',#15417);
#7857=VERTEX_POINT('',#15419);
#7858=VERTEX_POINT('',#15423);
#7859=VERTEX_POINT('',#15425);
#7860=VERTEX_POINT('',#15429);
#7861=VERTEX_POINT('',#15431);
#7862=VERTEX_POINT('',#15435);
#7863=VERTEX_POINT('',#15437);
#7864=VERTEX_POINT('',#15441);
#7865=VERTEX_POINT('',#15443);
#7866=VERTEX_POINT('',#15447);
#7867=VERTEX_POINT('',#15449);
#7868=VERTEX_POINT('',#15453);
#7869=VERTEX_POINT('',#15455);
#7870=VERTEX_POINT('',#15459);
#7871=VERTEX_POINT('',#15461);
#7872=VERTEX_POINT('',#15465);
#7873=VERTEX_POINT('',#15467);
#7874=VERTEX_POINT('',#15471);
#7875=VERTEX_POINT('',#15473);
#7876=VERTEX_POINT('',#15477);
#7877=VERTEX_POINT('',#15479);
#7878=VERTEX_POINT('',#15483);
#7879=VERTEX_POINT('',#15485);
#7880=VERTEX_POINT('',#15489);
#7881=VERTEX_POINT('',#15490);
#7882=VERTEX_POINT('',#15492);
#7883=VERTEX_POINT('',#15494);
#7884=VERTEX_POINT('',#15498);
#7885=VERTEX_POINT('',#15500);
#7886=VERTEX_POINT('',#15504);
#7887=VERTEX_POINT('',#15506);
#7888=VERTEX_POINT('',#15510);
#7889=VERTEX_POINT('',#15512);
#7890=VERTEX_POINT('',#15516);
#7891=VERTEX_POINT('',#15518);
#7892=VERTEX_POINT('',#15522);
#7893=VERTEX_POINT('',#15524);
#7894=VERTEX_POINT('',#15528);
#7895=VERTEX_POINT('',#15530);
#7896=VERTEX_POINT('',#15534);
#7897=VERTEX_POINT('',#15536);
#7898=VERTEX_POINT('',#15540);
#7899=VERTEX_POINT('',#15542);
#7900=VERTEX_POINT('',#15546);
#7901=VERTEX_POINT('',#15548);
#7902=VERTEX_POINT('',#15552);
#7903=VERTEX_POINT('',#15554);
#7904=VERTEX_POINT('',#15558);
#7905=VERTEX_POINT('',#15560);
#7906=VERTEX_POINT('',#15564);
#7907=VERTEX_POINT('',#15566);
#7908=VERTEX_POINT('',#15570);
#7909=VERTEX_POINT('',#15572);
#7910=VERTEX_POINT('',#15576);
#7911=VERTEX_POINT('',#15578);
#7912=VERTEX_POINT('',#15582);
#7913=VERTEX_POINT('',#15584);
#7914=VERTEX_POINT('',#15588);
#7915=VERTEX_POINT('',#15590);
#7916=VERTEX_POINT('',#15594);
#7917=VERTEX_POINT('',#15596);
#7918=VERTEX_POINT('',#15600);
#7919=VERTEX_POINT('',#15602);
#7920=VERTEX_POINT('',#15606);
#7921=VERTEX_POINT('',#15608);
#7922=VERTEX_POINT('',#15612);
#7923=VERTEX_POINT('',#15614);
#7924=VERTEX_POINT('',#15618);
#7925=VERTEX_POINT('',#15620);
#7926=VERTEX_POINT('',#15624);
#7927=VERTEX_POINT('',#15626);
#7928=VERTEX_POINT('',#15630);
#7929=VERTEX_POINT('',#15632);
#7930=VERTEX_POINT('',#15636);
#7931=VERTEX_POINT('',#15638);
#7932=VERTEX_POINT('',#15642);
#7933=VERTEX_POINT('',#15644);
#7934=VERTEX_POINT('',#15648);
#7935=VERTEX_POINT('',#15650);
#7936=VERTEX_POINT('',#15654);
#7937=VERTEX_POINT('',#15656);
#7938=VERTEX_POINT('',#15660);
#7939=VERTEX_POINT('',#15662);
#7940=VERTEX_POINT('',#15666);
#7941=VERTEX_POINT('',#15668);
#7942=VERTEX_POINT('',#15672);
#7943=VERTEX_POINT('',#15674);
#7944=VERTEX_POINT('',#15678);
#7945=VERTEX_POINT('',#15680);
#7946=VERTEX_POINT('',#15684);
#7947=VERTEX_POINT('',#15686);
#7948=VERTEX_POINT('',#15690);
#7949=VERTEX_POINT('',#15692);
#7950=VERTEX_POINT('',#15696);
#7951=VERTEX_POINT('',#15698);
#7952=VERTEX_POINT('',#15702);
#7953=VERTEX_POINT('',#15704);
#7954=VERTEX_POINT('',#15708);
#7955=VERTEX_POINT('',#15710);
#7956=VERTEX_POINT('',#15714);
#7957=VERTEX_POINT('',#15716);
#7958=VERTEX_POINT('',#15720);
#7959=VERTEX_POINT('',#15722);
#7960=VERTEX_POINT('',#15726);
#7961=VERTEX_POINT('',#15728);
#7962=VERTEX_POINT('',#15732);
#7963=VERTEX_POINT('',#15734);
#7964=VERTEX_POINT('',#15738);
#7965=VERTEX_POINT('',#15740);
#7966=VERTEX_POINT('',#15744);
#7967=VERTEX_POINT('',#15746);
#7968=VERTEX_POINT('',#15750);
#7969=VERTEX_POINT('',#15752);
#7970=VERTEX_POINT('',#15756);
#7971=VERTEX_POINT('',#15758);
#7972=VERTEX_POINT('',#15762);
#7973=VERTEX_POINT('',#15764);
#7974=VERTEX_POINT('',#15768);
#7975=VERTEX_POINT('',#15770);
#7976=VERTEX_POINT('',#15774);
#7977=VERTEX_POINT('',#15778);
#7978=VERTEX_POINT('',#15782);
#7979=VERTEX_POINT('',#15786);
#7980=VERTEX_POINT('',#15790);
#7981=VERTEX_POINT('',#15794);
#7982=VERTEX_POINT('',#15798);
#7983=VERTEX_POINT('',#15802);
#7984=VERTEX_POINT('',#15806);
#7985=VERTEX_POINT('',#15810);
#7986=VERTEX_POINT('',#15814);
#7987=VERTEX_POINT('',#15818);
#7988=VERTEX_POINT('',#15822);
#7989=VERTEX_POINT('',#15826);
#7990=VERTEX_POINT('',#15830);
#7991=VERTEX_POINT('',#15834);
#7992=VERTEX_POINT('',#15838);
#7993=VERTEX_POINT('',#15842);
#7994=VERTEX_POINT('',#15846);
#7995=VERTEX_POINT('',#15850);
#7996=VERTEX_POINT('',#15854);
#7997=VERTEX_POINT('',#15858);
#7998=VERTEX_POINT('',#15862);
#7999=VERTEX_POINT('',#15866);
#8000=VERTEX_POINT('',#15870);
#8001=VERTEX_POINT('',#15874);
#8002=VERTEX_POINT('',#15878);
#8003=VERTEX_POINT('',#15882);
#8004=VERTEX_POINT('',#15886);
#8005=VERTEX_POINT('',#15890);
#8006=VERTEX_POINT('',#15894);
#8007=VERTEX_POINT('',#15898);
#8008=VERTEX_POINT('',#15902);
#8009=VERTEX_POINT('',#15906);
#8010=VERTEX_POINT('',#15910);
#8011=VERTEX_POINT('',#15914);
#8012=VERTEX_POINT('',#15918);
#8013=VERTEX_POINT('',#15922);
#8014=VERTEX_POINT('',#15926);
#8015=VERTEX_POINT('',#15930);
#8016=VERTEX_POINT('',#15934);
#8017=VERTEX_POINT('',#15938);
#8018=VERTEX_POINT('',#15942);
#8019=VERTEX_POINT('',#15946);
#8020=VERTEX_POINT('',#15950);
#8021=VERTEX_POINT('',#15954);
#8022=VERTEX_POINT('',#15958);
#8023=VERTEX_POINT('',#15962);
#8024=VERTEX_POINT('',#15966);
#8025=VERTEX_POINT('',#15970);
#8026=VERTEX_POINT('',#15974);
#8027=VERTEX_POINT('',#15978);
#8028=VERTEX_POINT('',#15982);
#8029=VERTEX_POINT('',#15986);
#8030=VERTEX_POINT('',#15990);
#8031=VERTEX_POINT('',#15994);
#8032=VERTEX_POINT('',#15998);
#8033=VERTEX_POINT('',#16002);
#8034=VERTEX_POINT('',#16006);
#8035=VERTEX_POINT('',#16010);
#8036=VERTEX_POINT('',#16014);
#8037=VERTEX_POINT('',#16018);
#8038=VERTEX_POINT('',#16022);
#8039=VERTEX_POINT('',#16026);
#8040=VERTEX_POINT('',#16030);
#8041=VERTEX_POINT('',#16034);
#8042=VERTEX_POINT('',#16038);
#8043=VERTEX_POINT('',#16042);
#8044=VERTEX_POINT('',#16046);
#8045=VERTEX_POINT('',#16050);
#8046=VERTEX_POINT('',#16054);
#8047=VERTEX_POINT('',#16058);
#8048=VERTEX_POINT('',#16062);
#8049=VERTEX_POINT('',#16066);
#8050=VERTEX_POINT('',#16070);
#8051=VERTEX_POINT('',#16074);
#8052=VERTEX_POINT('',#16078);
#8053=VERTEX_POINT('',#16082);
#8054=VERTEX_POINT('',#16086);
#8055=VERTEX_POINT('',#16090);
#8056=VERTEX_POINT('',#16094);
#8057=VERTEX_POINT('',#16098);
#8058=VERTEX_POINT('',#16102);
#8059=VERTEX_POINT('',#16136);
#8060=VERTEX_POINT('',#16137);
#8061=VERTEX_POINT('',#16139);
#8062=VERTEX_POINT('',#16141);
#8063=VERTEX_POINT('',#16143);
#8064=VERTEX_POINT('',#16145);
#8065=VERTEX_POINT('',#16147);
#8066=VERTEX_POINT('',#16149);
#8067=VERTEX_POINT('',#16151);
#8068=VERTEX_POINT('',#16153);
#8069=VERTEX_POINT('',#16155);
#8070=VERTEX_POINT('',#16157);
#8071=VERTEX_POINT('',#16159);
#8072=VERTEX_POINT('',#16161);
#8073=VERTEX_POINT('',#16164);
#8074=VERTEX_POINT('',#16165);
#8075=VERTEX_POINT('',#16167);
#8076=VERTEX_POINT('',#16169);
#8077=VERTEX_POINT('',#16171);
#8078=VERTEX_POINT('',#16173);
#8079=VERTEX_POINT('',#16175);
#8080=VERTEX_POINT('',#16177);
#8081=VERTEX_POINT('',#16179);
#8082=VERTEX_POINT('',#16181);
#8083=VERTEX_POINT('',#16188);
#8084=VERTEX_POINT('',#16190);
#8085=VERTEX_POINT('',#16194);
#8086=VERTEX_POINT('',#16198);
#8087=VERTEX_POINT('',#16202);
#8088=VERTEX_POINT('',#16206);
#8089=VERTEX_POINT('',#16210);
#8090=VERTEX_POINT('',#16214);
#8091=VERTEX_POINT('',#16218);
#8092=VERTEX_POINT('',#16222);
#8093=VERTEX_POINT('',#16229);
#8094=VERTEX_POINT('',#16231);
#8095=VERTEX_POINT('',#16235);
#8096=VERTEX_POINT('',#16239);
#8097=VERTEX_POINT('',#16243);
#8098=VERTEX_POINT('',#16247);
#8099=VERTEX_POINT('',#16251);
#8100=VERTEX_POINT('',#16255);
#8101=VERTEX_POINT('',#16259);
#8102=VERTEX_POINT('',#16263);
#8103=VERTEX_POINT('',#16267);
#8104=VERTEX_POINT('',#16271);
#8105=VERTEX_POINT('',#16275);
#8106=VERTEX_POINT('',#16279);
#8107=VERTEX_POINT('',#16286);
#8108=VERTEX_POINT('',#16287);
#8109=VERTEX_POINT('',#16289);
#8110=VERTEX_POINT('',#16291);
#8111=VERTEX_POINT('',#16293);
#8112=VERTEX_POINT('',#16295);
#8113=VERTEX_POINT('',#16297);
#8114=VERTEX_POINT('',#16301);
#8115=VERTEX_POINT('',#16303);
#8116=VERTEX_POINT('',#16307);
#8117=VERTEX_POINT('',#16311);
#8118=VERTEX_POINT('',#16315);
#8119=VERTEX_POINT('',#16319);
#8120=VERTEX_POINT('',#16323);
#8121=VERTEX_POINT('',#16332);
#8122=VERTEX_POINT('',#16333);
#8123=VERTEX_POINT('',#16338);
#8124=VERTEX_POINT('',#16339);
#8125=VERTEX_POINT('',#16344);
#8126=VERTEX_POINT('',#16345);
#8127=VERTEX_POINT('',#16347);
#8128=VERTEX_POINT('',#16349);
#8129=VERTEX_POINT('',#16364);
#8130=VERTEX_POINT('',#16367);
#8131=VERTEX_POINT('',#16370);
#8132=VERTEX_POINT('',#16373);
#8133=VERTEX_POINT('',#16376);
#8134=VERTEX_POINT('',#16379);
#8135=VERTEX_POINT('',#16382);
#8136=VERTEX_POINT('',#16385);
#8137=ELLIPSE('',#10457,0.00240146290631717,0.0024);
#8138=ELLIPSE('',#10458,0.00700426681009175,0.007);
#8139=ELLIPSE('',#10459,0.0100060954429882,0.01);
#8140=ELLIPSE('',#10461,0.00240146290631717,0.0024);
#8141=ELLIPSE('',#10462,0.00240146290631717,0.0024);
#8142=ELLIPSE('',#10463,0.00240146290631717,0.0024);
#8143=ELLIPSE('',#10464,0.00700426681009175,0.007);
#8144=ELLIPSE('',#10465,0.00700426681009175,0.007);
#8145=ELLIPSE('',#10466,0.00700426681009175,0.007);
#8146=ELLIPSE('',#10467,0.00700426681009175,0.007);
#8147=ELLIPSE('',#10468,0.00700426681009175,0.007);
#8148=ELLIPSE('',#10469,0.00700426681009175,0.007);
#8149=EDGE_LOOP('',(#2857));
#8150=EDGE_LOOP('',(#2858,#2859,#2860,#2861));
#8151=EDGE_LOOP('',(#2862));
#8152=EDGE_LOOP('',(#2863));
#8153=EDGE_LOOP('',(#2864));
#8154=EDGE_LOOP('',(#2865,#2866,#2867,#2868,#2869,#2870,#2871,#2872,#2873,
#2874,#2875,#2876));
#8155=EDGE_LOOP('',(#2877,#2878,#2879,#2880,#2881,#2882,#2883,#2884,#2885,
#2886,#2887,#2888,#2889,#2890,#2891,#2892,#2893,#2894,#2895,#2896,#2897,
#2898,#2899,#2900,#2901,#2902,#2903,#2904,#2905,#2906,#2907,#2908,#2909,
#2910,#2911,#2912,#2913,#2914,#2915,#2916,#2917,#2918,#2919,#2920,#2921,
#2922,#2923,#2924,#2925,#2926,#2927,#2928,#2929,#2930,#2931,#2932,#2933,
#2934,#2935,#2936,#2937,#2938,#2939,#2940,#2941,#2942,#2943,#2944,#2945,
#2946,#2947,#2948,#2949,#2950,#2951,#2952,#2953,#2954,#2955,#2956,#2957,
#2958,#2959,#2960,#2961));
#8156=EDGE_LOOP('',(#2962,#2963,#2964,#2965));
#8157=EDGE_LOOP('',(#2966,#2967,#2968,#2969));
#8158=EDGE_LOOP('',(#2970));
#8159=EDGE_LOOP('',(#2971));
#8160=EDGE_LOOP('',(#2972));
#8161=EDGE_LOOP('',(#2973,#2974,#2975,#2976));
#8162=EDGE_LOOP('',(#2977,#2978,#2979,#2980));
#8163=EDGE_LOOP('',(#2981,#2982,#2983,#2984));
#8164=EDGE_LOOP('',(#2985,#2986,#2987,#2988));
#8165=EDGE_LOOP('',(#2989,#2990,#2991,#2992));
#8166=EDGE_LOOP('',(#2993,#2994,#2995,#2996,#2997,#2998,#2999,#3000));
#8167=EDGE_LOOP('',(#3001,#3002,#3003,#3004,#3005,#3006,#3007,#3008));
#8168=EDGE_LOOP('',(#3009,#3010,#3011,#3012));
#8169=EDGE_LOOP('',(#3013));
#8170=EDGE_LOOP('',(#3014));
#8171=EDGE_LOOP('',(#3015));
#8172=EDGE_LOOP('',(#3016));
#8173=EDGE_LOOP('',(#3017,#3018,#3019,#3020,#3021,#3022,#3023,#3024));
#8174=EDGE_LOOP('',(#3025,#3026,#3027,#3028));
#8175=EDGE_LOOP('',(#3029));
#8176=EDGE_LOOP('',(#3030));
#8177=EDGE_LOOP('',(#3031));
#8178=EDGE_LOOP('',(#3032));
#8179=EDGE_LOOP('',(#3033));
#8180=EDGE_LOOP('',(#3034));
#8181=EDGE_LOOP('',(#3035));
#8182=EDGE_LOOP('',(#3036));
#8183=EDGE_LOOP('',(#3037));
#8184=EDGE_LOOP('',(#3038,#3039,#3040,#3041));
#8185=EDGE_LOOP('',(#3042,#3043,#3044,#3045));
#8186=EDGE_LOOP('',(#3046,#3047,#3048,#3049));
#8187=EDGE_LOOP('',(#3050,#3051,#3052,#3053));
#8188=EDGE_LOOP('',(#3054,#3055,#3056,#3057));
#8189=EDGE_LOOP('',(#3058,#3059,#3060,#3061));
#8190=EDGE_LOOP('',(#3062,#3063,#3064,#3065));
#8191=EDGE_LOOP('',(#3066,#3067,#3068,#3069));
#8192=EDGE_LOOP('',(#3070,#3071,#3072,#3073));
#8193=EDGE_LOOP('',(#3074,#3075,#3076,#3077));
#8194=EDGE_LOOP('',(#3078,#3079,#3080,#3081));
#8195=EDGE_LOOP('',(#3082,#3083,#3084,#3085));
#8196=EDGE_LOOP('',(#3086,#3087,#3088,#3089));
#8197=EDGE_LOOP('',(#3090,#3091,#3092,#3093));
#8198=EDGE_LOOP('',(#3094,#3095,#3096,#3097));
#8199=EDGE_LOOP('',(#3098,#3099,#3100,#3101));
#8200=EDGE_LOOP('',(#3102,#3103,#3104,#3105));
#8201=EDGE_LOOP('',(#3106,#3107,#3108,#3109));
#8202=EDGE_LOOP('',(#3110,#3111,#3112,#3113));
#8203=EDGE_LOOP('',(#3114,#3115,#3116,#3117));
#8204=EDGE_LOOP('',(#3118,#3119,#3120,#3121));
#8205=EDGE_LOOP('',(#3122,#3123,#3124,#3125));
#8206=EDGE_LOOP('',(#3126,#3127,#3128,#3129));
#8207=EDGE_LOOP('',(#3130,#3131,#3132,#3133));
#8208=EDGE_LOOP('',(#3134,#3135,#3136,#3137));
#8209=EDGE_LOOP('',(#3138,#3139,#3140,#3141));
#8210=EDGE_LOOP('',(#3142,#3143,#3144,#3145));
#8211=EDGE_LOOP('',(#3146,#3147,#3148,#3149));
#8212=EDGE_LOOP('',(#3150,#3151,#3152,#3153));
#8213=EDGE_LOOP('',(#3154,#3155,#3156,#3157));
#8214=EDGE_LOOP('',(#3158,#3159,#3160,#3161));
#8215=EDGE_LOOP('',(#3162,#3163,#3164,#3165));
#8216=EDGE_LOOP('',(#3166,#3167,#3168,#3169));
#8217=EDGE_LOOP('',(#3170,#3171,#3172,#3173));
#8218=EDGE_LOOP('',(#3174,#3175,#3176,#3177));
#8219=EDGE_LOOP('',(#3178,#3179,#3180,#3181));
#8220=EDGE_LOOP('',(#3182,#3183,#3184,#3185));
#8221=EDGE_LOOP('',(#3186,#3187,#3188,#3189));
#8222=EDGE_LOOP('',(#3190,#3191,#3192,#3193));
#8223=EDGE_LOOP('',(#3194,#3195,#3196,#3197));
#8224=EDGE_LOOP('',(#3198,#3199,#3200,#3201));
#8225=EDGE_LOOP('',(#3202,#3203,#3204,#3205));
#8226=EDGE_LOOP('',(#3206,#3207,#3208,#3209));
#8227=EDGE_LOOP('',(#3210,#3211,#3212,#3213));
#8228=EDGE_LOOP('',(#3214,#3215,#3216,#3217));
#8229=EDGE_LOOP('',(#3218,#3219,#3220,#3221));
#8230=EDGE_LOOP('',(#3222,#3223,#3224,#3225));
#8231=EDGE_LOOP('',(#3226,#3227,#3228,#3229));
#8232=EDGE_LOOP('',(#3230,#3231,#3232,#3233));
#8233=EDGE_LOOP('',(#3234,#3235,#3236,#3237));
#8234=EDGE_LOOP('',(#3238,#3239,#3240,#3241));
#8235=EDGE_LOOP('',(#3242,#3243,#3244,#3245));
#8236=EDGE_LOOP('',(#3246,#3247,#3248,#3249));
#8237=EDGE_LOOP('',(#3250,#3251,#3252,#3253));
#8238=EDGE_LOOP('',(#3254,#3255,#3256,#3257));
#8239=EDGE_LOOP('',(#3258,#3259,#3260,#3261));
#8240=EDGE_LOOP('',(#3262,#3263,#3264,#3265));
#8241=EDGE_LOOP('',(#3266,#3267,#3268,#3269));
#8242=EDGE_LOOP('',(#3270,#3271,#3272,#3273));
#8243=EDGE_LOOP('',(#3274,#3275,#3276,#3277));
#8244=EDGE_LOOP('',(#3278,#3279,#3280,#3281));
#8245=EDGE_LOOP('',(#3282,#3283,#3284,#3285));
#8246=EDGE_LOOP('',(#3286,#3287,#3288,#3289));
#8247=EDGE_LOOP('',(#3290,#3291,#3292,#3293));
#8248=EDGE_LOOP('',(#3294,#3295,#3296,#3297));
#8249=EDGE_LOOP('',(#3298,#3299,#3300,#3301));
#8250=EDGE_LOOP('',(#3302,#3303,#3304,#3305));
#8251=EDGE_LOOP('',(#3306,#3307,#3308,#3309));
#8252=EDGE_LOOP('',(#3310,#3311,#3312,#3313));
#8253=EDGE_LOOP('',(#3314,#3315,#3316,#3317));
#8254=EDGE_LOOP('',(#3318,#3319,#3320,#3321));
#8255=EDGE_LOOP('',(#3322,#3323,#3324,#3325));
#8256=EDGE_LOOP('',(#3326,#3327,#3328,#3329));
#8257=EDGE_LOOP('',(#3330,#3331,#3332,#3333));
#8258=EDGE_LOOP('',(#3334,#3335,#3336,#3337));
#8259=EDGE_LOOP('',(#3338,#3339,#3340,#3341));
#8260=EDGE_LOOP('',(#3342,#3343,#3344,#3345));
#8261=EDGE_LOOP('',(#3346,#3347,#3348,#3349));
#8262=EDGE_LOOP('',(#3350,#3351,#3352,#3353));
#8263=EDGE_LOOP('',(#3354,#3355,#3356,#3357));
#8264=EDGE_LOOP('',(#3358,#3359,#3360,#3361));
#8265=EDGE_LOOP('',(#3362,#3363,#3364,#3365));
#8266=EDGE_LOOP('',(#3366,#3367,#3368,#3369));
#8267=EDGE_LOOP('',(#3370,#3371,#3372,#3373));
#8268=EDGE_LOOP('',(#3374,#3375,#3376,#3377));
#8269=EDGE_LOOP('',(#3378,#3379,#3380,#3381));
#8270=EDGE_LOOP('',(#3382,#3383,#3384,#3385));
#8271=EDGE_LOOP('',(#3386,#3387,#3388,#3389));
#8272=EDGE_LOOP('',(#3390,#3391,#3392,#3393));
#8273=EDGE_LOOP('',(#3394,#3395,#3396,#3397));
#8274=EDGE_LOOP('',(#3398,#3399,#3400,#3401));
#8275=EDGE_LOOP('',(#3402,#3403,#3404,#3405));
#8276=EDGE_LOOP('',(#3406,#3407,#3408,#3409));
#8277=EDGE_LOOP('',(#3410,#3411,#3412,#3413));
#8278=EDGE_LOOP('',(#3414,#3415,#3416,#3417));
#8279=EDGE_LOOP('',(#3418,#3419,#3420,#3421));
#8280=EDGE_LOOP('',(#3422,#3423,#3424,#3425));
#8281=EDGE_LOOP('',(#3426,#3427,#3428,#3429));
#8282=EDGE_LOOP('',(#3430,#3431,#3432,#3433));
#8283=EDGE_LOOP('',(#3434,#3435,#3436,#3437));
#8284=EDGE_LOOP('',(#3438,#3439,#3440,#3441));
#8285=EDGE_LOOP('',(#3442,#3443,#3444,#3445));
#8286=EDGE_LOOP('',(#3446,#3447,#3448,#3449));
#8287=EDGE_LOOP('',(#3450,#3451,#3452,#3453));
#8288=EDGE_LOOP('',(#3454,#3455,#3456,#3457));
#8289=EDGE_LOOP('',(#3458,#3459,#3460,#3461));
#8290=EDGE_LOOP('',(#3462,#3463,#3464,#3465));
#8291=EDGE_LOOP('',(#3466,#3467,#3468,#3469));
#8292=EDGE_LOOP('',(#3470,#3471,#3472,#3473));
#8293=EDGE_LOOP('',(#3474,#3475,#3476,#3477));
#8294=EDGE_LOOP('',(#3478,#3479,#3480,#3481));
#8295=EDGE_LOOP('',(#3482,#3483,#3484,#3485));
#8296=EDGE_LOOP('',(#3486,#3487,#3488,#3489));
#8297=EDGE_LOOP('',(#3490,#3491,#3492,#3493));
#8298=EDGE_LOOP('',(#3494,#3495,#3496,#3497));
#8299=EDGE_LOOP('',(#3498,#3499,#3500,#3501));
#8300=EDGE_LOOP('',(#3502,#3503,#3504,#3505));
#8301=EDGE_LOOP('',(#3506,#3507,#3508,#3509));
#8302=EDGE_LOOP('',(#3510,#3511,#3512,#3513));
#8303=EDGE_LOOP('',(#3514,#3515,#3516,#3517));
#8304=EDGE_LOOP('',(#3518,#3519,#3520,#3521));
#8305=EDGE_LOOP('',(#3522,#3523,#3524,#3525));
#8306=EDGE_LOOP('',(#3526,#3527,#3528,#3529));
#8307=EDGE_LOOP('',(#3530,#3531,#3532,#3533));
#8308=EDGE_LOOP('',(#3534,#3535,#3536,#3537));
#8309=EDGE_LOOP('',(#3538,#3539,#3540,#3541));
#8310=EDGE_LOOP('',(#3542,#3543,#3544,#3545));
#8311=EDGE_LOOP('',(#3546,#3547,#3548,#3549));
#8312=EDGE_LOOP('',(#3550,#3551,#3552,#3553));
#8313=EDGE_LOOP('',(#3554,#3555,#3556,#3557));
#8314=EDGE_LOOP('',(#3558,#3559,#3560,#3561));
#8315=EDGE_LOOP('',(#3562,#3563,#3564,#3565));
#8316=EDGE_LOOP('',(#3566,#3567,#3568,#3569));
#8317=EDGE_LOOP('',(#3570,#3571,#3572,#3573));
#8318=EDGE_LOOP('',(#3574,#3575,#3576,#3577));
#8319=EDGE_LOOP('',(#3578,#3579,#3580,#3581));
#8320=EDGE_LOOP('',(#3582,#3583,#3584,#3585));
#8321=EDGE_LOOP('',(#3586,#3587,#3588,#3589));
#8322=EDGE_LOOP('',(#3590,#3591,#3592,#3593));
#8323=EDGE_LOOP('',(#3594,#3595,#3596,#3597));
#8324=EDGE_LOOP('',(#3598,#3599,#3600,#3601));
#8325=EDGE_LOOP('',(#3602,#3603,#3604,#3605));
#8326=EDGE_LOOP('',(#3606,#3607,#3608,#3609));
#8327=EDGE_LOOP('',(#3610,#3611,#3612,#3613));
#8328=EDGE_LOOP('',(#3614,#3615,#3616,#3617));
#8329=EDGE_LOOP('',(#3618,#3619,#3620,#3621));
#8330=EDGE_LOOP('',(#3622,#3623,#3624,#3625));
#8331=EDGE_LOOP('',(#3626,#3627,#3628,#3629));
#8332=EDGE_LOOP('',(#3630,#3631,#3632,#3633));
#8333=EDGE_LOOP('',(#3634,#3635,#3636,#3637));
#8334=EDGE_LOOP('',(#3638,#3639,#3640,#3641));
#8335=EDGE_LOOP('',(#3642,#3643,#3644,#3645));
#8336=EDGE_LOOP('',(#3646,#3647,#3648,#3649));
#8337=EDGE_LOOP('',(#3650,#3651,#3652,#3653));
#8338=EDGE_LOOP('',(#3654,#3655,#3656,#3657));
#8339=EDGE_LOOP('',(#3658,#3659,#3660,#3661));
#8340=EDGE_LOOP('',(#3662,#3663,#3664,#3665));
#8341=EDGE_LOOP('',(#3666,#3667,#3668,#3669));
#8342=EDGE_LOOP('',(#3670,#3671,#3672,#3673));
#8343=EDGE_LOOP('',(#3674,#3675,#3676,#3677));
#8344=EDGE_LOOP('',(#3678,#3679,#3680,#3681));
#8345=EDGE_LOOP('',(#3682,#3683,#3684,#3685));
#8346=EDGE_LOOP('',(#3686,#3687,#3688,#3689));
#8347=EDGE_LOOP('',(#3690,#3691,#3692,#3693));
#8348=EDGE_LOOP('',(#3694,#3695,#3696,#3697));
#8349=EDGE_LOOP('',(#3698,#3699,#3700,#3701));
#8350=EDGE_LOOP('',(#3702,#3703,#3704,#3705));
#8351=EDGE_LOOP('',(#3706,#3707,#3708,#3709));
#8352=EDGE_LOOP('',(#3710,#3711,#3712,#3713));
#8353=EDGE_LOOP('',(#3714,#3715,#3716,#3717));
#8354=EDGE_LOOP('',(#3718,#3719,#3720,#3721));
#8355=EDGE_LOOP('',(#3722,#3723,#3724,#3725));
#8356=EDGE_LOOP('',(#3726,#3727,#3728,#3729));
#8357=EDGE_LOOP('',(#3730,#3731,#3732,#3733));
#8358=EDGE_LOOP('',(#3734,#3735,#3736,#3737));
#8359=EDGE_LOOP('',(#3738,#3739,#3740,#3741));
#8360=EDGE_LOOP('',(#3742,#3743,#3744,#3745));
#8361=EDGE_LOOP('',(#3746,#3747,#3748,#3749));
#8362=EDGE_LOOP('',(#3750,#3751,#3752,#3753));
#8363=EDGE_LOOP('',(#3754,#3755,#3756,#3757));
#8364=EDGE_LOOP('',(#3758,#3759,#3760,#3761));
#8365=EDGE_LOOP('',(#3762,#3763,#3764,#3765));
#8366=EDGE_LOOP('',(#3766,#3767,#3768,#3769));
#8367=EDGE_LOOP('',(#3770,#3771,#3772,#3773));
#8368=EDGE_LOOP('',(#3774,#3775,#3776,#3777));
#8369=EDGE_LOOP('',(#3778,#3779,#3780,#3781));
#8370=EDGE_LOOP('',(#3782,#3783,#3784,#3785));
#8371=EDGE_LOOP('',(#3786,#3787,#3788,#3789));
#8372=EDGE_LOOP('',(#3790,#3791,#3792,#3793));
#8373=EDGE_LOOP('',(#3794,#3795,#3796,#3797));
#8374=EDGE_LOOP('',(#3798,#3799,#3800,#3801));
#8375=EDGE_LOOP('',(#3802,#3803,#3804,#3805));
#8376=EDGE_LOOP('',(#3806,#3807,#3808,#3809));
#8377=EDGE_LOOP('',(#3810,#3811,#3812,#3813));
#8378=EDGE_LOOP('',(#3814,#3815,#3816,#3817));
#8379=EDGE_LOOP('',(#3818,#3819,#3820,#3821));
#8380=EDGE_LOOP('',(#3822,#3823,#3824,#3825));
#8381=EDGE_LOOP('',(#3826,#3827,#3828,#3829));
#8382=EDGE_LOOP('',(#3830,#3831,#3832,#3833));
#8383=EDGE_LOOP('',(#3834,#3835,#3836,#3837));
#8384=EDGE_LOOP('',(#3838,#3839,#3840,#3841));
#8385=EDGE_LOOP('',(#3842,#3843,#3844,#3845));
#8386=EDGE_LOOP('',(#3846,#3847,#3848,#3849));
#8387=EDGE_LOOP('',(#3850,#3851,#3852,#3853));
#8388=EDGE_LOOP('',(#3854,#3855,#3856,#3857));
#8389=EDGE_LOOP('',(#3858,#3859,#3860,#3861));
#8390=EDGE_LOOP('',(#3862,#3863,#3864,#3865));
#8391=EDGE_LOOP('',(#3866,#3867,#3868,#3869));
#8392=EDGE_LOOP('',(#3870,#3871,#3872,#3873));
#8393=EDGE_LOOP('',(#3874,#3875,#3876,#3877));
#8394=EDGE_LOOP('',(#3878,#3879,#3880,#3881));
#8395=EDGE_LOOP('',(#3882,#3883,#3884,#3885));
#8396=EDGE_LOOP('',(#3886,#3887,#3888,#3889));
#8397=EDGE_LOOP('',(#3890,#3891,#3892,#3893));
#8398=EDGE_LOOP('',(#3894,#3895,#3896,#3897));
#8399=EDGE_LOOP('',(#3898,#3899,#3900,#3901));
#8400=EDGE_LOOP('',(#3902,#3903,#3904,#3905));
#8401=EDGE_LOOP('',(#3906,#3907,#3908,#3909));
#8402=EDGE_LOOP('',(#3910,#3911,#3912,#3913));
#8403=EDGE_LOOP('',(#3914,#3915,#3916,#3917));
#8404=EDGE_LOOP('',(#3918,#3919,#3920,#3921));
#8405=EDGE_LOOP('',(#3922,#3923,#3924,#3925));
#8406=EDGE_LOOP('',(#3926,#3927,#3928,#3929));
#8407=EDGE_LOOP('',(#3930,#3931,#3932,#3933));
#8408=EDGE_LOOP('',(#3934,#3935,#3936,#3937));
#8409=EDGE_LOOP('',(#3938,#3939,#3940,#3941));
#8410=EDGE_LOOP('',(#3942,#3943,#3944,#3945));
#8411=EDGE_LOOP('',(#3946,#3947,#3948,#3949));
#8412=EDGE_LOOP('',(#3950,#3951,#3952,#3953));
#8413=EDGE_LOOP('',(#3954,#3955,#3956,#3957));
#8414=EDGE_LOOP('',(#3958,#3959,#3960,#3961));
#8415=EDGE_LOOP('',(#3962,#3963,#3964,#3965));
#8416=EDGE_LOOP('',(#3966,#3967,#3968,#3969));
#8417=EDGE_LOOP('',(#3970,#3971,#3972,#3973));
#8418=EDGE_LOOP('',(#3974,#3975,#3976,#3977));
#8419=EDGE_LOOP('',(#3978,#3979,#3980,#3981));
#8420=EDGE_LOOP('',(#3982,#3983,#3984,#3985));
#8421=EDGE_LOOP('',(#3986,#3987,#3988,#3989));
#8422=EDGE_LOOP('',(#3990,#3991,#3992,#3993));
#8423=EDGE_LOOP('',(#3994,#3995,#3996,#3997));
#8424=EDGE_LOOP('',(#3998,#3999,#4000,#4001));
#8425=EDGE_LOOP('',(#4002,#4003,#4004,#4005));
#8426=EDGE_LOOP('',(#4006,#4007,#4008,#4009));
#8427=EDGE_LOOP('',(#4010,#4011,#4012,#4013));
#8428=EDGE_LOOP('',(#4014,#4015,#4016,#4017));
#8429=EDGE_LOOP('',(#4018,#4019,#4020,#4021));
#8430=EDGE_LOOP('',(#4022,#4023,#4024,#4025));
#8431=EDGE_LOOP('',(#4026,#4027,#4028,#4029));
#8432=EDGE_LOOP('',(#4030,#4031,#4032,#4033));
#8433=EDGE_LOOP('',(#4034,#4035,#4036,#4037));
#8434=EDGE_LOOP('',(#4038,#4039,#4040,#4041));
#8435=EDGE_LOOP('',(#4042,#4043,#4044,#4045));
#8436=EDGE_LOOP('',(#4046,#4047,#4048,#4049));
#8437=EDGE_LOOP('',(#4050,#4051,#4052,#4053));
#8438=EDGE_LOOP('',(#4054,#4055,#4056,#4057));
#8439=EDGE_LOOP('',(#4058,#4059,#4060,#4061));
#8440=EDGE_LOOP('',(#4062,#4063,#4064,#4065));
#8441=EDGE_LOOP('',(#4066,#4067,#4068,#4069));
#8442=EDGE_LOOP('',(#4070,#4071,#4072,#4073));
#8443=EDGE_LOOP('',(#4074,#4075,#4076,#4077));
#8444=EDGE_LOOP('',(#4078,#4079,#4080,#4081));
#8445=EDGE_LOOP('',(#4082,#4083,#4084,#4085));
#8446=EDGE_LOOP('',(#4086,#4087,#4088,#4089));
#8447=EDGE_LOOP('',(#4090,#4091,#4092,#4093));
#8448=EDGE_LOOP('',(#4094,#4095,#4096,#4097));
#8449=EDGE_LOOP('',(#4098,#4099,#4100,#4101));
#8450=EDGE_LOOP('',(#4102,#4103,#4104,#4105));
#8451=EDGE_LOOP('',(#4106,#4107,#4108,#4109));
#8452=EDGE_LOOP('',(#4110,#4111,#4112,#4113));
#8453=EDGE_LOOP('',(#4114,#4115,#4116,#4117));
#8454=EDGE_LOOP('',(#4118,#4119,#4120,#4121));
#8455=EDGE_LOOP('',(#4122,#4123,#4124,#4125));
#8456=EDGE_LOOP('',(#4126,#4127,#4128,#4129));
#8457=EDGE_LOOP('',(#4130,#4131,#4132,#4133));
#8458=EDGE_LOOP('',(#4134,#4135,#4136,#4137));
#8459=EDGE_LOOP('',(#4138,#4139,#4140,#4141));
#8460=EDGE_LOOP('',(#4142,#4143,#4144,#4145));
#8461=EDGE_LOOP('',(#4146,#4147,#4148,#4149));
#8462=EDGE_LOOP('',(#4150,#4151,#4152,#4153));
#8463=EDGE_LOOP('',(#4154,#4155,#4156,#4157));
#8464=EDGE_LOOP('',(#4158,#4159,#4160,#4161));
#8465=EDGE_LOOP('',(#4162,#4163,#4164,#4165));
#8466=EDGE_LOOP('',(#4166,#4167,#4168,#4169));
#8467=EDGE_LOOP('',(#4170,#4171,#4172,#4173));
#8468=EDGE_LOOP('',(#4174,#4175,#4176,#4177));
#8469=EDGE_LOOP('',(#4178,#4179,#4180,#4181));
#8470=EDGE_LOOP('',(#4182,#4183,#4184,#4185));
#8471=EDGE_LOOP('',(#4186,#4187,#4188,#4189));
#8472=EDGE_LOOP('',(#4190,#4191,#4192,#4193));
#8473=EDGE_LOOP('',(#4194,#4195,#4196,#4197));
#8474=EDGE_LOOP('',(#4198,#4199,#4200,#4201));
#8475=EDGE_LOOP('',(#4202,#4203,#4204,#4205));
#8476=EDGE_LOOP('',(#4206,#4207,#4208,#4209));
#8477=EDGE_LOOP('',(#4210,#4211,#4212,#4213));
#8478=EDGE_LOOP('',(#4214,#4215,#4216,#4217));
#8479=EDGE_LOOP('',(#4218,#4219,#4220,#4221));
#8480=EDGE_LOOP('',(#4222,#4223,#4224,#4225));
#8481=EDGE_LOOP('',(#4226,#4227,#4228,#4229));
#8482=EDGE_LOOP('',(#4230,#4231,#4232,#4233));
#8483=EDGE_LOOP('',(#4234,#4235,#4236,#4237));
#8484=EDGE_LOOP('',(#4238,#4239,#4240,#4241));
#8485=EDGE_LOOP('',(#4242,#4243,#4244,#4245));
#8486=EDGE_LOOP('',(#4246,#4247,#4248,#4249));
#8487=EDGE_LOOP('',(#4250,#4251,#4252,#4253));
#8488=EDGE_LOOP('',(#4254,#4255,#4256,#4257));
#8489=EDGE_LOOP('',(#4258,#4259,#4260,#4261));
#8490=EDGE_LOOP('',(#4262,#4263,#4264,#4265));
#8491=EDGE_LOOP('',(#4266,#4267,#4268,#4269));
#8492=EDGE_LOOP('',(#4270,#4271,#4272,#4273));
#8493=EDGE_LOOP('',(#4274,#4275,#4276,#4277));
#8494=EDGE_LOOP('',(#4278,#4279,#4280,#4281));
#8495=EDGE_LOOP('',(#4282,#4283,#4284,#4285));
#8496=EDGE_LOOP('',(#4286,#4287,#4288,#4289));
#8497=EDGE_LOOP('',(#4290,#4291,#4292,#4293));
#8498=EDGE_LOOP('',(#4294,#4295,#4296,#4297));
#8499=EDGE_LOOP('',(#4298,#4299,#4300,#4301));
#8500=EDGE_LOOP('',(#4302,#4303,#4304,#4305));
#8501=EDGE_LOOP('',(#4306,#4307,#4308,#4309));
#8502=EDGE_LOOP('',(#4310,#4311,#4312,#4313));
#8503=EDGE_LOOP('',(#4314,#4315,#4316,#4317));
#8504=EDGE_LOOP('',(#4318,#4319,#4320,#4321));
#8505=EDGE_LOOP('',(#4322,#4323,#4324,#4325));
#8506=EDGE_LOOP('',(#4326,#4327,#4328,#4329));
#8507=EDGE_LOOP('',(#4330,#4331,#4332,#4333));
#8508=EDGE_LOOP('',(#4334,#4335,#4336,#4337));
#8509=EDGE_LOOP('',(#4338,#4339,#4340,#4341));
#8510=EDGE_LOOP('',(#4342,#4343,#4344,#4345));
#8511=EDGE_LOOP('',(#4346,#4347,#4348,#4349));
#8512=EDGE_LOOP('',(#4350,#4351,#4352,#4353));
#8513=EDGE_LOOP('',(#4354,#4355,#4356,#4357));
#8514=EDGE_LOOP('',(#4358,#4359,#4360,#4361));
#8515=EDGE_LOOP('',(#4362,#4363,#4364,#4365));
#8516=EDGE_LOOP('',(#4366,#4367,#4368,#4369));
#8517=EDGE_LOOP('',(#4370,#4371,#4372,#4373));
#8518=EDGE_LOOP('',(#4374,#4375,#4376,#4377));
#8519=EDGE_LOOP('',(#4378,#4379,#4380,#4381));
#8520=EDGE_LOOP('',(#4382,#4383,#4384,#4385));
#8521=EDGE_LOOP('',(#4386,#4387,#4388,#4389));
#8522=EDGE_LOOP('',(#4390,#4391,#4392,#4393));
#8523=EDGE_LOOP('',(#4394,#4395,#4396,#4397));
#8524=EDGE_LOOP('',(#4398,#4399,#4400,#4401));
#8525=EDGE_LOOP('',(#4402,#4403,#4404,#4405));
#8526=EDGE_LOOP('',(#4406,#4407,#4408,#4409));
#8527=EDGE_LOOP('',(#4410,#4411,#4412,#4413));
#8528=EDGE_LOOP('',(#4414,#4415,#4416,#4417));
#8529=EDGE_LOOP('',(#4418,#4419,#4420,#4421));
#8530=EDGE_LOOP('',(#4422,#4423,#4424,#4425));
#8531=EDGE_LOOP('',(#4426,#4427,#4428,#4429));
#8532=EDGE_LOOP('',(#4430,#4431,#4432,#4433));
#8533=EDGE_LOOP('',(#4434,#4435,#4436,#4437));
#8534=EDGE_LOOP('',(#4438,#4439,#4440,#4441));
#8535=EDGE_LOOP('',(#4442,#4443,#4444,#4445));
#8536=EDGE_LOOP('',(#4446,#4447,#4448,#4449));
#8537=EDGE_LOOP('',(#4450,#4451,#4452,#4453));
#8538=EDGE_LOOP('',(#4454,#4455,#4456,#4457));
#8539=EDGE_LOOP('',(#4458,#4459,#4460,#4461));
#8540=EDGE_LOOP('',(#4462,#4463,#4464,#4465));
#8541=EDGE_LOOP('',(#4466,#4467,#4468,#4469));
#8542=EDGE_LOOP('',(#4470,#4471,#4472,#4473));
#8543=EDGE_LOOP('',(#4474,#4475,#4476,#4477));
#8544=EDGE_LOOP('',(#4478,#4479,#4480,#4481));
#8545=EDGE_LOOP('',(#4482,#4483,#4484,#4485));
#8546=EDGE_LOOP('',(#4486,#4487,#4488,#4489));
#8547=EDGE_LOOP('',(#4490,#4491,#4492,#4493));
#8548=EDGE_LOOP('',(#4494,#4495,#4496,#4497));
#8549=EDGE_LOOP('',(#4498,#4499,#4500,#4501));
#8550=EDGE_LOOP('',(#4502,#4503,#4504,#4505));
#8551=EDGE_LOOP('',(#4506,#4507,#4508,#4509));
#8552=EDGE_LOOP('',(#4510,#4511,#4512,#4513));
#8553=EDGE_LOOP('',(#4514,#4515,#4516,#4517));
#8554=EDGE_LOOP('',(#4518,#4519,#4520,#4521));
#8555=EDGE_LOOP('',(#4522,#4523,#4524,#4525));
#8556=EDGE_LOOP('',(#4526,#4527,#4528,#4529));
#8557=EDGE_LOOP('',(#4530,#4531,#4532,#4533));
#8558=EDGE_LOOP('',(#4534,#4535,#4536,#4537));
#8559=EDGE_LOOP('',(#4538,#4539,#4540,#4541));
#8560=EDGE_LOOP('',(#4542,#4543,#4544,#4545));
#8561=EDGE_LOOP('',(#4546,#4547,#4548,#4549));
#8562=EDGE_LOOP('',(#4550,#4551,#4552,#4553));
#8563=EDGE_LOOP('',(#4554,#4555,#4556,#4557));
#8564=EDGE_LOOP('',(#4558,#4559,#4560,#4561));
#8565=EDGE_LOOP('',(#4562,#4563,#4564,#4565));
#8566=EDGE_LOOP('',(#4566,#4567,#4568,#4569));
#8567=EDGE_LOOP('',(#4570,#4571,#4572,#4573));
#8568=EDGE_LOOP('',(#4574,#4575,#4576,#4577));
#8569=EDGE_LOOP('',(#4578,#4579,#4580,#4581));
#8570=EDGE_LOOP('',(#4582,#4583,#4584,#4585));
#8571=EDGE_LOOP('',(#4586,#4587,#4588,#4589));
#8572=EDGE_LOOP('',(#4590,#4591,#4592,#4593));
#8573=EDGE_LOOP('',(#4594,#4595,#4596,#4597));
#8574=EDGE_LOOP('',(#4598,#4599,#4600,#4601));
#8575=EDGE_LOOP('',(#4602,#4603,#4604,#4605));
#8576=EDGE_LOOP('',(#4606,#4607,#4608,#4609));
#8577=EDGE_LOOP('',(#4610,#4611,#4612,#4613));
#8578=EDGE_LOOP('',(#4614,#4615,#4616,#4617));
#8579=EDGE_LOOP('',(#4618,#4619,#4620,#4621));
#8580=EDGE_LOOP('',(#4622,#4623,#4624,#4625));
#8581=EDGE_LOOP('',(#4626,#4627,#4628,#4629));
#8582=EDGE_LOOP('',(#4630,#4631,#4632,#4633));
#8583=EDGE_LOOP('',(#4634,#4635,#4636,#4637));
#8584=EDGE_LOOP('',(#4638,#4639,#4640,#4641));
#8585=EDGE_LOOP('',(#4642,#4643,#4644,#4645));
#8586=EDGE_LOOP('',(#4646,#4647,#4648,#4649));
#8587=EDGE_LOOP('',(#4650,#4651,#4652,#4653));
#8588=EDGE_LOOP('',(#4654,#4655,#4656,#4657));
#8589=EDGE_LOOP('',(#4658,#4659,#4660,#4661));
#8590=EDGE_LOOP('',(#4662,#4663,#4664,#4665));
#8591=EDGE_LOOP('',(#4666,#4667,#4668,#4669));
#8592=EDGE_LOOP('',(#4670,#4671,#4672,#4673));
#8593=EDGE_LOOP('',(#4674,#4675,#4676,#4677));
#8594=EDGE_LOOP('',(#4678,#4679,#4680,#4681));
#8595=EDGE_LOOP('',(#4682,#4683,#4684,#4685));
#8596=EDGE_LOOP('',(#4686,#4687,#4688,#4689));
#8597=EDGE_LOOP('',(#4690,#4691,#4692,#4693));
#8598=EDGE_LOOP('',(#4694,#4695,#4696,#4697));
#8599=EDGE_LOOP('',(#4698,#4699,#4700,#4701));
#8600=EDGE_LOOP('',(#4702,#4703,#4704,#4705));
#8601=EDGE_LOOP('',(#4706,#4707,#4708,#4709,#4710,#4711,#4712,#4713,#4714,
#4715,#4716,#4717,#4718,#4719,#4720,#4721,#4722,#4723,#4724,#4725,#4726,
#4727,#4728,#4729,#4730,#4731,#4732,#4733,#4734,#4735,#4736,#4737,#4738,
#4739,#4740,#4741,#4742,#4743,#4744,#4745,#4746,#4747,#4748,#4749,#4750,
#4751,#4752,#4753,#4754,#4755,#4756,#4757,#4758,#4759,#4760,#4761,#4762,
#4763,#4764,#4765,#4766,#4767,#4768,#4769,#4770,#4771,#4772,#4773,#4774,
#4775,#4776,#4777,#4778,#4779,#4780,#4781,#4782,#4783,#4784,#4785,#4786,
#4787,#4788,#4789,#4790));
#8602=EDGE_LOOP('',(#4791,#4792,#4793,#4794,#4795,#4796,#4797,#4798,#4799,
#4800,#4801,#4802,#4803,#4804,#4805,#4806,#4807,#4808,#4809,#4810,#4811,
#4812,#4813,#4814,#4815,#4816,#4817,#4818,#4819,#4820,#4821,#4822,#4823,
#4824,#4825,#4826,#4827,#4828,#4829,#4830,#4831,#4832,#4833,#4834,#4835,
#4836,#4837));
#8603=EDGE_LOOP('',(#4838,#4839,#4840,#4841,#4842,#4843,#4844,#4845,#4846,
#4847,#4848,#4849,#4850,#4851,#4852,#4853,#4854,#4855,#4856,#4857,#4858,
#4859,#4860,#4861,#4862,#4863,#4864,#4865,#4866,#4867,#4868,#4869));
#8604=EDGE_LOOP('',(#4870,#4871,#4872,#4873,#4874,#4875,#4876,#4877,#4878,
#4879,#4880,#4881,#4882,#4883,#4884,#4885,#4886,#4887,#4888,#4889,#4890,
#4891,#4892,#4893,#4894,#4895,#4896,#4897,#4898,#4899,#4900,#4901,#4902,
#4903,#4904,#4905,#4906,#4907,#4908,#4909,#4910,#4911));
#8605=EDGE_LOOP('',(#4912,#4913,#4914,#4915,#4916,#4917,#4918,#4919,#4920,
#4921,#4922,#4923,#4924,#4925,#4926,#4927,#4928,#4929,#4930,#4931,#4932,
#4933,#4934,#4935,#4936,#4937,#4938,#4939,#4940));
#8606=EDGE_LOOP('',(#4941,#4942,#4943,#4944,#4945,#4946,#4947,#4948,#4949,
#4950,#4951,#4952,#4953,#4954,#4955,#4956,#4957,#4958,#4959,#4960,#4961,
#4962,#4963,#4964,#4965,#4966,#4967,#4968,#4969,#4970,#4971,#4972,#4973,
#4974,#4975,#4976,#4977,#4978,#4979,#4980,#4981,#4982,#4983,#4984,#4985,
#4986));
#8607=EDGE_LOOP('',(#4987,#4988,#4989,#4990,#4991,#4992,#4993,#4994,#4995,
#4996,#4997,#4998,#4999,#5000,#5001,#5002,#5003,#5004,#5005,#5006,#5007,
#5008,#5009,#5010,#5011,#5012,#5013,#5014,#5015,#5016,#5017,#5018,#5019,
#5020,#5021,#5022,#5023,#5024,#5025,#5026,#5027,#5028,#5029,#5030,#5031,
#5032,#5033,#5034,#5035,#5036,#5037,#5038,#5039,#5040));
#8608=EDGE_LOOP('',(#5041,#5042,#5043,#5044,#5045,#5046,#5047,#5048,#5049,
#5050,#5051,#5052,#5053,#5054,#5055,#5056,#5057,#5058,#5059,#5060,#5061,
#5062,#5063,#5064,#5065,#5066,#5067,#5068,#5069,#5070,#5071,#5072,#5073,
#5074,#5075,#5076,#5077,#5078,#5079,#5080,#5081,#5082,#5083,#5084,#5085,
#5086,#5087,#5088,#5089,#5090));
#8609=EDGE_LOOP('',(#5091,#5092,#5093,#5094,#5095,#5096,#5097,#5098,#5099,
#5100,#5101,#5102,#5103,#5104,#5105,#5106,#5107,#5108,#5109,#5110,#5111,
#5112,#5113,#5114,#5115,#5116,#5117,#5118,#5119,#5120,#5121,#5122));
#8610=EDGE_LOOP('',(#5123,#5124,#5125,#5126,#5127,#5128,#5129,#5130,#5131,
#5132,#5133,#5134,#5135,#5136,#5137,#5138,#5139,#5140,#5141,#5142,#5143,
#5144,#5145,#5146,#5147,#5148,#5149,#5150,#5151,#5152,#5153,#5154,#5155,
#5156,#5157,#5158,#5159,#5160,#5161,#5162,#5163,#5164,#5165,#5166,#5167,
#5168,#5169));
#8611=EDGE_LOOP('',(#5170,#5171,#5172,#5173,#5174,#5175,#5176,#5177,#5178,
#5179,#5180,#5181,#5182,#5183,#5184,#5185,#5186,#5187,#5188,#5189,#5190,
#5191,#5192,#5193,#5194,#5195,#5196,#5197,#5198,#5199,#5200,#5201));
#8612=EDGE_LOOP('',(#5202,#5203,#5204,#5205,#5206,#5207,#5208,#5209,#5210,
#5211,#5212,#5213,#5214,#5215,#5216,#5217,#5218,#5219,#5220,#5221,#5222,
#5223,#5224,#5225,#5226,#5227,#5228,#5229,#5230,#5231,#5232,#5233,#5234,
#5235,#5236,#5237,#5238,#5239,#5240,#5241,#5242,#5243));
#8613=EDGE_LOOP('',(#5244,#5245,#5246,#5247,#5248,#5249,#5250,#5251,#5252,
#5253,#5254,#5255,#5256,#5257));
#8614=EDGE_LOOP('',(#5258,#5259,#5260,#5261,#5262,#5263,#5264,#5265,#5266,
#5267));
#8615=EDGE_LOOP('',(#5268,#5269,#5270,#5271,#5272,#5273,#5274,#5275,#5276,
#5277,#5278,#5279,#5280,#5281,#5282,#5283,#5284,#5285,#5286,#5287,#5288,
#5289,#5290,#5291,#5292,#5293,#5294,#5295,#5296));
#8616=EDGE_LOOP('',(#5297,#5298,#5299,#5300,#5301,#5302,#5303,#5304,#5305,
#5306,#5307,#5308,#5309,#5310,#5311,#5312,#5313,#5314,#5315,#5316,#5317,
#5318,#5319,#5320,#5321,#5322,#5323,#5324,#5325,#5326,#5327,#5328,#5329,
#5330,#5331,#5332,#5333,#5334,#5335,#5336,#5337,#5338,#5339,#5340,#5341,
#5342));
#8617=EDGE_LOOP('',(#5343,#5344,#5345,#5346,#5347,#5348,#5349,#5350,#5351,
#5352,#5353,#5354,#5355,#5356,#5357,#5358,#5359,#5360,#5361,#5362,#5363,
#5364,#5365,#5366,#5367,#5368,#5369,#5370,#5371,#5372,#5373,#5374,#5375,
#5376,#5377,#5378,#5379,#5380,#5381,#5382,#5383,#5384,#5385,#5386,#5387,
#5388,#5389,#5390,#5391,#5392,#5393,#5394,#5395,#5396));
#8618=EDGE_LOOP('',(#5397,#5398,#5399,#5400,#5401,#5402,#5403,#5404,#5405,
#5406,#5407,#5408,#5409,#5410,#5411,#5412,#5413,#5414,#5415,#5416,#5417,
#5418,#5419,#5420,#5421,#5422,#5423,#5424,#5425,#5426,#5427,#5428,#5429,
#5430,#5431,#5432,#5433,#5434,#5435,#5436,#5437,#5438,#5439,#5440,#5441,
#5442,#5443,#5444,#5445,#5446));
#8619=EDGE_LOOP('',(#5447,#5448,#5449,#5450));
#8620=EDGE_LOOP('',(#5451,#5452,#5453,#5454));
#8621=EDGE_LOOP('',(#5455,#5456,#5457,#5458));
#8622=EDGE_LOOP('',(#5459,#5460,#5461,#5462));
#8623=EDGE_LOOP('',(#5463,#5464,#5465,#5466));
#8624=EDGE_LOOP('',(#5467,#5468,#5469,#5470));
#8625=EDGE_LOOP('',(#5471,#5472,#5473,#5474));
#8626=EDGE_LOOP('',(#5475,#5476,#5477,#5478));
#8627=EDGE_LOOP('',(#5479,#5480,#5481,#5482));
#8628=EDGE_LOOP('',(#5483,#5484,#5485,#5486));
#8629=EDGE_LOOP('',(#5487,#5488,#5489,#5490,#5491,#5492,#5493,#5494,#5495,
#5496));
#8630=EDGE_LOOP('',(#5497,#5498,#5499,#5500));
#8631=EDGE_LOOP('',(#5501,#5502,#5503,#5504));
#8632=EDGE_LOOP('',(#5505,#5506,#5507,#5508));
#8633=EDGE_LOOP('',(#5509,#5510,#5511,#5512));
#8634=EDGE_LOOP('',(#5513,#5514,#5515,#5516));
#8635=EDGE_LOOP('',(#5517,#5518,#5519,#5520));
#8636=EDGE_LOOP('',(#5521,#5522,#5523,#5524));
#8637=EDGE_LOOP('',(#5525,#5526,#5527,#5528));
#8638=EDGE_LOOP('',(#5529,#5530,#5531,#5532));
#8639=EDGE_LOOP('',(#5533,#5534,#5535,#5536));
#8640=EDGE_LOOP('',(#5537,#5538,#5539,#5540));
#8641=EDGE_LOOP('',(#5541,#5542,#5543,#5544));
#8642=EDGE_LOOP('',(#5545,#5546,#5547,#5548));
#8643=EDGE_LOOP('',(#5549,#5550,#5551,#5552));
#8644=EDGE_LOOP('',(#5553,#5554,#5555,#5556,#5557,#5558,#5559,#5560,#5561,
#5562,#5563,#5564,#5565,#5566));
#8645=EDGE_LOOP('',(#5567,#5568,#5569,#5570,#5571,#5572,#5573));
#8646=EDGE_LOOP('',(#5574,#5575,#5576,#5577,#5578,#5579,#5580,#5581,#5582,
#5583,#5584,#5585,#5586,#5587,#5588,#5589,#5590,#5591,#5592,#5593,#5594,
#5595,#5596,#5597,#5598,#5599,#5600,#5601,#5602,#5603,#5604,#5605));
#8647=EDGE_LOOP('',(#5606,#5607,#5608,#5609));
#8648=EDGE_LOOP('',(#5610,#5611,#5612,#5613));
#8649=EDGE_LOOP('',(#5614,#5615,#5616,#5617));
#8650=EDGE_LOOP('',(#5618,#5619,#5620,#5621));
#8651=EDGE_LOOP('',(#5622,#5623,#5624,#5625));
#8652=EDGE_LOOP('',(#5626,#5627,#5628,#5629));
#8653=EDGE_LOOP('',(#5630,#5631,#5632,#5633));
#8654=EDGE_LOOP('',(#5634,#5635,#5636,#5637,#5638,#5639,#5640));
#8655=EDGE_LOOP('',(#5641,#5642,#5643,#5644));
#8656=EDGE_LOOP('',(#5645,#5646,#5647,#5648));
#8657=EDGE_LOOP('',(#5649,#5650,#5651,#5652));
#8658=EDGE_LOOP('',(#5653,#5654,#5655,#5656));
#8659=EDGE_LOOP('',(#5657,#5658,#5659,#5660,#5661,#5662,#5663,#5664));
#8660=EDGE_LOOP('',(#5665,#5666,#5667,#5668));
#8661=EDGE_LOOP('',(#5669,#5670,#5671,#5672));
#8662=EDGE_LOOP('',(#5673,#5674,#5675,#5676));
#8663=EDGE_LOOP('',(#5677,#5678,#5679,#5680));
#8664=EDGE_LOOP('',(#5681));
#8665=EDGE_LOOP('',(#5682));
#8666=EDGE_LOOP('',(#5683));
#8667=EDGE_LOOP('',(#5684));
#8668=EDGE_LOOP('',(#5685));
#8669=EDGE_LOOP('',(#5686));
#8670=EDGE_LOOP('',(#5687));
#8671=EDGE_LOOP('',(#5688));
#8672=EDGE_LOOP('',(#5689));
#8673=EDGE_LOOP('',(#5690));
#8674=EDGE_LOOP('',(#5691));
#8675=EDGE_LOOP('',(#5692));
#8676=EDGE_LOOP('',(#5693));
#8677=EDGE_LOOP('',(#5694));
#8678=EDGE_LOOP('',(#5695));
#8679=EDGE_LOOP('',(#5696));
#8680=EDGE_LOOP('',(#5697));
#8681=EDGE_LOOP('',(#5698));
#8682=EDGE_LOOP('',(#5699));
#8683=EDGE_LOOP('',(#5700));
#8684=EDGE_LOOP('',(#5701));
#8685=EDGE_LOOP('',(#5702));
#8686=EDGE_LOOP('',(#5703));
#8687=EDGE_LOOP('',(#5704));
#8688=EDGE_LOOP('',(#5705,#5706,#5707,#5708));
#8689=EDGE_LOOP('',(#5709,#5710,#5711,#5712));
#8690=EDGE_LOOP('',(#5713,#5714,#5715,#5716));
#8691=EDGE_LOOP('',(#5717,#5718,#5719,#5720));
#8692=EDGE_LOOP('',(#5721,#5722,#5723,#5724));
#8693=EDGE_LOOP('',(#5725,#5726,#5727,#5728));
#8694=EDGE_LOOP('',(#5729,#5730,#5731,#5732));
#8695=FACE_BOUND('',#8149,.T.);
#8696=FACE_BOUND('',#8150,.T.);
#8697=FACE_BOUND('',#8151,.T.);
#8698=FACE_BOUND('',#8152,.T.);
#8699=FACE_BOUND('',#8153,.T.);
#8700=FACE_BOUND('',#8154,.T.);
#8701=FACE_BOUND('',#8155,.T.);
#8702=FACE_BOUND('',#8156,.T.);
#8703=FACE_BOUND('',#8157,.T.);
#8704=FACE_BOUND('',#8158,.T.);
#8705=FACE_BOUND('',#8159,.T.);
#8706=FACE_BOUND('',#8160,.T.);
#8707=FACE_BOUND('',#8161,.T.);
#8708=FACE_BOUND('',#8162,.T.);
#8709=FACE_BOUND('',#8163,.T.);
#8710=FACE_BOUND('',#8164,.T.);
#8711=FACE_BOUND('',#8165,.T.);
#8712=FACE_BOUND('',#8166,.T.);
#8713=FACE_BOUND('',#8167,.T.);
#8714=FACE_BOUND('',#8168,.T.);
#8715=FACE_BOUND('',#8169,.T.);
#8716=FACE_BOUND('',#8170,.T.);
#8717=FACE_BOUND('',#8171,.T.);
#8718=FACE_BOUND('',#8172,.T.);
#8719=FACE_BOUND('',#8173,.T.);
#8720=FACE_BOUND('',#8174,.T.);
#8721=FACE_BOUND('',#8175,.T.);
#8722=FACE_BOUND('',#8176,.T.);
#8723=FACE_BOUND('',#8177,.T.);
#8724=FACE_BOUND('',#8178,.T.);
#8725=FACE_BOUND('',#8179,.T.);
#8726=FACE_BOUND('',#8180,.T.);
#8727=FACE_BOUND('',#8181,.T.);
#8728=FACE_BOUND('',#8182,.T.);
#8729=FACE_BOUND('',#8183,.T.);
#8730=FACE_BOUND('',#8184,.T.);
#8731=FACE_BOUND('',#8185,.T.);
#8732=FACE_BOUND('',#8186,.T.);
#8733=FACE_BOUND('',#8187,.T.);
#8734=FACE_BOUND('',#8188,.T.);
#8735=FACE_BOUND('',#8189,.T.);
#8736=FACE_BOUND('',#8190,.T.);
#8737=FACE_BOUND('',#8191,.T.);
#8738=FACE_BOUND('',#8192,.T.);
#8739=FACE_BOUND('',#8193,.T.);
#8740=FACE_BOUND('',#8194,.T.);
#8741=FACE_BOUND('',#8195,.T.);
#8742=FACE_BOUND('',#8196,.T.);
#8743=FACE_BOUND('',#8197,.T.);
#8744=FACE_BOUND('',#8198,.T.);
#8745=FACE_BOUND('',#8199,.T.);
#8746=FACE_BOUND('',#8200,.T.);
#8747=FACE_BOUND('',#8201,.T.);
#8748=FACE_BOUND('',#8202,.T.);
#8749=FACE_BOUND('',#8203,.T.);
#8750=FACE_BOUND('',#8204,.T.);
#8751=FACE_BOUND('',#8205,.T.);
#8752=FACE_BOUND('',#8206,.T.);
#8753=FACE_BOUND('',#8207,.T.);
#8754=FACE_BOUND('',#8208,.T.);
#8755=FACE_BOUND('',#8209,.T.);
#8756=FACE_BOUND('',#8210,.T.);
#8757=FACE_BOUND('',#8211,.T.);
#8758=FACE_BOUND('',#8212,.T.);
#8759=FACE_BOUND('',#8213,.T.);
#8760=FACE_BOUND('',#8214,.T.);
#8761=FACE_BOUND('',#8215,.T.);
#8762=FACE_BOUND('',#8216,.T.);
#8763=FACE_BOUND('',#8217,.T.);
#8764=FACE_BOUND('',#8218,.T.);
#8765=FACE_BOUND('',#8219,.T.);
#8766=FACE_BOUND('',#8220,.T.);
#8767=FACE_BOUND('',#8221,.T.);
#8768=FACE_BOUND('',#8222,.T.);
#8769=FACE_BOUND('',#8223,.T.);
#8770=FACE_BOUND('',#8224,.T.);
#8771=FACE_BOUND('',#8225,.T.);
#8772=FACE_BOUND('',#8226,.T.);
#8773=FACE_BOUND('',#8227,.T.);
#8774=FACE_BOUND('',#8228,.T.);
#8775=FACE_BOUND('',#8229,.T.);
#8776=FACE_BOUND('',#8230,.T.);
#8777=FACE_BOUND('',#8231,.T.);
#8778=FACE_BOUND('',#8232,.T.);
#8779=FACE_BOUND('',#8233,.T.);
#8780=FACE_BOUND('',#8234,.T.);
#8781=FACE_BOUND('',#8235,.T.);
#8782=FACE_BOUND('',#8236,.T.);
#8783=FACE_BOUND('',#8237,.T.);
#8784=FACE_BOUND('',#8238,.T.);
#8785=FACE_BOUND('',#8239,.T.);
#8786=FACE_BOUND('',#8240,.T.);
#8787=FACE_BOUND('',#8241,.T.);
#8788=FACE_BOUND('',#8242,.T.);
#8789=FACE_BOUND('',#8243,.T.);
#8790=FACE_BOUND('',#8244,.T.);
#8791=FACE_BOUND('',#8245,.T.);
#8792=FACE_BOUND('',#8246,.T.);
#8793=FACE_BOUND('',#8247,.T.);
#8794=FACE_BOUND('',#8248,.T.);
#8795=FACE_BOUND('',#8249,.T.);
#8796=FACE_BOUND('',#8250,.T.);
#8797=FACE_BOUND('',#8251,.T.);
#8798=FACE_BOUND('',#8252,.T.);
#8799=FACE_BOUND('',#8253,.T.);
#8800=FACE_BOUND('',#8254,.T.);
#8801=FACE_BOUND('',#8255,.T.);
#8802=FACE_BOUND('',#8256,.T.);
#8803=FACE_BOUND('',#8257,.T.);
#8804=FACE_BOUND('',#8258,.T.);
#8805=FACE_BOUND('',#8259,.T.);
#8806=FACE_BOUND('',#8260,.T.);
#8807=FACE_BOUND('',#8261,.T.);
#8808=FACE_BOUND('',#8262,.T.);
#8809=FACE_BOUND('',#8263,.T.);
#8810=FACE_BOUND('',#8264,.T.);
#8811=FACE_BOUND('',#8265,.T.);
#8812=FACE_BOUND('',#8266,.T.);
#8813=FACE_BOUND('',#8267,.T.);
#8814=FACE_BOUND('',#8268,.T.);
#8815=FACE_BOUND('',#8269,.T.);
#8816=FACE_BOUND('',#8270,.T.);
#8817=FACE_BOUND('',#8271,.T.);
#8818=FACE_BOUND('',#8272,.T.);
#8819=FACE_BOUND('',#8273,.T.);
#8820=FACE_BOUND('',#8274,.T.);
#8821=FACE_BOUND('',#8275,.T.);
#8822=FACE_BOUND('',#8276,.T.);
#8823=FACE_BOUND('',#8277,.T.);
#8824=FACE_BOUND('',#8278,.T.);
#8825=FACE_BOUND('',#8279,.T.);
#8826=FACE_BOUND('',#8280,.T.);
#8827=FACE_BOUND('',#8281,.T.);
#8828=FACE_BOUND('',#8282,.T.);
#8829=FACE_BOUND('',#8283,.T.);
#8830=FACE_BOUND('',#8284,.T.);
#8831=FACE_BOUND('',#8285,.T.);
#8832=FACE_BOUND('',#8286,.T.);
#8833=FACE_BOUND('',#8287,.T.);
#8834=FACE_BOUND('',#8288,.T.);
#8835=FACE_BOUND('',#8289,.T.);
#8836=FACE_BOUND('',#8290,.T.);
#8837=FACE_BOUND('',#8291,.T.);
#8838=FACE_BOUND('',#8292,.T.);
#8839=FACE_BOUND('',#8293,.T.);
#8840=FACE_BOUND('',#8294,.T.);
#8841=FACE_BOUND('',#8295,.T.);
#8842=FACE_BOUND('',#8296,.T.);
#8843=FACE_BOUND('',#8297,.T.);
#8844=FACE_BOUND('',#8298,.T.);
#8845=FACE_BOUND('',#8299,.T.);
#8846=FACE_BOUND('',#8300,.T.);
#8847=FACE_BOUND('',#8301,.T.);
#8848=FACE_BOUND('',#8302,.T.);
#8849=FACE_BOUND('',#8303,.T.);
#8850=FACE_BOUND('',#8304,.T.);
#8851=FACE_BOUND('',#8305,.T.);
#8852=FACE_BOUND('',#8306,.T.);
#8853=FACE_BOUND('',#8307,.T.);
#8854=FACE_BOUND('',#8308,.T.);
#8855=FACE_BOUND('',#8309,.T.);
#8856=FACE_BOUND('',#8310,.T.);
#8857=FACE_BOUND('',#8311,.T.);
#8858=FACE_BOUND('',#8312,.T.);
#8859=FACE_BOUND('',#8313,.T.);
#8860=FACE_BOUND('',#8314,.T.);
#8861=FACE_BOUND('',#8315,.T.);
#8862=FACE_BOUND('',#8316,.T.);
#8863=FACE_BOUND('',#8317,.T.);
#8864=FACE_BOUND('',#8318,.T.);
#8865=FACE_BOUND('',#8319,.T.);
#8866=FACE_BOUND('',#8320,.T.);
#8867=FACE_BOUND('',#8321,.T.);
#8868=FACE_BOUND('',#8322,.T.);
#8869=FACE_BOUND('',#8323,.T.);
#8870=FACE_BOUND('',#8324,.T.);
#8871=FACE_BOUND('',#8325,.T.);
#8872=FACE_BOUND('',#8326,.T.);
#8873=FACE_BOUND('',#8327,.T.);
#8874=FACE_BOUND('',#8328,.T.);
#8875=FACE_BOUND('',#8329,.T.);
#8876=FACE_BOUND('',#8330,.T.);
#8877=FACE_BOUND('',#8331,.T.);
#8878=FACE_BOUND('',#8332,.T.);
#8879=FACE_BOUND('',#8333,.T.);
#8880=FACE_BOUND('',#8334,.T.);
#8881=FACE_BOUND('',#8335,.T.);
#8882=FACE_BOUND('',#8336,.T.);
#8883=FACE_BOUND('',#8337,.T.);
#8884=FACE_BOUND('',#8338,.T.);
#8885=FACE_BOUND('',#8339,.T.);
#8886=FACE_BOUND('',#8340,.T.);
#8887=FACE_BOUND('',#8341,.T.);
#8888=FACE_BOUND('',#8342,.T.);
#8889=FACE_BOUND('',#8343,.T.);
#8890=FACE_BOUND('',#8344,.T.);
#8891=FACE_BOUND('',#8345,.T.);
#8892=FACE_BOUND('',#8346,.T.);
#8893=FACE_BOUND('',#8347,.T.);
#8894=FACE_BOUND('',#8348,.T.);
#8895=FACE_BOUND('',#8349,.T.);
#8896=FACE_BOUND('',#8350,.T.);
#8897=FACE_BOUND('',#8351,.T.);
#8898=FACE_BOUND('',#8352,.T.);
#8899=FACE_BOUND('',#8353,.T.);
#8900=FACE_BOUND('',#8354,.T.);
#8901=FACE_BOUND('',#8355,.T.);
#8902=FACE_BOUND('',#8356,.T.);
#8903=FACE_BOUND('',#8357,.T.);
#8904=FACE_BOUND('',#8358,.T.);
#8905=FACE_BOUND('',#8359,.T.);
#8906=FACE_BOUND('',#8360,.T.);
#8907=FACE_BOUND('',#8361,.T.);
#8908=FACE_BOUND('',#8362,.T.);
#8909=FACE_BOUND('',#8363,.T.);
#8910=FACE_BOUND('',#8364,.T.);
#8911=FACE_BOUND('',#8365,.T.);
#8912=FACE_BOUND('',#8366,.T.);
#8913=FACE_BOUND('',#8367,.T.);
#8914=FACE_BOUND('',#8368,.T.);
#8915=FACE_BOUND('',#8369,.T.);
#8916=FACE_BOUND('',#8370,.T.);
#8917=FACE_BOUND('',#8371,.T.);
#8918=FACE_BOUND('',#8372,.T.);
#8919=FACE_BOUND('',#8373,.T.);
#8920=FACE_BOUND('',#8374,.T.);
#8921=FACE_BOUND('',#8375,.T.);
#8922=FACE_BOUND('',#8376,.T.);
#8923=FACE_BOUND('',#8377,.T.);
#8924=FACE_BOUND('',#8378,.T.);
#8925=FACE_BOUND('',#8379,.T.);
#8926=FACE_BOUND('',#8380,.T.);
#8927=FACE_BOUND('',#8381,.T.);
#8928=FACE_BOUND('',#8382,.T.);
#8929=FACE_BOUND('',#8383,.T.);
#8930=FACE_BOUND('',#8384,.T.);
#8931=FACE_BOUND('',#8385,.T.);
#8932=FACE_BOUND('',#8386,.T.);
#8933=FACE_BOUND('',#8387,.T.);
#8934=FACE_BOUND('',#8388,.T.);
#8935=FACE_BOUND('',#8389,.T.);
#8936=FACE_BOUND('',#8390,.T.);
#8937=FACE_BOUND('',#8391,.T.);
#8938=FACE_BOUND('',#8392,.T.);
#8939=FACE_BOUND('',#8393,.T.);
#8940=FACE_BOUND('',#8394,.T.);
#8941=FACE_BOUND('',#8395,.T.);
#8942=FACE_BOUND('',#8396,.T.);
#8943=FACE_BOUND('',#8397,.T.);
#8944=FACE_BOUND('',#8398,.T.);
#8945=FACE_BOUND('',#8399,.T.);
#8946=FACE_BOUND('',#8400,.T.);
#8947=FACE_BOUND('',#8401,.T.);
#8948=FACE_BOUND('',#8402,.T.);
#8949=FACE_BOUND('',#8403,.T.);
#8950=FACE_BOUND('',#8404,.T.);
#8951=FACE_BOUND('',#8405,.T.);
#8952=FACE_BOUND('',#8406,.T.);
#8953=FACE_BOUND('',#8407,.T.);
#8954=FACE_BOUND('',#8408,.T.);
#8955=FACE_BOUND('',#8409,.T.);
#8956=FACE_BOUND('',#8410,.T.);
#8957=FACE_BOUND('',#8411,.T.);
#8958=FACE_BOUND('',#8412,.T.);
#8959=FACE_BOUND('',#8413,.T.);
#8960=FACE_BOUND('',#8414,.T.);
#8961=FACE_BOUND('',#8415,.T.);
#8962=FACE_BOUND('',#8416,.T.);
#8963=FACE_BOUND('',#8417,.T.);
#8964=FACE_BOUND('',#8418,.T.);
#8965=FACE_BOUND('',#8419,.T.);
#8966=FACE_BOUND('',#8420,.T.);
#8967=FACE_BOUND('',#8421,.T.);
#8968=FACE_BOUND('',#8422,.T.);
#8969=FACE_BOUND('',#8423,.T.);
#8970=FACE_BOUND('',#8424,.T.);
#8971=FACE_BOUND('',#8425,.T.);
#8972=FACE_BOUND('',#8426,.T.);
#8973=FACE_BOUND('',#8427,.T.);
#8974=FACE_BOUND('',#8428,.T.);
#8975=FACE_BOUND('',#8429,.T.);
#8976=FACE_BOUND('',#8430,.T.);
#8977=FACE_BOUND('',#8431,.T.);
#8978=FACE_BOUND('',#8432,.T.);
#8979=FACE_BOUND('',#8433,.T.);
#8980=FACE_BOUND('',#8434,.T.);
#8981=FACE_BOUND('',#8435,.T.);
#8982=FACE_BOUND('',#8436,.T.);
#8983=FACE_BOUND('',#8437,.T.);
#8984=FACE_BOUND('',#8438,.T.);
#8985=FACE_BOUND('',#8439,.T.);
#8986=FACE_BOUND('',#8440,.T.);
#8987=FACE_BOUND('',#8441,.T.);
#8988=FACE_BOUND('',#8442,.T.);
#8989=FACE_BOUND('',#8443,.T.);
#8990=FACE_BOUND('',#8444,.T.);
#8991=FACE_BOUND('',#8445,.T.);
#8992=FACE_BOUND('',#8446,.T.);
#8993=FACE_BOUND('',#8447,.T.);
#8994=FACE_BOUND('',#8448,.T.);
#8995=FACE_BOUND('',#8449,.T.);
#8996=FACE_BOUND('',#8450,.T.);
#8997=FACE_BOUND('',#8451,.T.);
#8998=FACE_BOUND('',#8452,.T.);
#8999=FACE_BOUND('',#8453,.T.);
#9000=FACE_BOUND('',#8454,.T.);
#9001=FACE_BOUND('',#8455,.T.);
#9002=FACE_BOUND('',#8456,.T.);
#9003=FACE_BOUND('',#8457,.T.);
#9004=FACE_BOUND('',#8458,.T.);
#9005=FACE_BOUND('',#8459,.T.);
#9006=FACE_BOUND('',#8460,.T.);
#9007=FACE_BOUND('',#8461,.T.);
#9008=FACE_BOUND('',#8462,.T.);
#9009=FACE_BOUND('',#8463,.T.);
#9010=FACE_BOUND('',#8464,.T.);
#9011=FACE_BOUND('',#8465,.T.);
#9012=FACE_BOUND('',#8466,.T.);
#9013=FACE_BOUND('',#8467,.T.);
#9014=FACE_BOUND('',#8468,.T.);
#9015=FACE_BOUND('',#8469,.T.);
#9016=FACE_BOUND('',#8470,.T.);
#9017=FACE_BOUND('',#8471,.T.);
#9018=FACE_BOUND('',#8472,.T.);
#9019=FACE_BOUND('',#8473,.T.);
#9020=FACE_BOUND('',#8474,.T.);
#9021=FACE_BOUND('',#8475,.T.);
#9022=FACE_BOUND('',#8476,.T.);
#9023=FACE_BOUND('',#8477,.T.);
#9024=FACE_BOUND('',#8478,.T.);
#9025=FACE_BOUND('',#8479,.T.);
#9026=FACE_BOUND('',#8480,.T.);
#9027=FACE_BOUND('',#8481,.T.);
#9028=FACE_BOUND('',#8482,.T.);
#9029=FACE_BOUND('',#8483,.T.);
#9030=FACE_BOUND('',#8484,.T.);
#9031=FACE_BOUND('',#8485,.T.);
#9032=FACE_BOUND('',#8486,.T.);
#9033=FACE_BOUND('',#8487,.T.);
#9034=FACE_BOUND('',#8488,.T.);
#9035=FACE_BOUND('',#8489,.T.);
#9036=FACE_BOUND('',#8490,.T.);
#9037=FACE_BOUND('',#8491,.T.);
#9038=FACE_BOUND('',#8492,.T.);
#9039=FACE_BOUND('',#8493,.T.);
#9040=FACE_BOUND('',#8494,.T.);
#9041=FACE_BOUND('',#8495,.T.);
#9042=FACE_BOUND('',#8496,.T.);
#9043=FACE_BOUND('',#8497,.T.);
#9044=FACE_BOUND('',#8498,.T.);
#9045=FACE_BOUND('',#8499,.T.);
#9046=FACE_BOUND('',#8500,.T.);
#9047=FACE_BOUND('',#8501,.T.);
#9048=FACE_BOUND('',#8502,.T.);
#9049=FACE_BOUND('',#8503,.T.);
#9050=FACE_BOUND('',#8504,.T.);
#9051=FACE_BOUND('',#8505,.T.);
#9052=FACE_BOUND('',#8506,.T.);
#9053=FACE_BOUND('',#8507,.T.);
#9054=FACE_BOUND('',#8508,.T.);
#9055=FACE_BOUND('',#8509,.T.);
#9056=FACE_BOUND('',#8510,.T.);
#9057=FACE_BOUND('',#8511,.T.);
#9058=FACE_BOUND('',#8512,.T.);
#9059=FACE_BOUND('',#8513,.T.);
#9060=FACE_BOUND('',#8514,.T.);
#9061=FACE_BOUND('',#8515,.T.);
#9062=FACE_BOUND('',#8516,.T.);
#9063=FACE_BOUND('',#8517,.T.);
#9064=FACE_BOUND('',#8518,.T.);
#9065=FACE_BOUND('',#8519,.T.);
#9066=FACE_BOUND('',#8520,.T.);
#9067=FACE_BOUND('',#8521,.T.);
#9068=FACE_BOUND('',#8522,.T.);
#9069=FACE_BOUND('',#8523,.T.);
#9070=FACE_BOUND('',#8524,.T.);
#9071=FACE_BOUND('',#8525,.T.);
#9072=FACE_BOUND('',#8526,.T.);
#9073=FACE_BOUND('',#8527,.T.);
#9074=FACE_BOUND('',#8528,.T.);
#9075=FACE_BOUND('',#8529,.T.);
#9076=FACE_BOUND('',#8530,.T.);
#9077=FACE_BOUND('',#8531,.T.);
#9078=FACE_BOUND('',#8532,.T.);
#9079=FACE_BOUND('',#8533,.T.);
#9080=FACE_BOUND('',#8534,.T.);
#9081=FACE_BOUND('',#8535,.T.);
#9082=FACE_BOUND('',#8536,.T.);
#9083=FACE_BOUND('',#8537,.T.);
#9084=FACE_BOUND('',#8538,.T.);
#9085=FACE_BOUND('',#8539,.T.);
#9086=FACE_BOUND('',#8540,.T.);
#9087=FACE_BOUND('',#8541,.T.);
#9088=FACE_BOUND('',#8542,.T.);
#9089=FACE_BOUND('',#8543,.T.);
#9090=FACE_BOUND('',#8544,.T.);
#9091=FACE_BOUND('',#8545,.T.);
#9092=FACE_BOUND('',#8546,.T.);
#9093=FACE_BOUND('',#8547,.T.);
#9094=FACE_BOUND('',#8548,.T.);
#9095=FACE_BOUND('',#8549,.T.);
#9096=FACE_BOUND('',#8550,.T.);
#9097=FACE_BOUND('',#8551,.T.);
#9098=FACE_BOUND('',#8552,.T.);
#9099=FACE_BOUND('',#8553,.T.);
#9100=FACE_BOUND('',#8554,.T.);
#9101=FACE_BOUND('',#8555,.T.);
#9102=FACE_BOUND('',#8556,.T.);
#9103=FACE_BOUND('',#8557,.T.);
#9104=FACE_BOUND('',#8558,.T.);
#9105=FACE_BOUND('',#8559,.T.);
#9106=FACE_BOUND('',#8560,.T.);
#9107=FACE_BOUND('',#8561,.T.);
#9108=FACE_BOUND('',#8562,.T.);
#9109=FACE_BOUND('',#8563,.T.);
#9110=FACE_BOUND('',#8564,.T.);
#9111=FACE_BOUND('',#8565,.T.);
#9112=FACE_BOUND('',#8566,.T.);
#9113=FACE_BOUND('',#8567,.T.);
#9114=FACE_BOUND('',#8568,.T.);
#9115=FACE_BOUND('',#8569,.T.);
#9116=FACE_BOUND('',#8570,.T.);
#9117=FACE_BOUND('',#8571,.T.);
#9118=FACE_BOUND('',#8572,.T.);
#9119=FACE_BOUND('',#8573,.T.);
#9120=FACE_BOUND('',#8574,.T.);
#9121=FACE_BOUND('',#8575,.T.);
#9122=FACE_BOUND('',#8576,.T.);
#9123=FACE_BOUND('',#8577,.T.);
#9124=FACE_BOUND('',#8578,.T.);
#9125=FACE_BOUND('',#8579,.T.);
#9126=FACE_BOUND('',#8580,.T.);
#9127=FACE_BOUND('',#8581,.T.);
#9128=FACE_BOUND('',#8582,.T.);
#9129=FACE_BOUND('',#8583,.T.);
#9130=FACE_BOUND('',#8584,.T.);
#9131=FACE_BOUND('',#8585,.T.);
#9132=FACE_BOUND('',#8586,.T.);
#9133=FACE_BOUND('',#8587,.T.);
#9134=FACE_BOUND('',#8588,.T.);
#9135=FACE_BOUND('',#8589,.T.);
#9136=FACE_BOUND('',#8590,.T.);
#9137=FACE_BOUND('',#8591,.T.);
#9138=FACE_BOUND('',#8592,.T.);
#9139=FACE_BOUND('',#8593,.T.);
#9140=FACE_BOUND('',#8594,.T.);
#9141=FACE_BOUND('',#8595,.T.);
#9142=FACE_BOUND('',#8596,.T.);
#9143=FACE_BOUND('',#8597,.T.);
#9144=FACE_BOUND('',#8598,.T.);
#9145=FACE_BOUND('',#8599,.T.);
#9146=FACE_BOUND('',#8600,.T.);
#9147=FACE_BOUND('',#8601,.T.);
#9148=FACE_BOUND('',#8602,.T.);
#9149=FACE_BOUND('',#8603,.T.);
#9150=FACE_BOUND('',#8604,.T.);
#9151=FACE_BOUND('',#8605,.T.);
#9152=FACE_BOUND('',#8606,.T.);
#9153=FACE_BOUND('',#8607,.T.);
#9154=FACE_BOUND('',#8608,.T.);
#9155=FACE_BOUND('',#8609,.T.);
#9156=FACE_BOUND('',#8610,.T.);
#9157=FACE_BOUND('',#8611,.T.);
#9158=FACE_BOUND('',#8612,.T.);
#9159=FACE_BOUND('',#8613,.T.);
#9160=FACE_BOUND('',#8614,.T.);
#9161=FACE_BOUND('',#8615,.T.);
#9162=FACE_BOUND('',#8616,.T.);
#9163=FACE_BOUND('',#8617,.T.);
#9164=FACE_BOUND('',#8618,.T.);
#9165=FACE_BOUND('',#8619,.T.);
#9166=FACE_BOUND('',#8620,.T.);
#9167=FACE_BOUND('',#8621,.T.);
#9168=FACE_BOUND('',#8622,.T.);
#9169=FACE_BOUND('',#8623,.T.);
#9170=FACE_BOUND('',#8624,.T.);
#9171=FACE_BOUND('',#8625,.T.);
#9172=FACE_BOUND('',#8626,.T.);
#9173=FACE_BOUND('',#8627,.T.);
#9174=FACE_BOUND('',#8628,.T.);
#9175=FACE_BOUND('',#8629,.T.);
#9176=FACE_BOUND('',#8630,.T.);
#9177=FACE_BOUND('',#8631,.T.);
#9178=FACE_BOUND('',#8632,.T.);
#9179=FACE_BOUND('',#8633,.T.);
#9180=FACE_BOUND('',#8634,.T.);
#9181=FACE_BOUND('',#8635,.T.);
#9182=FACE_BOUND('',#8636,.T.);
#9183=FACE_BOUND('',#8637,.T.);
#9184=FACE_BOUND('',#8638,.T.);
#9185=FACE_BOUND('',#8639,.T.);
#9186=FACE_BOUND('',#8640,.T.);
#9187=FACE_BOUND('',#8641,.T.);
#9188=FACE_BOUND('',#8642,.T.);
#9189=FACE_BOUND('',#8643,.T.);
#9190=FACE_BOUND('',#8644,.T.);
#9191=FACE_BOUND('',#8645,.T.);
#9192=FACE_BOUND('',#8646,.T.);
#9193=FACE_BOUND('',#8647,.T.);
#9194=FACE_BOUND('',#8648,.T.);
#9195=FACE_BOUND('',#8649,.T.);
#9196=FACE_BOUND('',#8650,.T.);
#9197=FACE_BOUND('',#8651,.T.);
#9198=FACE_BOUND('',#8652,.T.);
#9199=FACE_BOUND('',#8653,.T.);
#9200=FACE_BOUND('',#8654,.T.);
#9201=FACE_BOUND('',#8655,.T.);
#9202=FACE_BOUND('',#8656,.T.);
#9203=FACE_BOUND('',#8657,.T.);
#9204=FACE_BOUND('',#8658,.T.);
#9205=FACE_BOUND('',#8659,.T.);
#9206=FACE_BOUND('',#8660,.T.);
#9207=FACE_BOUND('',#8661,.T.);
#9208=FACE_BOUND('',#8662,.T.);
#9209=FACE_BOUND('',#8663,.T.);
#9210=FACE_BOUND('',#8664,.T.);
#9211=FACE_BOUND('',#8665,.T.);
#9212=FACE_BOUND('',#8666,.T.);
#9213=FACE_BOUND('',#8667,.T.);
#9214=FACE_BOUND('',#8668,.T.);
#9215=FACE_BOUND('',#8669,.T.);
#9216=FACE_BOUND('',#8670,.T.);
#9217=FACE_BOUND('',#8671,.T.);
#9218=FACE_BOUND('',#8672,.T.);
#9219=FACE_BOUND('',#8673,.T.);
#9220=FACE_BOUND('',#8674,.T.);
#9221=FACE_BOUND('',#8675,.T.);
#9222=FACE_BOUND('',#8676,.T.);
#9223=FACE_BOUND('',#8677,.T.);
#9224=FACE_BOUND('',#8678,.T.);
#9225=FACE_BOUND('',#8679,.T.);
#9226=FACE_BOUND('',#8680,.T.);
#9227=FACE_BOUND('',#8681,.T.);
#9228=FACE_BOUND('',#8682,.T.);
#9229=FACE_BOUND('',#8683,.T.);
#9230=FACE_BOUND('',#8684,.T.);
#9231=FACE_BOUND('',#8685,.T.);
#9232=FACE_BOUND('',#8686,.T.);
#9233=FACE_BOUND('',#8687,.T.);
#9234=FACE_BOUND('',#8688,.T.);
#9235=FACE_BOUND('',#8689,.T.);
#9236=FACE_BOUND('',#8690,.T.);
#9237=FACE_BOUND('',#8691,.T.);
#9238=FACE_BOUND('',#8692,.T.);
#9239=FACE_BOUND('',#8693,.T.);
#9240=FACE_BOUND('',#8694,.T.);
#9241=PLANE('',#10456);
#9242=PLANE('',#10460);
#9243=PLANE('',#10470);
#9244=PLANE('',#10474);
#9245=PLANE('',#10475);
#9246=PLANE('',#10476);
#9247=PLANE('',#10477);
#9248=PLANE('',#10478);
#9249=PLANE('',#10479);
#9250=PLANE('',#10480);
#9251=PLANE('',#10481);
#9252=PLANE('',#10482);
#9253=PLANE('',#10495);
#9254=PLANE('',#10498);
#9255=PLANE('',#10499);
#9256=PLANE('',#10500);
#9257=PLANE('',#10501);
#9258=PLANE('',#10502);
#9259=PLANE('',#10503);
#9260=PLANE('',#10504);
#9261=PLANE('',#10505);
#9262=PLANE('',#10506);
#9263=PLANE('',#10507);
#9264=PLANE('',#10508);
#9265=PLANE('',#10509);
#9266=PLANE('',#10510);
#9267=PLANE('',#10511);
#9268=PLANE('',#10512);
#9269=PLANE('',#10513);
#9270=PLANE('',#10514);
#9271=PLANE('',#10515);
#9272=PLANE('',#10516);
#9273=PLANE('',#10517);
#9274=PLANE('',#10518);
#9275=PLANE('',#10519);
#9276=PLANE('',#10520);
#9277=PLANE('',#10521);
#9278=PLANE('',#10522);
#9279=PLANE('',#10523);
#9280=PLANE('',#10524);
#9281=PLANE('',#10525);
#9282=PLANE('',#10526);
#9283=PLANE('',#10527);
#9284=PLANE('',#10528);
#9285=PLANE('',#10529);
#9286=PLANE('',#10530);
#9287=PLANE('',#10531);
#9288=PLANE('',#10532);
#9289=PLANE('',#10533);
#9290=PLANE('',#10534);
#9291=PLANE('',#10535);
#9292=PLANE('',#10536);
#9293=PLANE('',#10537);
#9294=PLANE('',#10538);
#9295=PLANE('',#10539);
#9296=PLANE('',#10540);
#9297=PLANE('',#10541);
#9298=PLANE('',#10542);
#9299=PLANE('',#10543);
#9300=PLANE('',#10544);
#9301=PLANE('',#10545);
#9302=PLANE('',#10546);
#9303=PLANE('',#10547);
#9304=PLANE('',#10548);
#9305=PLANE('',#10549);
#9306=PLANE('',#10550);
#9307=PLANE('',#10551);
#9308=PLANE('',#10552);
#9309=PLANE('',#10553);
#9310=PLANE('',#10554);
#9311=PLANE('',#10555);
#9312=PLANE('',#10556);
#9313=PLANE('',#10557);
#9314=PLANE('',#10558);
#9315=PLANE('',#10559);
#9316=PLANE('',#10560);
#9317=PLANE('',#10561);
#9318=PLANE('',#10562);
#9319=PLANE('',#10563);
#9320=PLANE('',#10564);
#9321=PLANE('',#10565);
#9322=PLANE('',#10566);
#9323=PLANE('',#10567);
#9324=PLANE('',#10568);
#9325=PLANE('',#10569);
#9326=PLANE('',#10570);
#9327=PLANE('',#10571);
#9328=PLANE('',#10572);
#9329=PLANE('',#10573);
#9330=PLANE('',#10574);
#9331=PLANE('',#10575);
#9332=PLANE('',#10576);
#9333=PLANE('',#10577);
#9334=PLANE('',#10578);
#9335=PLANE('',#10579);
#9336=PLANE('',#10580);
#9337=PLANE('',#10581);
#9338=PLANE('',#10582);
#9339=PLANE('',#10583);
#9340=PLANE('',#10584);
#9341=PLANE('',#10585);
#9342=PLANE('',#10586);
#9343=PLANE('',#10587);
#9344=PLANE('',#10588);
#9345=PLANE('',#10589);
#9346=PLANE('',#10590);
#9347=PLANE('',#10591);
#9348=PLANE('',#10592);
#9349=PLANE('',#10593);
#9350=PLANE('',#10594);
#9351=PLANE('',#10595);
#9352=PLANE('',#10596);
#9353=PLANE('',#10597);
#9354=PLANE('',#10598);
#9355=PLANE('',#10599);
#9356=PLANE('',#10600);
#9357=PLANE('',#10601);
#9358=PLANE('',#10602);
#9359=PLANE('',#10603);
#9360=PLANE('',#10604);
#9361=PLANE('',#10605);
#9362=PLANE('',#10606);
#9363=PLANE('',#10607);
#9364=PLANE('',#10608);
#9365=PLANE('',#10609);
#9366=PLANE('',#10610);
#9367=PLANE('',#10611);
#9368=PLANE('',#10612);
#9369=PLANE('',#10613);
#9370=PLANE('',#10614);
#9371=PLANE('',#10615);
#9372=PLANE('',#10616);
#9373=PLANE('',#10617);
#9374=PLANE('',#10618);
#9375=PLANE('',#10619);
#9376=PLANE('',#10620);
#9377=PLANE('',#10621);
#9378=PLANE('',#10622);
#9379=PLANE('',#10623);
#9380=PLANE('',#10624);
#9381=PLANE('',#10625);
#9382=PLANE('',#10626);
#9383=PLANE('',#10627);
#9384=PLANE('',#10628);
#9385=PLANE('',#10629);
#9386=PLANE('',#10630);
#9387=PLANE('',#10631);
#9388=PLANE('',#10632);
#9389=PLANE('',#10633);
#9390=PLANE('',#10634);
#9391=PLANE('',#10635);
#9392=PLANE('',#10636);
#9393=PLANE('',#10637);
#9394=PLANE('',#10638);
#9395=PLANE('',#10639);
#9396=PLANE('',#10640);
#9397=PLANE('',#10641);
#9398=PLANE('',#10642);
#9399=PLANE('',#10643);
#9400=PLANE('',#10644);
#9401=PLANE('',#10645);
#9402=PLANE('',#10646);
#9403=PLANE('',#10647);
#9404=PLANE('',#10648);
#9405=PLANE('',#10649);
#9406=PLANE('',#10650);
#9407=PLANE('',#10651);
#9408=PLANE('',#10652);
#9409=PLANE('',#10653);
#9410=PLANE('',#10654);
#9411=PLANE('',#10655);
#9412=PLANE('',#10656);
#9413=PLANE('',#10657);
#9414=PLANE('',#10658);
#9415=PLANE('',#10659);
#9416=PLANE('',#10660);
#9417=PLANE('',#10661);
#9418=PLANE('',#10662);
#9419=PLANE('',#10663);
#9420=PLANE('',#10664);
#9421=PLANE('',#10665);
#9422=PLANE('',#10666);
#9423=PLANE('',#10667);
#9424=PLANE('',#10668);
#9425=PLANE('',#10669);
#9426=PLANE('',#10670);
#9427=PLANE('',#10671);
#9428=PLANE('',#10672);
#9429=PLANE('',#10673);
#9430=PLANE('',#10674);
#9431=PLANE('',#10675);
#9432=PLANE('',#10676);
#9433=PLANE('',#10677);
#9434=PLANE('',#10678);
#9435=PLANE('',#10679);
#9436=PLANE('',#10680);
#9437=PLANE('',#10681);
#9438=PLANE('',#10682);
#9439=PLANE('',#10683);
#9440=PLANE('',#10684);
#9441=PLANE('',#10685);
#9442=PLANE('',#10686);
#9443=PLANE('',#10687);
#9444=PLANE('',#10688);
#9445=PLANE('',#10689);
#9446=PLANE('',#10690);
#9447=PLANE('',#10691);
#9448=PLANE('',#10692);
#9449=PLANE('',#10693);
#9450=PLANE('',#10694);
#9451=PLANE('',#10695);
#9452=PLANE('',#10696);
#9453=PLANE('',#10697);
#9454=PLANE('',#10698);
#9455=PLANE('',#10699);
#9456=PLANE('',#10700);
#9457=PLANE('',#10701);
#9458=PLANE('',#10702);
#9459=PLANE('',#10703);
#9460=PLANE('',#10704);
#9461=PLANE('',#10705);
#9462=PLANE('',#10706);
#9463=PLANE('',#10707);
#9464=PLANE('',#10708);
#9465=PLANE('',#10709);
#9466=PLANE('',#10710);
#9467=PLANE('',#10711);
#9468=PLANE('',#10712);
#9469=PLANE('',#10713);
#9470=PLANE('',#10714);
#9471=PLANE('',#10715);
#9472=PLANE('',#10716);
#9473=PLANE('',#10717);
#9474=PLANE('',#10718);
#9475=PLANE('',#10719);
#9476=PLANE('',#10720);
#9477=PLANE('',#10721);
#9478=PLANE('',#10722);
#9479=PLANE('',#10723);
#9480=PLANE('',#10724);
#9481=PLANE('',#10725);
#9482=PLANE('',#10726);
#9483=PLANE('',#10727);
#9484=PLANE('',#10728);
#9485=PLANE('',#10729);
#9486=PLANE('',#10730);
#9487=PLANE('',#10731);
#9488=PLANE('',#10732);
#9489=PLANE('',#10733);
#9490=PLANE('',#10734);
#9491=PLANE('',#10735);
#9492=PLANE('',#10736);
#9493=PLANE('',#10737);
#9494=PLANE('',#10738);
#9495=PLANE('',#10739);
#9496=PLANE('',#10740);
#9497=PLANE('',#10741);
#9498=PLANE('',#10742);
#9499=PLANE('',#10743);
#9500=PLANE('',#10744);
#9501=PLANE('',#10745);
#9502=PLANE('',#10746);
#9503=PLANE('',#10747);
#9504=PLANE('',#10748);
#9505=PLANE('',#10749);
#9506=PLANE('',#10750);
#9507=PLANE('',#10751);
#9508=PLANE('',#10752);
#9509=PLANE('',#10753);
#9510=PLANE('',#10754);
#9511=PLANE('',#10755);
#9512=PLANE('',#10756);
#9513=PLANE('',#10757);
#9514=PLANE('',#10758);
#9515=PLANE('',#10759);
#9516=PLANE('',#10760);
#9517=PLANE('',#10761);
#9518=PLANE('',#10762);
#9519=PLANE('',#10763);
#9520=PLANE('',#10764);
#9521=PLANE('',#10765);
#9522=PLANE('',#10766);
#9523=PLANE('',#10767);
#9524=PLANE('',#10768);
#9525=PLANE('',#10769);
#9526=PLANE('',#10770);
#9527=PLANE('',#10771);
#9528=PLANE('',#10772);
#9529=PLANE('',#10773);
#9530=PLANE('',#10774);
#9531=PLANE('',#10775);
#9532=PLANE('',#10776);
#9533=PLANE('',#10777);
#9534=PLANE('',#10778);
#9535=PLANE('',#10779);
#9536=PLANE('',#10780);
#9537=PLANE('',#10781);
#9538=PLANE('',#10782);
#9539=PLANE('',#10783);
#9540=PLANE('',#10784);
#9541=PLANE('',#10785);
#9542=PLANE('',#10786);
#9543=PLANE('',#10787);
#9544=PLANE('',#10788);
#9545=PLANE('',#10789);
#9546=PLANE('',#10790);
#9547=PLANE('',#10791);
#9548=PLANE('',#10792);
#9549=PLANE('',#10793);
#9550=PLANE('',#10794);
#9551=PLANE('',#10795);
#9552=PLANE('',#10796);
#9553=PLANE('',#10797);
#9554=PLANE('',#10798);
#9555=PLANE('',#10799);
#9556=PLANE('',#10800);
#9557=PLANE('',#10801);
#9558=PLANE('',#10802);
#9559=PLANE('',#10803);
#9560=PLANE('',#10804);
#9561=PLANE('',#10805);
#9562=PLANE('',#10806);
#9563=PLANE('',#10807);
#9564=PLANE('',#10808);
#9565=PLANE('',#10809);
#9566=PLANE('',#10810);
#9567=PLANE('',#10811);
#9568=PLANE('',#10812);
#9569=PLANE('',#10813);
#9570=PLANE('',#10814);
#9571=PLANE('',#10815);
#9572=PLANE('',#10816);
#9573=PLANE('',#10817);
#9574=PLANE('',#10818);
#9575=PLANE('',#10819);
#9576=PLANE('',#10820);
#9577=PLANE('',#10821);
#9578=PLANE('',#10822);
#9579=PLANE('',#10823);
#9580=PLANE('',#10824);
#9581=PLANE('',#10825);
#9582=PLANE('',#10826);
#9583=PLANE('',#10827);
#9584=PLANE('',#10828);
#9585=PLANE('',#10829);
#9586=PLANE('',#10830);
#9587=PLANE('',#10831);
#9588=PLANE('',#10832);
#9589=PLANE('',#10833);
#9590=PLANE('',#10834);
#9591=PLANE('',#10835);
#9592=PLANE('',#10836);
#9593=PLANE('',#10837);
#9594=PLANE('',#10838);
#9595=PLANE('',#10839);
#9596=PLANE('',#10840);
#9597=PLANE('',#10841);
#9598=PLANE('',#10842);
#9599=PLANE('',#10843);
#9600=PLANE('',#10844);
#9601=PLANE('',#10845);
#9602=PLANE('',#10846);
#9603=PLANE('',#10847);
#9604=PLANE('',#10848);
#9605=PLANE('',#10849);
#9606=PLANE('',#10850);
#9607=PLANE('',#10851);
#9608=PLANE('',#10852);
#9609=PLANE('',#10853);
#9610=PLANE('',#10854);
#9611=PLANE('',#10855);
#9612=PLANE('',#10856);
#9613=PLANE('',#10857);
#9614=PLANE('',#10858);
#9615=PLANE('',#10859);
#9616=PLANE('',#10860);
#9617=PLANE('',#10861);
#9618=PLANE('',#10862);
#9619=PLANE('',#10863);
#9620=PLANE('',#10864);
#9621=PLANE('',#10865);
#9622=PLANE('',#10866);
#9623=PLANE('',#10867);
#9624=PLANE('',#10868);
#9625=PLANE('',#10869);
#9626=PLANE('',#10870);
#9627=PLANE('',#10871);
#9628=PLANE('',#10872);
#9629=PLANE('',#10873);
#9630=PLANE('',#10874);
#9631=PLANE('',#10875);
#9632=PLANE('',#10876);
#9633=PLANE('',#10877);
#9634=PLANE('',#10878);
#9635=PLANE('',#10879);
#9636=PLANE('',#10880);
#9637=PLANE('',#10881);
#9638=PLANE('',#10882);
#9639=PLANE('',#10883);
#9640=PLANE('',#10884);
#9641=PLANE('',#10885);
#9642=PLANE('',#10886);
#9643=PLANE('',#10887);
#9644=PLANE('',#10888);
#9645=PLANE('',#10889);
#9646=PLANE('',#10890);
#9647=PLANE('',#10891);
#9648=PLANE('',#10892);
#9649=PLANE('',#10893);
#9650=PLANE('',#10894);
#9651=PLANE('',#10895);
#9652=PLANE('',#10896);
#9653=PLANE('',#10897);
#9654=PLANE('',#10898);
#9655=PLANE('',#10899);
#9656=PLANE('',#10900);
#9657=PLANE('',#10901);
#9658=PLANE('',#10902);
#9659=PLANE('',#10903);
#9660=PLANE('',#10904);
#9661=PLANE('',#10905);
#9662=PLANE('',#10906);
#9663=PLANE('',#10907);
#9664=PLANE('',#10908);
#9665=PLANE('',#10909);
#9666=PLANE('',#10910);
#9667=PLANE('',#10911);
#9668=PLANE('',#10912);
#9669=PLANE('',#10913);
#9670=PLANE('',#10914);
#9671=PLANE('',#10915);
#9672=PLANE('',#10916);
#9673=PLANE('',#10917);
#9674=PLANE('',#10918);
#9675=PLANE('',#10919);
#9676=PLANE('',#10920);
#9677=PLANE('',#10921);
#9678=PLANE('',#10922);
#9679=PLANE('',#10923);
#9680=PLANE('',#10924);
#9681=PLANE('',#10925);
#9682=PLANE('',#10926);
#9683=PLANE('',#10927);
#9684=PLANE('',#10928);
#9685=PLANE('',#10929);
#9686=PLANE('',#10930);
#9687=PLANE('',#10931);
#9688=PLANE('',#10932);
#9689=PLANE('',#10933);
#9690=PLANE('',#10934);
#9691=PLANE('',#10935);
#9692=PLANE('',#10936);
#9693=PLANE('',#10937);
#9694=PLANE('',#10938);
#9695=PLANE('',#10939);
#9696=PLANE('',#10940);
#9697=PLANE('',#10941);
#9698=PLANE('',#10942);
#9699=PLANE('',#10943);
#9700=PLANE('',#10944);
#9701=PLANE('',#10945);
#9702=PLANE('',#10946);
#9703=PLANE('',#10947);
#9704=PLANE('',#10948);
#9705=PLANE('',#10949);
#9706=PLANE('',#10950);
#9707=PLANE('',#10951);
#9708=PLANE('',#10952);
#9709=PLANE('',#10953);
#9710=PLANE('',#10954);
#9711=PLANE('',#10955);
#9712=PLANE('',#10956);
#9713=PLANE('',#10957);
#9714=PLANE('',#10958);
#9715=PLANE('',#10959);
#9716=PLANE('',#10962);
#9717=PLANE('',#10963);
#9718=PLANE('',#10964);
#9719=PLANE('',#10968);
#9720=PLANE('',#10969);
#9721=PLANE('',#10970);
#9722=PLANE('',#10971);
#9723=PLANE('',#10974);
#9724=PLANE('',#10978);
#9725=PLANE('',#10982);
#9726=PLANE('',#10986);
#9727=OVER_RIDING_STYLED_ITEM('',(#10266),#9758,#10264);
#9728=OVER_RIDING_STYLED_ITEM('',(#10267),#9759,#10264);
#9729=OVER_RIDING_STYLED_ITEM('',(#10268),#9760,#10264);
#9730=OVER_RIDING_STYLED_ITEM('',(#10269),#9761,#10264);
#9731=OVER_RIDING_STYLED_ITEM('',(#10270),#9762,#10264);
#9732=OVER_RIDING_STYLED_ITEM('',(#10271),#9763,#10264);
#9733=OVER_RIDING_STYLED_ITEM('',(#10272),#9764,#10264);
#9734=OVER_RIDING_STYLED_ITEM('',(#10273),#9765,#10264);
#9735=OVER_RIDING_STYLED_ITEM('',(#10274),#9766,#10264);
#9736=OVER_RIDING_STYLED_ITEM('',(#10275),#9767,#10264);
#9737=OVER_RIDING_STYLED_ITEM('',(#10276),#9768,#10264);
#9738=OVER_RIDING_STYLED_ITEM('',(#10277),#9769,#10264);
#9739=OVER_RIDING_STYLED_ITEM('',(#10278),#9770,#10264);
#9740=OVER_RIDING_STYLED_ITEM('',(#10279),#9771,#10264);
#9741=OVER_RIDING_STYLED_ITEM('',(#10280),#9772,#10264);
#9742=OVER_RIDING_STYLED_ITEM('',(#10281),#9773,#10264);
#9743=OVER_RIDING_STYLED_ITEM('',(#10282),#9774,#10264);
#9744=OVER_RIDING_STYLED_ITEM('',(#10283),#9775,#10264);
#9745=OVER_RIDING_STYLED_ITEM('',(#10284),#10194,#10264);
#9746=OVER_RIDING_STYLED_ITEM('',(#10285),#10195,#10264);
#9747=OVER_RIDING_STYLED_ITEM('',(#10286),#10196,#10264);
#9748=OVER_RIDING_STYLED_ITEM('',(#10287),#10197,#10264);
#9749=OVER_RIDING_STYLED_ITEM('',(#10288),#10198,#10264);
#9750=OVER_RIDING_STYLED_ITEM('',(#10289),#10199,#10264);
#9751=OVER_RIDING_STYLED_ITEM('',(#10290),#10200,#10264);
#9752=OVER_RIDING_STYLED_ITEM('',(#10291),#10227,#10264);
#9753=OVER_RIDING_STYLED_ITEM('',(#10292),#10259,#10264);
#9754=OVER_RIDING_STYLED_ITEM('',(#10293),#10260,#10264);
#9755=OVER_RIDING_STYLED_ITEM('',(#10294),#10261,#10264);
#9756=OVER_RIDING_STYLED_ITEM('',(#10295),#10262,#10264);
#9757=DRAUGHTING_PRE_DEFINED_COLOUR('white');
#9758=ADVANCED_FACE('Face appearance 8',(#8695,#8696),#9241,.T.);
#9759=ADVANCED_FACE('Face appearance 8',(#8697,#8698,#8699,#8700,#8701),
#9242,.T.);
#9760=ADVANCED_FACE('Face appearance 8',(#8702,#8703,#8704,#8705,#8706),
#9243,.T.);
#9761=ADVANCED_FACE('Face appearance 8',(#8707),#9244,.F.);
#9762=ADVANCED_FACE('Face appearance 8',(#8708),#9245,.T.);
#9763=ADVANCED_FACE('Face appearance 8',(#8709),#9246,.T.);
#9764=ADVANCED_FACE('Face appearance 8',(#8710),#9247,.F.);
#9765=ADVANCED_FACE('Face appearance 8',(#8711),#9248,.T.);
#9766=ADVANCED_FACE('Face appearance 8',(#8712),#9249,.F.);
#9767=ADVANCED_FACE('Face appearance 8',(#8713),#9250,.F.);
#9768=ADVANCED_FACE('Face appearance 8',(#8714),#9251,.T.);
#9769=ADVANCED_FACE('Face appearance 8',(#8715,#8716,#8717,#8718,#8719,
#8720),#9252,.T.);
#9770=ADVANCED_FACE('Face appearance 8',(#8721,#8722),#12,.T.);
#9771=ADVANCED_FACE('Face appearance 8',(#8723,#8724),#13,.T.);
#9772=ADVANCED_FACE('Face appearance 8',(#8725),#9253,.T.);
#9773=ADVANCED_FACE('Face appearance 8',(#8726,#8727),#14,.T.);
#9774=ADVANCED_FACE('Face appearance 8',(#8728),#9254,.T.);
#9775=ADVANCED_FACE('Face appearance 8',(#8729),#9255,.T.);
#9776=ADVANCED_FACE('',(#8730),#9256,.F.);
#9777=ADVANCED_FACE('',(#8731),#9257,.F.);
#9778=ADVANCED_FACE('',(#8732),#9258,.F.);
#9779=ADVANCED_FACE('',(#8733),#9259,.F.);
#9780=ADVANCED_FACE('',(#8734),#9260,.F.);
#9781=ADVANCED_FACE('',(#8735),#9261,.F.);
#9782=ADVANCED_FACE('',(#8736),#9262,.F.);
#9783=ADVANCED_FACE('',(#8737),#9263,.F.);
#9784=ADVANCED_FACE('',(#8738),#9264,.F.);
#9785=ADVANCED_FACE('',(#8739),#9265,.F.);
#9786=ADVANCED_FACE('',(#8740),#9266,.F.);
#9787=ADVANCED_FACE('',(#8741),#9267,.F.);
#9788=ADVANCED_FACE('',(#8742),#9268,.F.);
#9789=ADVANCED_FACE('',(#8743),#9269,.F.);
#9790=ADVANCED_FACE('',(#8744),#9270,.F.);
#9791=ADVANCED_FACE('',(#8745),#9271,.F.);
#9792=ADVANCED_FACE('',(#8746),#9272,.F.);
#9793=ADVANCED_FACE('',(#8747),#9273,.F.);
#9794=ADVANCED_FACE('',(#8748),#9274,.F.);
#9795=ADVANCED_FACE('',(#8749),#9275,.F.);
#9796=ADVANCED_FACE('',(#8750),#9276,.F.);
#9797=ADVANCED_FACE('',(#8751),#9277,.F.);
#9798=ADVANCED_FACE('',(#8752),#9278,.F.);
#9799=ADVANCED_FACE('',(#8753),#9279,.F.);
#9800=ADVANCED_FACE('',(#8754),#9280,.F.);
#9801=ADVANCED_FACE('',(#8755),#9281,.F.);
#9802=ADVANCED_FACE('',(#8756),#9282,.F.);
#9803=ADVANCED_FACE('',(#8757),#9283,.F.);
#9804=ADVANCED_FACE('',(#8758),#9284,.F.);
#9805=ADVANCED_FACE('',(#8759),#9285,.F.);
#9806=ADVANCED_FACE('',(#8760),#9286,.F.);
#9807=ADVANCED_FACE('',(#8761),#9287,.T.);
#9808=ADVANCED_FACE('',(#8762),#9288,.T.);
#9809=ADVANCED_FACE('',(#8763),#9289,.T.);
#9810=ADVANCED_FACE('',(#8764),#9290,.T.);
#9811=ADVANCED_FACE('',(#8765),#9291,.T.);
#9812=ADVANCED_FACE('',(#8766),#9292,.T.);
#9813=ADVANCED_FACE('',(#8767),#9293,.T.);
#9814=ADVANCED_FACE('',(#8768),#9294,.T.);
#9815=ADVANCED_FACE('',(#8769),#9295,.T.);
#9816=ADVANCED_FACE('',(#8770),#9296,.T.);
#9817=ADVANCED_FACE('',(#8771),#9297,.T.);
#9818=ADVANCED_FACE('',(#8772),#9298,.T.);
#9819=ADVANCED_FACE('',(#8773),#9299,.T.);
#9820=ADVANCED_FACE('',(#8774),#9300,.T.);
#9821=ADVANCED_FACE('',(#8775),#9301,.T.);
#9822=ADVANCED_FACE('',(#8776),#9302,.T.);
#9823=ADVANCED_FACE('',(#8777),#9303,.T.);
#9824=ADVANCED_FACE('',(#8778),#9304,.T.);
#9825=ADVANCED_FACE('',(#8779),#9305,.T.);
#9826=ADVANCED_FACE('',(#8780),#9306,.T.);
#9827=ADVANCED_FACE('',(#8781),#9307,.T.);
#9828=ADVANCED_FACE('',(#8782),#9308,.T.);
#9829=ADVANCED_FACE('',(#8783),#9309,.T.);
#9830=ADVANCED_FACE('',(#8784),#9310,.T.);
#9831=ADVANCED_FACE('',(#8785),#9311,.T.);
#9832=ADVANCED_FACE('',(#8786),#9312,.T.);
#9833=ADVANCED_FACE('',(#8787),#9313,.T.);
#9834=ADVANCED_FACE('',(#8788),#9314,.T.);
#9835=ADVANCED_FACE('',(#8789),#9315,.T.);
#9836=ADVANCED_FACE('',(#8790),#9316,.T.);
#9837=ADVANCED_FACE('',(#8791),#9317,.T.);
#9838=ADVANCED_FACE('',(#8792),#9318,.T.);
#9839=ADVANCED_FACE('',(#8793),#9319,.T.);
#9840=ADVANCED_FACE('',(#8794),#9320,.T.);
#9841=ADVANCED_FACE('',(#8795),#9321,.T.);
#9842=ADVANCED_FACE('',(#8796),#9322,.T.);
#9843=ADVANCED_FACE('',(#8797),#9323,.T.);
#9844=ADVANCED_FACE('',(#8798),#9324,.T.);
#9845=ADVANCED_FACE('',(#8799),#9325,.T.);
#9846=ADVANCED_FACE('',(#8800),#9326,.T.);
#9847=ADVANCED_FACE('',(#8801),#9327,.T.);
#9848=ADVANCED_FACE('',(#8802),#9328,.T.);
#9849=ADVANCED_FACE('',(#8803),#9329,.T.);
#9850=ADVANCED_FACE('',(#8804),#9330,.T.);
#9851=ADVANCED_FACE('',(#8805),#9331,.T.);
#9852=ADVANCED_FACE('',(#8806),#9332,.T.);
#9853=ADVANCED_FACE('',(#8807),#9333,.T.);
#9854=ADVANCED_FACE('',(#8808),#9334,.T.);
#9855=ADVANCED_FACE('',(#8809),#9335,.T.);
#9856=ADVANCED_FACE('',(#8810),#9336,.T.);
#9857=ADVANCED_FACE('',(#8811),#9337,.T.);
#9858=ADVANCED_FACE('',(#8812),#9338,.T.);
#9859=ADVANCED_FACE('',(#8813),#9339,.T.);
#9860=ADVANCED_FACE('',(#8814),#9340,.T.);
#9861=ADVANCED_FACE('',(#8815),#9341,.T.);
#9862=ADVANCED_FACE('',(#8816),#9342,.T.);
#9863=ADVANCED_FACE('',(#8817),#9343,.T.);
#9864=ADVANCED_FACE('',(#8818),#9344,.T.);
#9865=ADVANCED_FACE('',(#8819),#9345,.T.);
#9866=ADVANCED_FACE('',(#8820),#9346,.T.);
#9867=ADVANCED_FACE('',(#8821),#9347,.T.);
#9868=ADVANCED_FACE('',(#8822),#9348,.T.);
#9869=ADVANCED_FACE('',(#8823),#9349,.T.);
#9870=ADVANCED_FACE('',(#8824),#9350,.T.);
#9871=ADVANCED_FACE('',(#8825),#9351,.T.);
#9872=ADVANCED_FACE('',(#8826),#9352,.T.);
#9873=ADVANCED_FACE('',(#8827),#9353,.T.);
#9874=ADVANCED_FACE('',(#8828),#9354,.T.);
#9875=ADVANCED_FACE('',(#8829),#9355,.T.);
#9876=ADVANCED_FACE('',(#8830),#9356,.T.);
#9877=ADVANCED_FACE('',(#8831),#9357,.T.);
#9878=ADVANCED_FACE('',(#8832),#9358,.T.);
#9879=ADVANCED_FACE('',(#8833),#9359,.T.);
#9880=ADVANCED_FACE('',(#8834),#9360,.T.);
#9881=ADVANCED_FACE('',(#8835),#9361,.T.);
#9882=ADVANCED_FACE('',(#8836),#9362,.T.);
#9883=ADVANCED_FACE('',(#8837),#9363,.T.);
#9884=ADVANCED_FACE('',(#8838),#9364,.T.);
#9885=ADVANCED_FACE('',(#8839),#9365,.T.);
#9886=ADVANCED_FACE('',(#8840),#9366,.T.);
#9887=ADVANCED_FACE('',(#8841),#9367,.T.);
#9888=ADVANCED_FACE('',(#8842),#9368,.T.);
#9889=ADVANCED_FACE('',(#8843),#9369,.T.);
#9890=ADVANCED_FACE('',(#8844),#9370,.T.);
#9891=ADVANCED_FACE('',(#8845),#9371,.T.);
#9892=ADVANCED_FACE('',(#8846),#9372,.T.);
#9893=ADVANCED_FACE('',(#8847),#9373,.T.);
#9894=ADVANCED_FACE('',(#8848),#9374,.T.);
#9895=ADVANCED_FACE('',(#8849),#9375,.T.);
#9896=ADVANCED_FACE('',(#8850),#9376,.T.);
#9897=ADVANCED_FACE('',(#8851),#9377,.T.);
#9898=ADVANCED_FACE('',(#8852),#9378,.T.);
#9899=ADVANCED_FACE('',(#8853),#9379,.T.);
#9900=ADVANCED_FACE('',(#8854),#9380,.T.);
#9901=ADVANCED_FACE('',(#8855),#9381,.T.);
#9902=ADVANCED_FACE('',(#8856),#9382,.T.);
#9903=ADVANCED_FACE('',(#8857),#9383,.T.);
#9904=ADVANCED_FACE('',(#8858),#9384,.T.);
#9905=ADVANCED_FACE('',(#8859),#9385,.T.);
#9906=ADVANCED_FACE('',(#8860),#9386,.T.);
#9907=ADVANCED_FACE('',(#8861),#9387,.T.);
#9908=ADVANCED_FACE('',(#8862),#9388,.T.);
#9909=ADVANCED_FACE('',(#8863),#9389,.T.);
#9910=ADVANCED_FACE('',(#8864),#9390,.T.);
#9911=ADVANCED_FACE('',(#8865),#9391,.T.);
#9912=ADVANCED_FACE('',(#8866),#9392,.T.);
#9913=ADVANCED_FACE('',(#8867),#9393,.T.);
#9914=ADVANCED_FACE('',(#8868),#9394,.T.);
#9915=ADVANCED_FACE('',(#8869),#9395,.T.);
#9916=ADVANCED_FACE('',(#8870),#9396,.T.);
#9917=ADVANCED_FACE('',(#8871),#9397,.T.);
#9918=ADVANCED_FACE('',(#8872),#9398,.T.);
#9919=ADVANCED_FACE('',(#8873),#9399,.T.);
#9920=ADVANCED_FACE('',(#8874),#9400,.T.);
#9921=ADVANCED_FACE('',(#8875),#9401,.T.);
#9922=ADVANCED_FACE('',(#8876),#9402,.T.);
#9923=ADVANCED_FACE('',(#8877),#9403,.T.);
#9924=ADVANCED_FACE('',(#8878),#9404,.T.);
#9925=ADVANCED_FACE('',(#8879),#9405,.T.);
#9926=ADVANCED_FACE('',(#8880),#9406,.T.);
#9927=ADVANCED_FACE('',(#8881),#9407,.T.);
#9928=ADVANCED_FACE('',(#8882),#9408,.T.);
#9929=ADVANCED_FACE('',(#8883),#9409,.T.);
#9930=ADVANCED_FACE('',(#8884),#9410,.T.);
#9931=ADVANCED_FACE('',(#8885),#9411,.T.);
#9932=ADVANCED_FACE('',(#8886),#9412,.T.);
#9933=ADVANCED_FACE('',(#8887),#9413,.T.);
#9934=ADVANCED_FACE('',(#8888),#9414,.T.);
#9935=ADVANCED_FACE('',(#8889),#9415,.T.);
#9936=ADVANCED_FACE('',(#8890),#9416,.T.);
#9937=ADVANCED_FACE('',(#8891),#9417,.T.);
#9938=ADVANCED_FACE('',(#8892),#9418,.T.);
#9939=ADVANCED_FACE('',(#8893),#9419,.T.);
#9940=ADVANCED_FACE('',(#8894),#9420,.T.);
#9941=ADVANCED_FACE('',(#8895),#9421,.T.);
#9942=ADVANCED_FACE('',(#8896),#9422,.T.);
#9943=ADVANCED_FACE('',(#8897),#9423,.T.);
#9944=ADVANCED_FACE('',(#8898),#9424,.T.);
#9945=ADVANCED_FACE('',(#8899),#9425,.T.);
#9946=ADVANCED_FACE('',(#8900),#9426,.T.);
#9947=ADVANCED_FACE('',(#8901),#9427,.T.);
#9948=ADVANCED_FACE('',(#8902),#9428,.T.);
#9949=ADVANCED_FACE('',(#8903),#9429,.T.);
#9950=ADVANCED_FACE('',(#8904),#9430,.T.);
#9951=ADVANCED_FACE('',(#8905),#9431,.T.);
#9952=ADVANCED_FACE('',(#8906),#9432,.T.);
#9953=ADVANCED_FACE('',(#8907),#9433,.T.);
#9954=ADVANCED_FACE('',(#8908),#9434,.F.);
#9955=ADVANCED_FACE('',(#8909),#9435,.F.);
#9956=ADVANCED_FACE('',(#8910),#9436,.F.);
#9957=ADVANCED_FACE('',(#8911),#9437,.F.);
#9958=ADVANCED_FACE('',(#8912),#9438,.F.);
#9959=ADVANCED_FACE('',(#8913),#9439,.F.);
#9960=ADVANCED_FACE('',(#8914),#9440,.F.);
#9961=ADVANCED_FACE('',(#8915),#9441,.F.);
#9962=ADVANCED_FACE('',(#8916),#9442,.F.);
#9963=ADVANCED_FACE('',(#8917),#9443,.F.);
#9964=ADVANCED_FACE('',(#8918),#9444,.F.);
#9965=ADVANCED_FACE('',(#8919),#9445,.F.);
#9966=ADVANCED_FACE('',(#8920),#9446,.F.);
#9967=ADVANCED_FACE('',(#8921),#9447,.F.);
#9968=ADVANCED_FACE('',(#8922),#9448,.F.);
#9969=ADVANCED_FACE('',(#8923),#9449,.F.);
#9970=ADVANCED_FACE('',(#8924),#9450,.F.);
#9971=ADVANCED_FACE('',(#8925),#9451,.F.);
#9972=ADVANCED_FACE('',(#8926),#9452,.F.);
#9973=ADVANCED_FACE('',(#8927),#9453,.F.);
#9974=ADVANCED_FACE('',(#8928),#9454,.F.);
#9975=ADVANCED_FACE('',(#8929),#9455,.F.);
#9976=ADVANCED_FACE('',(#8930),#9456,.F.);
#9977=ADVANCED_FACE('',(#8931),#9457,.F.);
#9978=ADVANCED_FACE('',(#8932),#9458,.F.);
#9979=ADVANCED_FACE('',(#8933),#9459,.F.);
#9980=ADVANCED_FACE('',(#8934),#9460,.F.);
#9981=ADVANCED_FACE('',(#8935),#9461,.F.);
#9982=ADVANCED_FACE('',(#8936),#9462,.F.);
#9983=ADVANCED_FACE('',(#8937),#9463,.F.);
#9984=ADVANCED_FACE('',(#8938),#9464,.F.);
#9985=ADVANCED_FACE('',(#8939),#9465,.F.);
#9986=ADVANCED_FACE('',(#8940),#9466,.F.);
#9987=ADVANCED_FACE('',(#8941),#9467,.F.);
#9988=ADVANCED_FACE('',(#8942),#9468,.F.);
#9989=ADVANCED_FACE('',(#8943),#9469,.F.);
#9990=ADVANCED_FACE('',(#8944),#9470,.F.);
#9991=ADVANCED_FACE('',(#8945),#9471,.F.);
#9992=ADVANCED_FACE('',(#8946),#9472,.F.);
#9993=ADVANCED_FACE('',(#8947),#9473,.F.);
#9994=ADVANCED_FACE('',(#8948),#9474,.F.);
#9995=ADVANCED_FACE('',(#8949),#9475,.F.);
#9996=ADVANCED_FACE('',(#8950),#9476,.F.);
#9997=ADVANCED_FACE('',(#8951),#9477,.F.);
#9998=ADVANCED_FACE('',(#8952),#9478,.F.);
#9999=ADVANCED_FACE('',(#8953),#9479,.F.);
#10000=ADVANCED_FACE('',(#8954),#9480,.F.);
#10001=ADVANCED_FACE('',(#8955),#9481,.F.);
#10002=ADVANCED_FACE('',(#8956),#9482,.F.);
#10003=ADVANCED_FACE('',(#8957),#9483,.F.);
#10004=ADVANCED_FACE('',(#8958),#9484,.F.);
#10005=ADVANCED_FACE('',(#8959),#9485,.F.);
#10006=ADVANCED_FACE('',(#8960),#9486,.F.);
#10007=ADVANCED_FACE('',(#8961),#9487,.F.);
#10008=ADVANCED_FACE('',(#8962),#9488,.F.);
#10009=ADVANCED_FACE('',(#8963),#9489,.F.);
#10010=ADVANCED_FACE('',(#8964),#9490,.F.);
#10011=ADVANCED_FACE('',(#8965),#9491,.F.);
#10012=ADVANCED_FACE('',(#8966),#9492,.F.);
#10013=ADVANCED_FACE('',(#8967),#9493,.F.);
#10014=ADVANCED_FACE('',(#8968),#9494,.F.);
#10015=ADVANCED_FACE('',(#8969),#9495,.F.);
#10016=ADVANCED_FACE('',(#8970),#9496,.F.);
#10017=ADVANCED_FACE('',(#8971),#9497,.F.);
#10018=ADVANCED_FACE('',(#8972),#9498,.F.);
#10019=ADVANCED_FACE('',(#8973),#9499,.F.);
#10020=ADVANCED_FACE('',(#8974),#9500,.F.);
#10021=ADVANCED_FACE('',(#8975),#9501,.F.);
#10022=ADVANCED_FACE('',(#8976),#9502,.F.);
#10023=ADVANCED_FACE('',(#8977),#9503,.F.);
#10024=ADVANCED_FACE('',(#8978),#9504,.F.);
#10025=ADVANCED_FACE('',(#8979),#9505,.F.);
#10026=ADVANCED_FACE('',(#8980),#9506,.F.);
#10027=ADVANCED_FACE('',(#8981),#9507,.F.);
#10028=ADVANCED_FACE('',(#8982),#9508,.F.);
#10029=ADVANCED_FACE('',(#8983),#9509,.F.);
#10030=ADVANCED_FACE('',(#8984),#9510,.F.);
#10031=ADVANCED_FACE('',(#8985),#9511,.F.);
#10032=ADVANCED_FACE('',(#8986),#9512,.F.);
#10033=ADVANCED_FACE('',(#8987),#9513,.F.);
#10034=ADVANCED_FACE('',(#8988),#9514,.F.);
#10035=ADVANCED_FACE('',(#8989),#9515,.F.);
#10036=ADVANCED_FACE('',(#8990),#9516,.F.);
#10037=ADVANCED_FACE('',(#8991),#9517,.F.);
#10038=ADVANCED_FACE('',(#8992),#9518,.F.);
#10039=ADVANCED_FACE('',(#8993),#9519,.F.);
#10040=ADVANCED_FACE('',(#8994),#9520,.F.);
#10041=ADVANCED_FACE('',(#8995),#9521,.F.);
#10042=ADVANCED_FACE('',(#8996),#9522,.F.);
#10043=ADVANCED_FACE('',(#8997),#9523,.F.);
#10044=ADVANCED_FACE('',(#8998),#9524,.F.);
#10045=ADVANCED_FACE('',(#8999),#9525,.F.);
#10046=ADVANCED_FACE('',(#9000),#9526,.F.);
#10047=ADVANCED_FACE('',(#9001),#9527,.F.);
#10048=ADVANCED_FACE('',(#9002),#9528,.F.);
#10049=ADVANCED_FACE('',(#9003),#9529,.F.);
#10050=ADVANCED_FACE('',(#9004),#9530,.F.);
#10051=ADVANCED_FACE('',(#9005),#9531,.F.);
#10052=ADVANCED_FACE('',(#9006),#9532,.F.);
#10053=ADVANCED_FACE('',(#9007),#9533,.F.);
#10054=ADVANCED_FACE('',(#9008),#9534,.T.);
#10055=ADVANCED_FACE('',(#9009),#9535,.T.);
#10056=ADVANCED_FACE('',(#9010),#9536,.T.);
#10057=ADVANCED_FACE('',(#9011),#9537,.T.);
#10058=ADVANCED_FACE('',(#9012),#9538,.T.);
#10059=ADVANCED_FACE('',(#9013),#9539,.T.);
#10060=ADVANCED_FACE('',(#9014),#9540,.T.);
#10061=ADVANCED_FACE('',(#9015),#9541,.T.);
#10062=ADVANCED_FACE('',(#9016),#9542,.T.);
#10063=ADVANCED_FACE('',(#9017),#9543,.T.);
#10064=ADVANCED_FACE('',(#9018),#9544,.T.);
#10065=ADVANCED_FACE('',(#9019),#9545,.T.);
#10066=ADVANCED_FACE('',(#9020),#9546,.T.);
#10067=ADVANCED_FACE('',(#9021),#9547,.T.);
#10068=ADVANCED_FACE('',(#9022),#9548,.T.);
#10069=ADVANCED_FACE('',(#9023),#9549,.T.);
#10070=ADVANCED_FACE('',(#9024),#9550,.T.);
#10071=ADVANCED_FACE('',(#9025),#9551,.T.);
#10072=ADVANCED_FACE('',(#9026),#9552,.T.);
#10073=ADVANCED_FACE('',(#9027),#9553,.T.);
#10074=ADVANCED_FACE('',(#9028),#9554,.T.);
#10075=ADVANCED_FACE('',(#9029),#9555,.T.);
#10076=ADVANCED_FACE('',(#9030),#9556,.T.);
#10077=ADVANCED_FACE('',(#9031),#9557,.T.);
#10078=ADVANCED_FACE('',(#9032),#9558,.T.);
#10079=ADVANCED_FACE('',(#9033),#9559,.T.);
#10080=ADVANCED_FACE('',(#9034),#9560,.T.);
#10081=ADVANCED_FACE('',(#9035),#9561,.T.);
#10082=ADVANCED_FACE('',(#9036),#9562,.T.);
#10083=ADVANCED_FACE('',(#9037),#9563,.T.);
#10084=ADVANCED_FACE('',(#9038),#9564,.T.);
#10085=ADVANCED_FACE('',(#9039),#9565,.T.);
#10086=ADVANCED_FACE('',(#9040),#9566,.T.);
#10087=ADVANCED_FACE('',(#9041),#9567,.T.);
#10088=ADVANCED_FACE('',(#9042),#9568,.T.);
#10089=ADVANCED_FACE('',(#9043),#9569,.T.);
#10090=ADVANCED_FACE('',(#9044),#9570,.T.);
#10091=ADVANCED_FACE('',(#9045),#9571,.T.);
#10092=ADVANCED_FACE('',(#9046),#9572,.T.);
#10093=ADVANCED_FACE('',(#9047),#9573,.T.);
#10094=ADVANCED_FACE('',(#9048),#9574,.T.);
#10095=ADVANCED_FACE('',(#9049),#9575,.T.);
#10096=ADVANCED_FACE('',(#9050),#9576,.T.);
#10097=ADVANCED_FACE('',(#9051),#9577,.T.);
#10098=ADVANCED_FACE('',(#9052),#9578,.T.);
#10099=ADVANCED_FACE('',(#9053),#9579,.T.);
#10100=ADVANCED_FACE('',(#9054),#9580,.T.);
#10101=ADVANCED_FACE('',(#9055),#9581,.T.);
#10102=ADVANCED_FACE('',(#9056),#9582,.T.);
#10103=ADVANCED_FACE('',(#9057),#9583,.T.);
#10104=ADVANCED_FACE('',(#9058),#9584,.T.);
#10105=ADVANCED_FACE('',(#9059),#9585,.T.);
#10106=ADVANCED_FACE('',(#9060),#9586,.T.);
#10107=ADVANCED_FACE('',(#9061),#9587,.T.);
#10108=ADVANCED_FACE('',(#9062),#9588,.T.);
#10109=ADVANCED_FACE('',(#9063),#9589,.T.);
#10110=ADVANCED_FACE('',(#9064),#9590,.T.);
#10111=ADVANCED_FACE('',(#9065),#9591,.T.);
#10112=ADVANCED_FACE('',(#9066),#9592,.T.);
#10113=ADVANCED_FACE('',(#9067),#9593,.T.);
#10114=ADVANCED_FACE('',(#9068),#9594,.T.);
#10115=ADVANCED_FACE('',(#9069),#9595,.T.);
#10116=ADVANCED_FACE('',(#9070),#9596,.T.);
#10117=ADVANCED_FACE('',(#9071),#9597,.T.);
#10118=ADVANCED_FACE('',(#9072),#9598,.T.);
#10119=ADVANCED_FACE('',(#9073),#9599,.T.);
#10120=ADVANCED_FACE('',(#9074),#9600,.T.);
#10121=ADVANCED_FACE('',(#9075),#9601,.T.);
#10122=ADVANCED_FACE('',(#9076),#9602,.T.);
#10123=ADVANCED_FACE('',(#9077),#9603,.T.);
#10124=ADVANCED_FACE('',(#9078),#9604,.T.);
#10125=ADVANCED_FACE('',(#9079),#9605,.T.);
#10126=ADVANCED_FACE('',(#9080),#9606,.T.);
#10127=ADVANCED_FACE('',(#9081),#9607,.T.);
#10128=ADVANCED_FACE('',(#9082),#9608,.T.);
#10129=ADVANCED_FACE('',(#9083),#9609,.T.);
#10130=ADVANCED_FACE('',(#9084),#9610,.T.);
#10131=ADVANCED_FACE('',(#9085),#9611,.T.);
#10132=ADVANCED_FACE('',(#9086),#9612,.T.);
#10133=ADVANCED_FACE('',(#9087),#9613,.T.);
#10134=ADVANCED_FACE('',(#9088),#9614,.T.);
#10135=ADVANCED_FACE('',(#9089),#9615,.T.);
#10136=ADVANCED_FACE('',(#9090),#9616,.T.);
#10137=ADVANCED_FACE('',(#9091),#9617,.T.);
#10138=ADVANCED_FACE('',(#9092),#9618,.T.);
#10139=ADVANCED_FACE('',(#9093),#9619,.T.);
#10140=ADVANCED_FACE('',(#9094),#9620,.T.);
#10141=ADVANCED_FACE('',(#9095),#9621,.T.);
#10142=ADVANCED_FACE('',(#9096),#9622,.T.);
#10143=ADVANCED_FACE('',(#9097),#9623,.T.);
#10144=ADVANCED_FACE('',(#9098),#9624,.T.);
#10145=ADVANCED_FACE('',(#9099),#9625,.T.);
#10146=ADVANCED_FACE('',(#9100),#9626,.T.);
#10147=ADVANCED_FACE('',(#9101),#9627,.T.);
#10148=ADVANCED_FACE('',(#9102),#9628,.T.);
#10149=ADVANCED_FACE('',(#9103),#9629,.T.);
#10150=ADVANCED_FACE('',(#9104),#9630,.T.);
#10151=ADVANCED_FACE('',(#9105),#9631,.T.);
#10152=ADVANCED_FACE('',(#9106),#9632,.T.);
#10153=ADVANCED_FACE('',(#9107),#9633,.T.);
#10154=ADVANCED_FACE('',(#9108),#9634,.T.);
#10155=ADVANCED_FACE('',(#9109),#9635,.T.);
#10156=ADVANCED_FACE('',(#9110),#9636,.T.);
#10157=ADVANCED_FACE('',(#9111),#9637,.T.);
#10158=ADVANCED_FACE('',(#9112),#9638,.T.);
#10159=ADVANCED_FACE('',(#9113),#9639,.T.);
#10160=ADVANCED_FACE('',(#9114),#9640,.T.);
#10161=ADVANCED_FACE('',(#9115),#9641,.T.);
#10162=ADVANCED_FACE('',(#9116),#9642,.T.);
#10163=ADVANCED_FACE('',(#9117),#9643,.T.);
#10164=ADVANCED_FACE('',(#9118),#9644,.T.);
#10165=ADVANCED_FACE('',(#9119),#9645,.T.);
#10166=ADVANCED_FACE('',(#9120),#9646,.T.);
#10167=ADVANCED_FACE('',(#9121),#9647,.T.);
#10168=ADVANCED_FACE('',(#9122),#9648,.T.);
#10169=ADVANCED_FACE('',(#9123),#9649,.T.);
#10170=ADVANCED_FACE('',(#9124),#9650,.T.);
#10171=ADVANCED_FACE('',(#9125),#9651,.T.);
#10172=ADVANCED_FACE('',(#9126),#9652,.T.);
#10173=ADVANCED_FACE('',(#9127),#9653,.T.);
#10174=ADVANCED_FACE('',(#9128),#9654,.T.);
#10175=ADVANCED_FACE('',(#9129),#9655,.T.);
#10176=ADVANCED_FACE('',(#9130),#9656,.T.);
#10177=ADVANCED_FACE('',(#9131),#9657,.T.);
#10178=ADVANCED_FACE('',(#9132),#9658,.T.);
#10179=ADVANCED_FACE('',(#9133),#9659,.T.);
#10180=ADVANCED_FACE('',(#9134),#9660,.T.);
#10181=ADVANCED_FACE('',(#9135),#9661,.T.);
#10182=ADVANCED_FACE('',(#9136),#9662,.T.);
#10183=ADVANCED_FACE('',(#9137),#9663,.T.);
#10184=ADVANCED_FACE('',(#9138),#9664,.T.);
#10185=ADVANCED_FACE('',(#9139),#9665,.T.);
#10186=ADVANCED_FACE('',(#9140),#9666,.T.);
#10187=ADVANCED_FACE('',(#9141),#9667,.F.);
#10188=ADVANCED_FACE('',(#9142),#9668,.F.);
#10189=ADVANCED_FACE('',(#9143),#9669,.F.);
#10190=ADVANCED_FACE('',(#9144),#9670,.T.);
#10191=ADVANCED_FACE('',(#9145),#9671,.T.);
#10192=ADVANCED_FACE('',(#9146),#9672,.F.);
#10193=ADVANCED_FACE('',(#9147,#9148,#9149,#9150,#9151,#9152,#9153,#9154,
#9155),#9673,.T.);
#10194=ADVANCED_FACE('Face appearance 8',(#9156),#9674,.F.);
#10195=ADVANCED_FACE('Face appearance 8',(#9157),#9675,.F.);
#10196=ADVANCED_FACE('Face appearance 8',(#9158),#9676,.F.);
#10197=ADVANCED_FACE('Face appearance 8',(#9159,#9160,#9161),#9677,.F.);
#10198=ADVANCED_FACE('Face appearance 8',(#9162),#9678,.F.);
#10199=ADVANCED_FACE('Face appearance 8',(#9163),#9679,.F.);
#10200=ADVANCED_FACE('Face appearance 8',(#9164),#9680,.F.);
#10201=ADVANCED_FACE('',(#9165),#9681,.F.);
#10202=ADVANCED_FACE('',(#9166),#9682,.F.);
#10203=ADVANCED_FACE('',(#9167),#9683,.F.);
#10204=ADVANCED_FACE('',(#9168),#9684,.F.);
#10205=ADVANCED_FACE('',(#9169),#9685,.F.);
#10206=ADVANCED_FACE('',(#9170),#9686,.F.);
#10207=ADVANCED_FACE('',(#9171),#9687,.F.);
#10208=ADVANCED_FACE('',(#9172),#9688,.F.);
#10209=ADVANCED_FACE('',(#9173),#9689,.F.);
#10210=ADVANCED_FACE('',(#9174),#9690,.F.);
#10211=ADVANCED_FACE('',(#9175),#9691,.T.);
#10212=ADVANCED_FACE('',(#9176),#9692,.F.);
#10213=ADVANCED_FACE('',(#9177),#9693,.F.);
#10214=ADVANCED_FACE('',(#9178),#9694,.F.);
#10215=ADVANCED_FACE('',(#9179),#9695,.F.);
#10216=ADVANCED_FACE('',(#9180),#9696,.F.);
#10217=ADVANCED_FACE('',(#9181),#9697,.F.);
#10218=ADVANCED_FACE('',(#9182),#9698,.F.);
#10219=ADVANCED_FACE('',(#9183),#9699,.F.);
#10220=ADVANCED_FACE('',(#9184),#9700,.F.);
#10221=ADVANCED_FACE('',(#9185),#9701,.F.);
#10222=ADVANCED_FACE('',(#9186),#9702,.F.);
#10223=ADVANCED_FACE('',(#9187),#9703,.F.);
#10224=ADVANCED_FACE('',(#9188),#9704,.F.);
#10225=ADVANCED_FACE('',(#9189),#9705,.F.);
#10226=ADVANCED_FACE('',(#9190),#9706,.T.);
#10227=ADVANCED_FACE('Face appearance 8',(#9191,#9192),#9707,.F.);
#10228=ADVANCED_FACE('',(#9193),#9708,.F.);
#10229=ADVANCED_FACE('',(#9194),#9709,.F.);
#10230=ADVANCED_FACE('',(#9195),#9710,.F.);
#10231=ADVANCED_FACE('',(#9196),#9711,.F.);
#10232=ADVANCED_FACE('',(#9197),#9712,.F.);
#10233=ADVANCED_FACE('',(#9198),#9713,.F.);
#10234=ADVANCED_FACE('',(#9199),#9714,.F.);
#10235=ADVANCED_FACE('',(#9200),#9715,.T.);
#10236=ADVANCED_FACE('',(#9201),#15,.T.);
#10237=ADVANCED_FACE('',(#9202),#9716,.T.);
#10238=ADVANCED_FACE('',(#9203),#9717,.F.);
#10239=ADVANCED_FACE('',(#9204,#9205),#9718,.F.);
#10240=ADVANCED_FACE('',(#9206),#9719,.F.);
#10241=ADVANCED_FACE('',(#9207),#9720,.T.);
#10242=ADVANCED_FACE('',(#9208),#9721,.F.);
#10243=ADVANCED_FACE('',(#9209),#9722,.T.);
#10244=ADVANCED_FACE('',(#9210,#9211),#16,.F.);
#10245=ADVANCED_FACE('',(#9212,#9213),#9723,.F.);
#10246=ADVANCED_FACE('',(#9214,#9215),#17,.F.);
#10247=ADVANCED_FACE('',(#9216,#9217),#9724,.F.);
#10248=ADVANCED_FACE('',(#9218,#9219),#18,.F.);
#10249=ADVANCED_FACE('',(#9220,#9221),#9725,.F.);
#10250=ADVANCED_FACE('',(#9222,#9223),#19,.F.);
#10251=ADVANCED_FACE('',(#9224,#9225),#9726,.F.);
#10252=ADVANCED_FACE('',(#9226,#9227),#20,.F.);
#10253=ADVANCED_FACE('',(#9228,#9229),#21,.F.);
#10254=ADVANCED_FACE('',(#9230,#9231),#22,.F.);
#10255=ADVANCED_FACE('',(#9232,#9233),#23,.F.);
#10256=ADVANCED_FACE('',(#9234),#24,.T.);
#10257=ADVANCED_FACE('',(#9235),#25,.F.);
#10258=ADVANCED_FACE('',(#9236),#26,.T.);
#10259=ADVANCED_FACE('Face appearance 24',(#9237),#27,.T.);
#10260=ADVANCED_FACE('Face appearance 24',(#9238),#28,.T.);
#10261=ADVANCED_FACE('Face appearance 24',(#9239),#29,.T.);
#10262=ADVANCED_FACE('Face appearance 24',(#9240),#30,.T.);
#10263=CLOSED_SHELL('',(#9758,#9759,#9760,#9761,#9762,#9763,#9764,#9765,
#9766,#9767,#9768,#9769,#9770,#9771,#9772,#9773,#9774,#9775,#9776,#9777,
#9778,#9779,#9780,#9781,#9782,#9783,#9784,#9785,#9786,#9787,#9788,#9789,
#9790,#9791,#9792,#9793,#9794,#9795,#9796,#9797,#9798,#9799,#9800,#9801,
#9802,#9803,#9804,#9805,#9806,#9807,#9808,#9809,#9810,#9811,#9812,#9813,
#9814,#9815,#9816,#9817,#9818,#9819,#9820,#9821,#9822,#9823,#9824,#9825,
#9826,#9827,#9828,#9829,#9830,#9831,#9832,#9833,#9834,#9835,#9836,#9837,
#9838,#9839,#9840,#9841,#9842,#9843,#9844,#9845,#9846,#9847,#9848,#9849,
#9850,#9851,#9852,#9853,#9854,#9855,#9856,#9857,#9858,#9859,#9860,#9861,
#9862,#9863,#9864,#9865,#9866,#9867,#9868,#9869,#9870,#9871,#9872,#9873,
#9874,#9875,#9876,#9877,#9878,#9879,#9880,#9881,#9882,#9883,#9884,#9885,
#9886,#9887,#9888,#9889,#9890,#9891,#9892,#9893,#9894,#9895,#9896,#9897,
#9898,#9899,#9900,#9901,#9902,#9903,#9904,#9905,#9906,#9907,#9908,#9909,
#9910,#9911,#9912,#9913,#9914,#9915,#9916,#9917,#9918,#9919,#9920,#9921,
#9922,#9923,#9924,#9925,#9926,#9927,#9928,#9929,#9930,#9931,#9932,#9933,
#9934,#9935,#9936,#9937,#9938,#9939,#9940,#9941,#9942,#9943,#9944,#9945,
#9946,#9947,#9948,#9949,#9950,#9951,#9952,#9953,#9954,#9955,#9956,#9957,
#9958,#9959,#9960,#9961,#9962,#9963,#9964,#9965,#9966,#9967,#9968,#9969,
#9970,#9971,#9972,#9973,#9974,#9975,#9976,#9977,#9978,#9979,#9980,#9981,
#9982,#9983,#9984,#9985,#9986,#9987,#9988,#9989,#9990,#9991,#9992,#9993,
#9994,#9995,#9996,#9997,#9998,#9999,#10000,#10001,#10002,#10003,#10004,
#10005,#10006,#10007,#10008,#10009,#10010,#10011,#10012,#10013,#10014,#10015,
#10016,#10017,#10018,#10019,#10020,#10021,#10022,#10023,#10024,#10025,#10026,
#10027,#10028,#10029,#10030,#10031,#10032,#10033,#10034,#10035,#10036,#10037,
#10038,#10039,#10040,#10041,#10042,#10043,#10044,#10045,#10046,#10047,#10048,
#10049,#10050,#10051,#10052,#10053,#10054,#10055,#10056,#10057,#10058,#10059,
#10060,#10061,#10062,#10063,#10064,#10065,#10066,#10067,#10068,#10069,#10070,
#10071,#10072,#10073,#10074,#10075,#10076,#10077,#10078,#10079,#10080,#10081,
#10082,#10083,#10084,#10085,#10086,#10087,#10088,#10089,#10090,#10091,#10092,
#10093,#10094,#10095,#10096,#10097,#10098,#10099,#10100,#10101,#10102,#10103,
#10104,#10105,#10106,#10107,#10108,#10109,#10110,#10111,#10112,#10113,#10114,
#10115,#10116,#10117,#10118,#10119,#10120,#10121,#10122,#10123,#10124,#10125,
#10126,#10127,#10128,#10129,#10130,#10131,#10132,#10133,#10134,#10135,#10136,
#10137,#10138,#10139,#10140,#10141,#10142,#10143,#10144,#10145,#10146,#10147,
#10148,#10149,#10150,#10151,#10152,#10153,#10154,#10155,#10156,#10157,#10158,
#10159,#10160,#10161,#10162,#10163,#10164,#10165,#10166,#10167,#10168,#10169,
#10170,#10171,#10172,#10173,#10174,#10175,#10176,#10177,#10178,#10179,#10180,
#10181,#10182,#10183,#10184,#10185,#10186,#10187,#10188,#10189,#10190,#10191,
#10192,#10193,#10194,#10195,#10196,#10197,#10198,#10199,#10200,#10201,#10202,
#10203,#10204,#10205,#10206,#10207,#10208,#10209,#10210,#10211,#10212,#10213,
#10214,#10215,#10216,#10217,#10218,#10219,#10220,#10221,#10222,#10223,#10224,
#10225,#10226,#10227,#10228,#10229,#10230,#10231,#10232,#10233,#10234,#10235,
#10236,#10237,#10238,#10239,#10240,#10241,#10242,#10243,#10244,#10245,#10246,
#10247,#10248,#10249,#10250,#10251,#10252,#10253,#10254,#10255,#10256,#10257,
#10258,#10259,#10260,#10261,#10262));
#10264=STYLED_ITEM('',(#10265),#10452);
#10265=PRESENTATION_STYLE_ASSIGNMENT((#10296));
#10266=PRESENTATION_STYLE_ASSIGNMENT((#10297));
#10267=PRESENTATION_STYLE_ASSIGNMENT((#10298));
#10268=PRESENTATION_STYLE_ASSIGNMENT((#10299));
#10269=PRESENTATION_STYLE_ASSIGNMENT((#10300));
#10270=PRESENTATION_STYLE_ASSIGNMENT((#10301));
#10271=PRESENTATION_STYLE_ASSIGNMENT((#10302));
#10272=PRESENTATION_STYLE_ASSIGNMENT((#10303));
#10273=PRESENTATION_STYLE_ASSIGNMENT((#10304));
#10274=PRESENTATION_STYLE_ASSIGNMENT((#10305));
#10275=PRESENTATION_STYLE_ASSIGNMENT((#10306));
#10276=PRESENTATION_STYLE_ASSIGNMENT((#10307));
#10277=PRESENTATION_STYLE_ASSIGNMENT((#10308));
#10278=PRESENTATION_STYLE_ASSIGNMENT((#10309));
#10279=PRESENTATION_STYLE_ASSIGNMENT((#10310));
#10280=PRESENTATION_STYLE_ASSIGNMENT((#10311));
#10281=PRESENTATION_STYLE_ASSIGNMENT((#10312));
#10282=PRESENTATION_STYLE_ASSIGNMENT((#10313));
#10283=PRESENTATION_STYLE_ASSIGNMENT((#10314));
#10284=PRESENTATION_STYLE_ASSIGNMENT((#10315));
#10285=PRESENTATION_STYLE_ASSIGNMENT((#10316));
#10286=PRESENTATION_STYLE_ASSIGNMENT((#10317));
#10287=PRESENTATION_STYLE_ASSIGNMENT((#10318));
#10288=PRESENTATION_STYLE_ASSIGNMENT((#10319));
#10289=PRESENTATION_STYLE_ASSIGNMENT((#10320));
#10290=PRESENTATION_STYLE_ASSIGNMENT((#10321));
#10291=PRESENTATION_STYLE_ASSIGNMENT((#10322));
#10292=PRESENTATION_STYLE_ASSIGNMENT((#10323));
#10293=PRESENTATION_STYLE_ASSIGNMENT((#10324));
#10294=PRESENTATION_STYLE_ASSIGNMENT((#10325));
#10295=PRESENTATION_STYLE_ASSIGNMENT((#10326));
#10296=SURFACE_STYLE_USAGE(.BOTH.,#10327);
#10297=SURFACE_STYLE_USAGE(.BOTH.,#10328);
#10298=SURFACE_STYLE_USAGE(.BOTH.,#10329);
#10299=SURFACE_STYLE_USAGE(.BOTH.,#10330);
#10300=SURFACE_STYLE_USAGE(.BOTH.,#10331);
#10301=SURFACE_STYLE_USAGE(.BOTH.,#10332);
#10302=SURFACE_STYLE_USAGE(.BOTH.,#10333);
#10303=SURFACE_STYLE_USAGE(.BOTH.,#10334);
#10304=SURFACE_STYLE_USAGE(.BOTH.,#10335);
#10305=SURFACE_STYLE_USAGE(.BOTH.,#10336);
#10306=SURFACE_STYLE_USAGE(.BOTH.,#10337);
#10307=SURFACE_STYLE_USAGE(.BOTH.,#10338);
#10308=SURFACE_STYLE_USAGE(.BOTH.,#10339);
#10309=SURFACE_STYLE_USAGE(.BOTH.,#10340);
#10310=SURFACE_STYLE_USAGE(.BOTH.,#10341);
#10311=SURFACE_STYLE_USAGE(.BOTH.,#10342);
#10312=SURFACE_STYLE_USAGE(.BOTH.,#10343);
#10313=SURFACE_STYLE_USAGE(.BOTH.,#10344);
#10314=SURFACE_STYLE_USAGE(.BOTH.,#10345);
#10315=SURFACE_STYLE_USAGE(.BOTH.,#10346);
#10316=SURFACE_STYLE_USAGE(.BOTH.,#10347);
#10317=SURFACE_STYLE_USAGE(.BOTH.,#10348);
#10318=SURFACE_STYLE_USAGE(.BOTH.,#10349);
#10319=SURFACE_STYLE_USAGE(.BOTH.,#10350);
#10320=SURFACE_STYLE_USAGE(.BOTH.,#10351);
#10321=SURFACE_STYLE_USAGE(.BOTH.,#10352);
#10322=SURFACE_STYLE_USAGE(.BOTH.,#10353);
#10323=SURFACE_STYLE_USAGE(.BOTH.,#10354);
#10324=SURFACE_STYLE_USAGE(.BOTH.,#10355);
#10325=SURFACE_STYLE_USAGE(.BOTH.,#10356);
#10326=SURFACE_STYLE_USAGE(.BOTH.,#10357);
#10327=SURFACE_SIDE_STYLE('',(#10358));
#10328=SURFACE_SIDE_STYLE('',(#10359));
#10329=SURFACE_SIDE_STYLE('',(#10360));
#10330=SURFACE_SIDE_STYLE('',(#10361));
#10331=SURFACE_SIDE_STYLE('',(#10362));
#10332=SURFACE_SIDE_STYLE('',(#10363));
#10333=SURFACE_SIDE_STYLE('',(#10364));
#10334=SURFACE_SIDE_STYLE('',(#10365));
#10335=SURFACE_SIDE_STYLE('',(#10366));
#10336=SURFACE_SIDE_STYLE('',(#10367));
#10337=SURFACE_SIDE_STYLE('',(#10368));
#10338=SURFACE_SIDE_STYLE('',(#10369));
#10339=SURFACE_SIDE_STYLE('',(#10370));
#10340=SURFACE_SIDE_STYLE('',(#10371));
#10341=SURFACE_SIDE_STYLE('',(#10372));
#10342=SURFACE_SIDE_STYLE('',(#10373));
#10343=SURFACE_SIDE_STYLE('',(#10374));
#10344=SURFACE_SIDE_STYLE('',(#10375));
#10345=SURFACE_SIDE_STYLE('',(#10376));
#10346=SURFACE_SIDE_STYLE('',(#10377));
#10347=SURFACE_SIDE_STYLE('',(#10378));
#10348=SURFACE_SIDE_STYLE('',(#10379));
#10349=SURFACE_SIDE_STYLE('',(#10380));
#10350=SURFACE_SIDE_STYLE('',(#10381));
#10351=SURFACE_SIDE_STYLE('',(#10382));
#10352=SURFACE_SIDE_STYLE('',(#10383));
#10353=SURFACE_SIDE_STYLE('',(#10384));
#10354=SURFACE_SIDE_STYLE('',(#10385));
#10355=SURFACE_SIDE_STYLE('',(#10386));
#10356=SURFACE_SIDE_STYLE('',(#10387));
#10357=SURFACE_SIDE_STYLE('',(#10388));
#10358=SURFACE_STYLE_FILL_AREA(#10389);
#10359=SURFACE_STYLE_FILL_AREA(#10390);
#10360=SURFACE_STYLE_FILL_AREA(#10391);
#10361=SURFACE_STYLE_FILL_AREA(#10392);
#10362=SURFACE_STYLE_FILL_AREA(#10393);
#10363=SURFACE_STYLE_FILL_AREA(#10394);
#10364=SURFACE_STYLE_FILL_AREA(#10395);
#10365=SURFACE_STYLE_FILL_AREA(#10396);
#10366=SURFACE_STYLE_FILL_AREA(#10397);
#10367=SURFACE_STYLE_FILL_AREA(#10398);
#10368=SURFACE_STYLE_FILL_AREA(#10399);
#10369=SURFACE_STYLE_FILL_AREA(#10400);
#10370=SURFACE_STYLE_FILL_AREA(#10401);
#10371=SURFACE_STYLE_FILL_AREA(#10402);
#10372=SURFACE_STYLE_FILL_AREA(#10403);
#10373=SURFACE_STYLE_FILL_AREA(#10404);
#10374=SURFACE_STYLE_FILL_AREA(#10405);
#10375=SURFACE_STYLE_FILL_AREA(#10406);
#10376=SURFACE_STYLE_FILL_AREA(#10407);
#10377=SURFACE_STYLE_FILL_AREA(#10408);
#10378=SURFACE_STYLE_FILL_AREA(#10409);
#10379=SURFACE_STYLE_FILL_AREA(#10410);
#10380=SURFACE_STYLE_FILL_AREA(#10411);
#10381=SURFACE_STYLE_FILL_AREA(#10412);
#10382=SURFACE_STYLE_FILL_AREA(#10413);
#10383=SURFACE_STYLE_FILL_AREA(#10414);
#10384=SURFACE_STYLE_FILL_AREA(#10415);
#10385=SURFACE_STYLE_FILL_AREA(#10416);
#10386=SURFACE_STYLE_FILL_AREA(#10417);
#10387=SURFACE_STYLE_FILL_AREA(#10418);
#10388=SURFACE_STYLE_FILL_AREA(#10419);
#10389=FILL_AREA_STYLE('',(#10420));
#10390=FILL_AREA_STYLE('',(#10421));
#10391=FILL_AREA_STYLE('',(#10422));
#10392=FILL_AREA_STYLE('',(#10423));
#10393=FILL_AREA_STYLE('',(#10424));
#10394=FILL_AREA_STYLE('',(#10425));
#10395=FILL_AREA_STYLE('',(#10426));
#10396=FILL_AREA_STYLE('',(#10427));
#10397=FILL_AREA_STYLE('',(#10428));
#10398=FILL_AREA_STYLE('',(#10429));
#10399=FILL_AREA_STYLE('',(#10430));
#10400=FILL_AREA_STYLE('',(#10431));
#10401=FILL_AREA_STYLE('',(#10432));
#10402=FILL_AREA_STYLE('',(#10433));
#10403=FILL_AREA_STYLE('',(#10434));
#10404=FILL_AREA_STYLE('',(#10435));
#10405=FILL_AREA_STYLE('',(#10436));
#10406=FILL_AREA_STYLE('',(#10437));
#10407=FILL_AREA_STYLE('',(#10438));
#10408=FILL_AREA_STYLE('',(#10439));
#10409=FILL_AREA_STYLE('',(#10440));
#10410=FILL_AREA_STYLE('',(#10441));
#10411=FILL_AREA_STYLE('',(#10442));
#10412=FILL_AREA_STYLE('',(#10443));
#10413=FILL_AREA_STYLE('',(#10444));
#10414=FILL_AREA_STYLE('',(#10445));
#10415=FILL_AREA_STYLE('',(#10446));
#10416=FILL_AREA_STYLE('',(#10447));
#10417=FILL_AREA_STYLE('',(#10448));
#10418=FILL_AREA_STYLE('',(#10449));
#10419=FILL_AREA_STYLE('',(#10450));
#10420=FILL_AREA_STYLE_COLOUR('',#10451);
#10421=FILL_AREA_STYLE_COLOUR('',#9757);
#10422=FILL_AREA_STYLE_COLOUR('',#9757);
#10423=FILL_AREA_STYLE_COLOUR('',#9757);
#10424=FILL_AREA_STYLE_COLOUR('',#9757);
#10425=FILL_AREA_STYLE_COLOUR('',#9757);
#10426=FILL_AREA_STYLE_COLOUR('',#9757);
#10427=FILL_AREA_STYLE_COLOUR('',#9757);
#10428=FILL_AREA_STYLE_COLOUR('',#9757);
#10429=FILL_AREA_STYLE_COLOUR('',#9757);
#10430=FILL_AREA_STYLE_COLOUR('',#9757);
#10431=FILL_AREA_STYLE_COLOUR('',#9757);
#10432=FILL_AREA_STYLE_COLOUR('',#9757);
#10433=FILL_AREA_STYLE_COLOUR('',#9757);
#10434=FILL_AREA_STYLE_COLOUR('',#9757);
#10435=FILL_AREA_STYLE_COLOUR('',#9757);
#10436=FILL_AREA_STYLE_COLOUR('',#9757);
#10437=FILL_AREA_STYLE_COLOUR('',#9757);
#10438=FILL_AREA_STYLE_COLOUR('',#9757);
#10439=FILL_AREA_STYLE_COLOUR('',#9757);
#10440=FILL_AREA_STYLE_COLOUR('',#9757);
#10441=FILL_AREA_STYLE_COLOUR('',#9757);
#10442=FILL_AREA_STYLE_COLOUR('',#9757);
#10443=FILL_AREA_STYLE_COLOUR('',#9757);
#10444=FILL_AREA_STYLE_COLOUR('',#9757);
#10445=FILL_AREA_STYLE_COLOUR('',#9757);
#10446=FILL_AREA_STYLE_COLOUR('',#9757);
#10447=FILL_AREA_STYLE_COLOUR('',#9757);
#10448=FILL_AREA_STYLE_COLOUR('',#9757);
#10449=FILL_AREA_STYLE_COLOUR('',#9757);
#10450=FILL_AREA_STYLE_COLOUR('',#9757);
#10451=COLOUR_RGB('',0.647058823529412,0.647058823529412,0.647058823529412);
#10452=MANIFOLD_SOLID_BREP('00 Bottom Case',#10263);
#10453=SHAPE_DEFINITION_REPRESENTATION(#16403,#10454);
#10454=SHAPE_REPRESENTATION('00 Bottom Case',(#10455),#16398);
#10455=AXIS2_PLACEMENT_3D('',#13487,#10999,#11000);
#10456=AXIS2_PLACEMENT_3D('',#13488,#11001,#11002);
#10457=AXIS2_PLACEMENT_3D('',#13489,#11003,#11004);
#10458=AXIS2_PLACEMENT_3D('',#13494,#11006,#11007);
#10459=AXIS2_PLACEMENT_3D('',#13498,#11009,#11010);
#10460=AXIS2_PLACEMENT_3D('',#13499,#11011,#11012);
#10461=AXIS2_PLACEMENT_3D('',#13500,#11013,#11014);
#10462=AXIS2_PLACEMENT_3D('',#13502,#11015,#11016);
#10463=AXIS2_PLACEMENT_3D('',#13504,#11017,#11018);
#10464=AXIS2_PLACEMENT_3D('',#13509,#11020,#11021);
#10465=AXIS2_PLACEMENT_3D('',#13513,#11023,#11024);
#10466=AXIS2_PLACEMENT_3D('',#13517,#11026,#11027);
#10467=AXIS2_PLACEMENT_3D('',#13521,#11029,#11030);
#10468=AXIS2_PLACEMENT_3D('',#13525,#11032,#11033);
#10469=AXIS2_PLACEMENT_3D('',#13529,#11035,#11036);
#10470=AXIS2_PLACEMENT_3D('',#13700,#11122,#11123);
#10471=AXIS2_PLACEMENT_3D('',#13717,#11132,#11133);
#10472=AXIS2_PLACEMENT_3D('',#13719,#11134,#11135);
#10473=AXIS2_PLACEMENT_3D('',#13721,#11136,#11137);
#10474=AXIS2_PLACEMENT_3D('',#13723,#11138,#11139);
#10475=AXIS2_PLACEMENT_3D('',#13729,#11143,#11144);
#10476=AXIS2_PLACEMENT_3D('',#13733,#11147,#11148);
#10477=AXIS2_PLACEMENT_3D('',#13737,#11151,#11152);
#10478=AXIS2_PLACEMENT_3D('',#13739,#11154,#11155);
#10479=AXIS2_PLACEMENT_3D('',#13745,#11159,#11160);
#10480=AXIS2_PLACEMENT_3D('',#13756,#11167,#11168);
#10481=AXIS2_PLACEMENT_3D('',#13767,#11175,#11176);
#10482=AXIS2_PLACEMENT_3D('',#13773,#11180,#11181);
#10483=AXIS2_PLACEMENT_3D('',#13774,#11182,#11183);
#10484=AXIS2_PLACEMENT_3D('',#13776,#11184,#11185);
#10485=AXIS2_PLACEMENT_3D('',#13778,#11186,#11187);
#10486=AXIS2_PLACEMENT_3D('',#13780,#11188,#11189);
#10487=AXIS2_PLACEMENT_3D('',#13782,#11190,#11191);
#10488=AXIS2_PLACEMENT_3D('',#13783,#11192,#11193);
#10489=AXIS2_PLACEMENT_3D('',#13784,#11194,#11195);
#10490=AXIS2_PLACEMENT_3D('',#13785,#11196,#11197);
#10491=AXIS2_PLACEMENT_3D('',#13786,#11198,#11199);
#10492=AXIS2_PLACEMENT_3D('',#13787,#11200,#11201);
#10493=AXIS2_PLACEMENT_3D('',#13789,#11202,#11203);
#10494=AXIS2_PLACEMENT_3D('',#13790,#11204,#11205);
#10495=AXIS2_PLACEMENT_3D('',#13792,#11206,#11207);
#10496=AXIS2_PLACEMENT_3D('',#13793,#11208,#11209);
#10497=AXIS2_PLACEMENT_3D('',#13794,#11210,#11211);
#10498=AXIS2_PLACEMENT_3D('',#13796,#11212,#11213);
#10499=AXIS2_PLACEMENT_3D('',#13797,#11214,#11215);
#10500=AXIS2_PLACEMENT_3D('',#13798,#11216,#11217);
#10501=AXIS2_PLACEMENT_3D('',#13807,#11222,#11223);
#10502=AXIS2_PLACEMENT_3D('',#13813,#11227,#11228);
#10503=AXIS2_PLACEMENT_3D('',#13819,#11232,#11233);
#10504=AXIS2_PLACEMENT_3D('',#13825,#11237,#11238);
#10505=AXIS2_PLACEMENT_3D('',#13831,#11242,#11243);
#10506=AXIS2_PLACEMENT_3D('',#13837,#11247,#11248);
#10507=AXIS2_PLACEMENT_3D('',#13843,#11252,#11253);
#10508=AXIS2_PLACEMENT_3D('',#13849,#11257,#11258);
#10509=AXIS2_PLACEMENT_3D('',#13855,#11262,#11263);
#10510=AXIS2_PLACEMENT_3D('',#13861,#11267,#11268);
#10511=AXIS2_PLACEMENT_3D('',#13867,#11272,#11273);
#10512=AXIS2_PLACEMENT_3D('',#13873,#11277,#11278);
#10513=AXIS2_PLACEMENT_3D('',#13879,#11282,#11283);
#10514=AXIS2_PLACEMENT_3D('',#13885,#11287,#11288);
#10515=AXIS2_PLACEMENT_3D('',#13891,#11292,#11293);
#10516=AXIS2_PLACEMENT_3D('',#13897,#11297,#11298);
#10517=AXIS2_PLACEMENT_3D('',#13903,#11302,#11303);
#10518=AXIS2_PLACEMENT_3D('',#13909,#11307,#11308);
#10519=AXIS2_PLACEMENT_3D('',#13915,#11312,#11313);
#10520=AXIS2_PLACEMENT_3D('',#13921,#11317,#11318);
#10521=AXIS2_PLACEMENT_3D('',#13927,#11322,#11323);
#10522=AXIS2_PLACEMENT_3D('',#13933,#11327,#11328);
#10523=AXIS2_PLACEMENT_3D('',#13939,#11332,#11333);
#10524=AXIS2_PLACEMENT_3D('',#13945,#11337,#11338);
#10525=AXIS2_PLACEMENT_3D('',#13951,#11342,#11343);
#10526=AXIS2_PLACEMENT_3D('',#13957,#11347,#11348);
#10527=AXIS2_PLACEMENT_3D('',#13963,#11352,#11353);
#10528=AXIS2_PLACEMENT_3D('',#13969,#11357,#11358);
#10529=AXIS2_PLACEMENT_3D('',#13975,#11362,#11363);
#10530=AXIS2_PLACEMENT_3D('',#13981,#11367,#11368);
#10531=AXIS2_PLACEMENT_3D('',#13987,#11372,#11373);
#10532=AXIS2_PLACEMENT_3D('',#13996,#11378,#11379);
#10533=AXIS2_PLACEMENT_3D('',#14002,#11383,#11384);
#10534=AXIS2_PLACEMENT_3D('',#14008,#11388,#11389);
#10535=AXIS2_PLACEMENT_3D('',#14014,#11393,#11394);
#10536=AXIS2_PLACEMENT_3D('',#14020,#11398,#11399);
#10537=AXIS2_PLACEMENT_3D('',#14026,#11403,#11404);
#10538=AXIS2_PLACEMENT_3D('',#14032,#11408,#11409);
#10539=AXIS2_PLACEMENT_3D('',#14038,#11413,#11414);
#10540=AXIS2_PLACEMENT_3D('',#14044,#11418,#11419);
#10541=AXIS2_PLACEMENT_3D('',#14050,#11423,#11424);
#10542=AXIS2_PLACEMENT_3D('',#14056,#11428,#11429);
#10543=AXIS2_PLACEMENT_3D('',#14062,#11433,#11434);
#10544=AXIS2_PLACEMENT_3D('',#14068,#11438,#11439);
#10545=AXIS2_PLACEMENT_3D('',#14074,#11443,#11444);
#10546=AXIS2_PLACEMENT_3D('',#14080,#11448,#11449);
#10547=AXIS2_PLACEMENT_3D('',#14086,#11453,#11454);
#10548=AXIS2_PLACEMENT_3D('',#14092,#11458,#11459);
#10549=AXIS2_PLACEMENT_3D('',#14098,#11463,#11464);
#10550=AXIS2_PLACEMENT_3D('',#14104,#11468,#11469);
#10551=AXIS2_PLACEMENT_3D('',#14110,#11473,#11474);
#10552=AXIS2_PLACEMENT_3D('',#14116,#11478,#11479);
#10553=AXIS2_PLACEMENT_3D('',#14122,#11483,#11484);
#10554=AXIS2_PLACEMENT_3D('',#14128,#11488,#11489);
#10555=AXIS2_PLACEMENT_3D('',#14134,#11493,#11494);
#10556=AXIS2_PLACEMENT_3D('',#14140,#11498,#11499);
#10557=AXIS2_PLACEMENT_3D('',#14146,#11503,#11504);
#10558=AXIS2_PLACEMENT_3D('',#14152,#11508,#11509);
#10559=AXIS2_PLACEMENT_3D('',#14158,#11513,#11514);
#10560=AXIS2_PLACEMENT_3D('',#14164,#11518,#11519);
#10561=AXIS2_PLACEMENT_3D('',#14170,#11523,#11524);
#10562=AXIS2_PLACEMENT_3D('',#14176,#11528,#11529);
#10563=AXIS2_PLACEMENT_3D('',#14182,#11533,#11534);
#10564=AXIS2_PLACEMENT_3D('',#14188,#11538,#11539);
#10565=AXIS2_PLACEMENT_3D('',#14194,#11543,#11544);
#10566=AXIS2_PLACEMENT_3D('',#14200,#11548,#11549);
#10567=AXIS2_PLACEMENT_3D('',#14206,#11553,#11554);
#10568=AXIS2_PLACEMENT_3D('',#14212,#11558,#11559);
#10569=AXIS2_PLACEMENT_3D('',#14218,#11563,#11564);
#10570=AXIS2_PLACEMENT_3D('',#14224,#11568,#11569);
#10571=AXIS2_PLACEMENT_3D('',#14230,#11573,#11574);
#10572=AXIS2_PLACEMENT_3D('',#14236,#11578,#11579);
#10573=AXIS2_PLACEMENT_3D('',#14242,#11583,#11584);
#10574=AXIS2_PLACEMENT_3D('',#14248,#11588,#11589);
#10575=AXIS2_PLACEMENT_3D('',#14254,#11593,#11594);
#10576=AXIS2_PLACEMENT_3D('',#14260,#11598,#11599);
#10577=AXIS2_PLACEMENT_3D('',#14266,#11603,#11604);
#10578=AXIS2_PLACEMENT_3D('',#14272,#11608,#11609);
#10579=AXIS2_PLACEMENT_3D('',#14278,#11613,#11614);
#10580=AXIS2_PLACEMENT_3D('',#14284,#11618,#11619);
#10581=AXIS2_PLACEMENT_3D('',#14293,#11624,#11625);
#10582=AXIS2_PLACEMENT_3D('',#14299,#11629,#11630);
#10583=AXIS2_PLACEMENT_3D('',#14305,#11634,#11635);
#10584=AXIS2_PLACEMENT_3D('',#14311,#11639,#11640);
#10585=AXIS2_PLACEMENT_3D('',#14317,#11644,#11645);
#10586=AXIS2_PLACEMENT_3D('',#14323,#11649,#11650);
#10587=AXIS2_PLACEMENT_3D('',#14329,#11654,#11655);
#10588=AXIS2_PLACEMENT_3D('',#14335,#11659,#11660);
#10589=AXIS2_PLACEMENT_3D('',#14341,#11664,#11665);
#10590=AXIS2_PLACEMENT_3D('',#14347,#11669,#11670);
#10591=AXIS2_PLACEMENT_3D('',#14353,#11674,#11675);
#10592=AXIS2_PLACEMENT_3D('',#14359,#11679,#11680);
#10593=AXIS2_PLACEMENT_3D('',#14365,#11684,#11685);
#10594=AXIS2_PLACEMENT_3D('',#14371,#11689,#11690);
#10595=AXIS2_PLACEMENT_3D('',#14377,#11694,#11695);
#10596=AXIS2_PLACEMENT_3D('',#14383,#11699,#11700);
#10597=AXIS2_PLACEMENT_3D('',#14389,#11704,#11705);
#10598=AXIS2_PLACEMENT_3D('',#14395,#11709,#11710);
#10599=AXIS2_PLACEMENT_3D('',#14401,#11714,#11715);
#10600=AXIS2_PLACEMENT_3D('',#14407,#11719,#11720);
#10601=AXIS2_PLACEMENT_3D('',#14413,#11724,#11725);
#10602=AXIS2_PLACEMENT_3D('',#14419,#11729,#11730);
#10603=AXIS2_PLACEMENT_3D('',#14425,#11734,#11735);
#10604=AXIS2_PLACEMENT_3D('',#14431,#11739,#11740);
#10605=AXIS2_PLACEMENT_3D('',#14437,#11744,#11745);
#10606=AXIS2_PLACEMENT_3D('',#14443,#11749,#11750);
#10607=AXIS2_PLACEMENT_3D('',#14449,#11754,#11755);
#10608=AXIS2_PLACEMENT_3D('',#14455,#11759,#11760);
#10609=AXIS2_PLACEMENT_3D('',#14461,#11764,#11765);
#10610=AXIS2_PLACEMENT_3D('',#14467,#11769,#11770);
#10611=AXIS2_PLACEMENT_3D('',#14473,#11774,#11775);
#10612=AXIS2_PLACEMENT_3D('',#14479,#11779,#11780);
#10613=AXIS2_PLACEMENT_3D('',#14485,#11784,#11785);
#10614=AXIS2_PLACEMENT_3D('',#14491,#11789,#11790);
#10615=AXIS2_PLACEMENT_3D('',#14497,#11794,#11795);
#10616=AXIS2_PLACEMENT_3D('',#14503,#11799,#11800);
#10617=AXIS2_PLACEMENT_3D('',#14509,#11804,#11805);
#10618=AXIS2_PLACEMENT_3D('',#14515,#11809,#11810);
#10619=AXIS2_PLACEMENT_3D('',#14521,#11814,#11815);
#10620=AXIS2_PLACEMENT_3D('',#14527,#11819,#11820);
#10621=AXIS2_PLACEMENT_3D('',#14533,#11824,#11825);
#10622=AXIS2_PLACEMENT_3D('',#14539,#11829,#11830);
#10623=AXIS2_PLACEMENT_3D('',#14545,#11834,#11835);
#10624=AXIS2_PLACEMENT_3D('',#14551,#11839,#11840);
#10625=AXIS2_PLACEMENT_3D('',#14557,#11844,#11845);
#10626=AXIS2_PLACEMENT_3D('',#14563,#11849,#11850);
#10627=AXIS2_PLACEMENT_3D('',#14569,#11854,#11855);
#10628=AXIS2_PLACEMENT_3D('',#14575,#11859,#11860);
#10629=AXIS2_PLACEMENT_3D('',#14581,#11864,#11865);
#10630=AXIS2_PLACEMENT_3D('',#14587,#11869,#11870);
#10631=AXIS2_PLACEMENT_3D('',#14593,#11874,#11875);
#10632=AXIS2_PLACEMENT_3D('',#14599,#11879,#11880);
#10633=AXIS2_PLACEMENT_3D('',#14605,#11884,#11885);
#10634=AXIS2_PLACEMENT_3D('',#14614,#11890,#11891);
#10635=AXIS2_PLACEMENT_3D('',#14620,#11895,#11896);
#10636=AXIS2_PLACEMENT_3D('',#14626,#11900,#11901);
#10637=AXIS2_PLACEMENT_3D('',#14632,#11905,#11906);
#10638=AXIS2_PLACEMENT_3D('',#14638,#11910,#11911);
#10639=AXIS2_PLACEMENT_3D('',#14644,#11915,#11916);
#10640=AXIS2_PLACEMENT_3D('',#14650,#11920,#11921);
#10641=AXIS2_PLACEMENT_3D('',#14656,#11925,#11926);
#10642=AXIS2_PLACEMENT_3D('',#14662,#11930,#11931);
#10643=AXIS2_PLACEMENT_3D('',#14668,#11935,#11936);
#10644=AXIS2_PLACEMENT_3D('',#14674,#11940,#11941);
#10645=AXIS2_PLACEMENT_3D('',#14680,#11945,#11946);
#10646=AXIS2_PLACEMENT_3D('',#14686,#11950,#11951);
#10647=AXIS2_PLACEMENT_3D('',#14692,#11955,#11956);
#10648=AXIS2_PLACEMENT_3D('',#14698,#11960,#11961);
#10649=AXIS2_PLACEMENT_3D('',#14704,#11965,#11966);
#10650=AXIS2_PLACEMENT_3D('',#14710,#11970,#11971);
#10651=AXIS2_PLACEMENT_3D('',#14716,#11975,#11976);
#10652=AXIS2_PLACEMENT_3D('',#14722,#11980,#11981);
#10653=AXIS2_PLACEMENT_3D('',#14728,#11985,#11986);
#10654=AXIS2_PLACEMENT_3D('',#14734,#11990,#11991);
#10655=AXIS2_PLACEMENT_3D('',#14740,#11995,#11996);
#10656=AXIS2_PLACEMENT_3D('',#14746,#12000,#12001);
#10657=AXIS2_PLACEMENT_3D('',#14752,#12005,#12006);
#10658=AXIS2_PLACEMENT_3D('',#14758,#12010,#12011);
#10659=AXIS2_PLACEMENT_3D('',#14764,#12015,#12016);
#10660=AXIS2_PLACEMENT_3D('',#14770,#12020,#12021);
#10661=AXIS2_PLACEMENT_3D('',#14776,#12025,#12026);
#10662=AXIS2_PLACEMENT_3D('',#14782,#12030,#12031);
#10663=AXIS2_PLACEMENT_3D('',#14788,#12035,#12036);
#10664=AXIS2_PLACEMENT_3D('',#14794,#12040,#12041);
#10665=AXIS2_PLACEMENT_3D('',#14800,#12045,#12046);
#10666=AXIS2_PLACEMENT_3D('',#14806,#12050,#12051);
#10667=AXIS2_PLACEMENT_3D('',#14812,#12055,#12056);
#10668=AXIS2_PLACEMENT_3D('',#14818,#12060,#12061);
#10669=AXIS2_PLACEMENT_3D('',#14824,#12065,#12066);
#10670=AXIS2_PLACEMENT_3D('',#14830,#12070,#12071);
#10671=AXIS2_PLACEMENT_3D('',#14836,#12075,#12076);
#10672=AXIS2_PLACEMENT_3D('',#14842,#12080,#12081);
#10673=AXIS2_PLACEMENT_3D('',#14848,#12085,#12086);
#10674=AXIS2_PLACEMENT_3D('',#14854,#12090,#12091);
#10675=AXIS2_PLACEMENT_3D('',#14860,#12095,#12096);
#10676=AXIS2_PLACEMENT_3D('',#14866,#12100,#12101);
#10677=AXIS2_PLACEMENT_3D('',#14872,#12105,#12106);
#10678=AXIS2_PLACEMENT_3D('',#14878,#12110,#12111);
#10679=AXIS2_PLACEMENT_3D('',#14887,#12116,#12117);
#10680=AXIS2_PLACEMENT_3D('',#14893,#12121,#12122);
#10681=AXIS2_PLACEMENT_3D('',#14899,#12126,#12127);
#10682=AXIS2_PLACEMENT_3D('',#14905,#12131,#12132);
#10683=AXIS2_PLACEMENT_3D('',#14911,#12136,#12137);
#10684=AXIS2_PLACEMENT_3D('',#14917,#12141,#12142);
#10685=AXIS2_PLACEMENT_3D('',#14923,#12146,#12147);
#10686=AXIS2_PLACEMENT_3D('',#14929,#12151,#12152);
#10687=AXIS2_PLACEMENT_3D('',#14935,#12156,#12157);
#10688=AXIS2_PLACEMENT_3D('',#14941,#12161,#12162);
#10689=AXIS2_PLACEMENT_3D('',#14947,#12166,#12167);
#10690=AXIS2_PLACEMENT_3D('',#14953,#12171,#12172);
#10691=AXIS2_PLACEMENT_3D('',#14959,#12176,#12177);
#10692=AXIS2_PLACEMENT_3D('',#14965,#12181,#12182);
#10693=AXIS2_PLACEMENT_3D('',#14971,#12186,#12187);
#10694=AXIS2_PLACEMENT_3D('',#14977,#12191,#12192);
#10695=AXIS2_PLACEMENT_3D('',#14983,#12196,#12197);
#10696=AXIS2_PLACEMENT_3D('',#14989,#12201,#12202);
#10697=AXIS2_PLACEMENT_3D('',#14995,#12206,#12207);
#10698=AXIS2_PLACEMENT_3D('',#15001,#12211,#12212);
#10699=AXIS2_PLACEMENT_3D('',#15007,#12216,#12217);
#10700=AXIS2_PLACEMENT_3D('',#15013,#12221,#12222);
#10701=AXIS2_PLACEMENT_3D('',#15019,#12226,#12227);
#10702=AXIS2_PLACEMENT_3D('',#15025,#12231,#12232);
#10703=AXIS2_PLACEMENT_3D('',#15031,#12236,#12237);
#10704=AXIS2_PLACEMENT_3D('',#15037,#12241,#12242);
#10705=AXIS2_PLACEMENT_3D('',#15043,#12246,#12247);
#10706=AXIS2_PLACEMENT_3D('',#15049,#12251,#12252);
#10707=AXIS2_PLACEMENT_3D('',#15058,#12257,#12258);
#10708=AXIS2_PLACEMENT_3D('',#15064,#12262,#12263);
#10709=AXIS2_PLACEMENT_3D('',#15070,#12267,#12268);
#10710=AXIS2_PLACEMENT_3D('',#15076,#12272,#12273);
#10711=AXIS2_PLACEMENT_3D('',#15082,#12277,#12278);
#10712=AXIS2_PLACEMENT_3D('',#15088,#12282,#12283);
#10713=AXIS2_PLACEMENT_3D('',#15094,#12287,#12288);
#10714=AXIS2_PLACEMENT_3D('',#15100,#12292,#12293);
#10715=AXIS2_PLACEMENT_3D('',#15106,#12297,#12298);
#10716=AXIS2_PLACEMENT_3D('',#15112,#12302,#12303);
#10717=AXIS2_PLACEMENT_3D('',#15118,#12307,#12308);
#10718=AXIS2_PLACEMENT_3D('',#15124,#12312,#12313);
#10719=AXIS2_PLACEMENT_3D('',#15130,#12317,#12318);
#10720=AXIS2_PLACEMENT_3D('',#15136,#12322,#12323);
#10721=AXIS2_PLACEMENT_3D('',#15142,#12327,#12328);
#10722=AXIS2_PLACEMENT_3D('',#15148,#12332,#12333);
#10723=AXIS2_PLACEMENT_3D('',#15154,#12337,#12338);
#10724=AXIS2_PLACEMENT_3D('',#15160,#12342,#12343);
#10725=AXIS2_PLACEMENT_3D('',#15166,#12347,#12348);
#10726=AXIS2_PLACEMENT_3D('',#15172,#12352,#12353);
#10727=AXIS2_PLACEMENT_3D('',#15178,#12357,#12358);
#10728=AXIS2_PLACEMENT_3D('',#15184,#12362,#12363);
#10729=AXIS2_PLACEMENT_3D('',#15190,#12367,#12368);
#10730=AXIS2_PLACEMENT_3D('',#15196,#12372,#12373);
#10731=AXIS2_PLACEMENT_3D('',#15202,#12377,#12378);
#10732=AXIS2_PLACEMENT_3D('',#15208,#12382,#12383);
#10733=AXIS2_PLACEMENT_3D('',#15214,#12387,#12388);
#10734=AXIS2_PLACEMENT_3D('',#15220,#12392,#12393);
#10735=AXIS2_PLACEMENT_3D('',#15226,#12397,#12398);
#10736=AXIS2_PLACEMENT_3D('',#15232,#12402,#12403);
#10737=AXIS2_PLACEMENT_3D('',#15238,#12407,#12408);
#10738=AXIS2_PLACEMENT_3D('',#15244,#12412,#12413);
#10739=AXIS2_PLACEMENT_3D('',#15250,#12417,#12418);
#10740=AXIS2_PLACEMENT_3D('',#15256,#12422,#12423);
#10741=AXIS2_PLACEMENT_3D('',#15262,#12427,#12428);
#10742=AXIS2_PLACEMENT_3D('',#15268,#12432,#12433);
#10743=AXIS2_PLACEMENT_3D('',#15274,#12437,#12438);
#10744=AXIS2_PLACEMENT_3D('',#15280,#12442,#12443);
#10745=AXIS2_PLACEMENT_3D('',#15286,#12447,#12448);
#10746=AXIS2_PLACEMENT_3D('',#15292,#12452,#12453);
#10747=AXIS2_PLACEMENT_3D('',#15298,#12457,#12458);
#10748=AXIS2_PLACEMENT_3D('',#15307,#12463,#12464);
#10749=AXIS2_PLACEMENT_3D('',#15313,#12468,#12469);
#10750=AXIS2_PLACEMENT_3D('',#15319,#12473,#12474);
#10751=AXIS2_PLACEMENT_3D('',#15325,#12478,#12479);
#10752=AXIS2_PLACEMENT_3D('',#15331,#12483,#12484);
#10753=AXIS2_PLACEMENT_3D('',#15337,#12488,#12489);
#10754=AXIS2_PLACEMENT_3D('',#15343,#12493,#12494);
#10755=AXIS2_PLACEMENT_3D('',#15349,#12498,#12499);
#10756=AXIS2_PLACEMENT_3D('',#15355,#12503,#12504);
#10757=AXIS2_PLACEMENT_3D('',#15361,#12508,#12509);
#10758=AXIS2_PLACEMENT_3D('',#15367,#12513,#12514);
#10759=AXIS2_PLACEMENT_3D('',#15373,#12518,#12519);
#10760=AXIS2_PLACEMENT_3D('',#15379,#12523,#12524);
#10761=AXIS2_PLACEMENT_3D('',#15385,#12528,#12529);
#10762=AXIS2_PLACEMENT_3D('',#15391,#12533,#12534);
#10763=AXIS2_PLACEMENT_3D('',#15397,#12538,#12539);
#10764=AXIS2_PLACEMENT_3D('',#15403,#12543,#12544);
#10765=AXIS2_PLACEMENT_3D('',#15409,#12548,#12549);
#10766=AXIS2_PLACEMENT_3D('',#15415,#12553,#12554);
#10767=AXIS2_PLACEMENT_3D('',#15421,#12558,#12559);
#10768=AXIS2_PLACEMENT_3D('',#15427,#12563,#12564);
#10769=AXIS2_PLACEMENT_3D('',#15433,#12568,#12569);
#10770=AXIS2_PLACEMENT_3D('',#15439,#12573,#12574);
#10771=AXIS2_PLACEMENT_3D('',#15445,#12578,#12579);
#10772=AXIS2_PLACEMENT_3D('',#15451,#12583,#12584);
#10773=AXIS2_PLACEMENT_3D('',#15457,#12588,#12589);
#10774=AXIS2_PLACEMENT_3D('',#15463,#12593,#12594);
#10775=AXIS2_PLACEMENT_3D('',#15469,#12598,#12599);
#10776=AXIS2_PLACEMENT_3D('',#15475,#12603,#12604);
#10777=AXIS2_PLACEMENT_3D('',#15481,#12608,#12609);
#10778=AXIS2_PLACEMENT_3D('',#15487,#12613,#12614);
#10779=AXIS2_PLACEMENT_3D('',#15496,#12619,#12620);
#10780=AXIS2_PLACEMENT_3D('',#15502,#12624,#12625);
#10781=AXIS2_PLACEMENT_3D('',#15508,#12629,#12630);
#10782=AXIS2_PLACEMENT_3D('',#15514,#12634,#12635);
#10783=AXIS2_PLACEMENT_3D('',#15520,#12639,#12640);
#10784=AXIS2_PLACEMENT_3D('',#15526,#12644,#12645);
#10785=AXIS2_PLACEMENT_3D('',#15532,#12649,#12650);
#10786=AXIS2_PLACEMENT_3D('',#15538,#12654,#12655);
#10787=AXIS2_PLACEMENT_3D('',#15544,#12659,#12660);
#10788=AXIS2_PLACEMENT_3D('',#15550,#12664,#12665);
#10789=AXIS2_PLACEMENT_3D('',#15556,#12669,#12670);
#10790=AXIS2_PLACEMENT_3D('',#15562,#12674,#12675);
#10791=AXIS2_PLACEMENT_3D('',#15568,#12679,#12680);
#10792=AXIS2_PLACEMENT_3D('',#15574,#12684,#12685);
#10793=AXIS2_PLACEMENT_3D('',#15580,#12689,#12690);
#10794=AXIS2_PLACEMENT_3D('',#15586,#12694,#12695);
#10795=AXIS2_PLACEMENT_3D('',#15592,#12699,#12700);
#10796=AXIS2_PLACEMENT_3D('',#15598,#12704,#12705);
#10797=AXIS2_PLACEMENT_3D('',#15604,#12709,#12710);
#10798=AXIS2_PLACEMENT_3D('',#15610,#12714,#12715);
#10799=AXIS2_PLACEMENT_3D('',#15616,#12719,#12720);
#10800=AXIS2_PLACEMENT_3D('',#15622,#12724,#12725);
#10801=AXIS2_PLACEMENT_3D('',#15628,#12729,#12730);
#10802=AXIS2_PLACEMENT_3D('',#15634,#12734,#12735);
#10803=AXIS2_PLACEMENT_3D('',#15640,#12739,#12740);
#10804=AXIS2_PLACEMENT_3D('',#15646,#12744,#12745);
#10805=AXIS2_PLACEMENT_3D('',#15652,#12749,#12750);
#10806=AXIS2_PLACEMENT_3D('',#15658,#12754,#12755);
#10807=AXIS2_PLACEMENT_3D('',#15664,#12759,#12760);
#10808=AXIS2_PLACEMENT_3D('',#15670,#12764,#12765);
#10809=AXIS2_PLACEMENT_3D('',#15676,#12769,#12770);
#10810=AXIS2_PLACEMENT_3D('',#15682,#12774,#12775);
#10811=AXIS2_PLACEMENT_3D('',#15688,#12779,#12780);
#10812=AXIS2_PLACEMENT_3D('',#15694,#12784,#12785);
#10813=AXIS2_PLACEMENT_3D('',#15700,#12789,#12790);
#10814=AXIS2_PLACEMENT_3D('',#15706,#12794,#12795);
#10815=AXIS2_PLACEMENT_3D('',#15712,#12799,#12800);
#10816=AXIS2_PLACEMENT_3D('',#15718,#12804,#12805);
#10817=AXIS2_PLACEMENT_3D('',#15724,#12809,#12810);
#10818=AXIS2_PLACEMENT_3D('',#15730,#12814,#12815);
#10819=AXIS2_PLACEMENT_3D('',#15736,#12819,#12820);
#10820=AXIS2_PLACEMENT_3D('',#15742,#12824,#12825);
#10821=AXIS2_PLACEMENT_3D('',#15748,#12829,#12830);
#10822=AXIS2_PLACEMENT_3D('',#15754,#12834,#12835);
#10823=AXIS2_PLACEMENT_3D('',#15760,#12839,#12840);
#10824=AXIS2_PLACEMENT_3D('',#15766,#12844,#12845);
#10825=AXIS2_PLACEMENT_3D('',#15772,#12849,#12850);
#10826=AXIS2_PLACEMENT_3D('',#15776,#12853,#12854);
#10827=AXIS2_PLACEMENT_3D('',#15780,#12857,#12858);
#10828=AXIS2_PLACEMENT_3D('',#15784,#12861,#12862);
#10829=AXIS2_PLACEMENT_3D('',#15788,#12865,#12866);
#10830=AXIS2_PLACEMENT_3D('',#15792,#12869,#12870);
#10831=AXIS2_PLACEMENT_3D('',#15796,#12873,#12874);
#10832=AXIS2_PLACEMENT_3D('',#15800,#12877,#12878);
#10833=AXIS2_PLACEMENT_3D('',#15804,#12881,#12882);
#10834=AXIS2_PLACEMENT_3D('',#15808,#12885,#12886);
#10835=AXIS2_PLACEMENT_3D('',#15812,#12889,#12890);
#10836=AXIS2_PLACEMENT_3D('',#15816,#12893,#12894);
#10837=AXIS2_PLACEMENT_3D('',#15820,#12897,#12898);
#10838=AXIS2_PLACEMENT_3D('',#15824,#12901,#12902);
#10839=AXIS2_PLACEMENT_3D('',#15828,#12905,#12906);
#10840=AXIS2_PLACEMENT_3D('',#15832,#12909,#12910);
#10841=AXIS2_PLACEMENT_3D('',#15836,#12913,#12914);
#10842=AXIS2_PLACEMENT_3D('',#15840,#12917,#12918);
#10843=AXIS2_PLACEMENT_3D('',#15844,#12921,#12922);
#10844=AXIS2_PLACEMENT_3D('',#15848,#12925,#12926);
#10845=AXIS2_PLACEMENT_3D('',#15852,#12929,#12930);
#10846=AXIS2_PLACEMENT_3D('',#15856,#12933,#12934);
#10847=AXIS2_PLACEMENT_3D('',#15860,#12937,#12938);
#10848=AXIS2_PLACEMENT_3D('',#15864,#12941,#12942);
#10849=AXIS2_PLACEMENT_3D('',#15868,#12945,#12946);
#10850=AXIS2_PLACEMENT_3D('',#15872,#12949,#12950);
#10851=AXIS2_PLACEMENT_3D('',#15876,#12953,#12954);
#10852=AXIS2_PLACEMENT_3D('',#15880,#12957,#12958);
#10853=AXIS2_PLACEMENT_3D('',#15884,#12961,#12962);
#10854=AXIS2_PLACEMENT_3D('',#15888,#12965,#12966);
#10855=AXIS2_PLACEMENT_3D('',#15892,#12969,#12970);
#10856=AXIS2_PLACEMENT_3D('',#15896,#12973,#12974);
#10857=AXIS2_PLACEMENT_3D('',#15900,#12977,#12978);
#10858=AXIS2_PLACEMENT_3D('',#15904,#12981,#12982);
#10859=AXIS2_PLACEMENT_3D('',#15908,#12985,#12986);
#10860=AXIS2_PLACEMENT_3D('',#15912,#12989,#12990);
#10861=AXIS2_PLACEMENT_3D('',#15916,#12993,#12994);
#10862=AXIS2_PLACEMENT_3D('',#15920,#12997,#12998);
#10863=AXIS2_PLACEMENT_3D('',#15924,#13001,#13002);
#10864=AXIS2_PLACEMENT_3D('',#15928,#13005,#13006);
#10865=AXIS2_PLACEMENT_3D('',#15932,#13009,#13010);
#10866=AXIS2_PLACEMENT_3D('',#15936,#13013,#13014);
#10867=AXIS2_PLACEMENT_3D('',#15940,#13017,#13018);
#10868=AXIS2_PLACEMENT_3D('',#15944,#13021,#13022);
#10869=AXIS2_PLACEMENT_3D('',#15948,#13025,#13026);
#10870=AXIS2_PLACEMENT_3D('',#15952,#13029,#13030);
#10871=AXIS2_PLACEMENT_3D('',#15956,#13033,#13034);
#10872=AXIS2_PLACEMENT_3D('',#15960,#13037,#13038);
#10873=AXIS2_PLACEMENT_3D('',#15964,#13041,#13042);
#10874=AXIS2_PLACEMENT_3D('',#15968,#13045,#13046);
#10875=AXIS2_PLACEMENT_3D('',#15972,#13049,#13050);
#10876=AXIS2_PLACEMENT_3D('',#15976,#13053,#13054);
#10877=AXIS2_PLACEMENT_3D('',#15980,#13057,#13058);
#10878=AXIS2_PLACEMENT_3D('',#15984,#13061,#13062);
#10879=AXIS2_PLACEMENT_3D('',#15988,#13065,#13066);
#10880=AXIS2_PLACEMENT_3D('',#15992,#13069,#13070);
#10881=AXIS2_PLACEMENT_3D('',#15996,#13073,#13074);
#10882=AXIS2_PLACEMENT_3D('',#16000,#13077,#13078);
#10883=AXIS2_PLACEMENT_3D('',#16004,#13081,#13082);
#10884=AXIS2_PLACEMENT_3D('',#16008,#13085,#13086);
#10885=AXIS2_PLACEMENT_3D('',#16012,#13089,#13090);
#10886=AXIS2_PLACEMENT_3D('',#16016,#13093,#13094);
#10887=AXIS2_PLACEMENT_3D('',#16020,#13097,#13098);
#10888=AXIS2_PLACEMENT_3D('',#16024,#13101,#13102);
#10889=AXIS2_PLACEMENT_3D('',#16028,#13105,#13106);
#10890=AXIS2_PLACEMENT_3D('',#16032,#13109,#13110);
#10891=AXIS2_PLACEMENT_3D('',#16036,#13113,#13114);
#10892=AXIS2_PLACEMENT_3D('',#16040,#13117,#13118);
#10893=AXIS2_PLACEMENT_3D('',#16044,#13121,#13122);
#10894=AXIS2_PLACEMENT_3D('',#16048,#13125,#13126);
#10895=AXIS2_PLACEMENT_3D('',#16052,#13129,#13130);
#10896=AXIS2_PLACEMENT_3D('',#16056,#13133,#13134);
#10897=AXIS2_PLACEMENT_3D('',#16060,#13137,#13138);
#10898=AXIS2_PLACEMENT_3D('',#16064,#13141,#13142);
#10899=AXIS2_PLACEMENT_3D('',#16068,#13145,#13146);
#10900=AXIS2_PLACEMENT_3D('',#16072,#13149,#13150);
#10901=AXIS2_PLACEMENT_3D('',#16076,#13153,#13154);
#10902=AXIS2_PLACEMENT_3D('',#16080,#13157,#13158);
#10903=AXIS2_PLACEMENT_3D('',#16084,#13161,#13162);
#10904=AXIS2_PLACEMENT_3D('',#16088,#13165,#13166);
#10905=AXIS2_PLACEMENT_3D('',#16092,#13169,#13170);
#10906=AXIS2_PLACEMENT_3D('',#16096,#13173,#13174);
#10907=AXIS2_PLACEMENT_3D('',#16100,#13177,#13178);
#10908=AXIS2_PLACEMENT_3D('',#16104,#13181,#13182);
#10909=AXIS2_PLACEMENT_3D('',#16107,#13185,#13186);
#10910=AXIS2_PLACEMENT_3D('',#16110,#13189,#13190);
#10911=AXIS2_PLACEMENT_3D('',#16113,#13193,#13194);
#10912=AXIS2_PLACEMENT_3D('',#16116,#13197,#13198);
#10913=AXIS2_PLACEMENT_3D('',#16119,#13201,#13202);
#10914=AXIS2_PLACEMENT_3D('',#16122,#13205,#13206);
#10915=AXIS2_PLACEMENT_3D('',#16125,#13209,#13210);
#10916=AXIS2_PLACEMENT_3D('',#16127,#13212,#13213);
#10917=AXIS2_PLACEMENT_3D('',#16130,#13216,#13217);
#10918=AXIS2_PLACEMENT_3D('',#16131,#13218,#13219);
#10919=AXIS2_PLACEMENT_3D('',#16132,#13220,#13221);
#10920=AXIS2_PLACEMENT_3D('',#16133,#13222,#13223);
#10921=AXIS2_PLACEMENT_3D('',#16134,#13224,#13225);
#10922=AXIS2_PLACEMENT_3D('',#16183,#13250,#13251);
#10923=AXIS2_PLACEMENT_3D('',#16184,#13252,#13253);
#10924=AXIS2_PLACEMENT_3D('',#16185,#13254,#13255);
#10925=AXIS2_PLACEMENT_3D('',#16186,#13256,#13257);
#10926=AXIS2_PLACEMENT_3D('',#16192,#13261,#13262);
#10927=AXIS2_PLACEMENT_3D('',#16196,#13265,#13266);
#10928=AXIS2_PLACEMENT_3D('',#16200,#13269,#13270);
#10929=AXIS2_PLACEMENT_3D('',#16204,#13273,#13274);
#10930=AXIS2_PLACEMENT_3D('',#16208,#13277,#13278);
#10931=AXIS2_PLACEMENT_3D('',#16212,#13281,#13282);
#10932=AXIS2_PLACEMENT_3D('',#16216,#13285,#13286);
#10933=AXIS2_PLACEMENT_3D('',#16220,#13289,#13290);
#10934=AXIS2_PLACEMENT_3D('',#16224,#13293,#13294);
#10935=AXIS2_PLACEMENT_3D('',#16226,#13296,#13297);
#10936=AXIS2_PLACEMENT_3D('',#16227,#13298,#13299);
#10937=AXIS2_PLACEMENT_3D('',#16233,#13303,#13304);
#10938=AXIS2_PLACEMENT_3D('',#16237,#13307,#13308);
#10939=AXIS2_PLACEMENT_3D('',#16241,#13311,#13312);
#10940=AXIS2_PLACEMENT_3D('',#16245,#13315,#13316);
#10941=AXIS2_PLACEMENT_3D('',#16249,#13319,#13320);
#10942=AXIS2_PLACEMENT_3D('',#16253,#13323,#13324);
#10943=AXIS2_PLACEMENT_3D('',#16257,#13327,#13328);
#10944=AXIS2_PLACEMENT_3D('',#16261,#13331,#13332);
#10945=AXIS2_PLACEMENT_3D('',#16265,#13335,#13336);
#10946=AXIS2_PLACEMENT_3D('',#16269,#13339,#13340);
#10947=AXIS2_PLACEMENT_3D('',#16273,#13343,#13344);
#10948=AXIS2_PLACEMENT_3D('',#16277,#13347,#13348);
#10949=AXIS2_PLACEMENT_3D('',#16281,#13351,#13352);
#10950=AXIS2_PLACEMENT_3D('',#16283,#13354,#13355);
#10951=AXIS2_PLACEMENT_3D('',#16284,#13356,#13357);
#10952=AXIS2_PLACEMENT_3D('',#16299,#13365,#13366);
#10953=AXIS2_PLACEMENT_3D('',#16305,#13370,#13371);
#10954=AXIS2_PLACEMENT_3D('',#16309,#13374,#13375);
#10955=AXIS2_PLACEMENT_3D('',#16313,#13378,#13379);
#10956=AXIS2_PLACEMENT_3D('',#16317,#13382,#13383);
#10957=AXIS2_PLACEMENT_3D('',#16321,#13386,#13387);
#10958=AXIS2_PLACEMENT_3D('',#16325,#13390,#13391);
#10959=AXIS2_PLACEMENT_3D('',#16327,#13393,#13394);
#10960=AXIS2_PLACEMENT_3D('',#16328,#13395,#13396);
#10961=AXIS2_PLACEMENT_3D('',#16329,#13397,#13398);
#10962=AXIS2_PLACEMENT_3D('',#16330,#13399,#13400);
#10963=AXIS2_PLACEMENT_3D('',#16336,#13404,#13405);
#10964=AXIS2_PLACEMENT_3D('',#16342,#13409,#13410);
#10965=AXIS2_PLACEMENT_3D('',#16351,#13415,#13416);
#10966=AXIS2_PLACEMENT_3D('',#16352,#13417,#13418);
#10967=AXIS2_PLACEMENT_3D('',#16353,#13419,#13420);
#10968=AXIS2_PLACEMENT_3D('',#16354,#13421,#13422);
#10969=AXIS2_PLACEMENT_3D('',#16357,#13425,#13426);
#10970=AXIS2_PLACEMENT_3D('',#16359,#13428,#13429);
#10971=AXIS2_PLACEMENT_3D('',#16361,#13431,#13432);
#10972=AXIS2_PLACEMENT_3D('',#16362,#13433,#13434);
#10973=AXIS2_PLACEMENT_3D('',#16363,#13435,#13436);
#10974=AXIS2_PLACEMENT_3D('',#16365,#13437,#13438);
#10975=AXIS2_PLACEMENT_3D('',#16366,#13439,#13440);
#10976=AXIS2_PLACEMENT_3D('',#16368,#13441,#13442);
#10977=AXIS2_PLACEMENT_3D('',#16369,#13443,#13444);
#10978=AXIS2_PLACEMENT_3D('',#16371,#13445,#13446);
#10979=AXIS2_PLACEMENT_3D('',#16372,#13447,#13448);
#10980=AXIS2_PLACEMENT_3D('',#16374,#13449,#13450);
#10981=AXIS2_PLACEMENT_3D('',#16375,#13451,#13452);
#10982=AXIS2_PLACEMENT_3D('',#16377,#13453,#13454);
#10983=AXIS2_PLACEMENT_3D('',#16378,#13455,#13456);
#10984=AXIS2_PLACEMENT_3D('',#16380,#13457,#13458);
#10985=AXIS2_PLACEMENT_3D('',#16381,#13459,#13460);
#10986=AXIS2_PLACEMENT_3D('',#16383,#13461,#13462);
#10987=AXIS2_PLACEMENT_3D('',#16384,#13463,#13464);
#10988=AXIS2_PLACEMENT_3D('',#16386,#13465,#13466);
#10989=AXIS2_PLACEMENT_3D('',#16387,#13467,#13468);
#10990=AXIS2_PLACEMENT_3D('',#16388,#13469,#13470);
#10991=AXIS2_PLACEMENT_3D('',#16389,#13471,#13472);
#10992=AXIS2_PLACEMENT_3D('',#16390,#13473,#13474);
#10993=AXIS2_PLACEMENT_3D('',#16391,#13475,#13476);
#10994=AXIS2_PLACEMENT_3D('',#16392,#13477,#13478);
#10995=AXIS2_PLACEMENT_3D('',#16393,#13479,#13480);
#10996=AXIS2_PLACEMENT_3D('',#16394,#13481,#13482);
#10997=AXIS2_PLACEMENT_3D('',#16395,#13483,#13484);
#10998=AXIS2_PLACEMENT_3D('',#16396,#13485,#13486);
#10999=DIRECTION('',(0.,0.,1.));
#11000=DIRECTION('',(1.,0.,0.));
#11001=DIRECTION('',(0.,-0.0348994967025009,-0.999390827019096));
#11002=DIRECTION('',(0.,-0.999390827019096,0.0348994967025009));
#11003=DIRECTION('',(0.,-0.0348994967025009,-0.999390827019096));
#11004=DIRECTION('',(0.,0.999390827019096,-0.0348994967025009));
#11005=DIRECTION('',(-1.,0.,0.));
#11006=DIRECTION('',(0.,-0.0348994967025009,-0.999390827019096));
#11007=DIRECTION('',(0.,0.999390827019096,-0.0348994967025009));
#11008=DIRECTION('',(0.,0.999390827019096,-0.0348994967025009));
#11009=DIRECTION('',(0.,-0.0348994967025009,-0.999390827019096));
#11010=DIRECTION('',(0.,0.999390827019096,-0.0348994967025009));
#11011=DIRECTION('',(0.,-0.0348994967025009,-0.999390827019096));
#11012=DIRECTION('',(0.,-0.999390827019096,0.0348994967025009));
#11013=DIRECTION('',(0.,-0.0348994967025009,-0.999390827019096));
#11014=DIRECTION('',(0.,0.999390827019096,-0.0348994967025009));
#11015=DIRECTION('',(0.,-0.0348994967025009,-0.999390827019096));
#11016=DIRECTION('',(0.,0.999390827019096,-0.0348994967025009));
#11017=DIRECTION('',(0.,-0.0348994967025009,-0.999390827019096));
#11018=DIRECTION('',(0.,0.999390827019096,-0.0348994967025009));
#11019=DIRECTION('',(-1.,0.,0.));
#11020=DIRECTION('',(0.,-0.0348994967025009,-0.999390827019096));
#11021=DIRECTION('',(0.,0.999390827019096,-0.0348994967025009));
#11022=DIRECTION('',(0.,0.999390827019096,-0.0348994967025009));
#11023=DIRECTION('',(0.,-0.0348994967025009,-0.999390827019096));
#11024=DIRECTION('',(0.,-0.999390827019096,0.0348994967025009));
#11025=DIRECTION('',(-1.,0.,0.));
#11026=DIRECTION('',(0.,-0.0348994967025009,-0.999390827019096));
#11027=DIRECTION('',(0.,0.999390827019096,-0.0348994967025009));
#11028=DIRECTION('',(0.,0.999390827019096,-0.0348994967025009));
#11029=DIRECTION('',(0.,-0.0348994967025009,-0.999390827019096));
#11030=DIRECTION('',(0.,-0.999390827019096,0.0348994967025009));
#11031=DIRECTION('',(-1.,0.,0.));
#11032=DIRECTION('',(0.,-0.0348994967025009,-0.999390827019096));
#11033=DIRECTION('',(0.,-0.999390827019096,0.0348994967025009));
#11034=DIRECTION('',(0.,-0.999390827019096,0.0348994967025009));
#11035=DIRECTION('',(0.,-0.0348994967025009,-0.999390827019096));
#11036=DIRECTION('',(0.,0.999390827019096,-0.0348994967025009));
#11037=DIRECTION('',(0.923895303579759,-0.3824122582066,0.0133541303196514));
#11038=DIRECTION('',(0.957869227108946,-0.287029749712976,0.0100232997270008));
#11039=DIRECTION('',(0.976149643906372,-0.21696651185133,0.00757663754778884));
#11040=DIRECTION('',(0.989367483595589,-0.14534861478773,0.00507568547294716));
#11041=DIRECTION('',(0.997304671745321,-0.0733269041971149,0.00256063191901092));
#11042=DIRECTION('',(0.999997905009955,-0.00204569607142659,7.14372809604618E-5));
#11043=DIRECTION('',(0.997720515904911,0.0674405350097745,-0.00235507537747648));
#11044=DIRECTION('',(0.990938527040203,0.134234356045552,-0.00468756700533993));
#11045=DIRECTION('',(0.980250811156635,0.197637836060373,-0.0069016653159121));
#11046=DIRECTION('',(0.966324770031645,0.25716879450045,-0.00898053219322087));
#11047=DIRECTION('',(0.949839050819995,0.312548640307682,-0.0109144390231437));
#11048=DIRECTION('',(0.931438389365919,0.363677383824632,-0.0126998940899018));
#11049=DIRECTION('',(0.911703545251979,0.410598411470999,-0.0143384124806565));
#11050=DIRECTION('',(0.912691456170231,0.408400429683798,-0.0142616572653186));
#11051=DIRECTION('',(0.932911872288542,0.35988539442116,-0.012567474902028));
#11052=DIRECTION('',(0.950311769306089,0.311110125467697,-0.0108642049780062));
#11053=DIRECTION('',(0.964891109263774,0.262490238081242,-0.00916636109786906));
#11054=DIRECTION('',(0.981552458616384,0.191076550606535,-0.00667254017900908));
#11055=DIRECTION('',(0.995067459408443,0.0991401303142675,-0.00346204963808637));
#11056=DIRECTION('',(0.999911803023484,0.0132729552247349,-0.000463501809877257));
#11057=DIRECTION('',(0.99785593594064,-0.0654088210777825,0.00228412636358421));
#11058=DIRECTION('',(0.990628176620235,-0.136503089237507,0.00476679291417445));
#11059=DIRECTION('',(0.979745006566382,-0.200127163709517,0.0069885945529373));
#11060=DIRECTION('',(0.966441941943381,-0.256728648039314,0.00896516194010893));
#11061=DIRECTION('',(0.951671226158549,-0.306931581342863,0.0107182870018117));
#11062=DIRECTION('',(0.936134460106956,-0.351428039916569,0.0122721375748632));
#11063=DIRECTION('',(0.920325344204872,-0.390915475676545,0.0136510692168576));
#11064=DIRECTION('',(0.897588117640071,-0.440566538935296,0.0153849225519365));
#11065=DIRECTION('',(0.867563317415593,-0.497023785961975,0.0173564530614939));
#11066=DIRECTION('',(0.973630172947915,0.227993196592656,-0.00796169786389884));
#11067=DIRECTION('',(0.288948511359129,0.956761450492309,-0.0334108460712322));
#11068=DIRECTION('',(-0.456734550212324,0.889061107677821,-0.0310466980052951));
#11069=DIRECTION('',(0.0287049511399598,0.998979006030586,-0.0348851155966894));
#11070=DIRECTION('',(0.865792998452019,0.500097490394371,-0.0174637891854633));
#11071=DIRECTION('',(0.999999968288967,0.000251683964982109,-8.78899772590934E-6));
#11072=DIRECTION('',(0.856544851732364,0.515758211380862,-0.0180106736131071));
#11073=DIRECTION('',(-0.190869460469458,0.981017454695044,-0.0342578844027867));
#11074=DIRECTION('',(-0.737570975051162,0.674858261822367,-0.0235665698007004));
#11075=DIRECTION('',(-0.757732369224267,0.652167917175759,-0.0227742055056079));
#11076=DIRECTION('',(-0.78251455531686,0.622253000970716,-0.0217295536124467));
#11077=DIRECTION('',(-0.812855703072807,0.582110289377916,-0.0203277392341407));
#11078=DIRECTION('',(-0.839553866760687,0.542945504052662,-0.0189600747936038));
#11079=DIRECTION('',(-0.860100385436911,0.509814060836415,-0.0178030993021203));
#11080=DIRECTION('',(-0.88266345003209,0.469719253335215,-0.0164029577715549));
#11081=DIRECTION('',(-0.907118343308335,0.420619262109902,-0.0146883482959289));
#11082=DIRECTION('',(-0.932943228520754,0.359804199796114,-0.0125646395232429));
#11083=DIRECTION('',(-0.958841062461412,0.283770363418927,-0.00990947944954181));
#11084=DIRECTION('',(-0.982094957407604,0.188271796405992,-0.0065745960040909));
#11085=DIRECTION('',(-0.997619361771592,0.0689189147198754,-0.00240670153455419));
#11086=DIRECTION('',(-0.999571193760881,-0.0292640440977457,0.00102192293833372));
#11087=DIRECTION('',(-0.99590151231335,-0.0903892389669474,0.00315646177849927));
#11088=DIRECTION('',(-0.988550409046325,-0.150799064368375,0.00526601936637925));
#11089=DIRECTION('',(-0.978595232877859,-0.205669120881393,0.00718212396186952));
#11090=DIRECTION('',(-0.968278907474724,-0.249719666651479,0.00872040291669238));
#11091=DIRECTION('',(-0.960460346091336,-0.278247212275614,0.00971660676159811));
#11092=DIRECTION('',(-0.959096996791654,-0.282905197592687,0.00987926719315155));
#11093=DIRECTION('',(-0.967701226543013,-0.251946281105391,0.00879815800678443));
#11094=DIRECTION('',(-0.977269201881475,-0.211872993292244,0.00739876796028508));
#11095=DIRECTION('',(-0.985974790393014,-0.16679264848108,0.00582452763052591));
#11096=DIRECTION('',(-0.994369223316792,-0.105906421184185,0.00369833372186889));
#11097=DIRECTION('',(-0.999501746708031,-0.0315443324542955,0.00110155236240751));
#11098=DIRECTION('',(-0.998767303573425,0.0496071806988811,-0.0017323209223211));
#11099=DIRECTION('',(-0.991750195755467,0.128107517363216,-0.00447361308400095));
#11100=DIRECTION('',(-0.198365828103705,0.979530984433851,-0.0342059757174393));
#11101=DIRECTION('',(-0.145853511641346,0.988703539263352,-0.0345262883902906));
#11102=DIRECTION('',(-0.102326397565156,0.994144902180028,-0.0347163049704249));
#11103=DIRECTION('',(-0.052533020345502,0.998010855737922,-0.0348513070434859));
#11104=DIRECTION('',(-0.00532011353893195,0.999376683735882,-0.034899002808168));
#11105=DIRECTION('',(-1.,0.,0.));
#11106=DIRECTION('',(0.0549384942982575,-0.997881487508601,0.0348467894053702));
#11107=DIRECTION('',(0.119357331058993,-0.992246544026462,0.0346500128429314));
#11108=DIRECTION('',(0.165708583345926,-0.985574013108546,0.0344170029288203));
#11109=DIRECTION('',(0.202490200005859,-0.978687735582445,0.0341765288186751));
#11110=DIRECTION('',(0.244694091651406,-0.969009676488273,0.03383856354792));
#11111=DIRECTION('',(0.293827435900922,-0.955276198996314,0.0333589799461032));
#11112=DIRECTION('',(0.339818657614919,-0.939918056433551,0.0328226617898476));
#11113=DIRECTION('',(0.372673729318627,-0.927397151121598,0.0323854221416209));
#11114=DIRECTION('',(0.41127557007508,-0.910955788229492,0.0318112770979355));
#11115=DIRECTION('',(0.455613410762681,-0.889635474026903,0.0310667553201752));
#11116=DIRECTION('',(0.521494542341878,-0.852734837854401,0.0297781567102964));
#11117=DIRECTION('',(0.803430426400089,-0.595035947142098,0.020779113149453));
#11118=DIRECTION('',(0.985887867661006,-0.167305046296283,0.00584242095651868));
#11119=DIRECTION('',(0.895307244094276,0.44517778705076,-0.0155459508844459));
#11120=DIRECTION('',(0.313903507197922,0.94887650774702,-0.0331354978031682));
#11121=DIRECTION('',(-0.253486337242783,0.966749690111168,-0.0337596430845906));
#11122=DIRECTION('',(0.,0.,1.));
#11123=DIRECTION('',(1.,0.,0.));
#11124=DIRECTION('',(-1.,0.,0.));
#11125=DIRECTION('',(0.,-1.,0.));
#11126=DIRECTION('',(-1.,0.,0.));
#11127=DIRECTION('',(0.,-1.,0.));
#11128=DIRECTION('',(0.,-1.,0.));
#11129=DIRECTION('',(-1.,0.,0.));
#11130=DIRECTION('',(0.,-1.,0.));
#11131=DIRECTION('',(-1.,0.,0.));
#11132=DIRECTION('',(0.,0.,1.));
#11133=DIRECTION('',(1.,0.,0.));
#11134=DIRECTION('',(0.,0.,1.));
#11135=DIRECTION('',(1.,0.,0.));
#11136=DIRECTION('',(0.,0.,1.));
#11137=DIRECTION('',(1.,0.,0.));
#11138=DIRECTION('',(1.,0.,0.));
#11139=DIRECTION('',(0.,0.,-1.));
#11140=DIRECTION('',(0.,0.,-1.));
#11141=DIRECTION('',(0.,0.,-1.));
#11142=DIRECTION('',(0.,-1.,0.));
#11143=DIRECTION('',(0.,-1.,0.));
#11144=DIRECTION('',(0.,0.,-1.));
#11145=DIRECTION('',(-1.,0.,0.));
#11146=DIRECTION('',(0.,0.,-1.));
#11147=DIRECTION('',(1.,0.,0.));
#11148=DIRECTION('',(0.,0.,-1.));
#11149=DIRECTION('',(0.,-1.,0.));
#11150=DIRECTION('',(0.,0.,-1.));
#11151=DIRECTION('',(0.,-1.,0.));
#11152=DIRECTION('',(0.,0.,-1.));
#11153=DIRECTION('',(-1.,0.,0.));
#11154=DIRECTION('',(0.,1.,0.));
#11155=DIRECTION('',(0.,0.,1.));
#11156=DIRECTION('',(1.,0.,0.));
#11157=DIRECTION('',(0.,0.,-1.));
#11158=DIRECTION('',(0.,0.,-1.));
#11159=DIRECTION('',(1.,0.,0.));
#11160=DIRECTION('',(0.,0.,-1.));
#11161=DIRECTION('',(0.,0.,-1.));
#11162=DIRECTION('',(0.,1.,0.));
#11163=DIRECTION('',(0.,0.,-1.));
#11164=DIRECTION('',(0.,0.,-1.));
#11165=DIRECTION('',(0.,-1.,0.));
#11166=DIRECTION('',(0.,0.,-1.));
#11167=DIRECTION('',(0.,1.,0.));
#11168=DIRECTION('',(0.,0.,1.));
#11169=DIRECTION('',(1.,0.,0.));
#11170=DIRECTION('',(0.,0.,-1.));
#11171=DIRECTION('',(0.,0.,-1.));
#11172=DIRECTION('',(1.,0.,0.));
#11173=DIRECTION('',(0.,0.,-1.));
#11174=DIRECTION('',(0.,0.,-1.));
#11175=DIRECTION('',(1.,0.,0.));
#11176=DIRECTION('',(0.,0.,-1.));
#11177=DIRECTION('',(0.,-1.,0.));
#11178=DIRECTION('',(0.,0.,-1.));
#11179=DIRECTION('',(0.,0.,-1.));
#11180=DIRECTION('',(0.,0.,1.));
#11181=DIRECTION('',(1.,0.,0.));
#11182=DIRECTION('',(0.,0.,1.));
#11183=DIRECTION('',(1.,0.,0.));
#11184=DIRECTION('',(0.,0.,1.));
#11185=DIRECTION('',(1.,0.,0.));
#11186=DIRECTION('',(0.,0.,1.));
#11187=DIRECTION('',(1.,0.,0.));
#11188=DIRECTION('',(0.,0.,1.));
#11189=DIRECTION('',(1.,0.,0.));
#11190=DIRECTION('',(0.,0.,1.));
#11191=DIRECTION('',(1.,0.,0.));
#11192=DIRECTION('',(0.,0.,1.));
#11193=DIRECTION('',(1.,0.,0.));
#11194=DIRECTION('',(0.,0.,1.));
#11195=DIRECTION('',(1.,0.,0.));
#11196=DIRECTION('',(0.,0.,1.));
#11197=DIRECTION('',(1.,0.,0.));
#11198=DIRECTION('',(0.,0.,-1.));
#11199=DIRECTION('',(-1.,0.,0.));
#11200=DIRECTION('',(0.,0.,1.));
#11201=DIRECTION('',(1.,0.,0.));
#11202=DIRECTION('',(0.,0.,-1.));
#11203=DIRECTION('',(-1.,0.,0.));
#11204=DIRECTION('',(0.,0.,1.));
#11205=DIRECTION('',(1.,0.,0.));
#11206=DIRECTION('',(0.,0.,1.));
#11207=DIRECTION('',(1.,0.,0.));
#11208=DIRECTION('',(0.,0.,-1.));
#11209=DIRECTION('',(-1.,0.,0.));
#11210=DIRECTION('',(0.,0.,1.));
#11211=DIRECTION('',(1.,0.,0.));
#11212=DIRECTION('',(0.,0.,1.));
#11213=DIRECTION('',(1.,0.,0.));
#11214=DIRECTION('',(0.,0.,1.));
#11215=DIRECTION('',(1.,0.,0.));
#11216=DIRECTION('',(-0.879028448803982,-0.476769321782836,1.07649937618726E-16));
#11217=DIRECTION('',(-0.476769321782836,0.879028448803982,5.83874023853004E-17));
#11218=DIRECTION('',(-0.476769321782836,0.879028448803982,5.83874023853004E-17));
#11219=DIRECTION('',(-1.22464679914735E-16,0.,-1.));
#11220=DIRECTION('',(-0.476769321782836,0.879028448803982,5.83874023853004E-17));
#11221=DIRECTION('',(-1.22464679914735E-16,0.,-1.));
#11222=DIRECTION('',(-0.841696705597371,-0.539950604950613,1.03078117636269E-16));
#11223=DIRECTION('',(-0.539950604950613,0.841696705597371,6.61248780050445E-17));
#11224=DIRECTION('',(-0.539950604950613,0.841696705597371,6.61248780050445E-17));
#11225=DIRECTION('',(-1.22464679914735E-16,0.,-1.));
#11226=DIRECTION('',(-0.539950604950613,0.841696705597371,6.61248780050445E-17));
#11227=DIRECTION('',(-0.663358385021659,-0.748301846196745,8.12379722904332E-17));
#11228=DIRECTION('',(-0.748301846196745,0.663358385021659,9.16405460740899E-17));
#11229=DIRECTION('',(-0.748301846196745,0.663358385021659,9.16405460740899E-17));
#11230=DIRECTION('',(-1.22464679914735E-16,0.,-1.));
#11231=DIRECTION('',(-0.748301846196745,0.663358385021659,9.16405460740899E-17));
#11232=DIRECTION('',(-0.374088229469555,-0.927393118678554,4.58125952818591E-17));
#11233=DIRECTION('',(-0.927393118678554,0.374088229469555,1.13572901434097E-16));
#11234=DIRECTION('',(-0.927393118678553,0.374088229469555,1.13572901434097E-16));
#11235=DIRECTION('',(-1.22464679914735E-16,0.,-1.));
#11236=DIRECTION('',(-0.927393118678553,0.374088229469555,1.13572901434097E-16));
#11237=DIRECTION('',(-0.0447181030444599,-0.998999645275265,5.47638817573393E-18));
#11238=DIRECTION('',(-0.998999645275265,0.0447181030444599,1.22342171793569E-16));
#11239=DIRECTION('',(-0.998999645275265,0.0447181030444599,1.22342171793569E-16));
#11240=DIRECTION('',(-1.22464679914735E-16,0.,-1.));
#11241=DIRECTION('',(-0.998999645275265,0.0447181030444599,1.22342171793569E-16));
#11242=DIRECTION('',(0.440743570393358,-0.89763305707673,-5.39755202727002E-17));
#11243=DIRECTION('',(-0.89763305707673,-0.440743570393358,1.09928345015787E-16));
#11244=DIRECTION('',(-0.89763305707673,-0.440743570393358,1.09928345015787E-16));
#11245=DIRECTION('',(-1.22464679914735E-16,0.,-1.));
#11246=DIRECTION('',(-0.89763305707673,-0.440743570393358,1.09928345015787E-16));
#11247=DIRECTION('',(0.72982308721382,-0.683636059149669,-8.93775507700244E-17));
#11248=DIRECTION('',(-0.683636059149669,-0.729823087213819,8.37212711619353E-17));
#11249=DIRECTION('',(-0.683636059149669,-0.729823087213819,8.37212711619353E-17));
#11250=DIRECTION('',(-1.22464679914735E-16,0.,-1.));
#11251=DIRECTION('',(-0.683636059149669,-0.729823087213819,8.37212711619353E-17));
#11252=DIRECTION('',(0.847382935405435,-0.5309822603286,-1.03774479949635E-16));
#11253=DIRECTION('',(-0.5309822603286,-0.847382935405435,6.50265725515447E-17));
#11254=DIRECTION('',(-0.5309822603286,-0.847382935405435,6.50265725515447E-17));
#11255=DIRECTION('',(-1.22464679914735E-16,0.,-1.));
#11256=DIRECTION('',(-0.5309822603286,-0.847382935405435,6.50265725515447E-17));
#11257=DIRECTION('',(0.986942737585963,-0.161071514323063,-1.20865626452638E-16));
#11258=DIRECTION('',(-0.161071514323063,-0.986942737585963,1.97255714449556E-17));
#11259=DIRECTION('',(-0.161071514323063,-0.986942737585963,1.97255714449556E-17));
#11260=DIRECTION('',(-1.22464679914735E-16,0.,-1.));
#11261=DIRECTION('',(-0.161071514323063,-0.986942737585963,1.97255714449556E-17));
#11262=DIRECTION('',(0.999723556933173,-0.0235119057688981,-1.22430825403042E-16));
#11263=DIRECTION('',(-0.0235119057688981,-0.999723556933173,2.87937801417352E-18));
#11264=DIRECTION('',(-0.0235119057688981,-0.999723556933173,2.87937801417352E-18));
#11265=DIRECTION('',(-1.22464679914735E-16,0.,-1.));
#11266=DIRECTION('',(-0.0235119057688981,-0.999723556933173,2.87937801417352E-18));
#11267=DIRECTION('',(0.997752387170101,0.0670087598479837,-1.22189426728949E-16));
#11268=DIRECTION('',(0.0670087598479837,-0.997752387170101,-8.2062063262667E-18));
#11269=DIRECTION('',(0.0670087598479837,-0.997752387170101,-8.2062063262667E-18));
#11270=DIRECTION('',(-1.22464679914735E-16,0.,-1.));
#11271=DIRECTION('',(0.0670087598479837,-0.997752387170101,-8.2062063262667E-18));
#11272=DIRECTION('',(0.991367701218481,0.131110949126242,-1.21407528207528E-16));
#11273=DIRECTION('',(0.131110949126242,-0.991367701218481,-1.60564604180624E-17));
#11274=DIRECTION('',(0.131110949126242,-0.991367701218481,-1.60564604180624E-17));
#11275=DIRECTION('',(-1.22464679914735E-16,0.,-1.));
#11276=DIRECTION('',(0.131110949126242,-0.991367701218481,-1.60564604180624E-17));
#11277=DIRECTION('',(0.979772558266429,0.200114302507486,-1.1998753273734E-16));
#11278=DIRECTION('',(0.200114302507486,-0.979772558266429,-2.45069340029398E-17));
#11279=DIRECTION('',(0.200114302507486,-0.979772558266429,-2.45069340029398E-17));
#11280=DIRECTION('',(-1.22464679914735E-16,0.,-1.));
#11281=DIRECTION('',(0.200114302507486,-0.979772558266429,-2.45069340029398E-17));
#11282=DIRECTION('',(0.95343977245007,0.301583488126188,-1.16762696551076E-16));
#11283=DIRECTION('',(0.301583488126188,-0.95343977245007,-3.69333253409429E-17));
#11284=DIRECTION('',(0.301583488126188,-0.95343977245007,-3.69333253409429E-17));
#11285=DIRECTION('',(-1.22464679914735E-16,0.,-1.));
#11286=DIRECTION('',(0.301583488126188,-0.95343977245007,-3.69333253409429E-17));
#11287=DIRECTION('',(0.787618534494793,0.616163163553515,-9.64554517218177E-17));
#11288=DIRECTION('',(0.616163163553515,-0.787618534494792,-7.54582245998319E-17));
#11289=DIRECTION('',(0.616163163553515,-0.787618534494792,-7.54582245998319E-17));
#11290=DIRECTION('',(-1.22464679914735E-16,0.,-1.));
#11291=DIRECTION('',(0.616163163553515,-0.787618534494792,-7.54582245998319E-17));
#11292=DIRECTION('',(0.615924330539968,0.787805317987187,-7.54289759912748E-17));
#11293=DIRECTION('',(0.787805317987187,-0.615924330539968,-9.64783261024271E-17));
#11294=DIRECTION('',(0.787805317987187,-0.615924330539968,-9.64783261024271E-17));
#11295=DIRECTION('',(-1.22464679914735E-16,0.,-1.));
#11296=DIRECTION('',(0.787805317987187,-0.615924330539968,-9.64783261024271E-17));
#11297=DIRECTION('',(0.371034226309736,0.928619191545563,-4.54385877624333E-17));
#11298=DIRECTION('',(0.928619191545563,-0.371034226309736,-1.13723052055308E-16));
#11299=DIRECTION('',(0.928619191545563,-0.371034226309736,-1.13723052055308E-16));
#11300=DIRECTION('',(-1.22464679914735E-16,0.,-1.));
#11301=DIRECTION('',(0.928619191545563,-0.371034226309736,-1.13723052055308E-16));
#11302=DIRECTION('',(0.0260896661658743,0.999659606725886,-3.19506261608609E-18));
#11303=DIRECTION('',(0.999659606725886,-0.0260896661658743,-1.22422993761376E-16));
#11304=DIRECTION('',(0.999659606725886,-0.0260896661658743,-1.22422993761376E-16));
#11305=DIRECTION('',(-1.22464679914735E-16,0.,-1.));
#11306=DIRECTION('',(0.999659606725886,-0.0260896661658743,-1.22422993761376E-16));
#11307=DIRECTION('',(-0.423480712528549,0.905905119820124,5.18614299098728E-17));
#11308=DIRECTION('',(0.905905119820124,0.423480712528549,-1.10941380531891E-16));
#11309=DIRECTION('',(0.905905119820124,0.423480712528549,-1.10941380531891E-16));
#11310=DIRECTION('',(-1.22464679914735E-16,0.,-1.));
#11311=DIRECTION('',(0.905905119820124,0.423480712528549,-1.10941380531891E-16));
#11312=DIRECTION('',(-0.831724732945393,0.555188228087479,1.01856903197326E-16));
#11313=DIRECTION('',(0.555188228087479,0.831724732945393,-6.79909486451622E-17));
#11314=DIRECTION('',(0.555188228087479,0.831724732945393,-6.79909486451622E-17));
#11315=DIRECTION('',(-1.22464679914735E-16,0.,-1.));
#11316=DIRECTION('',(0.555188228087479,0.831724732945393,-6.79909486451622E-17));
#11317=DIRECTION('',(-0.994447487037144,0.105234003656186,1.21784693192017E-16));
#11318=DIRECTION('',(0.105234003656186,0.994447487037144,-1.28874485739009E-17));
#11319=DIRECTION('',(0.105234003656186,0.994447487037144,-1.28874485739009E-17));
#11320=DIRECTION('',(-1.22464679914735E-16,0.,-1.));
#11321=DIRECTION('',(0.105234003656186,0.994447487037144,-1.28874485739009E-17));
#11322=DIRECTION('',(-0.97163034169326,-0.236504712640231,1.1899039879091E-16));
#11323=DIRECTION('',(-0.236504712640231,0.97163034169326,2.89634739318124E-17));
#11324=DIRECTION('',(-0.236504712640231,0.97163034169326,2.89634739318124E-17));
#11325=DIRECTION('',(-1.22464679914735E-16,0.,-1.));
#11326=DIRECTION('',(-0.236504712640231,0.97163034169326,2.89634739318124E-17));
#11327=DIRECTION('',(-0.952815052481746,-0.303551438415645,1.16686190420119E-16));
#11328=DIRECTION('',(-0.303551438415645,0.952815052481746,3.71743297432294E-17));
#11329=DIRECTION('',(-0.303551438415645,0.952815052481746,3.71743297432294E-17));
#11330=DIRECTION('',(-1.22464679914735E-16,0.,-1.));
#11331=DIRECTION('',(-0.303551438415645,0.952815052481746,3.71743297432294E-17));
#11332=DIRECTION('',(-0.110972866544837,0.993823436476934,1.35902565806341E-17));
#11333=DIRECTION('',(0.993823436476934,0.110972866544837,-1.2170826903991E-16));
#11334=DIRECTION('',(0.993823436476934,0.110972866544837,-1.2170826903991E-16));
#11335=DIRECTION('',(-1.22464679914735E-16,0.,-1.));
#11336=DIRECTION('',(0.993823436476934,0.110972866544837,-1.2170826903991E-16));
#11337=DIRECTION('',(0.854415589648661,0.51959022331577,-1.04635731700483E-16));
#11338=DIRECTION('',(0.51959022331577,-0.854415589648661,-6.36314503851916E-17));
#11339=DIRECTION('',(0.51959022331577,-0.854415589648661,-6.36314503851916E-17));
#11340=DIRECTION('',(-1.22464679914735E-16,0.,-1.));
#11341=DIRECTION('',(0.51959022331577,-0.854415589648661,-6.36314503851916E-17));
#11342=DIRECTION('',(0.740970483118924,0.671537596227127,-9.07427130414258E-17));
#11343=DIRECTION('',(0.671537596227127,-0.740970483118924,-8.22396367726659E-17));
#11344=DIRECTION('',(0.671537596227127,-0.740970483118924,-8.22396367726659E-17));
#11345=DIRECTION('',(-1.22464679914735E-16,0.,-1.));
#11346=DIRECTION('',(0.671537596227127,-0.740970483118924,-8.22396367726659E-17));
#11347=DIRECTION('',(0.519401171428999,0.854530527903002,-6.3608298206391E-17));
#11348=DIRECTION('',(0.854530527903002,-0.519401171428999,-1.04649807577011E-16));
#11349=DIRECTION('',(0.854530527903002,-0.519401171428999,-1.04649807577011E-16));
#11350=DIRECTION('',(-1.22464679914735E-16,0.,-1.));
#11351=DIRECTION('',(0.854530527903002,-0.519401171428999,-1.04649807577011E-16));
#11352=DIRECTION('',(0.0866799072559289,0.996236213795756,-1.06152270971363E-17));
#11353=DIRECTION('',(0.996236213795756,-0.0866799072559289,-1.22003749041965E-16));
#11354=DIRECTION('',(0.996236213795756,-0.0866799072559289,-1.22003749041965E-16));
#11355=DIRECTION('',(-1.22464679914735E-16,0.,-1.));
#11356=DIRECTION('',(0.996236213795756,-0.0866799072559289,-1.22003749041965E-16));
#11357=DIRECTION('',(-0.527141619158397,0.849777449307208,6.45562296599684E-17));
#11358=DIRECTION('',(0.849777449307208,0.527141619158397,-1.04067723328167E-16));
#11359=DIRECTION('',(0.849777449307208,0.527141619158397,-1.04067723328167E-16));
#11360=DIRECTION('',(-1.22464679914735E-16,0.,-1.));
#11361=DIRECTION('',(0.849777449307208,0.527141619158397,-1.04067723328167E-16));
#11362=DIRECTION('',(-0.918898779026382,0.394493388922836,1.12532644847507E-16));
#11363=DIRECTION('',(0.394493388922836,0.918898779026382,-4.83115066029143E-17));
#11364=DIRECTION('',(0.394493388922836,0.918898779026382,-4.83115066029143E-17));
#11365=DIRECTION('',(-1.22464679914735E-16,0.,-1.));
#11366=DIRECTION('',(0.394493388922836,0.918898779026382,-4.83115066029143E-17));
#11367=DIRECTION('',(-0.998873946813276,-0.0474430013560313,1.22326778171656E-16));
#11368=DIRECTION('',(-0.0474430013560313,0.998873946813276,5.81009197526072E-18));
#11369=DIRECTION('',(-0.0474430013560313,0.998873946813276,5.81009197526072E-18));
#11370=DIRECTION('',(-1.22464679914735E-16,0.,-1.));
#11371=DIRECTION('',(-0.0474430013560313,0.998873946813276,5.81009197526072E-18));
#11372=DIRECTION('',(-0.982687412348999,-0.185271286525538,1.2034449940956E-16));
#11373=DIRECTION('',(-0.185271286525538,0.982687412348999,2.26891888017412E-17));
#11374=DIRECTION('',(-0.185271286525538,0.982687412348999,2.26891888017412E-17));
#11375=DIRECTION('',(-1.22464679914735E-16,0.,-1.));
#11376=DIRECTION('',(-0.185271286525538,0.982687412348999,2.26891888017412E-17));
#11377=DIRECTION('',(-1.22464679914735E-16,0.,-1.));
#11378=DIRECTION('',(-0.851298511313954,-0.524681660280447,1.04253999699954E-16));
#11379=DIRECTION('',(-0.524681660280447,0.851298511313954,6.42549715833768E-17));
#11380=DIRECTION('',(-0.524681660280447,0.851298511313954,6.42549715833768E-17));
#11381=DIRECTION('',(-1.22464679914735E-16,0.,-1.));
#11382=DIRECTION('',(-0.524681660280447,0.851298511313954,6.42549715833768E-17));
#11383=DIRECTION('',(-0.470927690205894,-0.882171814669536,5.76720088440504E-17));
#11384=DIRECTION('',(-0.882171814669536,0.470927690205894,1.08034888913306E-16));
#11385=DIRECTION('',(-0.882171814669536,0.470927690205894,1.08034888913306E-16));
#11386=DIRECTION('',(-1.22464679914735E-16,0.,-1.));
#11387=DIRECTION('',(-0.882171814669536,0.470927690205894,1.08034888913306E-16));
#11388=DIRECTION('',(0.212205463596734,-0.97722507193568,-2.5987674175532E-17));
#11389=DIRECTION('',(-0.97722507193568,-0.212205463596734,1.19675555639257E-16));
#11390=DIRECTION('',(-0.97722507193568,-0.212205463596734,1.19675555639257E-16));
#11391=DIRECTION('',(-1.22464679914735E-16,0.,-1.));
#11392=DIRECTION('',(-0.97722507193568,-0.212205463596734,1.19675555639257E-16));
#11393=DIRECTION('',(0.67916909289939,-0.733981841226485,-8.31742255699049E-17));
#11394=DIRECTION('',(-0.733981841226485,-0.67916909289939,8.98868512490295E-17));
#11395=DIRECTION('',(-0.733981841226485,-0.67916909289939,8.98868512490295E-17));
#11396=DIRECTION('',(-1.22464679914735E-16,0.,-1.));
#11397=DIRECTION('',(-0.733981841226485,-0.67916909289939,8.98868512490295E-17));
#11398=DIRECTION('',(0.206265390304123,-0.978496085205601,-2.52602250010824E-17));
#11399=DIRECTION('',(-0.978496085205601,-0.206265390304123,1.19831209872526E-16));
#11400=DIRECTION('',(-0.978496085205601,-0.206265390304123,1.19831209872526E-16));
#11401=DIRECTION('',(-1.22464679914735E-16,0.,-1.));
#11402=DIRECTION('',(-0.978496085205601,-0.206265390304123,1.19831209872526E-16));
#11403=DIRECTION('',(-0.352748297465674,-0.935718247462915,4.31992073396016E-17));
#11404=DIRECTION('',(-0.935718247462915,0.352748297465674,1.14592435665923E-16));
#11405=DIRECTION('',(-0.935718247462915,0.352748297465674,1.14592435665923E-16));
#11406=DIRECTION('',(-1.22464679914735E-16,0.,-1.));
#11407=DIRECTION('',(-0.935718247462915,0.352748297465674,1.14592435665923E-16));
#11408=DIRECTION('',(-0.692426839778258,-0.721488095227284,8.47978312978161E-17));
#11409=DIRECTION('',(-0.721488095227284,0.692426839778258,8.83568086443014E-17));
#11410=DIRECTION('',(-0.721488095227284,0.692426839778258,8.83568086443014E-17));
#11411=DIRECTION('',(-1.22464679914735E-16,0.,-1.));
#11412=DIRECTION('',(-0.721488095227284,0.692426839778258,8.83568086443014E-17));
#11413=DIRECTION('',(-0.837543051400788,-0.546371336226798,1.02569441704608E-16));
#11414=DIRECTION('',(-0.546371336226798,0.837543051400788,6.69111908056011E-17));
#11415=DIRECTION('',(-0.546371336226798,0.837543051400788,6.69111908056011E-17));
#11416=DIRECTION('',(-1.22464679914735E-16,0.,-1.));
#11417=DIRECTION('',(-0.546371336226798,0.837543051400788,6.69111908056011E-17));
#11418=DIRECTION('',(-0.919058080145298,-0.394122119805067,1.12552153608045E-16));
#11419=DIRECTION('',(-0.394122119805067,0.919058080145298,4.82660392492444E-17));
#11420=DIRECTION('',(-0.394122119805067,0.919058080145298,4.82660392492444E-17));
#11421=DIRECTION('',(-1.22464679914735E-16,0.,-1.));
#11422=DIRECTION('',(-0.394122119805067,0.919058080145298,4.82660392492444E-17));
#11423=DIRECTION('',(-0.956089208233625,-0.293075802309234,1.17087158856264E-16));
#11424=DIRECTION('',(-0.293075802309234,0.956089208233625,3.58914343205545E-17));
#11425=DIRECTION('',(-0.293075802309234,0.956089208233625,3.58914343205545E-17));
#11426=DIRECTION('',(-1.22464679914735E-16,0.,-1.));
#11427=DIRECTION('',(-0.293075802309234,0.956089208233625,3.58914343205545E-17));
#11428=DIRECTION('',(-0.990028865286756,-0.140864636793692,1.21243568093691E-16));
#11429=DIRECTION('',(-0.140864636793692,0.990028865286756,1.72509426562449E-17));
#11430=DIRECTION('',(-0.140864636793692,0.990028865286756,1.72509426562449E-17));
#11431=DIRECTION('',(-1.22464679914735E-16,0.,-1.));
#11432=DIRECTION('',(-0.140864636793692,0.990028865286756,1.72509426562449E-17));
#11433=DIRECTION('',(-0.999893099919735,-0.0146215160945258,1.22451588430623E-16));
#11434=DIRECTION('',(-0.0146215160945258,0.999893099919735,1.79061928838426E-18));
#11435=DIRECTION('',(-0.0146215160945258,0.999893099919735,1.79061928838426E-18));
#11436=DIRECTION('',(-1.22464679914735E-16,0.,-1.));
#11437=DIRECTION('',(-0.0146215160945258,0.999893099919735,1.79061928838426E-18));
#11438=DIRECTION('',(-0.980704351840409,0.195496737265058,1.20101644539124E-16));
#11439=DIRECTION('',(0.195496737265058,0.980704351840409,-2.39414453535404E-17));
#11440=DIRECTION('',(0.195496737265058,0.980704351840409,-2.39414453535404E-17));
#11441=DIRECTION('',(-1.22464679914735E-16,0.,-1.));
#11442=DIRECTION('',(0.195496737265058,0.980704351840409,-2.39414453535404E-17));
#11443=DIRECTION('',(-0.893194584095828,0.44967036253447,1.09384788842871E-16));
#11444=DIRECTION('',(0.44967036253447,0.893194584095828,-5.50687370149268E-17));
#11445=DIRECTION('',(0.44967036253447,0.893194584095828,-5.50687370149268E-17));
#11446=DIRECTION('',(-1.22464679914735E-16,0.,-1.));
#11447=DIRECTION('',(0.44967036253447,0.893194584095828,-5.50687370149268E-17));
#11448=DIRECTION('',(-0.741722220294127,0.670707199843532,9.0834774293967E-17));
#11449=DIRECTION('',(0.670707199843532,0.741722220294127,-8.21379425453465E-17));
#11450=DIRECTION('',(0.670707199843532,0.741722220294127,-8.21379425453465E-17));
#11451=DIRECTION('',(-1.22464679914735E-16,0.,-1.));
#11452=DIRECTION('',(0.670707199843532,0.741722220294127,-8.21379425453465E-17));
#11453=DIRECTION('',(-0.495928159785002,0.868363553088372,6.0733683348774E-17));
#11454=DIRECTION('',(0.868363553088372,0.495928159785002,-1.0634386457859E-16));
#11455=DIRECTION('',(0.868363553088372,0.495928159785002,-1.0634386457859E-16));
#11456=DIRECTION('',(-1.22464679914735E-16,0.,-1.));
#11457=DIRECTION('',(0.868363553088372,0.495928159785002,-1.0634386457859E-16));
#11458=DIRECTION('',(-0.23156883613755,0.972818520655266,2.83590033958128E-17));
#11459=DIRECTION('',(0.972818520655266,0.23156883613755,-1.19135908747173E-16));
#11460=DIRECTION('',(0.972818520655266,0.23156883613755,-1.19135908747173E-16));
#11461=DIRECTION('',(-1.22464679914735E-16,0.,-1.));
#11462=DIRECTION('',(0.972818520655266,0.23156883613755,-1.19135908747173E-16));
#11463=DIRECTION('',(-0.0439320051138233,0.999034523390798,5.38011894427689E-18));
#11464=DIRECTION('',(0.999034523390798,0.0439320051138233,-1.22346443130824E-16));
#11465=DIRECTION('',(0.999034523390798,0.0439320051138233,-1.22346443130824E-16));
#11466=DIRECTION('',(-1.22464679914735E-16,0.,-1.));
#11467=DIRECTION('',(0.999034523390798,0.0439320051138233,-1.22346443130824E-16));
#11468=DIRECTION('',(-0.663348521927429,0.748310589566054,8.12367644097554E-17));
#11469=DIRECTION('',(0.748310589566054,0.663348521927429,-9.16416168280137E-17));
#11470=DIRECTION('',(0.748310589566054,0.663348521927429,-9.16416168280137E-17));
#11471=DIRECTION('',(-1.22464679914735E-16,0.,-1.));
#11472=DIRECTION('',(0.748310589566054,0.663348521927429,-9.16416168280137E-17));
#11473=DIRECTION('',(-0.976579792330886,0.215155546549382,1.19596531679001E-16));
#11474=DIRECTION('',(0.215155546549382,0.976579792330886,-2.634895514005E-17));
#11475=DIRECTION('',(0.215155546549382,0.976579792330886,-2.634895514005E-17));
#11476=DIRECTION('',(-1.22464679914735E-16,0.,-1.));
#11477=DIRECTION('',(0.215155546549382,0.976579792330886,-2.634895514005E-17));
#11478=DIRECTION('',(-0.964214629080031,-0.265122894273689,1.18082235919391E-16));
#11479=DIRECTION('',(-0.265122894273689,0.964214629080031,3.24681903852955E-17));
#11480=DIRECTION('',(-0.265122894273689,0.964214629080031,3.24681903852955E-17));
#11481=DIRECTION('',(-1.22464679914735E-16,0.,-1.));
#11482=DIRECTION('',(-0.265122894273689,0.964214629080031,3.24681903852955E-17));
#11483=DIRECTION('',(-0.809949219499796,-0.586500010086677,9.91901719132322E-17));
#11484=DIRECTION('',(-0.586500010086677,0.809949219499796,7.18255360052539E-17));
#11485=DIRECTION('',(-0.586500010086677,0.809949219499796,7.18255360052539E-17));
#11486=DIRECTION('',(-1.22464679914735E-16,0.,-1.));
#11487=DIRECTION('',(-0.586500010086677,0.809949219499796,7.18255360052539E-17));
#11488=DIRECTION('',(-0.587833894964968,-0.808981651170356,7.19888897899169E-17));
#11489=DIRECTION('',(-0.808981651170356,0.587833894964968,9.90716789674717E-17));
#11490=DIRECTION('',(-0.808981651170356,0.587833894964968,9.90716789674717E-17));
#11491=DIRECTION('',(-1.22464679914735E-16,0.,-1.));
#11492=DIRECTION('',(-0.808981651170356,0.587833894964968,9.90716789674717E-17));
#11493=DIRECTION('',(-0.376221374911858,-0.926529803654168,4.60738302556624E-17));
#11494=DIRECTION('',(-0.926529803654168,0.376221374911858,1.1346717583597E-16));
#11495=DIRECTION('',(-0.926529803654168,0.376221374911858,1.1346717583597E-16));
#11496=DIRECTION('',(-1.22464679914735E-16,0.,-1.));
#11497=DIRECTION('',(-0.926529803654168,0.376221374911858,1.1346717583597E-16));
#11498=DIRECTION('',(0.107357435525193,-0.994220489145871,-1.31474939780596E-17));
#11499=DIRECTION('',(-0.994220489145871,-0.107357435525193,1.21756893967921E-16));
#11500=DIRECTION('',(-0.994220489145871,-0.107357435525193,1.21756893967921E-16));
#11501=DIRECTION('',(-1.22464679914735E-16,0.,-1.));
#11502=DIRECTION('',(-0.994220489145871,-0.107357435525193,1.21756893967921E-16));
#11503=DIRECTION('',(0.24697216576922,-0.96902257421345,-3.02453672287765E-17));
#11504=DIRECTION('',(-0.96902257421345,-0.24697216576922,1.18671039381203E-16));
#11505=DIRECTION('',(-0.96902257421345,-0.24697216576922,1.18671039381203E-16));
#11506=DIRECTION('',(-1.22464679914735E-16,0.,-1.));
#11507=DIRECTION('',(-0.96902257421345,-0.24697216576922,1.18671039381203E-16));
#11508=DIRECTION('',(0.429125760652921,-0.903244751739003,-5.25527489215272E-17));
#11509=DIRECTION('',(-0.903244751739003,-0.429125760652921,1.10615579406381E-16));
#11510=DIRECTION('',(-0.903244751739003,-0.429125760652921,1.10615579406381E-16));
#11511=DIRECTION('',(-1.22464679914735E-16,0.,-1.));
#11512=DIRECTION('',(-0.903244751739003,-0.429125760652921,1.10615579406381E-16));
#11513=DIRECTION('',(0.583285451507773,-0.812267247929752,-7.14318661178213E-17));
#11514=DIRECTION('',(-0.812267247929752,-0.583285451507773,9.94740485229401E-17));
#11515=DIRECTION('',(-0.812267247929752,-0.583285451507773,9.94740485229401E-17));
#11516=DIRECTION('',(-1.22464679914735E-16,0.,-1.));
#11517=DIRECTION('',(-0.812267247929752,-0.583285451507773,9.94740485229401E-17));
#11518=DIRECTION('',(0.739762559276167,-0.672868007779517,-9.05947850346612E-17));
#11519=DIRECTION('',(-0.672868007779517,-0.739762559276167,8.24025651975842E-17));
#11520=DIRECTION('',(-0.672868007779517,-0.739762559276167,8.24025651975842E-17));
#11521=DIRECTION('',(-1.22464679914735E-16,0.,-1.));
#11522=DIRECTION('',(-0.672868007779517,-0.739762559276167,8.24025651975842E-17));
#11523=DIRECTION('',(0.871256464330592,-0.490828048670974,-1.0669814402789E-16));
#11524=DIRECTION('',(-0.490828048670974,-0.871256464330592,6.0109099873665E-17));
#11525=DIRECTION('',(-0.490828048670974,-0.871256464330592,6.0109099873665E-17));
#11526=DIRECTION('',(-1.22464679914735E-16,0.,-1.));
#11527=DIRECTION('',(-0.490828048670974,-0.871256464330592,6.0109099873665E-17));
#11528=DIRECTION('',(0.944041628013187,-0.329826324871458,-1.1561175580082E-16));
#11529=DIRECTION('',(-0.329826324871458,-0.944041628013187,4.03920753028366E-17));
#11530=DIRECTION('',(-0.329826324871458,-0.944041628013187,4.03920753028366E-17));
#11531=DIRECTION('',(-1.22464679914735E-16,0.,-1.));
#11532=DIRECTION('',(-0.329826324871458,-0.944041628013187,4.03920753028366E-17));
#11533=DIRECTION('',(0.98188567502911,-0.189474328531939,-1.20246314905304E-16));
#11534=DIRECTION('',(-0.189474328531939,-0.98188567502911,2.32039129957232E-17));
#11535=DIRECTION('',(-0.189474328531939,-0.98188567502911,2.32039129957232E-17));
#11536=DIRECTION('',(-1.22464679914735E-16,0.,-1.));
#11537=DIRECTION('',(-0.189474328531939,-0.98188567502911,2.32039129957232E-17));
#11538=DIRECTION('',(0.999000452929202,-0.0447000564568837,-1.2234227070265E-16));
#11539=DIRECTION('',(-0.0447000564568838,-0.999000452929202,5.47417810616287E-18));
#11540=DIRECTION('',(-0.0447000564568837,-0.999000452929202,5.47417810616287E-18));
#11541=DIRECTION('',(-1.22464679914735E-16,0.,-1.));
#11542=DIRECTION('',(-0.0447000564568837,-0.999000452929202,5.47417810616287E-18));
#11543=DIRECTION('',(0.994905675181487,0.100810205295241,-1.21840805056454E-16));
#11544=DIRECTION('',(0.100810205295241,-0.994905675181487,-1.23456895236205E-17));
#11545=DIRECTION('',(0.100810205295241,-0.994905675181487,-1.23456895236205E-17));
#11546=DIRECTION('',(-1.22464679914735E-16,0.,-1.));
#11547=DIRECTION('',(0.100810205295241,-0.994905675181487,-1.23456895236205E-17));
#11548=DIRECTION('',(0.969125662297565,0.246567334974253,-1.18683664030427E-16));
#11549=DIRECTION('',(0.246567334974253,-0.969125662297565,-3.01957897550512E-17));
#11550=DIRECTION('',(0.246567334974253,-0.969125662297565,-3.01957897550512E-17));
#11551=DIRECTION('',(-1.22464679914735E-16,0.,-1.));
#11552=DIRECTION('',(0.246567334974253,-0.969125662297565,-3.01957897550512E-17));
#11553=DIRECTION('',(0.949802800486326,0.312849229163718,-1.16317295943677E-16));
#11554=DIRECTION('',(0.312849229163718,-0.949802800486326,-3.83129807111064E-17));
#11555=DIRECTION('',(0.312849229163718,-0.949802800486326,-3.83129807111064E-17));
#11556=DIRECTION('',(-1.22464679914735E-16,0.,-1.));
#11557=DIRECTION('',(0.312849229163718,-0.949802800486326,-3.83129807111064E-17));
#11558=DIRECTION('',(0.921513463485955,0.388346413159848,-1.12852851342927E-16));
#11559=DIRECTION('',(0.388346413159848,-0.921513463485955,-4.75587191836563E-17));
#11560=DIRECTION('',(0.388346413159848,-0.921513463485955,-4.75587191836563E-17));
#11561=DIRECTION('',(-1.22464679914735E-16,0.,-1.));
#11562=DIRECTION('',(0.388346413159848,-0.921513463485955,-4.75587191836563E-17));
#11563=DIRECTION('',(0.870154421589413,0.492779141795181,-1.06563182716339E-16));
#11564=DIRECTION('',(0.492779141795181,-0.870154421589413,-6.03480398686048E-17));
#11565=DIRECTION('',(0.492779141795181,-0.870154421589413,-6.03480398686048E-17));
#11566=DIRECTION('',(-1.22464679914735E-16,0.,-1.));
#11567=DIRECTION('',(0.492779141795181,-0.870154421589413,-6.03480398686048E-17));
#11568=DIRECTION('',(0.770595393728768,0.637324673274152,-9.43707182367631E-17));
#11569=DIRECTION('',(0.637324673274152,-0.770595393728769,-7.80497621142823E-17));
#11570=DIRECTION('',(0.637324673274152,-0.770595393728769,-7.80497621142823E-17));
#11571=DIRECTION('',(-1.22464679914735E-16,0.,-1.));
#11572=DIRECTION('',(0.637324673274152,-0.770595393728769,-7.80497621142823E-17));
#11573=DIRECTION('',(0.571936288846397,0.820298044311097,-7.00419945451956E-17));
#11574=DIRECTION('',(0.820298044311097,-0.571936288846397,-1.00457537431242E-16));
#11575=DIRECTION('',(0.820298044311097,-0.571936288846397,-1.00457537431242E-16));
#11576=DIRECTION('',(-1.22464679914735E-16,0.,-1.));
#11577=DIRECTION('',(0.820298044311097,-0.571936288846397,-1.00457537431242E-16));
#11578=DIRECTION('',(0.32502647587175,0.945704916970611,-3.98042633314484E-17));
#11579=DIRECTION('',(0.945704916970611,-0.32502647587175,-1.15815449950597E-16));
#11580=DIRECTION('',(0.945704916970611,-0.32502647587175,-1.15815449950597E-16));
#11581=DIRECTION('',(-1.22464679914735E-16,0.,-1.));
#11582=DIRECTION('',(0.945704916970611,-0.32502647587175,-1.15815449950597E-16));
#11583=DIRECTION('',(0.115641435046642,0.99329102407117,-1.41619913278677E-17));
#11584=DIRECTION('',(0.99329102407117,-0.115641435046642,-1.21643067325055E-16));
#11585=DIRECTION('',(0.99329102407117,-0.115641435046642,-1.21643067325055E-16));
#11586=DIRECTION('',(-1.22464679914735E-16,0.,-1.));
#11587=DIRECTION('',(0.99329102407117,-0.115641435046642,-1.21643067325055E-16));
#11588=DIRECTION('',(0.0287416594043678,0.999586873170453,-3.51983811917424E-18));
#11589=DIRECTION('',(0.999586873170453,-0.0287416594043678,-1.22414086469791E-16));
#11590=DIRECTION('',(0.999586873170453,-0.0287416594043678,-1.22414086469791E-16));
#11591=DIRECTION('',(-1.22464679914735E-16,0.,-1.));
#11592=DIRECTION('',(0.999586873170453,-0.0287416594043678,-1.22414086469791E-16));
#11593=DIRECTION('',(-0.23841046842741,0.971164480685029,2.91968617042849E-17));
#11594=DIRECTION('',(0.971164480685029,0.23841046842741,-1.18933347271652E-16));
#11595=DIRECTION('',(0.971164480685029,0.23841046842741,-1.18933347271652E-16));
#11596=DIRECTION('',(-1.22464679914735E-16,0.,-1.));
#11597=DIRECTION('',(0.971164480685029,0.23841046842741,-1.18933347271652E-16));
#11598=DIRECTION('',(-0.50813122404913,0.861279663725049,6.22281277078594E-17));
#11599=DIRECTION('',(0.861279663725049,0.50813122404913,-1.05476338335159E-16));
#11600=DIRECTION('',(0.861279663725049,0.50813122404913,-1.05476338335159E-16));
#11601=DIRECTION('',(-1.22464679914735E-16,0.,-1.));
#11602=DIRECTION('',(0.861279663725049,0.50813122404913,-1.05476338335159E-16));
#11603=DIRECTION('',(-0.727819877886218,0.685768346713152,8.91322283809175E-17));
#11604=DIRECTION('',(0.685768346713152,0.727819877886218,-8.39824010758834E-17));
#11605=DIRECTION('',(0.685768346713152,0.727819877886218,-8.39824010758834E-17));
#11606=DIRECTION('',(-1.22464679914735E-16,0.,-1.));
#11607=DIRECTION('',(0.685768346713152,0.727819877886218,-8.39824010758834E-17));
#11608=DIRECTION('',(-0.87578930175852,0.482693586994196,1.07253256512607E-16));
#11609=DIRECTION('',(0.482693586994196,0.87578930175852,-5.91129156281397E-17));
#11610=DIRECTION('',(0.482693586994196,0.87578930175852,-5.91129156281397E-17));
#11611=DIRECTION('',(-1.22464679914735E-16,0.,-1.));
#11612=DIRECTION('',(0.482693586994196,0.87578930175852,-5.91129156281397E-17));
#11613=DIRECTION('',(-0.96128614946307,0.275552061960104,1.17723600600463E-16));
#11614=DIRECTION('',(0.275552061960104,0.96128614946307,-3.37453950677894E-17));
#11615=DIRECTION('',(0.275552061960104,0.96128614946307,-3.37453950677894E-17));
#11616=DIRECTION('',(-1.22464679914735E-16,0.,-1.));
#11617=DIRECTION('',(0.275552061960104,0.96128614946307,-3.37453950677894E-17));
#11618=DIRECTION('',(0.998618234242079,0.0525511392762469,-1.22295462413474E-16));
#11619=DIRECTION('',(0.0525511392762469,-0.998618234242079,-6.43565845062025E-18));
#11620=DIRECTION('',(0.0525511392762469,-0.998618234242079,-6.43565845062025E-18));
#11621=DIRECTION('',(-1.22464679914735E-16,0.,-1.));
#11622=DIRECTION('',(0.0525511392762469,-0.998618234242079,-6.43565845062025E-18));
#11623=DIRECTION('',(-1.22464679914735E-16,0.,-1.));
#11624=DIRECTION('',(0.984426809333119,0.175794929011661,-1.20557514104465E-16));
#11625=DIRECTION('',(0.175794929011661,-0.984426809333119,-2.15286697120467E-17));
#11626=DIRECTION('',(0.175794929011661,-0.984426809333119,-2.15286697120467E-17));
#11627=DIRECTION('',(-1.22464679914735E-16,0.,-1.));
#11628=DIRECTION('',(0.175794929011661,-0.984426809333119,-2.15286697120467E-17));
#11629=DIRECTION('',(0.867228059354748,0.49791112968862,-1.06204806701956E-16));
#11630=DIRECTION('',(0.49791112968862,-0.867228059354748,-6.09765271233011E-17));
#11631=DIRECTION('',(0.49791112968862,-0.867228059354748,-6.09765271233011E-17));
#11632=DIRECTION('',(-1.22464679914735E-16,0.,-1.));
#11633=DIRECTION('',(0.49791112968862,-0.867228059354748,-6.09765271233011E-17));
#11634=DIRECTION('',(0.523818580623689,0.851829850729231,-6.41492748094711E-17));
#11635=DIRECTION('',(0.851829850729231,-0.523818580623689,-1.04319070011372E-16));
#11636=DIRECTION('',(0.851829850729231,-0.523818580623689,-1.04319070011372E-16));
#11637=DIRECTION('',(-1.22464679914735E-16,0.,-1.));
#11638=DIRECTION('',(0.851829850729231,-0.523818580623689,-1.04319070011372E-16));
#11639=DIRECTION('',(0.0186590297445994,0.999825905149987,-2.28507210519189E-18));
#11640=DIRECTION('',(0.999825905149987,-0.0186590297445994,-1.22443359444654E-16));
#11641=DIRECTION('',(0.999825905149987,-0.0186590297445994,-1.22443359444654E-16));
#11642=DIRECTION('',(-1.22464679914735E-16,0.,-1.));
#11643=DIRECTION('',(0.999825905149987,-0.0186590297445994,-1.22443359444654E-16));
#11644=DIRECTION('',(-0.390137462478387,0.920756623853951,4.77780594651627E-17));
#11645=DIRECTION('',(0.920756623853951,0.390137462478387,-1.12760165219646E-16));
#11646=DIRECTION('',(0.920756623853951,0.390137462478387,-1.12760165219646E-16));
#11647=DIRECTION('',(-1.22464679914735E-16,0.,-1.));
#11648=DIRECTION('',(0.920756623853951,0.390137462478387,-1.12760165219646E-16));
#11649=DIRECTION('',(-0.65613687630048,0.754641901539166,8.03535925363926E-17));
#11650=DIRECTION('',(0.754641901539166,0.65613687630048,-9.24169789222412E-17));
#11651=DIRECTION('',(0.754641901539166,0.65613687630048,-9.24169789222412E-17));
#11652=DIRECTION('',(-1.22464679914735E-16,0.,-1.));
#11653=DIRECTION('',(0.754641901539166,0.65613687630048,-9.24169789222412E-17));
#11654=DIRECTION('',(-0.832822389682508,0.553540303179016,1.01991327378293E-16));
#11655=DIRECTION('',(0.553540303179016,0.832822389682508,-6.77891360487238E-17));
#11656=DIRECTION('',(0.553540303179016,0.832822389682508,-6.77891360487238E-17));
#11657=DIRECTION('',(-1.22464679914735E-16,0.,-1.));
#11658=DIRECTION('',(0.553540303179016,0.832822389682508,-6.77891360487238E-17));
#11659=DIRECTION('',(-0.948313621274406,0.317334643090574,1.16134924088154E-16));
#11660=DIRECTION('',(0.317334643090574,0.948313621274406,-3.88622854919439E-17));
#11661=DIRECTION('',(0.317334643090574,0.948313621274406,-3.88622854919439E-17));
#11662=DIRECTION('',(-1.22464679914735E-16,0.,-1.));
#11663=DIRECTION('',(0.317334643090574,0.948313621274406,-3.88622854919439E-17));
#11664=DIRECTION('',(-0.999088927179351,0.0426768741546751,1.22353105673375E-16));
#11665=DIRECTION('',(0.0426768741546751,0.999088927179351,-5.22640973311373E-18));
#11666=DIRECTION('',(0.0426768741546751,0.999088927179351,-5.22640973311373E-18));
#11667=DIRECTION('',(-1.22464679914735E-16,0.,-1.));
#11668=DIRECTION('',(0.0426768741546751,0.999088927179351,-5.22640973311373E-18));
#11669=DIRECTION('',(-0.999312955952275,-0.0370623267743234,1.22380541285343E-16));
#11670=DIRECTION('',(-0.0370623267743234,0.999312955952275,4.53882598531284E-18));
#11671=DIRECTION('',(-0.0370623267743234,0.999312955952275,4.53882598531284E-18));
#11672=DIRECTION('',(-1.22464679914735E-16,0.,-1.));
#11673=DIRECTION('',(-0.0370623267743234,0.999312955952275,4.53882598531284E-18));
#11674=DIRECTION('',(-0.992457012021437,-0.122593145360914,1.2154093030634E-16));
#11675=DIRECTION('',(-0.122593145360914,0.992457012021437,1.5013330306365E-17));
#11676=DIRECTION('',(-0.122593145360914,0.992457012021437,1.5013330306365E-17));
#11677=DIRECTION('',(-1.22464679914735E-16,0.,-1.));
#11678=DIRECTION('',(-0.122593145360914,0.992457012021437,1.5013330306365E-17));
#11679=DIRECTION('',(-0.983610148163626,-0.180308281644327,1.20457501955744E-16));
#11680=DIRECTION('',(-0.180308281644327,0.983610148163626,2.20813959975484E-17));
#11681=DIRECTION('',(-0.180308281644327,0.983610148163626,2.20813959975484E-17));
#11682=DIRECTION('',(-1.22464679914735E-16,0.,-1.));
#11683=DIRECTION('',(-0.180308281644327,0.983610148163626,2.20813959975484E-17));
#11684=DIRECTION('',(0.795677967842631,0.605719878730937,-9.74424476470549E-17));
#11685=DIRECTION('',(0.605719878730937,-0.795677967842631,-7.41792910667765E-17));
#11686=DIRECTION('',(0.605719878730937,-0.795677967842631,-7.41792910667765E-17));
#11687=DIRECTION('',(-1.22464679914735E-16,0.,-1.));
#11688=DIRECTION('',(0.605719878730937,-0.795677967842631,-7.41792910667765E-17));
#11689=DIRECTION('',(0.683326965175931,0.730112497265629,-8.36834180673778E-17));
#11690=DIRECTION('',(0.730112497265629,-0.683326965175931,-8.94129932793833E-17));
#11691=DIRECTION('',(0.730112497265629,-0.683326965175931,-8.94129932793833E-17));
#11692=DIRECTION('',(-1.22464679914735E-16,0.,-1.));
#11693=DIRECTION('',(0.730112497265629,-0.683326965175931,-8.94129932793833E-17));
#11694=DIRECTION('',(0.568650726242986,0.822579085281972,-6.9639629172629E-17));
#11695=DIRECTION('',(0.822579085281972,-0.568650726242986,-1.00736884383612E-16));
#11696=DIRECTION('',(0.822579085281972,-0.568650726242986,-1.00736884383612E-16));
#11697=DIRECTION('',(-1.22464679914735E-16,0.,-1.));
#11698=DIRECTION('',(0.822579085281972,-0.568650726242986,-1.00736884383612E-16));
#11699=DIRECTION('',(0.328659542945461,0.944448465947656,-4.0249185727739E-17));
#11700=DIRECTION('',(0.944448465947656,-0.328659542945461,-1.15661579078242E-16));
#11701=DIRECTION('',(0.944448465947656,-0.328659542945461,-1.15661579078242E-16));
#11702=DIRECTION('',(-1.22464679914735E-16,0.,-1.));
#11703=DIRECTION('',(0.944448465947656,-0.328659542945461,-1.15661579078242E-16));
#11704=DIRECTION('',(-0.0186198053411538,0.999826636397059,2.28026850117908E-18));
#11705=DIRECTION('',(0.999826636397059,0.0186198053411538,-1.22443448996592E-16));
#11706=DIRECTION('',(0.999826636397059,0.0186198053411538,-1.22443448996592E-16));
#11707=DIRECTION('',(-1.22464679914735E-16,0.,-1.));
#11708=DIRECTION('',(0.999826636397059,0.0186198053411538,-1.22443448996592E-16));
#11709=DIRECTION('',(-0.555130042873017,0.831763569471399,6.79838230114973E-17));
#11710=DIRECTION('',(0.831763569471399,0.555130042873017,-1.01861659300053E-16));
#11711=DIRECTION('',(0.831763569471399,0.555130042873017,-1.01861659300053E-16));
#11712=DIRECTION('',(-1.22464679914735E-16,0.,-1.));
#11713=DIRECTION('',(0.831763569471399,0.555130042873017,-1.01861659300053E-16));
#11714=DIRECTION('',(-0.916065329939458,0.401029065384185,1.12185647412022E-16));
#11715=DIRECTION('',(0.401029065384185,0.916065329939458,-4.91118961287797E-17));
#11716=DIRECTION('',(0.401029065384185,0.916065329939458,-4.91118961287797E-17));
#11717=DIRECTION('',(-1.22464679914735E-16,0.,-1.));
#11718=DIRECTION('',(0.401029065384185,0.916065329939458,-4.91118961287797E-17));
#11719=DIRECTION('',(-0.99797427236673,-0.0636187998479728,1.22216599828532E-16));
#11720=DIRECTION('',(-0.0636187998479728,0.99797427236673,7.7910559599416E-18));
#11721=DIRECTION('',(-0.0636187998479728,0.99797427236673,7.7910559599416E-18));
#11722=DIRECTION('',(-1.22464679914735E-16,0.,-1.));
#11723=DIRECTION('',(-0.0636187998479728,0.99797427236673,7.7910559599416E-18));
#11724=DIRECTION('',(-0.873106440595472,-0.487529633346227,1.06924700779018E-16));
#11725=DIRECTION('',(-0.487529633346227,0.873106440595472,5.9705160496694E-17));
#11726=DIRECTION('',(-0.487529633346227,0.873106440595472,5.9705160496694E-17));
#11727=DIRECTION('',(-1.22464679914735E-16,0.,-1.));
#11728=DIRECTION('',(-0.487529633346227,0.873106440595472,5.9705160496694E-17));
#11729=DIRECTION('',(-0.77512217661672,-0.631811373209567,9.49250892541795E-17));
#11730=DIRECTION('',(-0.631811373209567,0.77512217661672,7.7374577586599E-17));
#11731=DIRECTION('',(-0.631811373209567,0.77512217661672,7.7374577586599E-17));
#11732=DIRECTION('',(-1.22464679914735E-16,0.,-1.));
#11733=DIRECTION('',(-0.631811373209567,0.77512217661672,7.7374577586599E-17));
#11734=DIRECTION('',(-0.729193306414684,-0.684307768390818,8.93004248660418E-17));
#11735=DIRECTION('',(-0.684307768390818,0.729193306414684,8.38035318191484E-17));
#11736=DIRECTION('',(-0.684307768390818,0.729193306414684,8.38035318191484E-17));
#11737=DIRECTION('',(-1.22464679914735E-16,0.,-1.));
#11738=DIRECTION('',(-0.684307768390818,0.729193306414684,8.38035318191484E-17));
#11739=DIRECTION('',(-0.688574604962061,0.725165507592123,8.43260685940941E-17));
#11740=DIRECTION('',(0.725165507592123,0.688574604962061,-8.88071617724759E-17));
#11741=DIRECTION('',(0.725165507592123,0.688574604962061,-8.88071617724759E-17));
#11742=DIRECTION('',(-1.22464679914735E-16,0.,-1.));
#11743=DIRECTION('',(0.725165507592123,0.688574604962061,-8.88071617724759E-17));
#11744=DIRECTION('',(-0.87176836960699,0.489918268441553,1.06760834343711E-16));
#11745=DIRECTION('',(0.489918268441553,0.87176836960699,-5.99976839290762E-17));
#11746=DIRECTION('',(0.489918268441553,0.87176836960699,-5.99976839290762E-17));
#11747=DIRECTION('',(-1.22464679914735E-16,0.,-1.));
#11748=DIRECTION('',(0.489918268441553,0.87176836960699,-5.99976839290762E-17));
#11749=DIRECTION('',(-0.925380590731806,0.379039262210202,1.13326437843279E-16));
#11750=DIRECTION('',(0.379039262210202,0.925380590731806,-4.64189219216898E-17));
#11751=DIRECTION('',(0.379039262210202,0.925380590731806,-4.64189219216898E-17));
#11752=DIRECTION('',(-1.22464679914735E-16,0.,-1.));
#11753=DIRECTION('',(0.379039262210202,0.925380590731806,-4.64189219216898E-17));
#11754=DIRECTION('',(-0.949700229358156,0.313160461037255,1.16304734603297E-16));
#11755=DIRECTION('',(0.313160461037255,0.949700229358156,-3.83510956228784E-17));
#11756=DIRECTION('',(0.313160461037255,0.949700229358156,-3.83510956228784E-17));
#11757=DIRECTION('',(-1.22464679914735E-16,0.,-1.));
#11758=DIRECTION('',(0.313160461037255,0.949700229358156,-3.83510956228784E-17));
#11759=DIRECTION('',(-0.982127235824743,0.18821820488797,1.20275897570821E-16));
#11760=DIRECTION('',(0.18821820488797,0.982127235824743,-2.30500822157312E-17));
#11761=DIRECTION('',(0.18821820488797,0.982127235824743,-2.30500822157312E-17));
#11762=DIRECTION('',(-1.22464679914735E-16,0.,-1.));
#11763=DIRECTION('',(0.18821820488797,0.982127235824743,-2.30500822157312E-17));
#11764=DIRECTION('',(-0.990798098939889,-0.135348170054497,1.21337772046802E-16));
#11765=DIRECTION('',(-0.135348170054497,0.990798098939889,1.65753703227692E-17));
#11766=DIRECTION('',(-0.135348170054497,0.990798098939889,1.65753703227692E-17));
#11767=DIRECTION('',(-1.22464679914735E-16,0.,-1.));
#11768=DIRECTION('',(-0.135348170054497,0.990798098939889,1.65753703227692E-17));
#11769=DIRECTION('',(-0.890426022457913,-0.455128002357338,1.09045737828059E-16));
#11770=DIRECTION('',(-0.455128002357338,0.890426022457913,5.57371051289243E-17));
#11771=DIRECTION('',(-0.455128002357338,0.890426022457913,5.57371051289243E-17));
#11772=DIRECTION('',(-1.22464679914735E-16,0.,-1.));
#11773=DIRECTION('',(-0.455128002357338,0.890426022457913,5.57371051289243E-17));
#11774=DIRECTION('',(-0.601115711655858,-0.799161999347111,7.3615443219653E-17));
#11775=DIRECTION('',(-0.799161999347111,0.601115711655858,9.78691184500638E-17));
#11776=DIRECTION('',(-0.799161999347111,0.601115711655858,9.78691184500638E-17));
#11777=DIRECTION('',(-1.22464679914735E-16,0.,-1.));
#11778=DIRECTION('',(-0.799161999347111,0.601115711655858,9.78691184500638E-17));
#11779=DIRECTION('',(-0.166614298347801,-0.986022147614378,2.04043667163817E-17));
#11780=DIRECTION('',(-0.986022147614378,0.166614298347801,1.20752886696435E-16));
#11781=DIRECTION('',(-0.986022147614378,0.166614298347801,1.20752886696435E-16));
#11782=DIRECTION('',(-1.22464679914735E-16,0.,-1.));
#11783=DIRECTION('',(-0.986022147614378,0.166614298347801,1.20752886696435E-16));
#11784=DIRECTION('',(0.231725054498466,-0.972781321324419,-2.83781346273792E-17));
#11785=DIRECTION('',(-0.972781321324419,-0.231725054498466,1.19131353143028E-16));
#11786=DIRECTION('',(-0.972781321324419,-0.231725054498466,1.19131353143028E-16));
#11787=DIRECTION('',(-1.22464679914735E-16,0.,-1.));
#11788=DIRECTION('',(-0.972781321324419,-0.231725054498466,1.19131353143028E-16));
#11789=DIRECTION('',(0.536043404520244,-0.844190421925259,-6.56463839549766E-17));
#11790=DIRECTION('',(-0.844190421925259,-0.536043404520244,1.03383509808162E-16));
#11791=DIRECTION('',(-0.844190421925259,-0.536043404520244,1.03383509808162E-16));
#11792=DIRECTION('',(-1.22464679914735E-16,0.,-1.));
#11793=DIRECTION('',(-0.844190421925259,-0.536043404520244,1.03383509808162E-16));
#11794=DIRECTION('',(0.772837247563483,-0.634604277308702,-9.4645266149047E-17));
#11795=DIRECTION('',(-0.634604277308702,-0.772837247563483,7.77166096931321E-17));
#11796=DIRECTION('',(-0.634604277308702,-0.772837247563483,7.77166096931321E-17));
#11797=DIRECTION('',(-1.22464679914735E-16,0.,-1.));
#11798=DIRECTION('',(-0.634604277308702,-0.772837247563483,7.77166096931321E-17));
#11799=DIRECTION('',(0.945470799058184,-0.325706874548695,-1.15786778775389E-16));
#11800=DIRECTION('',(-0.325706874548695,-0.945470799058184,3.98875881376348E-17));
#11801=DIRECTION('',(-0.325706874548695,-0.945470799058184,3.98875881376348E-17));
#11802=DIRECTION('',(-1.22464679914735E-16,0.,-1.));
#11803=DIRECTION('',(-0.325706874548695,-0.945470799058184,3.98875881376348E-17));
#11804=DIRECTION('',(0.983806058042079,-0.179236269096703,-1.20481493996301E-16));
#11805=DIRECTION('',(-0.179236269096703,-0.983806058042079,2.19501123240391E-17));
#11806=DIRECTION('',(-0.179236269096703,-0.983806058042079,2.19501123240391E-17));
#11807=DIRECTION('',(-1.22464679914735E-16,0.,-1.));
#11808=DIRECTION('',(-0.179236269096703,-0.983806058042079,2.19501123240391E-17));
#11809=DIRECTION('',(0.977242234176168,-0.212126414532401,-1.19677657407545E-16));
#11810=DIRECTION('',(-0.212126414532401,-0.977242234176168,2.5977993457171E-17));
#11811=DIRECTION('',(-0.212126414532401,-0.977242234176168,2.5977993457171E-17));
#11812=DIRECTION('',(-1.22464679914735E-16,0.,-1.));
#11813=DIRECTION('',(-0.212126414532401,-0.977242234176168,2.5977993457171E-17));
#11814=DIRECTION('',(-0.111574562174769,-0.993756065176716,1.36639430433599E-17));
#11815=DIRECTION('',(-0.993756065176716,0.111574562174769,1.21700018435193E-16));
#11816=DIRECTION('',(-0.993756065176716,0.111574562174769,1.21700018435193E-16));
#11817=DIRECTION('',(-1.22464679914735E-16,0.,-1.));
#11818=DIRECTION('',(-0.993756065176716,0.111574562174769,1.21700018435193E-16));
#11819=DIRECTION('',(-0.945531735225129,-0.325529933619256,1.1579424130357E-16));
#11820=DIRECTION('',(-0.325529933619256,0.945531735225129,3.98659191233472E-17));
#11821=DIRECTION('',(-0.325529933619256,0.945531735225129,3.98659191233472E-17));
#11822=DIRECTION('',(-1.22464679914735E-16,0.,-1.));
#11823=DIRECTION('',(-0.325529933619256,0.945531735225129,3.98659191233472E-17));
#11824=DIRECTION('',(-0.903809411242005,-0.427935214898682,1.10684730251677E-16));
#11825=DIRECTION('',(-0.427935214898682,0.903809411242005,5.24069491168105E-17));
#11826=DIRECTION('',(-0.427935214898682,0.903809411242005,5.24069491168105E-17));
#11827=DIRECTION('',(-1.22464679914735E-16,0.,-1.));
#11828=DIRECTION('',(-0.427935214898682,0.903809411242005,5.24069491168105E-17));
#11829=DIRECTION('',(-0.784214895115058,-0.620489321648389,9.60386261146334E-17));
#11830=DIRECTION('',(-0.620489321648389,0.784214895115058,7.59880261661812E-17));
#11831=DIRECTION('',(-0.620489321648389,0.784214895115058,7.59880261661812E-17));
#11832=DIRECTION('',(-1.22464679914735E-16,0.,-1.));
#11833=DIRECTION('',(-0.620489321648389,0.784214895115058,7.59880261661812E-17));
#11834=DIRECTION('',(-0.655110612393548,-0.755532981099667,8.02279114555221E-17));
#11835=DIRECTION('',(-0.755532981099667,0.655110612393548,9.25261046953965E-17));
#11836=DIRECTION('',(-0.755532981099667,0.655110612393548,9.25261046953965E-17));
#11837=DIRECTION('',(-1.22464679914735E-16,0.,-1.));
#11838=DIRECTION('',(-0.755532981099667,0.655110612393548,9.25261046953965E-17));
#11839=DIRECTION('',(-0.443403569486278,-0.896322081936414,5.43012762101881E-17));
#11840=DIRECTION('',(-0.896322081936414,0.443403569486278,1.09767796864852E-16));
#11841=DIRECTION('',(-0.896322081936414,0.443403569486278,1.09767796864852E-16));
#11842=DIRECTION('',(-1.22464679914735E-16,0.,-1.));
#11843=DIRECTION('',(-0.896322081936414,0.443403569486278,1.09767796864852E-16));
#11844=DIRECTION('',(-0.092123123351637,-0.995747623719956,1.12818288140039E-17));
#11845=DIRECTION('',(-0.995747623719956,0.092123123351637,1.21943914014723E-16));
#11846=DIRECTION('',(-0.995747623719956,0.092123123351637,1.21943914014723E-16));
#11847=DIRECTION('',(-1.22464679914735E-16,0.,-1.));
#11848=DIRECTION('',(-0.995747623719956,0.092123123351637,1.21943914014723E-16));
#11849=DIRECTION('',(0.418750230484906,-0.90810145053779,-5.12821129405556E-17));
#11850=DIRECTION('',(-0.90810145053779,-0.418750230484906,1.11210353470217E-16));
#11851=DIRECTION('',(-0.90810145053779,-0.418750230484906,1.11210353470217E-16));
#11852=DIRECTION('',(-1.22464679914735E-16,0.,-1.));
#11853=DIRECTION('',(-0.90810145053779,-0.418750230484906,1.11210353470217E-16));
#11854=DIRECTION('',(0.862439700949327,-0.506159818858071,-1.05618401922519E-16));
#11855=DIRECTION('',(-0.506159818858071,-0.862439700949327,6.19867002021541E-17));
#11856=DIRECTION('',(-0.506159818858071,-0.862439700949327,6.19867002021541E-17));
#11857=DIRECTION('',(-1.22464679914735E-16,0.,-1.));
#11858=DIRECTION('',(-0.506159818858071,-0.862439700949327,6.19867002021541E-17));
#11859=DIRECTION('',(0.999740415360963,-0.0227838077126937,-1.22432889965005E-16));
#11860=DIRECTION('',(-0.0227838077126937,-0.999740415360963,2.79021171877391E-18));
#11861=DIRECTION('',(-0.0227838077126937,-0.999740415360963,2.79021171877391E-18));
#11862=DIRECTION('',(-1.22464679914735E-16,0.,-1.));
#11863=DIRECTION('',(-0.0227838077126937,-0.999740415360963,2.79021171877391E-18));
#11864=DIRECTION('',(0.94160833033094,0.336710190299282,-1.15313762779027E-16));
#11865=DIRECTION('',(0.336710190299282,-0.94160833033094,-4.12351056790311E-17));
#11866=DIRECTION('',(0.336710190299282,-0.94160833033094,-4.12351056790311E-17));
#11867=DIRECTION('',(-1.22464679914735E-16,0.,-1.));
#11868=DIRECTION('',(0.336710190299282,-0.94160833033094,-4.12351056790311E-17));
#11869=DIRECTION('',(0.891580832928922,0.452861588516591,-1.09187161322753E-16));
#11870=DIRECTION('',(0.452861588516591,-0.891580832928922,-5.54595494833629E-17));
#11871=DIRECTION('',(0.452861588516591,-0.891580832928922,-5.54595494833629E-17));
#11872=DIRECTION('',(-1.22464679914735E-16,0.,-1.));
#11873=DIRECTION('',(0.452861588516591,-0.891580832928922,-5.54595494833629E-17));
#11874=DIRECTION('',(0.936355319812808,0.351053721043168,-1.14670454527335E-16));
#11875=DIRECTION('',(0.351053721043168,-0.936355319812808,-4.29916815804283E-17));
#11876=DIRECTION('',(0.351053721043168,-0.936355319812808,-4.29916815804283E-17));
#11877=DIRECTION('',(-1.22464679914735E-16,0.,-1.));
#11878=DIRECTION('',(0.351053721043168,-0.936355319812808,-4.29916815804283E-17));
#11879=DIRECTION('',(0.966355907873949,0.257208591063976,-1.18344466941497E-16));
#11880=DIRECTION('',(0.257208591063976,-0.966355907873949,-3.14989677759699E-17));
#11881=DIRECTION('',(0.257208591063976,-0.966355907873949,-3.14989677759699E-17));
#11882=DIRECTION('',(-1.22464679914735E-16,0.,-1.));
#11883=DIRECTION('',(0.257208591063976,-0.966355907873949,-3.14989677759699E-17));
#11884=DIRECTION('',(0.802355380011391,0.596846583442326,-9.82601947909608E-17));
#11885=DIRECTION('',(0.596846583442326,-0.802355380011391,-7.30926257994678E-17));
#11886=DIRECTION('',(0.596846583442326,-0.802355380011391,-7.30926257994678E-17));
#11887=DIRECTION('',(-1.22464679914735E-16,0.,-1.));
#11888=DIRECTION('',(0.596846583442326,-0.802355380011391,-7.30926257994678E-17));
#11889=DIRECTION('',(-1.22464679914735E-16,0.,-1.));
#11890=DIRECTION('',(0.506653438002854,0.862149809348635,-6.20471511127198E-17));
#11891=DIRECTION('',(0.862149809348635,-0.506653438002854,-1.05582900440431E-16));
#11892=DIRECTION('',(0.862149809348635,-0.506653438002854,-1.05582900440431E-16));
#11893=DIRECTION('',(-1.22464679914735E-16,0.,-1.));
#11894=DIRECTION('',(0.862149809348635,-0.506653438002854,-1.05582900440431E-16));
#11895=DIRECTION('',(0.229291371711453,0.973357830840581,-2.80800944438537E-17));
#11896=DIRECTION('',(0.973357830840581,-0.229291371711453,-1.19201955196393E-16));
#11897=DIRECTION('',(0.973357830840581,-0.229291371711453,-1.19201955196393E-16));
#11898=DIRECTION('',(-1.22464679914735E-16,0.,-1.));
#11899=DIRECTION('',(0.973357830840581,-0.229291371711453,-1.19201955196393E-16));
#11900=DIRECTION('',(-0.0124078039007648,0.999923020238238,1.51951773315196E-18));
#11901=DIRECTION('',(0.999923020238238,0.0124078039007648,-1.22455252612851E-16));
#11902=DIRECTION('',(0.999923020238238,0.0124078039007648,-1.22455252612851E-16));
#11903=DIRECTION('',(-1.22464679914735E-16,0.,-1.));
#11904=DIRECTION('',(0.999923020238238,0.0124078039007648,-1.22455252612851E-16));
#11905=DIRECTION('',(-0.266118738659901,0.963940255894557,3.25901461492978E-17));
#11906=DIRECTION('',(0.963940255894557,0.266118738659901,-1.18048634895055E-16));
#11907=DIRECTION('',(0.963940255894557,0.266118738659901,-1.18048634895055E-16));
#11908=DIRECTION('',(-1.22464679914735E-16,0.,-1.));
#11909=DIRECTION('',(0.963940255894557,0.266118738659901,-1.18048634895055E-16));
#11910=DIRECTION('',(-0.488916142466358,0.872330789113749,5.98749588922897E-17));
#11911=DIRECTION('',(0.872330789113749,0.488916142466358,-1.06829710868584E-16));
#11912=DIRECTION('',(0.872330789113749,0.488916142466358,-1.06829710868584E-16));
#11913=DIRECTION('',(-1.22464679914735E-16,0.,-1.));
#11914=DIRECTION('',(0.872330789113749,0.488916142466358,-1.06829710868584E-16));
#11915=DIRECTION('',(-0.720873573374969,0.693066584975502,8.8281551422357E-17));
#11916=DIRECTION('',(0.693066584975502,0.720873573374969,-8.48761774886235E-17));
#11917=DIRECTION('',(0.693066584975502,0.720873573374969,-8.48761774886235E-17));
#11918=DIRECTION('',(-1.22464679914735E-16,0.,-1.));
#11919=DIRECTION('',(0.693066584975502,0.720873573374969,-8.48761774886235E-17));
#11920=DIRECTION('',(-0.956512963342866,0.291689819769306,1.17139053890079E-16));
#11921=DIRECTION('',(0.291689819769306,0.956512963342866,-3.57217004124348E-17));
#11922=DIRECTION('',(0.291689819769306,0.956512963342866,-3.57217004124348E-17));
#11923=DIRECTION('',(-1.22464679914735E-16,0.,-1.));
#11924=DIRECTION('',(0.291689819769306,0.956512963342866,-3.57217004124348E-17));
#11925=DIRECTION('',(-0.985390152204896,-0.170312207247785,1.20675489580905E-16));
#11926=DIRECTION('',(-0.170312207247785,0.985390152204896,2.0857229946172E-17));
#11927=DIRECTION('',(-0.170312207247785,0.985390152204896,2.0857229946172E-17));
#11928=DIRECTION('',(-1.22464679914735E-16,0.,-1.));
#11929=DIRECTION('',(-0.170312207247785,0.985390152204896,2.0857229946172E-17));
#11930=DIRECTION('',(-0.656684074717793,-0.754165781517589,8.04206050154187E-17));
#11931=DIRECTION('',(-0.754165781517589,0.656684074717793,9.23586710361978E-17));
#11932=DIRECTION('',(-0.754165781517589,0.656684074717793,9.23586710361978E-17));
#11933=DIRECTION('',(-1.22464679914735E-16,0.,-1.));
#11934=DIRECTION('',(-0.754165781517589,0.656684074717793,9.23586710361978E-17));
#11935=DIRECTION('',(-0.132978516022749,-0.991118920350322,1.62851714002625E-17));
#11936=DIRECTION('',(-0.991118920350322,0.132978516022749,1.2137706133814E-16));
#11937=DIRECTION('',(-0.991118920350322,0.132978516022749,1.2137706133814E-16));
#11938=DIRECTION('',(-1.22464679914735E-16,0.,-1.));
#11939=DIRECTION('',(-0.991118920350322,0.132978516022749,1.2137706133814E-16));
#11940=DIRECTION('',(0.285106863615264,-0.958495736203071,-3.49155207941374E-17));
#11941=DIRECTION('',(-0.958495736203071,-0.285106863615264,1.17381873533748E-16));
#11942=DIRECTION('',(-0.958495736203071,-0.285106863615264,1.17381873533748E-16));
#11943=DIRECTION('',(-1.22464679914735E-16,0.,-1.));
#11944=DIRECTION('',(-0.958495736203071,-0.285106863615264,1.17381873533748E-16));
#11945=DIRECTION('',(0.515198130632232,-0.857071109181178,-6.30935741605462E-17));
#11946=DIRECTION('',(-0.857071109181178,-0.515198130632232,1.0496093905004E-16));
#11947=DIRECTION('',(-0.857071109181178,-0.515198130632232,1.0496093905004E-16));
#11948=DIRECTION('',(-1.22464679914735E-16,0.,-1.));
#11949=DIRECTION('',(-0.857071109181178,-0.515198130632232,1.0496093905004E-16));
#11950=DIRECTION('',(0.408422124582449,-0.912793168330898,-5.00172847570858E-17));
#11951=DIRECTION('',(-0.912793168330898,-0.408422124582449,1.11784923188E-16));
#11952=DIRECTION('',(-0.912793168330898,-0.408422124582449,1.11784923188E-16));
#11953=DIRECTION('',(-1.22464679914735E-16,0.,-1.));
#11954=DIRECTION('',(-0.912793168330898,-0.408422124582449,1.11784923188E-16));
#11955=DIRECTION('',(0.0581651702181425,-0.998306973317073,-7.12317895295091E-18));
#11956=DIRECTION('',(-0.998306973317073,-0.0581651702181425,1.22257343943923E-16));
#11957=DIRECTION('',(-0.998306973317073,-0.0581651702181425,1.22257343943923E-16));
#11958=DIRECTION('',(-1.22464679914735E-16,0.,-1.));
#11959=DIRECTION('',(-0.998306973317073,-0.0581651702181425,1.22257343943923E-16));
#11960=DIRECTION('',(-0.328668548266735,-0.944445332128989,4.02502885615264E-17));
#11961=DIRECTION('',(-0.944445332128989,0.328668548266735,1.15661195296143E-16));
#11962=DIRECTION('',(-0.944445332128989,0.328668548266735,1.15661195296143E-16));
#11963=DIRECTION('',(-1.22464679914735E-16,0.,-1.));
#11964=DIRECTION('',(-0.944445332128989,0.328668548266735,1.15661195296143E-16));
#11965=DIRECTION('',(-0.534099930036197,-0.845421353370809,6.54083769743654E-17));
#11966=DIRECTION('',(-0.845421353370809,0.534099930036197,1.03534255433638E-16));
#11967=DIRECTION('',(-0.845421353370809,0.534099930036197,1.03534255433638E-16));
#11968=DIRECTION('',(-1.22464679914735E-16,0.,-1.));
#11969=DIRECTION('',(-0.845421353370809,0.534099930036197,1.03534255433638E-16));
#11970=DIRECTION('',(-0.736177052707431,-0.676788997448245,9.01556871203888E-17));
#11971=DIRECTION('',(-0.676788997448245,0.736177052707431,8.28827479423139E-17));
#11972=DIRECTION('',(-0.676788997448245,0.736177052707431,8.28827479423139E-17));
#11973=DIRECTION('',(-1.22464679914735E-16,0.,-1.));
#11974=DIRECTION('',(-0.676788997448245,0.736177052707431,8.28827479423139E-17));
#11975=DIRECTION('',(-0.88801355173572,-0.459817281029881,1.08750295373262E-16));
#11976=DIRECTION('',(-0.459817281029881,0.88801355173572,5.63113761405882E-17));
#11977=DIRECTION('',(-0.459817281029881,0.88801355173572,5.63113761405882E-17));
#11978=DIRECTION('',(-1.22464679914735E-16,0.,-1.));
#11979=DIRECTION('',(-0.459817281029881,0.88801355173572,5.63113761405882E-17));
#11980=DIRECTION('',(-0.958260608954529,-0.285896144300856,1.17353078750516E-16));
#11981=DIRECTION('',(-0.285896144300856,0.958260608954529,3.50121798006613E-17));
#11982=DIRECTION('',(-0.285896144300856,0.958260608954529,3.50121798006613E-17));
#11983=DIRECTION('',(-1.22464679914735E-16,0.,-1.));
#11984=DIRECTION('',(-0.285896144300856,0.958260608954529,3.50121798006613E-17));
#11985=DIRECTION('',(-0.99614871300737,-0.0876797671858213,1.21993033285923E-16));
#11986=DIRECTION('',(-0.0876797671858213,0.99614871300737,1.07376746234101E-17));
#11987=DIRECTION('',(-0.0876797671858213,0.99614871300737,1.07376746234101E-17));
#11988=DIRECTION('',(-1.22464679914735E-16,0.,-1.));
#11989=DIRECTION('',(-0.0876797671858213,0.99614871300737,1.07376746234101E-17));
#11990=DIRECTION('',(-0.994421792907334,0.105476527203751,1.21781546568634E-16));
#11991=DIRECTION('',(0.105476527203751,0.994421792907334,-1.29171491425252E-17));
#11992=DIRECTION('',(0.105476527203751,0.994421792907334,-1.29171491425252E-17));
#11993=DIRECTION('',(-1.22464679914735E-16,0.,-1.));
#11994=DIRECTION('',(0.105476527203751,0.994421792907334,-1.29171491425252E-17));
#11995=DIRECTION('',(-0.961938764689467,0.273265096541257,1.17803522915271E-16));
#11996=DIRECTION('',(0.273265096541257,0.961938764689467,-3.34653225797943E-17));
#11997=DIRECTION('',(0.273265096541257,0.961938764689467,-3.34653225797943E-17));
#11998=DIRECTION('',(-1.22464679914735E-16,0.,-1.));
#11999=DIRECTION('',(0.273265096541257,0.961938764689467,-3.34653225797943E-17));
#12000=DIRECTION('',(-0.885231378458936,0.465150950328699,1.08409577413453E-16));
#12001=DIRECTION('',(0.465150950328699,0.885231378458936,-5.69645622440391E-17));
#12002=DIRECTION('',(0.465150950328699,0.885231378458936,-5.69645622440391E-17));
#12003=DIRECTION('',(-1.22464679914735E-16,0.,-1.));
#12004=DIRECTION('',(0.465150950328699,0.885231378458936,-5.69645622440391E-17));
#12005=DIRECTION('',(-0.712517313886934,0.701654528533343,8.72582047788704E-17));
#12006=DIRECTION('',(0.701654528533343,0.712517313886934,-8.59278972475604E-17));
#12007=DIRECTION('',(0.701654528533343,0.712517313886934,-8.59278972475604E-17));
#12008=DIRECTION('',(-1.22464679914735E-16,0.,-1.));
#12009=DIRECTION('',(0.701654528533343,0.712517313886934,-8.59278972475604E-17));
#12010=DIRECTION('',(-0.314036489264631,0.949410913888368,3.84583781393403E-17));
#12011=DIRECTION('',(0.949410913888368,0.314036489264631,-1.16269303676895E-16));
#12012=DIRECTION('',(0.949410913888367,0.314036489264631,-1.16269303676895E-16));
#12013=DIRECTION('',(-1.22464679914735E-16,0.,-1.));
#12014=DIRECTION('',(0.949410913888367,0.314036489264631,-1.16269303676895E-16));
#12015=DIRECTION('',(0.174145400883538,0.984719949707079,-2.13266607778258E-17));
#12016=DIRECTION('',(0.984719949707079,-0.174145400883538,-1.20593413446532E-16));
#12017=DIRECTION('',(0.984719949707079,-0.174145400883538,-1.20593413446532E-16));
#12018=DIRECTION('',(-1.22464679914735E-16,0.,-1.));
#12019=DIRECTION('',(0.984719949707079,-0.174145400883538,-1.20593413446532E-16));
#12020=DIRECTION('',(0.232404610579386,0.97261919422837,-2.84613562453131E-17));
#12021=DIRECTION('',(0.97261919422837,-0.232404610579386,-1.19111498300105E-16));
#12022=DIRECTION('',(0.97261919422837,-0.232404610579386,-1.19111498300105E-16));
#12023=DIRECTION('',(-1.22464679914735E-16,0.,-1.));
#12024=DIRECTION('',(0.97261919422837,-0.232404610579386,-1.19111498300105E-16));
#12025=DIRECTION('',(-0.303758469257789,0.952749071032958,3.71996837090451E-17));
#12026=DIRECTION('',(0.952749071032958,0.303758469257789,-1.16678110023113E-16));
#12027=DIRECTION('',(0.952749071032958,0.303758469257789,-1.16678110023113E-16));
#12028=DIRECTION('',(-1.22464679914735E-16,0.,-1.));
#12029=DIRECTION('',(0.952749071032958,0.303758469257789,-1.16678110023113E-16));
#12030=DIRECTION('',(-0.866277603219666,0.499562923123796,1.060884093956E-16));
#12031=DIRECTION('',(0.499562923123796,0.866277603219666,-6.11788134776252E-17));
#12032=DIRECTION('',(0.499562923123796,0.866277603219666,-6.11788134776252E-17));
#12033=DIRECTION('',(-1.22464679914735E-16,0.,-1.));
#12034=DIRECTION('',(0.499562923123796,0.866277603219666,-6.11788134776252E-17));
#12035=DIRECTION('',(-0.999992215547985,-0.00394573737508276,1.22463726594311E-16));
#12036=DIRECTION('',(-0.00394573737508276,0.999992215547985,4.83213464667118E-19));
#12037=DIRECTION('',(-0.00394573737508276,0.999992215547985,4.83213464667118E-19));
#12038=DIRECTION('',(-1.22464679914735E-16,0.,-1.));
#12039=DIRECTION('',(-0.00394573737508276,0.999992215547985,4.83213464667118E-19));
#12040=DIRECTION('',(-0.911495494385426,-0.411310057882211,1.11626003963635E-16));
#12041=DIRECTION('',(-0.411310057882211,0.911495494385426,5.03709545842563E-17));
#12042=DIRECTION('',(-0.411310057882211,0.911495494385426,5.03709545842563E-17));
#12043=DIRECTION('',(-1.22464679914735E-16,0.,-1.));
#12044=DIRECTION('',(-0.411310057882211,0.911495494385426,5.03709545842563E-17));
#12045=DIRECTION('',(-0.728325577735921,-0.685231240396727,8.91941587511442E-17));
#12046=DIRECTION('',(-0.685231240396727,0.728325577735921,8.39166245227623E-17));
#12047=DIRECTION('',(-0.685231240396727,0.728325577735921,8.39166245227623E-17));
#12048=DIRECTION('',(-1.22464679914735E-16,0.,-1.));
#12049=DIRECTION('',(-0.685231240396727,0.728325577735921,8.39166245227623E-17));
#12050=DIRECTION('',(-0.485348691043392,-0.874320678070962,5.94380720956648E-17));
#12051=DIRECTION('',(-0.874320678070962,0.485348691043392,1.07073401982795E-16));
#12052=DIRECTION('',(-0.874320678070962,0.485348691043392,1.07073401982795E-16));
#12053=DIRECTION('',(-1.22464679914735E-16,0.,-1.));
#12054=DIRECTION('',(-0.874320678070962,0.485348691043392,1.07073401982795E-16));
#12055=DIRECTION('',(-0.255324388681095,-0.966855447595257,3.12682195342557E-17));
#12056=DIRECTION('',(-0.966855447595257,0.255324388681095,1.18405642913571E-16));
#12057=DIRECTION('',(-0.966855447595257,0.255324388681095,1.18405642913571E-16));
#12058=DIRECTION('',(-1.22464679914735E-16,0.,-1.));
#12059=DIRECTION('',(-0.966855447595257,0.255324388681095,1.18405642913571E-16));
#12060=DIRECTION('',(-0.0441872245488899,-0.999023267590233,5.41137431070034E-18));
#12061=DIRECTION('',(-0.999023267590233,0.0441872245488899,1.22345064692811E-16));
#12062=DIRECTION('',(-0.999023267590233,0.0441872245488899,1.22345064692811E-16));
#12063=DIRECTION('',(-1.22464679914735E-16,0.,-1.));
#12064=DIRECTION('',(-0.999023267590233,0.0441872245488899,1.22345064692811E-16));
#12065=DIRECTION('',(0.220496881985256,-0.975387679353589,-2.70030800745216E-17));
#12066=DIRECTION('',(-0.975387679353589,-0.220496881985256,1.19450539944814E-16));
#12067=DIRECTION('',(-0.975387679353589,-0.220496881985256,1.19450539944814E-16));
#12068=DIRECTION('',(-1.22464679914735E-16,0.,-1.));
#12069=DIRECTION('',(-0.975387679353589,-0.220496881985256,1.19450539944814E-16));
#12070=DIRECTION('',(0.490429703453794,-0.871480754790503,-6.00603166541474E-17));
#12071=DIRECTION('',(-0.871480754790503,-0.490429703453794,1.06725611687271E-16));
#12072=DIRECTION('',(-0.871480754790503,-0.490429703453794,1.06725611687271E-16));
#12073=DIRECTION('',(-1.22464679914735E-16,0.,-1.));
#12074=DIRECTION('',(-0.871480754790503,-0.490429703453794,1.06725611687271E-16));
#12075=DIRECTION('',(0.710064058010089,-0.704137084325379,-8.69577675831636E-17));
#12076=DIRECTION('',(-0.704137084325379,-0.710064058010089,8.62319226480025E-17));
#12077=DIRECTION('',(-0.704137084325379,-0.710064058010089,8.62319226480025E-17));
#12078=DIRECTION('',(-1.22464679914735E-16,0.,-1.));
#12079=DIRECTION('',(-0.704137084325379,-0.710064058010089,8.62319226480025E-17));
#12080=DIRECTION('',(0.855167634505255,-0.518351537949573,-1.04727830633127E-16));
#12081=DIRECTION('',(-0.518351537949573,-0.855167634505255,6.34797551783052E-17));
#12082=DIRECTION('',(-0.518351537949573,-0.855167634505255,6.34797551783052E-17));
#12083=DIRECTION('',(-1.22464679914735E-16,0.,-1.));
#12084=DIRECTION('',(-0.518351537949573,-0.855167634505255,6.34797551783052E-17));
#12085=DIRECTION('',(0.937555481534241,-0.34783576447096,-1.14817431948396E-16));
#12086=DIRECTION('',(-0.34783576447096,-0.937555481534241,4.25975955588334E-17));
#12087=DIRECTION('',(-0.34783576447096,-0.937555481534241,4.25975955588333E-17));
#12088=DIRECTION('',(-1.22464679914735E-16,0.,-1.));
#12089=DIRECTION('',(-0.34783576447096,-0.937555481534241,4.25975955588333E-17));
#12090=DIRECTION('',(0.979028938698888,-0.203721224201427,-1.19896465605022E-16));
#12091=DIRECTION('',(-0.203721224201427,-0.979028938698888,2.49486545136658E-17));
#12092=DIRECTION('',(-0.203721224201427,-0.979028938698888,2.49486545136658E-17));
#12093=DIRECTION('',(-1.22464679914735E-16,0.,-1.));
#12094=DIRECTION('',(-0.203721224201427,-0.979028938698888,2.49486545136658E-17));
#12095=DIRECTION('',(0.996408387529155,-0.0846777731258273,-1.22024834243115E-16));
#12096=DIRECTION('',(-0.0846777731258273,-0.996408387529155,1.0370036381747E-17));
#12097=DIRECTION('',(-0.0846777731258273,-0.996408387529155,1.0370036381747E-17));
#12098=DIRECTION('',(-1.22464679914735E-16,0.,-1.));
#12099=DIRECTION('',(-0.0846777731258273,-0.996408387529155,1.0370036381747E-17));
#12100=DIRECTION('',(0.999281810436616,0.0378927873152599,-1.22376727059737E-16));
#12101=DIRECTION('',(0.0378927873152599,-0.999281810436616,-4.64052806964044E-18));
#12102=DIRECTION('',(0.0378927873152599,-0.999281810436616,-4.64052806964044E-18));
#12103=DIRECTION('',(-1.22464679914735E-16,0.,-1.));
#12104=DIRECTION('',(0.0378927873152599,-0.999281810436616,-4.64052806964044E-18));
#12105=DIRECTION('',(0.981984131129073,0.188963399129776,-1.20258372300071E-16));
#12106=DIRECTION('',(0.188963399129776,-0.981984131129073,-2.31413421900284E-17));
#12107=DIRECTION('',(0.188963399129776,-0.981984131129073,-2.31413421900284E-17));
#12108=DIRECTION('',(-1.22464679914735E-16,0.,-1.));
#12109=DIRECTION('',(0.188963399129776,-0.981984131129073,-2.31413421900284E-17));
#12110=DIRECTION('',(-0.587088835953896,-0.809522512780405,7.18976463766084E-17));
#12111=DIRECTION('',(-0.809522512780404,0.587088835953895,9.91379154114245E-17));
#12112=DIRECTION('',(-0.809522512780405,0.587088835953895,9.91379154114245E-17));
#12113=DIRECTION('',(-1.22464679914735E-16,0.,-1.));
#12114=DIRECTION('',(-0.809522512780405,0.587088835953895,9.91379154114245E-17));
#12115=DIRECTION('',(-1.22464679914735E-16,0.,-1.));
#12116=DIRECTION('',(-0.473348237767855,-0.880875386080271,5.79684404264444E-17));
#12117=DIRECTION('',(-0.880875386080271,0.473348237767855,1.07876122201089E-16));
#12118=DIRECTION('',(-0.880875386080271,0.473348237767855,1.07876122201089E-16));
#12119=DIRECTION('',(-1.22464679914735E-16,0.,-1.));
#12120=DIRECTION('',(-0.880875386080271,0.473348237767855,1.07876122201089E-16));
#12121=DIRECTION('',(-0.345168489041663,-0.93854073655473,4.227094852714E-17));
#12122=DIRECTION('',(-0.93854073655473,0.345168489041663,1.14938090889115E-16));
#12123=DIRECTION('',(-0.93854073655473,0.345168489041663,1.14938090889115E-16));
#12124=DIRECTION('',(-1.22464679914735E-16,0.,-1.));
#12125=DIRECTION('',(-0.93854073655473,0.345168489041663,1.14938090889115E-16));
#12126=DIRECTION('',(-0.136492868156753,-0.990641053531673,1.67155554094609E-17));
#12127=DIRECTION('',(-0.990641053531673,0.136492868156753,1.21318539531152E-16));
#12128=DIRECTION('',(-0.990641053531673,0.136492868156753,1.21318539531152E-16));
#12129=DIRECTION('',(-1.22464679914735E-16,0.,-1.));
#12130=DIRECTION('',(-0.990641053531673,0.136492868156753,1.21318539531152E-16));
#12131=DIRECTION('',(0.168255646585744,-0.985743393278399,-2.060537390297E-17));
#12132=DIRECTION('',(-0.985743393278399,-0.168255646585744,1.20718749135904E-16));
#12133=DIRECTION('',(-0.985743393278399,-0.168255646585744,1.20718749135904E-16));
#12134=DIRECTION('',(-1.22464679914735E-16,0.,-1.));
#12135=DIRECTION('',(-0.985743393278399,-0.168255646585744,1.20718749135904E-16));
#12136=DIRECTION('',(0.689048698537512,-0.724715041270541,-8.43841283120613E-17));
#12137=DIRECTION('',(-0.724715041270541,-0.689048698537512,8.8751995558591E-17));
#12138=DIRECTION('',(-0.724715041270541,-0.689048698537512,8.8751995558591E-17));
#12139=DIRECTION('',(-1.22464679914735E-16,0.,-1.));
#12140=DIRECTION('',(-0.724715041270541,-0.689048698537512,8.8751995558591E-17));
#12141=DIRECTION('',(0.883128056501127,-0.469132002554231,-1.08151994763133E-16));
#12142=DIRECTION('',(-0.469132002554231,-0.883128056501127,5.74521005305627E-17));
#12143=DIRECTION('',(-0.469132002554231,-0.883128056501127,5.74521005305627E-17));
#12144=DIRECTION('',(-1.22464679914735E-16,0.,-1.));
#12145=DIRECTION('',(-0.469132002554231,-0.883128056501127,5.74521005305627E-17));
#12146=DIRECTION('',(0.973882101145645,-0.227054295418834,-1.19266159791491E-16));
#12147=DIRECTION('',(-0.227054295418834,-0.973882101145645,2.78061316117332E-17));
#12148=DIRECTION('',(-0.227054295418834,-0.973882101145645,2.78061316117332E-17));
#12149=DIRECTION('',(-1.22464679914735E-16,0.,-1.));
#12150=DIRECTION('',(-0.227054295418834,-0.973882101145645,2.78061316117332E-17));
#12151=DIRECTION('',(0.999379167000734,0.0352318118313349,-1.223886498002E-16));
#12152=DIRECTION('',(0.0352318118313349,-0.999379167000734,-4.31465255874062E-18));
#12153=DIRECTION('',(0.0352318118313349,-0.999379167000734,-4.31465255874062E-18));
#12154=DIRECTION('',(-1.22464679914735E-16,0.,-1.));
#12155=DIRECTION('',(0.0352318118313349,-0.999379167000734,-4.31465255874062E-18));
#12156=DIRECTION('',(0.950034051133884,0.312146282512128,-1.1634561598021E-16));
#12157=DIRECTION('',(0.312146282512128,-0.950034051133884,-3.82268945744223E-17));
#12158=DIRECTION('',(0.312146282512128,-0.950034051133884,-3.82268945744223E-17));
#12159=DIRECTION('',(-1.22464679914735E-16,0.,-1.));
#12160=DIRECTION('',(0.312146282512128,-0.950034051133884,-3.82268945744223E-17));
#12161=DIRECTION('',(0.913935531386883,0.40585939002144,-1.11924822313998E-16));
#12162=DIRECTION('',(0.40585939002144,-0.913935531386883,-4.97034402893654E-17));
#12163=DIRECTION('',(0.40585939002144,-0.913935531386883,-4.97034402893654E-17));
#12164=DIRECTION('',(-1.22464679914735E-16,0.,-1.));
#12165=DIRECTION('',(0.40585939002144,-0.913935531386883,-4.97034402893654E-17));
#12166=DIRECTION('',(0.319659529258338,-0.947532471926075,-3.91470019323172E-17));
#12167=DIRECTION('',(-0.947532471926075,-0.319659529258337,1.16039260883245E-16));
#12168=DIRECTION('',(-0.947532471926075,-0.319659529258337,1.16039260883245E-16));
#12169=DIRECTION('',(-1.22464679914735E-16,0.,-1.));
#12170=DIRECTION('',(-0.947532471926075,-0.319659529258337,1.16039260883245E-16));
#12171=DIRECTION('',(0.671429705375646,-0.741068249717375,-8.22264239540736E-17));
#12172=DIRECTION('',(-0.741068249717375,-0.671429705375646,9.07546859966114E-17));
#12173=DIRECTION('',(-0.741068249717375,-0.671429705375646,9.07546859966114E-17));
#12174=DIRECTION('',(-1.22464679914735E-16,0.,-1.));
#12175=DIRECTION('',(-0.741068249717375,-0.671429705375646,9.07546859966114E-17));
#12176=DIRECTION('',(0.87145120077256,-0.490482216468714,-1.06721992363923E-16));
#12177=DIRECTION('',(-0.490482216468714,-0.87145120077256,6.0066747643711E-17));
#12178=DIRECTION('',(-0.490482216468714,-0.87145120077256,6.0066747643711E-17));
#12179=DIRECTION('',(-1.22464679914735E-16,0.,-1.));
#12180=DIRECTION('',(-0.490482216468714,-0.87145120077256,6.0066747643711E-17));
#12181=DIRECTION('',(0.967115108228857,-0.254339079646615,-1.18437442169952E-16));
#12182=DIRECTION('',(-0.254339079646615,-0.967115108228857,3.1147553978731E-17));
#12183=DIRECTION('',(-0.254339079646615,-0.967115108228857,3.1147553978731E-17));
#12184=DIRECTION('',(-1.22464679914735E-16,0.,-1.));
#12185=DIRECTION('',(-0.254339079646615,-0.967115108228857,3.1147553978731E-17));
#12186=DIRECTION('',(0.999936919269896,-0.0112319847324101,-1.22456954753314E-16));
#12187=DIRECTION('',(-0.0112319847324101,-0.999936919269896,1.3755214150618E-18));
#12188=DIRECTION('',(-0.0112319847324101,-0.999936919269896,1.3755214150618E-18));
#12189=DIRECTION('',(-1.22464679914735E-16,0.,-1.));
#12190=DIRECTION('',(-0.0112319847324101,-0.999936919269896,1.3755214150618E-18));
#12191=DIRECTION('',(0.967657551661974,0.252267442829141,-1.1850387233136E-16));
#12192=DIRECTION('',(0.252267442829141,-0.967657551661974,-3.08938516389795E-17));
#12193=DIRECTION('',(0.252267442829141,-0.967657551661974,-3.08938516389795E-17));
#12194=DIRECTION('',(-1.22464679914735E-16,0.,-1.));
#12195=DIRECTION('',(0.252267442829141,-0.967657551661974,-3.08938516389795E-17));
#12196=DIRECTION('',(0.878912048586937,0.476983868541393,-1.07635682703404E-16));
#12197=DIRECTION('',(0.476983868541393,-0.878912048586938,-5.84136767854139E-17));
#12198=DIRECTION('',(0.476983868541393,-0.878912048586937,-5.84136767854139E-17));
#12199=DIRECTION('',(-1.22464679914735E-16,0.,-1.));
#12200=DIRECTION('',(0.476983868541393,-0.878912048586937,-5.84136767854139E-17));
#12201=DIRECTION('',(0.763897106112527,0.645338059681053,-9.35504145878632E-17));
#12202=DIRECTION('',(0.645338059681053,-0.763897106112527,-7.90311189156366E-17));
#12203=DIRECTION('',(0.645338059681053,-0.763897106112527,-7.90311189156366E-17));
#12204=DIRECTION('',(-1.22464679914735E-16,0.,-1.));
#12205=DIRECTION('',(0.645338059681053,-0.763897106112527,-7.90311189156366E-17));
#12206=DIRECTION('',(0.590532137239391,0.807014123102859,-7.23193291663866E-17));
#12207=DIRECTION('',(0.807014123102859,-0.590532137239391,-9.88307262724625E-17));
#12208=DIRECTION('',(0.807014123102859,-0.590532137239391,-9.88307262724625E-17));
#12209=DIRECTION('',(-1.22464679914735E-16,0.,-1.));
#12210=DIRECTION('',(0.807014123102859,-0.590532137239391,-9.88307262724625E-17));
#12211=DIRECTION('',(0.396154999833661,0.918183650533373,-4.85149952512514E-17));
#12212=DIRECTION('',(0.918183650533373,-0.396154999833661,-1.12445066865513E-16));
#12213=DIRECTION('',(0.918183650533373,-0.396154999833661,-1.12445066865513E-16));
#12214=DIRECTION('',(-1.22464679914735E-16,0.,-1.));
#12215=DIRECTION('',(0.918183650533373,-0.396154999833661,-1.12445066865513E-16));
#12216=DIRECTION('',(0.141033625207848,0.990004806332137,-1.72716377682939E-17));
#12217=DIRECTION('',(0.990004806332137,-0.141033625207848,-1.21240621721515E-16));
#12218=DIRECTION('',(0.990004806332137,-0.141033625207848,-1.21240621721515E-16));
#12219=DIRECTION('',(-1.22464679914735E-16,0.,-1.));
#12220=DIRECTION('',(0.990004806332137,-0.141033625207848,-1.21240621721515E-16));
#12221=DIRECTION('',(-0.14914609325969,0.98881517123544,1.82651285715812E-17));
#12222=DIRECTION('',(0.98881517123544,0.14914609325969,-1.21094933440182E-16));
#12223=DIRECTION('',(0.98881517123544,0.14914609325969,-1.21094933440182E-16));
#12224=DIRECTION('',(-1.22464679914735E-16,0.,-1.));
#12225=DIRECTION('',(0.98881517123544,0.14914609325969,-1.21094933440182E-16));
#12226=DIRECTION('',(-0.686690635431215,0.726949772137714,8.409534886853E-17));
#12227=DIRECTION('',(0.726949772137714,0.686690635431215,-8.90256711589349E-17));
#12228=DIRECTION('',(0.726949772137714,0.686690635431215,-8.90256711589349E-17));
#12229=DIRECTION('',(-1.22464679914735E-16,0.,-1.));
#12230=DIRECTION('',(0.726949772137714,0.686690635431215,-8.90256711589349E-17));
#12231=DIRECTION('',(-0.96368675746383,0.267035266376653,1.18017590290877E-16));
#12232=DIRECTION('',(0.267035266376653,0.96368675746383,-3.27023884227629E-17));
#12233=DIRECTION('',(0.267035266376653,0.96368675746383,-3.27023884227629E-17));
#12234=DIRECTION('',(-1.22464679914735E-16,0.,-1.));
#12235=DIRECTION('',(0.267035266376653,0.96368675746383,-3.27023884227629E-17));
#12236=DIRECTION('',(-0.956366217049876,0.292170598941285,1.17121082652279E-16));
#12237=DIRECTION('',(0.292170598941285,0.956366217049876,-3.5780578879841E-17));
#12238=DIRECTION('',(0.292170598941285,0.956366217049876,-3.5780578879841E-17));
#12239=DIRECTION('',(-1.22464679914735E-16,0.,-1.));
#12240=DIRECTION('',(0.292170598941285,0.956366217049876,-3.5780578879841E-17));
#12241=DIRECTION('',(-0.984962042961869,0.17277087116867,1.20623061319489E-16));
#12242=DIRECTION('',(0.17277087116867,0.984962042961869,-2.11583294362611E-17));
#12243=DIRECTION('',(0.17277087116867,0.984962042961869,-2.11583294362611E-17));
#12244=DIRECTION('',(-1.22464679914735E-16,0.,-1.));
#12245=DIRECTION('',(0.17277087116867,0.984962042961869,-2.11583294362611E-17));
#12246=DIRECTION('',(-0.997564054014365,-0.0697564200516665,1.22166362569315E-16));
#12247=DIRECTION('',(-0.0697564200516665,0.997564054014365,8.54269765362516E-18));
#12248=DIRECTION('',(-0.0697564200516665,0.997564054014365,8.54269765362516E-18));
#12249=DIRECTION('',(-1.22464679914735E-16,0.,-1.));
#12250=DIRECTION('',(-0.0697564200516665,0.997564054014365,8.54269765362516E-18));
#12251=DIRECTION('',(-0.97925709264109,0.202621683222994,1.19924406404525E-16));
#12252=DIRECTION('',(0.202621683222994,0.97925709264109,-2.48139995796888E-17));
#12253=DIRECTION('',(0.202621683222994,0.97925709264109,-2.48139995796888E-17));
#12254=DIRECTION('',(-1.22464679914735E-16,0.,-1.));
#12255=DIRECTION('',(0.202621683222994,0.97925709264109,-2.48139995796888E-17));
#12256=DIRECTION('',(-1.22464679914735E-16,0.,-1.));
#12257=DIRECTION('',(-0.987250450657018,-0.159174582385236,1.2090331043539E-16));
#12258=DIRECTION('',(-0.159174582385236,0.987250450657018,1.94932642823696E-17));
#12259=DIRECTION('',(-0.159174582385236,0.987250450657018,1.94932642823696E-17));
#12260=DIRECTION('',(-1.22464679914735E-16,0.,-1.));
#12261=DIRECTION('',(-0.159174582385236,0.987250450657018,1.94932642823696E-17));
#12262=DIRECTION('',(-0.712111089048619,-0.702066803697476,8.72084565840727E-17));
#12263=DIRECTION('',(-0.702066803697476,0.712111089048619,8.59783863935727E-17));
#12264=DIRECTION('',(-0.702066803697476,0.712111089048619,8.59783863935727E-17));
#12265=DIRECTION('',(-1.22464679914735E-16,0.,-1.));
#12266=DIRECTION('',(-0.702066803697476,0.712111089048619,8.59783863935727E-17));
#12267=DIRECTION('',(-0.219715918671759,-0.975563895950555,2.69074396523089E-17));
#12268=DIRECTION('',(-0.975563895950555,0.219715918671759,1.19472120253957E-16));
#12269=DIRECTION('',(-0.975563895950555,0.219715918671759,1.19472120253957E-16));
#12270=DIRECTION('',(-1.22464679914735E-16,0.,-1.));
#12271=DIRECTION('',(-0.975563895950555,0.219715918671759,1.19472120253957E-16));
#12272=DIRECTION('',(0.205547320849545,-0.978647177940842,-2.51722868551709E-17));
#12273=DIRECTION('',(-0.978647177940842,-0.205547320849545,1.19849713395984E-16));
#12274=DIRECTION('',(-0.978647177940842,-0.205547320849545,1.19849713395984E-16));
#12275=DIRECTION('',(-1.22464679914735E-16,0.,-1.));
#12276=DIRECTION('',(-0.978647177940842,-0.205547320849545,1.19849713395984E-16));
#12277=DIRECTION('',(0.572076487734351,-0.820200275653166,-7.00591639571333E-17));
#12278=DIRECTION('',(-0.820200275653166,-0.572076487734351,1.00445564223843E-16));
#12279=DIRECTION('',(-0.820200275653166,-0.572076487734351,1.00445564223843E-16));
#12280=DIRECTION('',(-1.22464679914735E-16,0.,-1.));
#12281=DIRECTION('',(-0.820200275653166,-0.572076487734351,1.00445564223843E-16));
#12282=DIRECTION('',(0.803291160467129,-0.595586527311838,-9.83747948449432E-17));
#12283=DIRECTION('',(-0.595586527311838,-0.803291160467129,7.2938313428773E-17));
#12284=DIRECTION('',(-0.595586527311838,-0.803291160467129,7.2938313428773E-17));
#12285=DIRECTION('',(-1.22464679914735E-16,0.,-1.));
#12286=DIRECTION('',(-0.595586527311838,-0.803291160467129,7.2938313428773E-17));
#12287=DIRECTION('',(0.94825853087984,-0.317499226162219,-1.16128177460617E-16));
#12288=DIRECTION('',(-0.317499226162219,-0.94825853087984,3.88824411051323E-17));
#12289=DIRECTION('',(-0.317499226162219,-0.94825853087984,3.88824411051323E-17));
#12290=DIRECTION('',(-1.22464679914735E-16,0.,-1.));
#12291=DIRECTION('',(-0.317499226162219,-0.94825853087984,3.88824411051323E-17));
#12292=DIRECTION('',(0.972165803154706,-0.234293941826429,-1.19055973907393E-16));
#12293=DIRECTION('',(-0.234293941826429,-0.972165803154706,2.86927325917352E-17));
#12294=DIRECTION('',(-0.234293941826429,-0.972165803154706,2.86927325917352E-17));
#12295=DIRECTION('',(-1.22464679914735E-16,0.,-1.));
#12296=DIRECTION('',(-0.234293941826429,-0.972165803154706,2.86927325917352E-17));
#12297=DIRECTION('',(0.969241520276384,-0.246111510036252,-1.18697852540719E-16));
#12298=DIRECTION('',(-0.246111510036252,-0.969241520276384,3.01399672999217E-17));
#12299=DIRECTION('',(-0.246111510036252,-0.969241520276384,3.01399672999217E-17));
#12300=DIRECTION('',(-1.22464679914735E-16,0.,-1.));
#12301=DIRECTION('',(-0.246111510036252,-0.969241520276384,3.01399672999217E-17));
#12302=DIRECTION('',(0.941663452902846,-0.33655600049188,-1.15320513347151E-16));
#12303=DIRECTION('',(-0.33655600049188,-0.941663452902846,4.12162228736215E-17));
#12304=DIRECTION('',(-0.33655600049188,-0.941663452902846,4.12162228736215E-17));
#12305=DIRECTION('',(-1.22464679914735E-16,0.,-1.));
#12306=DIRECTION('',(-0.33655600049188,-0.941663452902846,4.12162228736215E-17));
#12307=DIRECTION('',(0.698209442275804,-0.715893549850054,-8.55059958617522E-17));
#12308=DIRECTION('',(-0.715893549850054,-0.698209442275804,8.76716744354105E-17));
#12309=DIRECTION('',(-0.715893549850054,-0.698209442275804,8.76716744354105E-17));
#12310=DIRECTION('',(-1.22464679914735E-16,0.,-1.));
#12311=DIRECTION('',(-0.715893549850054,-0.698209442275804,8.76716744354105E-17));
#12312=DIRECTION('',(0.331154580158851,-0.943576517321099,-4.05547396614523E-17));
#12313=DIRECTION('',(-0.943576517321099,-0.331154580158851,1.15554796168789E-16));
#12314=DIRECTION('',(-0.943576517321099,-0.331154580158851,1.15554796168789E-16));
#12315=DIRECTION('',(-1.22464679914735E-16,0.,-1.));
#12316=DIRECTION('',(-0.943576517321099,-0.331154580158851,1.15554796168789E-16));
#12317=DIRECTION('',(-0.136643556198146,-0.990620279698293,1.6734009372217E-17));
#12318=DIRECTION('',(-0.990620279698293,0.136643556198146,1.21315995470297E-16));
#12319=DIRECTION('',(-0.990620279698293,0.136643556198146,1.21315995470297E-16));
#12320=DIRECTION('',(-1.22464679914735E-16,0.,-1.));
#12321=DIRECTION('',(-0.990620279698293,0.136643556198146,1.21315995470297E-16));
#12322=DIRECTION('',(-0.632808180916398,-0.774308598793323,7.74966513233526E-17));
#12323=DIRECTION('',(-0.774308598793323,0.632808180916398,9.48254547064516E-17));
#12324=DIRECTION('',(-0.774308598793323,0.632808180916398,9.48254547064515E-17));
#12325=DIRECTION('',(-1.22464679914735E-16,0.,-1.));
#12326=DIRECTION('',(-0.774308598793323,0.632808180916398,9.48254547064515E-17));
#12327=DIRECTION('',(-0.970238725768421,-0.242150397520363,1.1881997499211E-16));
#12328=DIRECTION('',(-0.242150397520363,0.970238725768421,2.96548709235572E-17));
#12329=DIRECTION('',(-0.242150397520363,0.970238725768421,2.96548709235572E-17));
#12330=DIRECTION('',(-1.22464679914735E-16,0.,-1.));
#12331=DIRECTION('',(-0.242150397520363,0.970238725768421,2.96548709235572E-17));
#12332=DIRECTION('',(-0.999972216056074,0.00745433537647138,1.22461277362936E-16));
#12333=DIRECTION('',(0.00745433537647138,0.999972216056074,-9.12892795856656E-19));
#12334=DIRECTION('',(0.00745433537647138,0.999972216056074,-9.12892795856656E-19));
#12335=DIRECTION('',(-1.22464679914735E-16,0.,-1.));
#12336=DIRECTION('',(0.00745433537647138,0.999972216056074,-9.12892795856656E-19));
#12337=DIRECTION('',(-0.990888673479624,0.134683468806651,1.21348864228819E-16));
#12338=DIRECTION('',(0.134683468806651,0.990888673479624,-1.64939678972127E-17));
#12339=DIRECTION('',(0.134683468806651,0.990888673479624,-1.64939678972127E-17));
#12340=DIRECTION('',(-1.22464679914735E-16,0.,-1.));
#12341=DIRECTION('',(0.134683468806651,0.990888673479624,-1.64939678972127E-17));
#12342=DIRECTION('',(-0.965046862197956,0.262077381248134,1.18184155081792E-16));
#12343=DIRECTION('',(0.262077381248134,0.965046862197956,-3.20952226074448E-17));
#12344=DIRECTION('',(0.262077381248134,0.965046862197956,-3.20952226074448E-17));
#12345=DIRECTION('',(-1.22464679914735E-16,0.,-1.));
#12346=DIRECTION('',(0.262077381248134,0.965046862197956,-3.20952226074448E-17));
#12347=DIRECTION('',(-0.986965537011665,0.16093175184306,1.20868418577008E-16));
#12348=DIRECTION('',(0.16093175184306,0.986965537011665,-1.9708455477578E-17));
#12349=DIRECTION('',(0.16093175184306,0.986965537011665,-1.9708455477578E-17));
#12350=DIRECTION('',(-1.22464679914735E-16,0.,-1.));
#12351=DIRECTION('',(0.16093175184306,0.986965537011665,-1.9708455477578E-17));
#12352=DIRECTION('',(-0.974258883699277,-0.225432090734745,1.19312302346319E-16));
#12353=DIRECTION('',(-0.225432090734745,0.974258883699277,2.76074688343402E-17));
#12354=DIRECTION('',(-0.225432090734745,0.974258883699277,2.76074688343402E-17));
#12355=DIRECTION('',(-1.22464679914735E-16,0.,-1.));
#12356=DIRECTION('',(-0.225432090734745,0.974258883699277,2.76074688343402E-17));
#12357=DIRECTION('',(-0.856591887022192,-0.515994514590767,1.04902251261732E-16));
#12358=DIRECTION('',(-0.515994514590767,0.856591887022192,6.31911030671175E-17));
#12359=DIRECTION('',(-0.515994514590767,0.856591887022192,6.31911030671175E-17));
#12360=DIRECTION('',(-1.22464679914735E-16,0.,-1.));
#12361=DIRECTION('',(-0.515994514590767,0.856591887022192,6.31911030671175E-17));
#12362=DIRECTION('',(-0.529513326004676,-0.848301619462951,6.48466799797495E-17));
#12363=DIRECTION('',(-0.848301619462951,0.529513326004676,1.03886986298682E-16));
#12364=DIRECTION('',(-0.848301619462951,0.529513326004676,1.03886986298682E-16));
#12365=DIRECTION('',(-1.22464679914735E-16,0.,-1.));
#12366=DIRECTION('',(-0.848301619462951,0.529513326004676,1.03886986298682E-16));
#12367=DIRECTION('',(-0.00834871149445318,-0.999965148900892,1.02242228086868E-18));
#12368=DIRECTION('',(-0.999965148900892,0.00834871149445318,1.22460411886038E-16));
#12369=DIRECTION('',(-0.999965148900892,0.00834871149445318,1.22460411886038E-16));
#12370=DIRECTION('',(-1.22464679914735E-16,0.,-1.));
#12371=DIRECTION('',(-0.999965148900892,0.00834871149445318,1.22460411886038E-16));
#12372=DIRECTION('',(0.422494365641968,-0.906365550426974,-5.17406372541228E-17));
#12373=DIRECTION('',(-0.906365550426974,-0.422494365641968,1.10997767018782E-16));
#12374=DIRECTION('',(-0.906365550426974,-0.422494365641968,1.10997767018782E-16));
#12375=DIRECTION('',(-1.22464679914735E-16,0.,-1.));
#12376=DIRECTION('',(-0.906365550426974,-0.422494365641968,1.10997767018782E-16));
#12377=DIRECTION('',(0.676346473933792,-0.736583632181252,-8.28285544417618E-17));
#12378=DIRECTION('',(-0.736583632181252,-0.676346473933792,9.02054787455102E-17));
#12379=DIRECTION('',(-0.736583632181252,-0.676346473933792,9.02054787455102E-17));
#12380=DIRECTION('',(-1.22464679914735E-16,0.,-1.));
#12381=DIRECTION('',(-0.736583632181252,-0.676346473933792,9.02054787455102E-17));
#12382=DIRECTION('',(0.872662747316807,-0.488323386134109,-1.06870364023666E-16));
#12383=DIRECTION('',(-0.488323386134109,-0.872662747316807,5.98023671777933E-17));
#12384=DIRECTION('',(-0.488323386134109,-0.872662747316807,5.98023671777933E-17));
#12385=DIRECTION('',(-1.22464679914735E-16,0.,-1.));
#12386=DIRECTION('',(-0.488323386134109,-0.872662747316807,5.98023671777933E-17));
#12387=DIRECTION('',(0.97920998504921,-0.202849217844011,-1.19918637388364E-16));
#12388=DIRECTION('',(-0.202849217844011,-0.97920998504921,2.48418645342212E-17));
#12389=DIRECTION('',(-0.202849217844011,-0.979209985049209,2.48418645342212E-17));
#12390=DIRECTION('',(-1.22464679914735E-16,0.,-1.));
#12391=DIRECTION('',(-0.202849217844011,-0.979209985049209,2.48418645342212E-17));
#12392=DIRECTION('',(0.994820589846045,-0.101646416652866,-1.21830385108084E-16));
#12393=DIRECTION('',(-0.101646416652866,-0.994820589846045,1.2448095879873E-17));
#12394=DIRECTION('',(-0.101646416652866,-0.994820589846045,1.2448095879873E-17));
#12395=DIRECTION('',(-1.22464679914735E-16,0.,-1.));
#12396=DIRECTION('',(-0.101646416652866,-0.994820589846045,1.2448095879873E-17));
#12397=DIRECTION('',(0.998419395419377,0.0562024096494572,-1.22271111680698E-16));
#12398=DIRECTION('',(0.0562024096494573,-0.998419395419377,-6.88281010815761E-18));
#12399=DIRECTION('',(0.0562024096494572,-0.998419395419377,-6.88281010815761E-18));
#12400=DIRECTION('',(-1.22464679914735E-16,0.,-1.));
#12401=DIRECTION('',(0.0562024096494572,-0.998419395419377,-6.88281010815761E-18));
#12402=DIRECTION('',(0.967218880683932,0.253944160886839,-1.18450150630446E-16));
#12403=DIRECTION('',(0.253944160886839,-0.967218880683932,-3.10991903792228E-17));
#12404=DIRECTION('',(0.253944160886839,-0.967218880683932,-3.10991903792228E-17));
#12405=DIRECTION('',(-1.22464679914735E-16,0.,-1.));
#12406=DIRECTION('',(0.253944160886839,-0.967218880683932,-3.10991903792228E-17));
#12407=DIRECTION('',(0.928692514565697,0.370850661843339,-1.13732031535499E-16));
#12408=DIRECTION('',(0.370850661843339,-0.928692514565697,-4.54161075988123E-17));
#12409=DIRECTION('',(0.370850661843339,-0.928692514565697,-4.54161075988123E-17));
#12410=DIRECTION('',(-1.22464679914735E-16,0.,-1.));
#12411=DIRECTION('',(0.370850661843339,-0.928692514565697,-4.54161075988123E-17));
#12412=DIRECTION('',(0.784687082931621,0.619892072767722,-9.60964524444483E-17));
#12413=DIRECTION('',(0.619892072767722,-0.784687082931621,-7.59148842731809E-17));
#12414=DIRECTION('',(0.619892072767722,-0.784687082931621,-7.59148842731809E-17));
#12415=DIRECTION('',(-1.22464679914735E-16,0.,-1.));
#12416=DIRECTION('',(0.619892072767722,-0.784687082931621,-7.59148842731809E-17));
#12417=DIRECTION('',(0.549817888962977,0.83528455569123,-6.73332717832465E-17));
#12418=DIRECTION('',(0.83528455569123,-0.549817888962977,-1.02292855750448E-16));
#12419=DIRECTION('',(0.83528455569123,-0.549817888962977,-1.02292855750448E-16));
#12420=DIRECTION('',(-1.22464679914735E-16,0.,-1.));
#12421=DIRECTION('',(0.83528455569123,-0.549817888962977,-1.02292855750448E-16));
#12422=DIRECTION('',(0.338586813813063,0.94093515691142,-4.14649257769669E-17));
#12423=DIRECTION('',(0.94093515691142,-0.338586813813063,-1.15231322811678E-16));
#12424=DIRECTION('',(0.94093515691142,-0.338586813813063,-1.15231322811678E-16));
#12425=DIRECTION('',(-1.22464679914735E-16,0.,-1.));
#12426=DIRECTION('',(0.94093515691142,-0.338586813813063,-1.15231322811678E-16));
#12427=DIRECTION('',(0.089216587734679,0.996012249158102,-1.09258808600124E-17));
#12428=DIRECTION('',(0.996012249158102,-0.0892165877346791,-1.21976321284302E-16));
#12429=DIRECTION('',(0.996012249158102,-0.0892165877346791,-1.21976321284302E-16));
#12430=DIRECTION('',(-1.22464679914735E-16,0.,-1.));
#12431=DIRECTION('',(0.996012249158102,-0.0892165877346791,-1.21976321284302E-16));
#12432=DIRECTION('',(-0.147466955570491,0.989066983077876,1.80594935119407E-17));
#12433=DIRECTION('',(0.989066983077876,0.147466955570491,-1.21125771496865E-16));
#12434=DIRECTION('',(0.989066983077876,0.147466955570491,-1.21125771496865E-16));
#12435=DIRECTION('',(-1.22464679914735E-16,0.,-1.));
#12436=DIRECTION('',(0.989066983077876,0.147466955570491,-1.21125771496865E-16));
#12437=DIRECTION('',(-0.399337022749757,0.916804200612846,4.89046806691523E-17));
#12438=DIRECTION('',(0.916804200612846,0.399337022749757,-1.12276132972537E-16));
#12439=DIRECTION('',(0.916804200612846,0.399337022749757,-1.12276132972537E-16));
#12440=DIRECTION('',(-1.22464679914735E-16,0.,-1.));
#12441=DIRECTION('',(0.916804200612846,0.399337022749757,-1.12276132972537E-16));
#12442=DIRECTION('',(-0.600169221632198,0.799873055806608,7.3499531621863E-17));
#12443=DIRECTION('',(0.799873055806608,0.600169221632198,-9.79561977517775E-17));
#12444=DIRECTION('',(0.799873055806608,0.600169221632198,-9.79561977517775E-17));
#12445=DIRECTION('',(-1.22464679914735E-16,0.,-1.));
#12446=DIRECTION('',(0.799873055806608,0.600169221632198,-9.79561977517775E-17));
#12447=DIRECTION('',(-0.783283111382251,0.621665156996385,9.59245155180454E-17));
#12448=DIRECTION('',(0.621665156996385,0.783283111382251,-7.6132024465706E-17));
#12449=DIRECTION('',(0.621665156996385,0.783283111382251,-7.6132024465706E-17));
#12450=DIRECTION('',(-1.22464679914735E-16,0.,-1.));
#12451=DIRECTION('',(0.621665156996385,0.783283111382251,-7.6132024465706E-17));
#12452=DIRECTION('',(-0.912320176227253,0.40947758918978,1.11726998361425E-16));
#12453=DIRECTION('',(0.40947758918978,0.912320176227253,-5.01465418923838E-17));
#12454=DIRECTION('',(0.40947758918978,0.912320176227253,-5.01465418923838E-17));
#12455=DIRECTION('',(-1.22464679914735E-16,0.,-1.));
#12456=DIRECTION('',(0.40947758918978,0.912320176227253,-5.01465418923838E-17));
#12457=DIRECTION('',(-0.994840797544986,0.101448447696636,1.21832859837467E-16));
#12458=DIRECTION('',(0.101448447696636,0.994840797544986,-1.24238516750153E-17));
#12459=DIRECTION('',(0.101448447696636,0.994840797544986,-1.24238516750153E-17));
#12460=DIRECTION('',(-1.22464679914735E-16,0.,-1.));
#12461=DIRECTION('',(0.101448447696636,0.994840797544986,-1.24238516750153E-17));
#12462=DIRECTION('',(-1.22464679914735E-16,0.,-1.));
#12463=DIRECTION('',(-0.993195020778315,-0.116463087290192,1.21631310312525E-16));
#12464=DIRECTION('',(-0.116463087290192,0.993195020778315,1.42626147068753E-17));
#12465=DIRECTION('',(-0.116463087290192,0.993195020778315,1.42626147068753E-17));
#12466=DIRECTION('',(-1.22464679914735E-16,0.,-1.));
#12467=DIRECTION('',(-0.116463087290192,0.993195020778315,1.42626147068753E-17));
#12468=DIRECTION('',(-0.930827516391638,-0.365458800315677,1.1399349385073E-16));
#12469=DIRECTION('',(-0.365458800315677,0.930827516391638,4.47557950026826E-17));
#12470=DIRECTION('',(-0.365458800315677,0.930827516391638,4.47557950026826E-17));
#12471=DIRECTION('',(-1.22464679914735E-16,0.,-1.));
#12472=DIRECTION('',(-0.365458800315677,0.930827516391638,4.47557950026826E-17));
#12473=DIRECTION('',(-0.776266877403792,-0.630404421816477,9.50652746696665E-17));
#12474=DIRECTION('',(-0.630404421816477,0.776266877403792,7.72022757345886E-17));
#12475=DIRECTION('',(-0.630404421816477,0.776266877403792,7.72022757345886E-17));
#12476=DIRECTION('',(-1.22464679914735E-16,0.,-1.));
#12477=DIRECTION('',(-0.630404421816477,0.776266877403792,7.72022757345886E-17));
#12478=DIRECTION('',(-0.419001341549983,-0.907985614301964,5.13128651767633E-17));
#12479=DIRECTION('',(-0.907985614301964,0.419001341549983,1.11196167622674E-16));
#12480=DIRECTION('',(-0.907985614301964,0.419001341549983,1.11196167622674E-16));
#12481=DIRECTION('',(-1.22464679914735E-16,0.,-1.));
#12482=DIRECTION('',(-0.907985614301964,0.419001341549983,1.11196167622674E-16));
#12483=DIRECTION('',(0.221039094076856,-0.97526494804729,-2.70694819047652E-17));
#12484=DIRECTION('',(-0.97526494804729,-0.221039094076856,1.19435509694672E-16));
#12485=DIRECTION('',(-0.97526494804729,-0.221039094076856,1.19435509694672E-16));
#12486=DIRECTION('',(-1.22464679914735E-16,0.,-1.));
#12487=DIRECTION('',(-0.97526494804729,-0.221039094076856,1.19435509694672E-16));
#12488=DIRECTION('',(0.718126560911888,-0.695912525043819,-8.79451394203441E-17));
#12489=DIRECTION('',(-0.695912525043819,-0.718126560911888,8.52247046281466E-17));
#12490=DIRECTION('',(-0.695912525043819,-0.718126560911888,8.52247046281466E-17));
#12491=DIRECTION('',(-1.22464679914735E-16,0.,-1.));
#12492=DIRECTION('',(-0.695912525043819,-0.718126560911888,8.52247046281466E-17));
#12493=DIRECTION('',(0.909865057879889,-0.414904297940171,-1.11426333078863E-16));
#12494=DIRECTION('',(-0.414904297940171,-0.909865057879889,5.0811122042491E-17));
#12495=DIRECTION('',(-0.414904297940171,-0.909865057879889,5.0811122042491E-17));
#12496=DIRECTION('',(-1.22464679914735E-16,0.,-1.));
#12497=DIRECTION('',(-0.414904297940171,-0.909865057879889,5.0811122042491E-17));
#12498=DIRECTION('',(0.973803569411612,-0.227390870971557,-1.1925654242782E-16));
#12499=DIRECTION('',(-0.227390870971557,-0.973803569411612,2.78473502290646E-17));
#12500=DIRECTION('',(-0.227390870971557,-0.973803569411612,2.78473502290646E-17));
#12501=DIRECTION('',(-1.22464679914735E-16,0.,-1.));
#12502=DIRECTION('',(-0.227390870971557,-0.973803569411612,2.78473502290646E-17));
#12503=DIRECTION('',(0.982098624782913,-0.188367436675006,-1.20272393728741E-16));
#12504=DIRECTION('',(-0.188367436675005,-0.982098624782912,2.30683578387637E-17));
#12505=DIRECTION('',(-0.188367436675006,-0.982098624782912,2.30683578387637E-17));
#12506=DIRECTION('',(-1.22464679914735E-16,0.,-1.));
#12507=DIRECTION('',(-0.188367436675006,-0.982098624782912,2.30683578387637E-17));
#12508=DIRECTION('',(0.99658765525989,-0.0825411738685321,-1.22046788208379E-16));
#12509=DIRECTION('',(-0.0825411738685321,-0.99658765525989,1.01083784375963E-17));
#12510=DIRECTION('',(-0.0825411738685321,-0.99658765525989,1.01083784375963E-17));
#12511=DIRECTION('',(-1.22464679914735E-16,0.,-1.));
#12512=DIRECTION('',(-0.0825411738685321,-0.99658765525989,1.01083784375963E-17));
#12513=DIRECTION('',(0.998105110526647,-0.0615320106984197,-1.22232622881907E-16));
#12514=DIRECTION('',(-0.0615320106984197,-0.998105110526647,7.53549799469204E-18));
#12515=DIRECTION('',(-0.0615320106984197,-0.998105110526647,7.53549799469204E-18));
#12516=DIRECTION('',(-1.22464679914735E-16,0.,-1.));
#12517=DIRECTION('',(-0.0615320106984197,-0.998105110526647,7.53549799469204E-18));
#12518=DIRECTION('',(0.98304661689708,-0.183355798946216,-1.20388489279564E-16));
#12519=DIRECTION('',(-0.183355798946216,-0.98304661689708,2.24546092284589E-17));
#12520=DIRECTION('',(-0.183355798946216,-0.98304661689708,2.24546092284589E-17));
#12521=DIRECTION('',(-1.22464679914735E-16,0.,-1.));
#12522=DIRECTION('',(-0.183355798946216,-0.98304661689708,2.24546092284589E-17));
#12523=DIRECTION('',(0.231792959432829,-0.972765143268081,-2.83864505834306E-17));
#12524=DIRECTION('',(-0.972765143268081,-0.231792959432829,1.19129371902537E-16));
#12525=DIRECTION('',(-0.972765143268081,-0.231792959432829,1.19129371902537E-16));
#12526=DIRECTION('',(-1.22464679914735E-16,0.,-1.));
#12527=DIRECTION('',(-0.972765143268081,-0.231792959432829,1.19129371902537E-16));
#12528=DIRECTION('',(-0.0951989758669246,-0.995458263813149,1.16585121077535E-17));
#12529=DIRECTION('',(-0.995458263813149,0.0951989758669246,1.21908477646355E-16));
#12530=DIRECTION('',(-0.995458263813149,0.0951989758669246,1.21908477646355E-16));
#12531=DIRECTION('',(-1.22464679914735E-16,0.,-1.));
#12532=DIRECTION('',(-0.995458263813149,0.0951989758669246,1.21908477646355E-16));
#12533=DIRECTION('',(-0.22282138821333,-0.97485928674588,2.72877499857023E-17));
#12534=DIRECTION('',(-0.97485928674588,0.22282138821333,1.19385830513241E-16));
#12535=DIRECTION('',(-0.97485928674588,0.22282138821333,1.19385830513241E-16));
#12536=DIRECTION('',(-1.22464679914735E-16,0.,-1.));
#12537=DIRECTION('',(-0.97485928674588,0.22282138821333,1.19385830513241E-16));
#12538=DIRECTION('',(-0.126792299080471,-0.991929288252892,1.55275783225433E-17));
#12539=DIRECTION('',(-0.991929288252892,0.126792299080471,1.21476302783942E-16));
#12540=DIRECTION('',(-0.991929288252892,0.126792299080471,1.21476302783942E-16));
#12541=DIRECTION('',(-1.22464679914735E-16,0.,-1.));
#12542=DIRECTION('',(-0.991929288252892,0.126792299080471,1.21476302783942E-16));
#12543=DIRECTION('',(0.179604907700986,-0.983738825669558,-2.19952575327168E-17));
#12544=DIRECTION('',(-0.983738825669558,-0.179604907700986,1.2047326040532E-16));
#12545=DIRECTION('',(-0.983738825669558,-0.179604907700986,1.2047326040532E-16));
#12546=DIRECTION('',(-1.22464679914735E-16,0.,-1.));
#12547=DIRECTION('',(-0.983738825669558,-0.179604907700986,1.2047326040532E-16));
#12548=DIRECTION('',(0.55438367284157,-0.832261222986324,-6.78924190444982E-17));
#12549=DIRECTION('',(-0.832261222986324,-0.55438367284157,1.01922604278466E-16));
#12550=DIRECTION('',(-0.832261222986324,-0.55438367284157,1.01922604278466E-16));
#12551=DIRECTION('',(-1.22464679914735E-16,0.,-1.));
#12552=DIRECTION('',(-0.832261222986324,-0.55438367284157,1.01922604278466E-16));
#12553=DIRECTION('',(0.926782256791304,-0.375599052843343,-1.13498092428603E-16));
#12554=DIRECTION('',(-0.375599052843343,-0.926782256791304,4.59976177827378E-17));
#12555=DIRECTION('',(-0.375599052843343,-0.926782256791304,4.59976177827378E-17));
#12556=DIRECTION('',(-1.22464679914735E-16,0.,-1.));
#12557=DIRECTION('',(-0.375599052843343,-0.926782256791304,4.59976177827378E-17));
#12558=DIRECTION('',(0.987216731194802,0.15938358023664,-1.20899180992243E-16));
#12559=DIRECTION('',(0.15938358023664,-0.987216731194802,-1.95188591373446E-17));
#12560=DIRECTION('',(0.15938358023664,-0.987216731194802,-1.95188591373446E-17));
#12561=DIRECTION('',(-1.22464679914735E-16,0.,-1.));
#12562=DIRECTION('',(0.15938358023664,-0.987216731194802,-1.95188591373446E-17));
#12563=DIRECTION('',(0.868504862980733,0.495680646161234,-1.06361170049326E-16));
#12564=DIRECTION('',(0.495680646161234,-0.868504862980733,-6.07033716720647E-17));
#12565=DIRECTION('',(0.495680646161234,-0.868504862980733,-6.07033716720647E-17));
#12566=DIRECTION('',(-1.22464679914735E-16,0.,-1.));
#12567=DIRECTION('',(0.495680646161234,-0.868504862980733,-6.07033716720647E-17));
#12568=DIRECTION('',(0.61431671397104,0.789059550943922,-7.52320997427354E-17));
#12569=DIRECTION('',(0.789059550943922,-0.61431671397104,-9.66319253400122E-17));
#12570=DIRECTION('',(0.789059550943922,-0.61431671397104,-9.66319253400122E-17));
#12571=DIRECTION('',(-1.22464679914735E-16,0.,-1.));
#12572=DIRECTION('',(0.789059550943922,-0.61431671397104,-9.66319253400122E-17));
#12573=DIRECTION('',(0.376421973248045,0.926448324547057,-4.60983964666949E-17));
#12574=DIRECTION('',(0.926448324547057,-0.376421973248045,-1.13457197523198E-16));
#12575=DIRECTION('',(0.926448324547057,-0.376421973248045,-1.13457197523198E-16));
#12576=DIRECTION('',(-1.22464679914735E-16,0.,-1.));
#12577=DIRECTION('',(0.926448324547057,-0.376421973248045,-1.13457197523198E-16));
#12578=DIRECTION('',(0.289126144706773,0.95729100719008,-3.54077407664964E-17));
#12579=DIRECTION('',(0.95729100719008,-0.289126144706773,-1.17234336780788E-16));
#12580=DIRECTION('',(0.95729100719008,-0.289126144706773,-1.17234336780788E-16));
#12581=DIRECTION('',(-1.22464679914735E-16,0.,-1.));
#12582=DIRECTION('',(0.95729100719008,-0.289126144706773,-1.17234336780788E-16));
#12583=DIRECTION('',(0.231826228965676,0.972757215117706,-2.83905249261216E-17));
#12584=DIRECTION('',(0.972757215117706,-0.231826228965676,-1.19128400984139E-16));
#12585=DIRECTION('',(0.972757215117706,-0.231826228965676,-1.19128400984139E-16));
#12586=DIRECTION('',(-1.22464679914735E-16,0.,-1.));
#12587=DIRECTION('',(0.972757215117706,-0.231826228965676,-1.19128400984139E-16));
#12588=DIRECTION('',(0.124615498178797,0.992205108641177,-1.52609970968816E-17));
#12589=DIRECTION('',(0.992205108641177,-0.124615498178797,-1.21510081039507E-16));
#12590=DIRECTION('',(0.992205108641177,-0.124615498178797,-1.21510081039507E-16));
#12591=DIRECTION('',(-1.22464679914735E-16,0.,-1.));
#12592=DIRECTION('',(0.992205108641177,-0.124615498178797,-1.21510081039507E-16));
#12593=DIRECTION('',(-0.122607537215086,0.99245523416326,1.50150928001795E-17));
#12594=DIRECTION('',(0.99245523416326,0.122607537215086,-1.21540712581507E-16));
#12595=DIRECTION('',(0.99245523416326,0.122607537215086,-1.21540712581507E-16));
#12596=DIRECTION('',(-1.22464679914735E-16,0.,-1.));
#12597=DIRECTION('',(0.99245523416326,0.122607537215086,-1.21540712581507E-16));
#12598=DIRECTION('',(-0.488054373083117,0.872813226821435,5.97694225806108E-17));
#12599=DIRECTION('',(0.872813226821435,0.488054373083117,-1.06888792448034E-16));
#12600=DIRECTION('',(0.872813226821435,0.488054373083117,-1.06888792448034E-16));
#12601=DIRECTION('',(-1.22464679914735E-16,0.,-1.));
#12602=DIRECTION('',(0.872813226821435,0.488054373083117,-1.06888792448034E-16));
#12603=DIRECTION('',(-0.870315157304294,0.49249520501869,1.06582867164213E-16));
#12604=DIRECTION('',(0.49249520501869,0.870315157304294,-6.03132676421559E-17));
#12605=DIRECTION('',(0.49249520501869,0.870315157304294,-6.03132676421559E-17));
#12606=DIRECTION('',(-1.22464679914735E-16,0.,-1.));
#12607=DIRECTION('',(0.49249520501869,0.870315157304294,-6.03132676421559E-17));
#12608=DIRECTION('',(-0.992497775198008,0.122262693520982,1.21545922355711E-16));
#12609=DIRECTION('',(0.122262693520982,0.992497775198008,-1.49728616275604E-17));
#12610=DIRECTION('',(0.122262693520982,0.992497775198007,-1.49728616275604E-17));
#12611=DIRECTION('',(-1.22464679914735E-16,0.,-1.));
#12612=DIRECTION('',(0.122262693520982,0.992497775198007,-1.49728616275604E-17));
#12613=DIRECTION('',(0.979500415987663,0.201442138292851,-1.19954204920279E-16));
#12614=DIRECTION('',(0.201442138292851,-0.979500415987663,-2.46695469873738E-17));
#12615=DIRECTION('',(0.201442138292851,-0.979500415987663,-2.46695469873738E-17));
#12616=DIRECTION('',(-1.22464679914735E-16,0.,-1.));
#12617=DIRECTION('',(0.201442138292851,-0.979500415987663,-2.46695469873738E-17));
#12618=DIRECTION('',(-1.22464679914735E-16,0.,-1.));
#12619=DIRECTION('',(0.941711666090182,0.336421072392401,-1.15326417759706E-16));
#12620=DIRECTION('',(0.336421072392401,-0.941711666090182,-4.11996989471074E-17));
#12621=DIRECTION('',(0.336421072392401,-0.941711666090182,-4.11996989471074E-17));
#12622=DIRECTION('',(-1.22464679914735E-16,0.,-1.));
#12623=DIRECTION('',(0.336421072392401,-0.941711666090182,-4.11996989471074E-17));
#12624=DIRECTION('',(0.757153252946383,0.653237285794918,-9.27245307684794E-17));
#12625=DIRECTION('',(0.653237285794918,-0.757153252946383,-7.99984951132451E-17));
#12626=DIRECTION('',(0.653237285794918,-0.757153252946383,-7.99984951132451E-17));
#12627=DIRECTION('',(-1.22464679914735E-16,0.,-1.));
#12628=DIRECTION('',(0.653237285794918,-0.757153252946383,-7.99984951132451E-17));
#12629=DIRECTION('',(0.420946119270249,0.907085643515163,-5.15510317577811E-17));
#12630=DIRECTION('',(0.907085643515163,-0.420946119270249,-1.11085952988336E-16));
#12631=DIRECTION('',(0.907085643515163,-0.420946119270249,-1.11085952988336E-16));
#12632=DIRECTION('',(-1.22464679914735E-16,0.,-1.));
#12633=DIRECTION('',(0.907085643515163,-0.420946119270249,-1.11085952988336E-16));
#12634=DIRECTION('',(-0.0564018985595012,0.998408145919736,6.90724045367268E-18));
#12635=DIRECTION('',(0.998408145919736,0.0564018985595012,-1.22269734014325E-16));
#12636=DIRECTION('',(0.998408145919735,0.0564018985595012,-1.22269734014325E-16));
#12637=DIRECTION('',(-1.22464679914735E-16,0.,-1.));
#12638=DIRECTION('',(0.998408145919735,0.0564018985595012,-1.22269734014325E-16));
#12639=DIRECTION('',(-0.524830762935922,0.851206596706169,6.4273231392354E-17));
#12640=DIRECTION('',(0.851206596706169,0.524830762935922,-1.04242743406932E-16));
#12641=DIRECTION('',(0.851206596706169,0.524830762935922,-1.04242743406932E-16));
#12642=DIRECTION('',(-1.22464679914735E-16,0.,-1.));
#12643=DIRECTION('',(0.851206596706169,0.524830762935922,-1.04242743406932E-16));
#12644=DIRECTION('',(-0.817966022071465,0.575266535387367,1.00171947074111E-16));
#12645=DIRECTION('',(0.575266535387367,0.817966022071465,-7.04498321218726E-17));
#12646=DIRECTION('',(0.575266535387367,0.817966022071465,-7.04498321218726E-17));
#12647=DIRECTION('',(-1.22464679914735E-16,0.,-1.));
#12648=DIRECTION('',(0.575266535387367,0.817966022071465,-7.04498321218726E-17));
#12649=DIRECTION('',(-0.948864716846089,0.315682988335752,1.16202413830942E-16));
#12650=DIRECTION('',(0.315682988335752,0.94886471684609,-3.8660016121065E-17));
#12651=DIRECTION('',(0.315682988335752,0.948864716846089,-3.8660016121065E-17));
#12652=DIRECTION('',(-1.22464679914735E-16,0.,-1.));
#12653=DIRECTION('',(0.315682988335752,0.948864716846089,-3.8660016121065E-17));
#12654=DIRECTION('',(-0.993399094792103,0.114709365207166,1.21656302171303E-16));
#12655=DIRECTION('',(0.114709365207166,0.993399094792103,-1.40478456933181E-17));
#12656=DIRECTION('',(0.114709365207166,0.993399094792103,-1.40478456933181E-17));
#12657=DIRECTION('',(-1.22464679914735E-16,0.,-1.));
#12658=DIRECTION('',(0.114709365207166,0.993399094792103,-1.40478456933181E-17));
#12659=DIRECTION('',(-0.985827788093356,-0.167760460845103,1.20729084519904E-16));
#12660=DIRECTION('',(-0.167760460845103,0.985827788093356,2.05447311397441E-17));
#12661=DIRECTION('',(-0.167760460845103,0.985827788093356,2.05447311397441E-17));
#12662=DIRECTION('',(-1.22464679914735E-16,0.,-1.));
#12663=DIRECTION('',(-0.167760460845103,0.985827788093356,2.05447311397441E-17));
#12664=DIRECTION('',(-0.993943490279043,-0.109892393421537,1.21722971390358E-16));
#12665=DIRECTION('',(-0.109892393421537,0.993943490279043,1.34579367854327E-17));
#12666=DIRECTION('',(-0.109892393421537,0.993943490279043,1.34579367854327E-17));
#12667=DIRECTION('',(-1.22464679914735E-16,0.,-1.));
#12668=DIRECTION('',(-0.109892393421537,0.993943490279043,1.34579367854327E-17));
#12669=DIRECTION('',(-0.395553314934486,0.91844301676497,4.84413101026643E-17));
#12670=DIRECTION('',(0.91844301676497,0.395553314934486,-1.12476830068046E-16));
#12671=DIRECTION('',(0.91844301676497,0.395553314934486,-1.12476830068046E-16));
#12672=DIRECTION('',(-1.22464679914735E-16,0.,-1.));
#12673=DIRECTION('',(0.91844301676497,0.395553314934486,-1.12476830068046E-16));
#12674=DIRECTION('',(-0.353891742540866,0.935286391733243,4.3339238974735E-17));
#12675=DIRECTION('',(0.935286391733243,0.353891742540866,-1.14539548592219E-16));
#12676=DIRECTION('',(0.935286391733243,0.353891742540866,-1.14539548592219E-16));
#12677=DIRECTION('',(-1.22464679914735E-16,0.,-1.));
#12678=DIRECTION('',(0.935286391733243,0.353891742540866,-1.14539548592219E-16));
#12679=DIRECTION('',(0.913633335033232,0.406539209813832,-1.11887813934277E-16));
#12680=DIRECTION('',(0.406539209813832,-0.913633335033232,-4.97866942026404E-17));
#12681=DIRECTION('',(0.406539209813832,-0.913633335033232,-4.97866942026404E-17));
#12682=DIRECTION('',(-1.22464679914735E-16,0.,-1.));
#12683=DIRECTION('',(0.406539209813832,-0.913633335033232,-4.97866942026404E-17));
#12684=DIRECTION('',(0.895798657461156,0.44446008289923,-1.0970369585403E-16));
#12685=DIRECTION('',(0.44446008289923,-0.895798657461156,-5.44306617871309E-17));
#12686=DIRECTION('',(0.44446008289923,-0.895798657461156,-5.44306617871309E-17));
#12687=DIRECTION('',(-1.22464679914735E-16,0.,-1.));
#12688=DIRECTION('',(0.44446008289923,-0.895798657461156,-5.44306617871309E-17));
#12689=DIRECTION('',(0.874294762920496,0.485395372381931,-1.07070228292188E-16));
#12690=DIRECTION('',(0.485395372381931,-0.874294762920496,-5.94437889108469E-17));
#12691=DIRECTION('',(0.485395372381931,-0.874294762920496,-5.94437889108469E-17));
#12692=DIRECTION('',(-1.22464679914735E-16,0.,-1.));
#12693=DIRECTION('',(0.485395372381931,-0.874294762920496,-5.94437889108469E-17));
#12694=DIRECTION('',(0.668442398483613,0.743763914094704,-8.18605843717337E-17));
#12695=DIRECTION('',(0.743763914094704,-0.668442398483613,-9.10848096717387E-17));
#12696=DIRECTION('',(0.743763914094704,-0.668442398483613,-9.10848096717387E-17));
#12697=DIRECTION('',(-1.22464679914735E-16,0.,-1.));
#12698=DIRECTION('',(0.743763914094704,-0.668442398483613,-9.10848096717387E-17));
#12699=DIRECTION('',(0.302399054805814,0.953181415918581,-3.70332034533125E-17));
#12700=DIRECTION('',(0.953181415918581,-0.302399054805814,-1.16731057001143E-16));
#12701=DIRECTION('',(0.953181415918581,-0.302399054805814,-1.16731057001143E-16));
#12702=DIRECTION('',(-1.22464679914735E-16,0.,-1.));
#12703=DIRECTION('',(0.953181415918581,-0.302399054805814,-1.16731057001143E-16));
#12704=DIRECTION('',(-0.151821099460799,0.988407989525841,1.85927223497699E-17));
#12705=DIRECTION('',(0.988407989525841,0.151821099460799,-1.21045068062449E-16));
#12706=DIRECTION('',(0.988407989525841,0.151821099460799,-1.21045068062449E-16));
#12707=DIRECTION('',(-1.22464679914735E-16,0.,-1.));
#12708=DIRECTION('',(0.988407989525841,0.151821099460799,-1.21045068062449E-16));
#12709=DIRECTION('',(-0.549234250427839,0.835668437932755,6.72617966768548E-17));
#12710=DIRECTION('',(0.835668437932755,0.549234250427839,-1.02339867766282E-16));
#12711=DIRECTION('',(0.835668437932755,0.549234250427839,-1.02339867766282E-16));
#12712=DIRECTION('',(-1.22464679914735E-16,0.,-1.));
#12713=DIRECTION('',(0.835668437932755,0.549234250427839,-1.02339867766282E-16));
#12714=DIRECTION('',(-0.82888378266805,0.559420838751923,1.01508987130958E-16));
#12715=DIRECTION('',(0.559420838751923,0.82888378266805,-6.8509293955387E-17));
#12716=DIRECTION('',(0.559420838751923,0.82888378266805,-6.8509293955387E-17));
#12717=DIRECTION('',(-1.22464679914735E-16,0.,-1.));
#12718=DIRECTION('',(0.559420838751923,0.82888378266805,-6.8509293955387E-17));
#12719=DIRECTION('',(-0.979945641347155,0.199264999447252,1.20008729301419E-16));
#12720=DIRECTION('',(0.199264999447252,0.979945641347155,-2.44029243755175E-17));
#12721=DIRECTION('',(0.199264999447252,0.979945641347155,-2.44029243755175E-17));
#12722=DIRECTION('',(-1.22464679914735E-16,0.,-1.));
#12723=DIRECTION('',(0.199264999447252,0.979945641347155,-2.44029243755175E-17));
#12724=DIRECTION('',(-0.979691218365412,-0.200512135936197,1.19977571472397E-16));
#12725=DIRECTION('',(-0.200512135936197,0.979691218365411,2.45556545464462E-17));
#12726=DIRECTION('',(-0.200512135936197,0.979691218365411,2.45556545464462E-17));
#12727=DIRECTION('',(-1.22464679914735E-16,0.,-1.));
#12728=DIRECTION('',(-0.200512135936197,0.979691218365411,2.45556545464462E-17));
#12729=DIRECTION('',(-0.974089513470495,-0.226162816897063,1.19291560475464E-16));
#12730=DIRECTION('',(-0.226162816897063,0.974089513470495,2.76969569799137E-17));
#12731=DIRECTION('',(-0.226162816897063,0.974089513470495,2.76969569799137E-17));
#12732=DIRECTION('',(-1.22464679914735E-16,0.,-1.));
#12733=DIRECTION('',(-0.226162816897063,0.974089513470495,2.76969569799137E-17));
#12734=DIRECTION('',(-0.960724453926042,-0.277504096597706,1.17654812736312E-16));
#12735=DIRECTION('',(-0.277504096597706,0.960724453926042,3.39844503648659E-17));
#12736=DIRECTION('',(-0.277504096597706,0.960724453926042,3.39844503648659E-17));
#12737=DIRECTION('',(-1.22464679914735E-16,0.,-1.));
#12738=DIRECTION('',(-0.277504096597706,0.960724453926042,3.39844503648659E-17));
#12739=DIRECTION('',(-0.95364444351755,-0.300935666460629,1.16787761527843E-16));
#12740=DIRECTION('',(-0.300935666460629,0.95364444351755,3.68539900680285E-17));
#12741=DIRECTION('',(-0.300935666460629,0.95364444351755,3.68539900680285E-17));
#12742=DIRECTION('',(-1.22464679914735E-16,0.,-1.));
#12743=DIRECTION('',(-0.300935666460629,0.95364444351755,3.68539900680285E-17));
#12744=DIRECTION('',(-0.892009007477381,-0.452017621978632,1.09239597581778E-16));
#12745=DIRECTION('',(-0.452017621978632,0.892009007477381,5.53561933914331E-17));
#12746=DIRECTION('',(-0.452017621978632,0.892009007477381,5.53561933914331E-17));
#12747=DIRECTION('',(-1.22464679914735E-16,0.,-1.));
#12748=DIRECTION('',(-0.452017621978632,0.892009007477381,5.53561933914331E-17));
#12749=DIRECTION('',(-0.740880127308296,-0.671637280799423,9.07316476459988E-17));
#12750=DIRECTION('',(-0.671637280799423,0.740880127308296,8.22518446119046E-17));
#12751=DIRECTION('',(-0.671637280799423,0.740880127308296,8.22518446119046E-17));
#12752=DIRECTION('',(-1.22464679914735E-16,0.,-1.));
#12753=DIRECTION('',(-0.671637280799423,0.740880127308296,8.22518446119046E-17));
#12754=DIRECTION('',(-0.524276004702669,-0.851548396095611,6.42052931028886E-17));
#12755=DIRECTION('',(-0.851548396095611,0.524276004702669,1.04284601759755E-16));
#12756=DIRECTION('',(-0.851548396095611,0.524276004702669,1.04284601759755E-16));
#12757=DIRECTION('',(-1.22464679914735E-16,0.,-1.));
#12758=DIRECTION('',(-0.851548396095611,0.524276004702669,1.04284601759755E-16));
#12759=DIRECTION('',(-0.205816506712281,-0.978590601612724,2.52052526156884E-17));
#12760=DIRECTION('',(-0.978590601612724,0.205816506712281,1.19842784794071E-16));
#12761=DIRECTION('',(-0.978590601612724,0.205816506712281,1.19842784794071E-16));
#12762=DIRECTION('',(-1.22464679914735E-16,0.,-1.));
#12763=DIRECTION('',(-0.978590601612724,0.205816506712281,1.19842784794071E-16));
#12764=DIRECTION('',(0.275558166316486,-0.961284399632229,-3.37461426358399E-17));
#12765=DIRECTION('',(-0.961284399632229,-0.275558166316486,1.17723386307989E-16));
#12766=DIRECTION('',(-0.961284399632229,-0.275558166316486,1.17723386307989E-16));
#12767=DIRECTION('',(-1.22464679914735E-16,0.,-1.));
#12768=DIRECTION('',(-0.961284399632229,-0.275558166316486,1.17723386307989E-16));
#12769=DIRECTION('',(0.787571873831355,-0.616222803497054,-9.64497374386052E-17));
#12770=DIRECTION('',(-0.616222803497054,-0.787571873831355,7.54655283864276E-17));
#12771=DIRECTION('',(-0.616222803497054,-0.787571873831355,7.54655283864276E-17));
#12772=DIRECTION('',(-1.22464679914735E-16,0.,-1.));
#12773=DIRECTION('',(-0.616222803497054,-0.787571873831355,7.54655283864276E-17));
#12774=DIRECTION('',(0.991198576647486,-0.132383464420594,-1.21386816421076E-16));
#12775=DIRECTION('',(-0.132383464420594,-0.991198576647486,1.62122985962717E-17));
#12776=DIRECTION('',(-0.132383464420594,-0.991198576647486,1.62122985962717E-17));
#12777=DIRECTION('',(-1.22464679914735E-16,0.,-1.));
#12778=DIRECTION('',(-0.132383464420594,-0.991198576647486,1.62122985962717E-17));
#12779=DIRECTION('',(0.980205316897443,0.197983677928217,-1.20040530384567E-16));
#12780=DIRECTION('',(0.197983677928217,-0.980205316897443,-2.4246007745821E-17));
#12781=DIRECTION('',(0.197983677928217,-0.980205316897443,-2.4246007745821E-17));
#12782=DIRECTION('',(-1.22464679914735E-16,0.,-1.));
#12783=DIRECTION('',(0.197983677928217,-0.980205316897443,-2.4246007745821E-17));
#12784=DIRECTION('',(0.981390427405265,0.192022990803997,-1.20185664563571E-16));
#12785=DIRECTION('',(0.192022990803997,-0.981390427405265,-2.35160341050817E-17));
#12786=DIRECTION('',(0.192022990803997,-0.981390427405265,-2.35160341050817E-17));
#12787=DIRECTION('',(-1.22464679914735E-16,0.,-1.));
#12788=DIRECTION('',(0.192022990803997,-0.981390427405265,-2.35160341050817E-17));
#12789=DIRECTION('',(0.357976062793119,-0.933730763371935,-4.38394239470965E-17));
#12790=DIRECTION('',(-0.933730763371935,-0.357976062793119,1.14349039062885E-16));
#12791=DIRECTION('',(-0.933730763371935,-0.357976062793119,1.14349039062885E-16));
#12792=DIRECTION('',(-1.22464679914735E-16,0.,-1.));
#12793=DIRECTION('',(-0.933730763371935,-0.357976062793119,1.14349039062885E-16));
#12794=DIRECTION('',(-0.889464010600172,-0.457005222997569,1.08927925353827E-16));
#12795=DIRECTION('',(-0.457005222997569,0.889464010600172,5.59669983537595E-17));
#12796=DIRECTION('',(-0.457005222997569,0.889464010600172,5.59669983537595E-17));
#12797=DIRECTION('',(-1.22464679914735E-16,0.,-1.));
#12798=DIRECTION('',(-0.457005222997569,0.889464010600172,5.59669983537595E-17));
#12799=DIRECTION('',(-0.825184384658417,-0.564863462542861,1.01055941537831E-16));
#12800=DIRECTION('',(-0.564863462542861,0.825184384658417,6.91758231358406E-17));
#12801=DIRECTION('',(-0.564863462542861,0.825184384658417,6.91758231358406E-17));
#12802=DIRECTION('',(-1.22464679914735E-16,0.,-1.));
#12803=DIRECTION('',(-0.564863462542861,0.825184384658417,6.91758231358406E-17));
#12804=DIRECTION('',(-0.650733842442578,-0.75930591088172,7.96919117244161E-17));
#12805=DIRECTION('',(-0.75930591088172,0.650733842442578,9.29881553334964E-17));
#12806=DIRECTION('',(-0.75930591088172,0.650733842442578,9.29881553334964E-17));
#12807=DIRECTION('',(-1.22464679914735E-16,0.,-1.));
#12808=DIRECTION('',(-0.75930591088172,0.650733842442578,9.29881553334964E-17));
#12809=DIRECTION('',(-0.42174263293454,-0.906715584715209,5.16485765487261E-17));
#12810=DIRECTION('',(-0.906715584715209,0.42174263293454,1.1104063385585E-16));
#12811=DIRECTION('',(-0.906715584715209,0.42174263293454,1.1104063385585E-16));
#12812=DIRECTION('',(-1.22464679914735E-16,0.,-1.));
#12813=DIRECTION('',(-0.906715584715209,0.42174263293454,1.1104063385585E-16));
#12814=DIRECTION('',(-0.0572608673511514,-0.998359250505645,7.01243379179887E-18));
#12815=DIRECTION('',(-0.998359250505645,0.0572608673511514,1.22263746053089E-16));
#12816=DIRECTION('',(-0.998359250505645,0.0572608673511514,1.22263746053089E-16));
#12817=DIRECTION('',(-1.22464679914735E-16,0.,-1.));
#12818=DIRECTION('',(-0.998359250505645,0.0572608673511514,1.22263746053089E-16));
#12819=DIRECTION('',(0.524817399492535,-0.851214836095973,-6.4271594842537E-17));
#12820=DIRECTION('',(-0.851214836095973,-0.524817399492535,1.04243752441167E-16));
#12821=DIRECTION('',(-0.851214836095973,-0.524817399492535,1.04243752441167E-16));
#12822=DIRECTION('',(-1.22464679914735E-16,0.,-1.));
#12823=DIRECTION('',(-0.851214836095973,-0.524817399492535,1.04243752441167E-16));
#12824=DIRECTION('',(0.881130973943405,-0.472872294343354,-1.07907422686938E-16));
#12825=DIRECTION('',(-0.472872294343354,-0.881130973943405,5.79101541673053E-17));
#12826=DIRECTION('',(-0.472872294343354,-0.881130973943405,5.79101541673053E-17));
#12827=DIRECTION('',(-1.22464679914735E-16,0.,-1.));
#12828=DIRECTION('',(-0.472872294343354,-0.881130973943405,5.79101541673053E-17));
#12829=DIRECTION('',(0.978550387119556,-0.206007620898277,-1.19837859939037E-16));
#12830=DIRECTION('',(-0.206007620898277,-0.978550387119556,2.52286573533036E-17));
#12831=DIRECTION('',(-0.206007620898277,-0.978550387119556,2.52286573533036E-17));
#12832=DIRECTION('',(-1.22464679914735E-16,0.,-1.));
#12833=DIRECTION('',(-0.206007620898277,-0.978550387119556,2.52286573533036E-17));
#12834=DIRECTION('',(0.995968180114839,0.0897072137497025,-1.21970924383025E-16));
#12835=DIRECTION('',(0.0897072137497025,-0.99596818011484,-1.09859652179001E-17));
#12836=DIRECTION('',(0.0897072137497025,-0.995968180114839,-1.09859652179001E-17));
#12837=DIRECTION('',(-1.22464679914735E-16,0.,-1.));
#12838=DIRECTION('',(0.0897072137497025,-0.995968180114839,-1.09859652179001E-17));
#12839=DIRECTION('',(0.948967531471559,0.315373784916845,-1.16215004991141E-16));
#12840=DIRECTION('',(0.315373784916845,-0.948967531471559,-3.862214962334E-17));
#12841=DIRECTION('',(0.315373784916845,-0.948967531471559,-3.862214962334E-17));
#12842=DIRECTION('',(-1.22464679914735E-16,0.,-1.));
#12843=DIRECTION('',(0.315373784916845,-0.948967531471559,-3.862214962334E-17));
#12844=DIRECTION('',(-0.382446361091643,-0.923977695016368,4.68361711956434E-17));
#12845=DIRECTION('',(-0.923977695016368,0.382446361091643,1.13154632668534E-16));
#12846=DIRECTION('',(-1.22464679914735E-16,0.,-1.));
#12847=DIRECTION('',(-0.923977695016368,0.382446361091643,1.13154632668534E-16));
#12848=DIRECTION('',(-1.22464679914735E-16,0.,-1.));
#12849=DIRECTION('',(0.967301070304595,0.253630911735115,-1.18460215956033E-16));
#12850=DIRECTION('',(0.253630911735115,-0.967301070304595,-3.10608284221233E-17));
#12851=DIRECTION('',(-1.22464679914735E-16,0.,-1.));
#12852=DIRECTION('',(0.253630911735115,-0.967301070304595,-3.10608284221233E-17));
#12853=DIRECTION('',(0.949397851899572,-0.314075976172132,-1.16267704044618E-16));
#12854=DIRECTION('',(-0.314075976172132,-0.949397851899572,3.84632138908282E-17));
#12855=DIRECTION('',(-1.22464679914735E-16,0.,-1.));
#12856=DIRECTION('',(-0.314075976172132,-0.949397851899572,3.84632138908282E-17));
#12857=DIRECTION('',(0.445231591327896,-0.895415451108383,-5.45251443198991E-17));
#12858=DIRECTION('',(-0.895415451108383,-0.445231591327896,1.09656766610696E-16));
#12859=DIRECTION('',(-1.22464679914735E-16,0.,-1.));
#12860=DIRECTION('',(-0.895415451108383,-0.445231591327896,1.09656766610696E-16));
#12861=DIRECTION('',(-0.167307901754791,-0.985904694182155,2.04893086356065E-17));
#12862=DIRECTION('',(-0.985904694182155,0.167307901754791,1.20738502799453E-16));
#12863=DIRECTION('',(-1.22464679914735E-16,0.,-1.));
#12864=DIRECTION('',(-0.985904694182155,0.167307901754791,1.20738502799453E-16));
#12865=DIRECTION('',(-0.595164448550635,-0.803603931785689,7.28866236883835E-17));
#12866=DIRECTION('',(-0.803603931785689,0.595164448550635,9.84130982843572E-17));
#12867=DIRECTION('',(-1.22464679914735E-16,0.,-1.));
#12868=DIRECTION('',(-0.803603931785689,0.595164448550635,9.84130982843572E-17));
#12869=DIRECTION('',(-0.853113165937013,-0.521725910900471,1.04476230797523E-16));
#12870=DIRECTION('',(-0.521725910900471,0.853113165937013,6.38929966816499E-17));
#12871=DIRECTION('',(-1.22464679914735E-16,0.,-1.));
#12872=DIRECTION('',(-0.521725910900471,0.853113165937013,6.38929966816499E-17));
#12873=DIRECTION('',(-0.890065097890796,-0.455833436154752,1.09001537316474E-16));
#12874=DIRECTION('',(-0.455833436154752,0.890065097890796,5.58234958531256E-17));
#12875=DIRECTION('',(-1.22464679914735E-16,0.,-1.));
#12876=DIRECTION('',(-0.455833436154752,0.890065097890796,5.58234958531256E-17));
#12877=DIRECTION('',(-0.911417062554474,-0.411483824815233,1.11616398834562E-16));
#12878=DIRECTION('',(-0.411483824815233,0.911417062554474,5.03922348960885E-17));
#12879=DIRECTION('',(-1.22464679914735E-16,0.,-1.));
#12880=DIRECTION('',(-0.411483824815233,0.911417062554474,5.03922348960885E-17));
#12881=DIRECTION('',(-0.927883868297069,-0.37286931618741,1.13633000929047E-16));
#12882=DIRECTION('',(-0.37286931618741,0.927883868297069,4.56633214569174E-17));
#12883=DIRECTION('',(-1.22464679914735E-16,0.,-1.));
#12884=DIRECTION('',(-0.37286931618741,0.927883868297069,4.56633214569174E-17));
#12885=DIRECTION('',(-0.940424765498556,-0.340001853578751,1.15168817890671E-16));
#12886=DIRECTION('',(-0.340001853578751,0.940424765498556,4.16382181689384E-17));
#12887=DIRECTION('',(-1.22464679914735E-16,0.,-1.));
#12888=DIRECTION('',(-0.340001853578751,0.940424765498556,4.16382181689384E-17));
#12889=DIRECTION('',(-0.955808168995167,-0.293991061228239,1.17052741475882E-16));
#12890=DIRECTION('',(-0.293991061228239,0.955808168995167,3.60035212111096E-17));
#12891=DIRECTION('',(-1.22464679914735E-16,0.,-1.));
#12892=DIRECTION('',(-0.293991061228239,0.955808168995167,3.60035212111096E-17));
#12893=DIRECTION('',(-0.969564934863659,-0.244834305363501,1.18737459404629E-16));
#12894=DIRECTION('',(-0.244834305363501,0.969564934863659,2.99835548384877E-17));
#12895=DIRECTION('',(-1.22464679914735E-16,0.,-1.));
#12896=DIRECTION('',(-0.244834305363501,0.969564934863659,2.99835548384877E-17));
#12897=DIRECTION('',(-0.979259807605777,-0.202608561536519,1.19924738891807E-16));
#12898=DIRECTION('',(-0.202608561536519,0.979259807605777,2.48123926365548E-17));
#12899=DIRECTION('',(-1.22464679914735E-16,0.,-1.));
#12900=DIRECTION('',(-0.202608561536519,0.979259807605777,2.48123926365548E-17));
#12901=DIRECTION('',(-0.98615825323484,-0.165806814024062,1.20769554827679E-16));
#12902=DIRECTION('',(-0.165806814024062,0.98615825323484,2.03054784071388E-17));
#12903=DIRECTION('',(-1.22464679914735E-16,0.,-1.));
#12904=DIRECTION('',(-0.165806814024062,0.98615825323484,2.03054784071388E-17));
#12905=DIRECTION('',(-0.992842738138365,-0.119429047245275,1.21588168131784E-16));
#12906=DIRECTION('',(-0.119429047245275,0.992842738138365,1.46258400434144E-17));
#12907=DIRECTION('',(-1.22464679914735E-16,0.,-1.));
#12908=DIRECTION('',(-0.119429047245275,0.992842738138365,1.46258400434144E-17));
#12909=DIRECTION('',(-0.998487902954066,-0.0549718805790033,1.22279501434005E-16));
#12910=DIRECTION('',(-0.0549718805790033,0.998487902954066,6.7321137594187E-18));
#12911=DIRECTION('',(-1.22464679914735E-16,0.,-1.));
#12912=DIRECTION('',(-0.0549718805790033,0.998487902954066,6.7321137594187E-18));
#12913=DIRECTION('',(0.,1.,0.));
#12914=DIRECTION('',(-1.22464679914735E-16,0.,-1.));
#12915=DIRECTION('',(-1.22464679914735E-16,0.,-1.));
#12916=DIRECTION('',(1.,0.,-1.22464679914735E-16));
#12917=DIRECTION('',(0.999985830838512,0.00532335629194054,-1.22462944692909E-16));
#12918=DIRECTION('',(0.00532335629194054,-0.999985830838512,-6.51923124364591E-19));
#12919=DIRECTION('',(-1.22464679914735E-16,0.,-1.));
#12920=DIRECTION('',(0.00532335629194054,-0.999985830838512,-6.51923124364591E-19));
#12921=DIRECTION('',(0.99861750720972,0.0525649530984649,-1.22295373377689E-16));
#12922=DIRECTION('',(0.0525649530984649,-0.998617507209721,-6.43735015593658E-18));
#12923=DIRECTION('',(-1.22464679914735E-16,0.,-1.));
#12924=DIRECTION('',(0.0525649530984649,-0.998617507209721,-6.43735015593658E-18));
#12925=DIRECTION('',(0.994744526814566,0.102388116363501,-1.21821070073281E-16));
#12926=DIRECTION('',(0.102388116363501,-0.994744526814566,-1.25389278975288E-17));
#12927=DIRECTION('',(-1.22464679914735E-16,0.,-1.));
#12928=DIRECTION('',(0.102388116363501,-0.994744526814566,-1.25389278975288E-17));
#12929=DIRECTION('',(0.98929336588893,0.145940522844588,-1.21153495395359E-16));
#12930=DIRECTION('',(0.145940522844588,-0.98929336588893,-1.78725594167515E-17));
#12931=DIRECTION('',(-1.22464679914735E-16,0.,-1.));
#12932=DIRECTION('',(0.145940522844588,-0.98929336588893,-1.78725594167515E-17));
#12933=DIRECTION('',(0.980104537310684,0.198481978887276,-1.20028188444733E-16));
#12934=DIRECTION('',(0.198481978887276,-0.980104537310684,-2.43070320132735E-17));
#12935=DIRECTION('',(-1.22464679914735E-16,0.,-1.));
#12936=DIRECTION('',(0.198481978887276,-0.980104537310684,-2.43070320132735E-17));
#12937=DIRECTION('',(0.12810879930404,0.991760119958893,-1.56888031010303E-17));
#12938=DIRECTION('',(0.991760119958893,-0.12810879930404,-1.21455585642965E-16));
#12939=DIRECTION('',(-1.22464679914735E-16,0.,-1.));
#12940=DIRECTION('',(0.991760119958893,-0.12810879930404,-1.21455585642965E-16));
#12941=DIRECTION('',(0.0496072551330303,0.998768802195066,-6.07513662131516E-18));
#12942=DIRECTION('',(0.998768802195066,-0.0496072551330303,-1.22313901669642E-16));
#12943=DIRECTION('',(-1.22464679914735E-16,0.,-1.));
#12944=DIRECTION('',(0.998768802195066,-0.0496072551330303,-1.22313901669642E-16));
#12945=DIRECTION('',(-0.0315443515925371,0.999502353115092,3.86306892089793E-18));
#12946=DIRECTION('',(0.999502353115092,0.0315443515925371,-1.22403735748264E-16));
#12947=DIRECTION('',(-1.22464679914735E-16,0.,-1.));
#12948=DIRECTION('',(0.999502353115092,0.0315443515925371,-1.22403735748264E-16));
#12949=DIRECTION('',(-0.105907145468278,0.994376023714752,1.2969884670456E-17));
#12950=DIRECTION('',(0.994376023714752,0.105907145468278,-1.21775941459114E-16));
#12951=DIRECTION('',(-1.22464679914735E-16,0.,-1.));
#12952=DIRECTION('',(0.994376023714752,0.105907145468278,-1.21775941459114E-16));
#12953=DIRECTION('',(-0.166795477783553,0.985991515476151,2.04265547979881E-17));
#12954=DIRECTION('',(0.985991515476151,0.166795477783553,-1.20749135341432E-16));
#12955=DIRECTION('',(-1.22464679914735E-16,0.,-1.));
#12956=DIRECTION('',(0.985991515476151,0.166795477783553,-1.20749135341432E-16));
#12957=DIRECTION('',(-0.211878792681399,0.977295951701363,2.5947668526448E-17));
#12958=DIRECTION('',(0.977295951701363,0.211878792681399,-1.19684235907074E-16));
#12959=DIRECTION('',(-1.22464679914735E-16,0.,-1.));
#12960=DIRECTION('',(0.977295951701363,0.211878792681399,-1.19684235907074E-16));
#12961=DIRECTION('',(-0.251956032948043,0.967738682424695,3.08557149275686E-17));
#12962=DIRECTION('',(0.967738682424695,0.251956032948043,-1.18513807984248E-16));
#12963=DIRECTION('',(-1.22464679914735E-16,0.,-1.));
#12964=DIRECTION('',(0.967738682424695,0.251956032948043,-1.18513807984248E-16));
#12965=DIRECTION('',(-0.282919004365715,0.959143804113186,3.46475853114428E-17));
#12966=DIRECTION('',(0.959143804113186,0.282919004365715,-1.17461238962923E-16));
#12967=DIRECTION('',(-1.22464679914735E-16,0.,-1.));
#12968=DIRECTION('',(0.959143804113185,0.282919004365715,-1.17461238962923E-16));
#12969=DIRECTION('',(-0.278260348205853,0.960505689007805,3.40770644759926E-17));
#12970=DIRECTION('',(0.960505689007805,0.278260348205853,-1.17628021760623E-16));
#12971=DIRECTION('',(-1.22464679914735E-16,0.,-1.));
#12972=DIRECTION('',(0.960505689007805,0.278260348205853,-1.17628021760623E-16));
#12973=DIRECTION('',(-0.249729162212397,0.968315726166158,3.05830019157162E-17));
#12974=DIRECTION('',(0.968315726166158,0.249729162212397,-1.18584475461343E-16));
#12975=DIRECTION('',(-1.22464679914735E-16,0.,-1.));
#12976=DIRECTION('',(0.968315726166158,0.249729162212397,-1.18584475461343E-16));
#12977=DIRECTION('',(-0.20567442559194,0.978620473246613,2.51878526967639E-17));
#12978=DIRECTION('',(0.978620473246613,0.20567442559194,-1.19846443014153E-16));
#12979=DIRECTION('',(-1.22464679914735E-16,0.,-1.));
#12980=DIRECTION('',(0.978620473246614,0.20567442559194,-1.19846443014153E-16));
#12981=DIRECTION('',(-0.150801155313271,0.988564116057316,1.84678152162121E-17));
#12982=DIRECTION('',(0.988564116057316,0.150801155313271,-1.21064188048152E-16));
#12983=DIRECTION('',(-1.22464679914735E-16,0.,-1.));
#12984=DIRECTION('',(0.988564116057316,0.150801155313271,-1.21064188048152E-16));
#12985=DIRECTION('',(-0.090389689255648,0.995906473558771,1.10695443622853E-17));
#12986=DIRECTION('',(0.995906473558771,0.090389689255648,-1.21963367509388E-16));
#12987=DIRECTION('',(-1.22464679914735E-16,0.,-1.));
#12988=DIRECTION('',(0.995906473558771,0.090389689255648,-1.21963367509388E-16));
#12989=DIRECTION('',(-0.0292640593783659,0.999571715700629,3.58381366477739E-18));
#12990=DIRECTION('',(0.999571715700629,0.0292640593783659,-1.224122302151E-16));
#12991=DIRECTION('',(-1.22464679914735E-16,0.,-1.));
#12992=DIRECTION('',(0.999571715700629,0.0292640593783659,-1.224122302151E-16));
#12993=DIRECTION('',(0.0689191143172345,0.9976222509957,-8.44015727486717E-18));
#12994=DIRECTION('',(0.9976222509957,-0.0689191143172345,-1.22173489644006E-16));
#12995=DIRECTION('',(-1.22464679914735E-16,0.,-1.));
#12996=DIRECTION('',(0.9976222509957,-0.0689191143172345,-1.22173489644006E-16));
#12997=DIRECTION('',(0.188275865591539,0.982116183776521,-2.30571436153376E-17));
#12998=DIRECTION('',(0.982116183776521,-0.188275865591539,-1.20274544085273E-16));
#12999=DIRECTION('',(-1.22464679914735E-16,0.,-1.));
#13000=DIRECTION('',(0.982116183776521,-0.188275865591539,-1.20274544085273E-16));
#13001=DIRECTION('',(0.283784297255418,0.958888143962188,-3.47535531282128E-17));
#13002=DIRECTION('',(0.958888143962188,-0.283784297255418,-1.17429929624364E-16));
#13003=DIRECTION('',(-1.22464679914735E-16,0.,-1.));
#13004=DIRECTION('',(0.958888143962188,-0.283784297255418,-1.17429929624364E-16));
#13005=DIRECTION('',(0.359832604333769,0.933016879192642,-4.40667847126205E-17));
#13006=DIRECTION('',(0.933016879192642,-0.359832604333769,-1.14261613465372E-16));
#13007=DIRECTION('',(-1.22464679914735E-16,0.,-1.));
#13008=DIRECTION('',(0.933016879192642,-0.359832604333769,-1.14261613465372E-16));
#13009=DIRECTION('',(0.420664643246225,0.907216213436756,-5.15165608865953E-17));
#13010=DIRECTION('',(0.907216213436756,-0.420664643246225,-1.11101943191991E-16));
#13011=DIRECTION('',(-1.22464679914735E-16,0.,-1.));
#13012=DIRECTION('',(0.907216213436756,-0.420664643246225,-1.11101943191991E-16));
#13013=DIRECTION('',(0.469782456721616,0.882782217399401,-5.75317581919707E-17));
#13014=DIRECTION('',(0.882782217399401,-0.469782456721616,-1.08109641688238E-16));
#13015=DIRECTION('',(-1.22464679914735E-16,0.,-1.));
#13016=DIRECTION('',(0.882782217399401,-0.469782456721616,-1.08109641688238E-16));
#13017=DIRECTION('',(0.509894872918159,0.86023672240365,-6.2444112402087E-17));
#13018=DIRECTION('',(0.86023672240365,-0.509894872918159,-1.05348614860064E-16));
#13019=DIRECTION('',(-1.22464679914735E-16,0.,-1.));
#13020=DIRECTION('',(0.86023672240365,-0.509894872918159,-1.05348614860064E-16));
#13021=DIRECTION('',(0.543043120601373,0.839704810732631,-6.65036019443461E-17));
#13022=DIRECTION('',(0.839704810732631,-0.543043120601373,-1.02834180869235E-16));
#13023=DIRECTION('',(-1.22464679914735E-16,0.,-1.));
#13024=DIRECTION('',(0.839704810732631,-0.543043120601373,-1.02834180869235E-16));
#13025=DIRECTION('',(0.58223059559222,0.813023698028741,-7.1302683525767E-17));
#13026=DIRECTION('',(0.813023698028741,-0.58223059559222,-9.95666869421841E-17));
#13027=DIRECTION('',(-1.22464679914735E-16,0.,-1.));
#13028=DIRECTION('',(0.813023698028741,-0.58223059559222,-9.95666869421841E-17));
#13029=DIRECTION('',(0.622399958703662,0.782699362083348,-7.62220117215885E-17));
#13030=DIRECTION('',(0.782699362083348,-0.622399958703662,-9.58530268470047E-17));
#13031=DIRECTION('',(-1.22464679914735E-16,0.,-1.));
#13032=DIRECTION('',(0.782699362083348,-0.622399958703662,-9.58530268470047E-17));
#13033=DIRECTION('',(0.65233711114738,0.757928950113327,-7.9888255513167E-17));
#13034=DIRECTION('',(0.757928950113327,-0.65233711114738,-9.281952627374E-17));
#13035=DIRECTION('',(-1.22464679914735E-16,0.,-1.));
#13036=DIRECTION('',(0.757928950113327,-0.65233711114738,-9.281952627374E-17));
#13037=DIRECTION('',(0.675045742393259,0.737775877673385,-8.26692607699954E-17));
#13038=DIRECTION('',(0.737775877673385,-0.675045742393259,-9.0351486708084E-17));
#13039=DIRECTION('',(-1.22464679914735E-16,0.,-1.));
#13040=DIRECTION('',(0.737775877673385,-0.675045742393259,-9.0351486708084E-17));
#13041=DIRECTION('',(0.981593624229439,0.190981561602463,-1.20210548997603E-16));
#13042=DIRECTION('',(0.190981561602463,-0.981593624229439,-2.33884958112619E-17));
#13043=DIRECTION('',(-1.22464679914735E-16,0.,-1.));
#13044=DIRECTION('',(0.190981561602463,-0.981593624229439,-2.33884958112619E-17));
#13045=DIRECTION('',(0.515841883687591,-0.856683810418779,-6.31724111724149E-17));
#13046=DIRECTION('',(-0.856683810418779,-0.515841883687591,1.04913508631072E-16));
#13047=DIRECTION('',(-1.22464679914735E-16,0.,-1.));
#13048=DIRECTION('',(-0.856683810418779,-0.515841883687591,1.04913508631072E-16));
#13049=DIRECTION('',(0.00025168396499183,-0.999999968327591,-3.08223962123959E-20));
#13050=DIRECTION('',(-0.999999968327591,-0.00025168396499183,1.22464676035984E-16));
#13051=DIRECTION('',(-1.22464679914735E-16,0.,-1.));
#13052=DIRECTION('',(-0.99999996832759,-0.00025168396499183,1.22464676035984E-16));
#13053=DIRECTION('',(0.500173768692236,-0.865925055135954,-6.12536204846416E-17));
#13054=DIRECTION('',(-0.865925055135954,-0.500173768692236,1.06045234707374E-16));
#13055=DIRECTION('',(-1.22464679914735E-16,0.,-1.));
#13056=DIRECTION('',(-0.865925055135954,-0.500173768692236,1.06045234707374E-16));
#13057=DIRECTION('',(0.9995874257939,-0.0287224336490747,-1.22414154146644E-16));
#13058=DIRECTION('',(-0.0287224336490747,-0.9995874257939,3.51748364320614E-18));
#13059=DIRECTION('',(-1.22464679914735E-16,0.,-1.));
#13060=DIRECTION('',(-0.0287224336490746,-0.999587425793899,3.51748364320614E-18));
#13061=DIRECTION('',(0.889489899556702,0.456954832107735,-1.08931095836602E-16));
#13062=DIRECTION('',(0.456954832107735,-0.889489899556702,-5.59608272495653E-17));
#13063=DIRECTION('',(-1.22464679914735E-16,0.,-1.));
#13064=DIRECTION('',(0.456954832107735,-0.889489899556702,-5.59608272495654E-17));
#13065=DIRECTION('',(0.957295907041548,-0.289109920897744,-1.17234936839529E-16));
#13066=DIRECTION('',(-0.289109920897744,-0.957295907041548,3.54057539229166E-17));
#13067=DIRECTION('',(-1.22464679914735E-16,0.,-1.));
#13068=DIRECTION('',(-0.289109920897744,-0.957295907041548,3.54057539229166E-17));
#13069=DIRECTION('',(0.228000423024731,-0.973661032957848,-2.79219988261479E-17));
#13070=DIRECTION('',(-0.973661032957848,-0.228000423024731,1.19239086746633E-16));
#13071=DIRECTION('',(-1.22464679914735E-16,0.,-1.));
#13072=DIRECTION('',(-0.973661032957848,-0.228000423024731,1.19239086746633E-16));
#13073=DIRECTION('',(-0.4970986662092,-0.867694022137432,6.08770290433516E-17));
#13074=DIRECTION('',(-0.867694022137432,0.4970986662092,1.0626187068499E-16));
#13075=DIRECTION('',(-1.22464679914735E-16,0.,-1.));
#13076=DIRECTION('',(-0.867694022137432,0.4970986662092,1.0626187068499E-16));
#13077=DIRECTION('',(-0.440618688327065,-0.897694364189136,5.39602266304246E-17));
#13078=DIRECTION('',(-0.897694364189136,0.440618688327065,1.09935852971684E-16));
#13079=DIRECTION('',(-1.22464679914735E-16,0.,-1.));
#13080=DIRECTION('',(-0.897694364189136,0.440618688327065,1.09935852971684E-16));
#13081=DIRECTION('',(-0.390951904647994,-0.920411108283742,4.78777998647727E-17));
#13082=DIRECTION('',(-0.920411108283742,0.390951904647994,1.12717851765935E-16));
#13083=DIRECTION('',(-1.22464679914735E-16,0.,-1.));
#13084=DIRECTION('',(-0.920411108283742,0.390951904647994,1.12717851765935E-16));
#13085=DIRECTION('',(-0.351454506379447,-0.936204961504466,4.30407636283503E-17));
#13086=DIRECTION('',(-0.936204961504466,0.351454506379447,1.14652040945232E-16));
#13087=DIRECTION('',(-1.22464679914735E-16,0.,-1.));
#13088=DIRECTION('',(-0.936204961504466,0.351454506379447,1.14652040945232E-16));
#13089=DIRECTION('',(-0.306949213269346,-0.951725895661839,3.75904371531102E-17));
#13090=DIRECTION('',(-0.951725895661839,0.306949213269346,1.16552807178792E-16));
#13091=DIRECTION('',(-1.22464679914735E-16,0.,-1.));
#13092=DIRECTION('',(-0.951725895661839,0.306949213269346,1.16552807178792E-16));
#13093=DIRECTION('',(-0.256738965831969,-0.966480782749213,3.14414552722523E-17));
#13094=DIRECTION('',(-0.966480782749213,0.256738965831969,1.18359759703125E-16));
#13095=DIRECTION('',(-1.22464679914735E-16,0.,-1.));
#13096=DIRECTION('',(-0.966480782749213,0.256738965831969,1.18359759703125E-16));
#13097=DIRECTION('',(-0.200132051039291,-0.979768933038197,2.45091075712063E-17));
#13098=DIRECTION('',(-0.979768933038197,0.200132051039291,1.19987088774924E-16));
#13099=DIRECTION('',(-1.22464679914735E-16,0.,-1.));
#13100=DIRECTION('',(-0.979768933038197,0.200132051039291,1.19987088774924E-16));
#13101=DIRECTION('',(-0.136504640097011,-0.990639431494621,1.67169970563566E-17));
#13102=DIRECTION('',(-0.990639431494621,0.136504640097011,1.21318340888904E-16));
#13103=DIRECTION('',(-1.22464679914735E-16,0.,-1.));
#13104=DIRECTION('',(-0.990639431494621,0.136504640097011,1.21318340888904E-16));
#13105=DIRECTION('',(-0.0654089917049881,-0.997858538974406,8.01029123269694E-18));
#13106=DIRECTION('',(-0.997858538974406,0.0654089917049881,1.22202426575686E-16));
#13107=DIRECTION('',(-1.22464679914735E-16,0.,-1.));
#13108=DIRECTION('',(-0.997858538974406,0.0654089917049881,1.22202426575686E-16));
#13109=DIRECTION('',(0.0132729566504757,-0.999911910430991,-1.62546838772266E-18));
#13110=DIRECTION('',(-0.999911910430991,-0.0132729566504757,1.22453892053863E-16));
#13111=DIRECTION('',(-1.22464679914735E-16,0.,-1.));
#13112=DIRECTION('',(-0.999911910430991,-0.0132729566504757,1.22453892053863E-16));
#13113=DIRECTION('',(0.0991407244558855,-0.995073422795706,-1.2141237087005E-17));
#13114=DIRECTION('',(-0.995073422795706,-0.0991407244558855,1.21861348214336E-16));
#13115=DIRECTION('',(-1.22464679914735E-16,0.,-1.));
#13116=DIRECTION('',(-0.995073422795706,-0.0991407244558855,1.21861348214336E-16));
#13117=DIRECTION('',(0.191080804379379,-0.981574310074245,-2.34006495461708E-17));
#13118=DIRECTION('',(-0.981574310074245,-0.191080804379379,1.2020818369577E-16));
#13119=DIRECTION('',(-1.22464679914735E-16,0.,-1.));
#13120=DIRECTION('',(-0.981574310074245,-0.191080804379379,1.20208183695769E-16));
#13121=DIRECTION('',(0.262501266276669,-0.964931647943597,-3.2147133551785E-17));
#13122=DIRECTION('',(-0.964931647943597,-0.262501266276669,1.18170045405011E-16));
#13123=DIRECTION('',(-1.22464679914735E-16,0.,-1.));
#13124=DIRECTION('',(-0.964931647943597,-0.262501266276669,1.18170045405011E-16));
#13125=DIRECTION('',(0.311128487404972,-0.950367857371605,-3.81022506224056E-17));
#13126=DIRECTION('',(-0.950367857371604,-0.311128487404972,1.16386495454266E-16));
#13127=DIRECTION('',(-1.22464679914735E-16,0.,-1.));
#13128=DIRECTION('',(-0.950367857371604,-0.311128487404972,1.16386495454266E-16));
#13129=DIRECTION('',(0.359913818194262,-0.932985553732118,-4.40767305420506E-17));
#13130=DIRECTION('',(-0.932985553732118,-0.359913818194262,1.14257777202876E-16));
#13131=DIRECTION('',(-1.22464679914735E-16,0.,-1.));
#13132=DIRECTION('',(-0.932985553732118,-0.359913818194262,1.14257777202876E-16));
#13133=DIRECTION('',(0.408441969296347,-0.912784288710823,-5.00197150336212E-17));
#13134=DIRECTION('',(-0.912784288710823,-0.408441969296347,1.1178383574817E-16));
#13135=DIRECTION('',(-1.22464679914735E-16,0.,-1.));
#13136=DIRECTION('',(-0.912784288710823,-0.408441969296347,1.1178383574817E-16));
#13137=DIRECTION('',(0.410640625458777,-0.911797278304133,-5.02889727567959E-17));
#13138=DIRECTION('',(-0.911797278304133,-0.410640625458777,1.11662961834642E-16));
#13139=DIRECTION('',(-1.22464679914735E-16,0.,-1.));
#13140=DIRECTION('',(-0.911797278304133,-0.410640625458777,1.11662961834642E-16));
#13141=DIRECTION('',(0.363706715646271,-0.93151351304949,-4.45412265144603E-17));
#13142=DIRECTION('',(-0.93151351304949,-0.363706715646271,1.14077504211856E-16));
#13143=DIRECTION('',(-1.22464679914735E-16,0.,-1.));
#13144=DIRECTION('',(-0.93151351304949,-0.363706715646271,1.14077504211856E-16));
#13145=DIRECTION('',(0.312567258146222,-0.94989563065368,-3.82784492207035E-17));
#13146=DIRECTION('',(-0.94989563065368,-0.312567258146222,1.16328664360409E-16));
#13147=DIRECTION('',(-1.22464679914735E-16,0.,-1.));
#13148=DIRECTION('',(-0.94989563065368,-0.312567258146222,1.16328664360409E-16));
#13149=DIRECTION('',(0.257179165454066,-0.966363739415108,-3.14953641780709E-17));
#13150=DIRECTION('',(-0.966363739415108,-0.257179165454066,1.18345426028678E-16));
#13151=DIRECTION('',(-1.22464679914735E-16,0.,-1.));
#13152=DIRECTION('',(-0.966363739415108,-0.257179165454066,1.18345426028678E-16));
#13153=DIRECTION('',(0.197642543268491,-0.98027415812637,-2.420423079891E-17));
#13154=DIRECTION('',(-0.98027415812637,-0.197642543268491,1.20048961003632E-16));
#13155=DIRECTION('',(-1.22464679914735E-16,0.,-1.));
#13156=DIRECTION('',(-0.98027415812637,-0.197642543268491,1.20048961003632E-16));
#13157=DIRECTION('',(0.1342358308547,-0.990949414306678,-1.64391480587094E-17));
#13158=DIRECTION('',(-0.990949414306678,-0.1342358308547,1.21356302834762E-16));
#13159=DIRECTION('',(-1.22464679914735E-16,0.,-1.));
#13160=DIRECTION('',(-0.990949414306678,-0.1342358308547,1.21356302834762E-16));
#13161=DIRECTION('',(0.067440722035971,-0.997723282784995,-8.25910643735382E-18));
#13162=DIRECTION('',(-0.997723282784995,-0.067440722035971,1.22185862469743E-16));
#13163=DIRECTION('',(-1.22464679914735E-16,0.,-1.));
#13164=DIRECTION('',(-0.997723282784995,-0.067440722035971,1.22185862469743E-16));
#13165=DIRECTION('',(-0.00204569607664648,-0.999997907561592,2.5052551522934E-19));
#13166=DIRECTION('',(-0.999997907561592,0.00204569607664648,1.22464423664935E-16));
#13167=DIRECTION('',(-1.22464679914735E-16,0.,-1.));
#13168=DIRECTION('',(-0.999997907561592,0.00204569607664648,1.22464423664935E-16));
#13169=DIRECTION('',(-0.0733271445945332,-0.997307941342899,8.97998529183103E-18));
#13170=DIRECTION('',(-0.9973079413429,0.0733271445945332,1.22134997812982E-16));
#13171=DIRECTION('',(-1.22464679914735E-16,0.,-1.));
#13172=DIRECTION('',(-0.9973079413429,0.0733271445945332,1.22134997812982E-16));
#13173=DIRECTION('',(-0.145350487101784,-0.989380228172806,1.78003008783709E-17));
#13174=DIRECTION('',(-0.989380228172806,0.145350487101784,1.2116413295715E-16));
#13175=DIRECTION('',(-1.22464679914735E-16,0.,-1.));
#13176=DIRECTION('',(-0.989380228172806,0.145350487101784,1.2116413295715E-16));
#13177=DIRECTION('',(-0.216972739648126,-0.976177663260939,2.65714971112309E-17));
#13178=DIRECTION('',(-0.976177663260939,0.216972739648126,1.19547285071165E-16));
#13179=DIRECTION('',(-1.22464679914735E-16,0.,-1.));
#13180=DIRECTION('',(-0.976177663260939,0.216972739648126,1.19547285071165E-16));
#13181=DIRECTION('',(-0.998102037391913,0.0615818394830233,1.22232246531446E-16));
#13182=DIRECTION('',(0.0615818394830233,0.998102037391913,-7.54160026084905E-18));
#13183=DIRECTION('',(0.0615818394830233,0.998102037391913,-7.54160026084906E-18));
#13184=DIRECTION('',(0.0615818394830233,0.998102037391913,-7.54160026084906E-18));
#13185=DIRECTION('',(0.991282887263656,0.131750663824628,-1.21397141493698E-16));
#13186=DIRECTION('',(0.131750663824628,-0.991282887263656,-1.61348028738369E-17));
#13187=DIRECTION('',(0.131750663824628,-0.991282887263656,-1.61348028738369E-17));
#13188=DIRECTION('',(0.131750663824628,-0.991282887263656,-1.61348028738369E-17));
#13189=DIRECTION('',(0.926224014452451,0.376973573412761,-1.1342972745926E-16));
#13190=DIRECTION('',(0.376973573412761,-0.926224014452451,-4.61659480043078E-17));
#13191=DIRECTION('',(0.376973573412761,-0.926224014452451,-4.61659480043078E-17));
#13192=DIRECTION('',(0.376973573412761,-0.926224014452451,-4.61659480043078E-17));
#13193=DIRECTION('',(-0.845333931984411,-0.534238283386519,1.03523549401536E-16));
#13194=DIRECTION('',(-0.534238283386519,0.845333931984411,6.54253203731278E-17));
#13195=DIRECTION('',(-0.534238283386519,0.845333931984411,6.54253203731278E-17));
#13196=DIRECTION('',(-0.534238283386519,0.845333931984411,6.54253203731278E-17));
#13197=DIRECTION('',(-0.959987154558562,0.280044037755771,1.17564519605272E-16));
#13198=DIRECTION('',(0.280044037755771,0.959987154558562,-3.42955034457905E-17));
#13199=DIRECTION('',(0.280044037755771,0.959987154558562,-3.42955034457905E-17));
#13200=DIRECTION('',(0.280044037755771,0.959987154558562,-3.42955034457905E-17));
#13201=DIRECTION('',(-0.990259435040808,0.139234519113113,1.21271804744819E-16));
#13202=DIRECTION('',(0.139234519113113,0.990259435040808,-1.70513108162695E-17));
#13203=DIRECTION('',(0.139234519113113,0.990259435040808,-1.70513108162695E-17));
#13204=DIRECTION('',(0.139234519113113,0.990259435040808,-1.70513108162695E-17));
#13205=DIRECTION('',(0.96323543407136,0.268658702724028,-1.1796231911608E-16));
#13206=DIRECTION('',(0.268658702724028,-0.96323543407136,-3.29012020354061E-17));
#13207=DIRECTION('',(0.268658702724028,-0.96323543407136,-3.29012020354061E-17));
#13208=DIRECTION('',(0.268658702724028,-0.96323543407136,-3.29012020354061E-17));
#13209=DIRECTION('',(-0.287044169242039,-0.957917347637127,3.51527723076174E-17));
#13210=DIRECTION('',(-0.957917347637127,0.287044169242039,1.17311041363153E-16));
#13211=DIRECTION('',(-0.957917347637127,0.287044169242039,1.17311041363153E-16));
#13212=DIRECTION('',(-0.920897710854049,-0.389804317759274,1.12777443393954E-16));
#13213=DIRECTION('',(-0.389804317759274,0.920897710854049,4.77372610037713E-17));
#13214=DIRECTION('',(-0.389804317759274,0.920897710854049,4.77372610037713E-17));
#13215=DIRECTION('',(-0.389804317759274,0.920897710854049,4.77372610037713E-17));
#13216=DIRECTION('',(-1.22464679914735E-16,0.,-1.));
#13217=DIRECTION('',(-1.,0.,1.22464679914735E-16));
#13218=DIRECTION('',(0.,0.,1.));
#13219=DIRECTION('',(1.,0.,0.));
#13220=DIRECTION('',(0.,0.,1.));
#13221=DIRECTION('',(1.,0.,0.));
#13222=DIRECTION('',(0.,0.,1.));
#13223=DIRECTION('',(1.,0.,0.));
#13224=DIRECTION('',(0.,0.,1.));
#13225=DIRECTION('',(1.,0.,0.));
#13226=DIRECTION('',(-0.232368367558668,-0.972627853682034,2.84569177553819E-17));
#13227=DIRECTION('',(0.855719028551946,-0.517440763927731,-1.04795356928562E-16));
#13228=DIRECTION('',(0.9179472329243,-0.396702505117652,-1.12416114058691E-16));
#13229=DIRECTION('',(0.979640903984312,-0.200757812402905,-1.19971409737821E-16));
#13230=DIRECTION('',(0.998338692124861,0.0576181898919283,-1.22261228377567E-16));
#13231=DIRECTION('',(0.891706769412938,0.452613562968613,-1.09202584093958E-16));
#13232=DIRECTION('',(0.566379353268069,0.824144664601818,-6.93614662082889E-17));
#13233=DIRECTION('',(0.15005573863778,0.988677538584685,-1.83765280016449E-17));
#13234=DIRECTION('',(-0.367613668870123,0.929978596775134,4.50196902904612E-17));
#13235=DIRECTION('',(-0.694405255331226,0.719584144744987,8.50401173252487E-17));
#13236=DIRECTION('',(-0.838741319041744,0.544530072385461,1.0271618716771E-16));
#13237=DIRECTION('',(-0.914532677761016,0.404512028631122,1.11997951653569E-16));
#13238=DIRECTION('',(-0.907137816919907,0.420833673930434,1.11092342387648E-16));
#13239=DIRECTION('',(-0.233758685165507,-0.972294645212907,2.86271825560833E-17));
#13240=DIRECTION('',(-0.392697531303002,-0.919667683953573,4.80915774743288E-17));
#13241=DIRECTION('',(0.940285988573918,-0.34038545752069,-1.15151822619015E-16));
#13242=DIRECTION('',(0.964473412999169,-0.264179930384074,-1.18113927809216E-16));
#13243=DIRECTION('',(0.995777092732687,0.0918040390660388,-1.21947522927934E-16));
#13244=DIRECTION('',(0.753556249579197,0.657383433560761,-9.22840249024648E-17));
#13245=DIRECTION('',(0.380514963192564,0.924774763272961,-4.65996431701446E-17));
#13246=DIRECTION('',(-0.0206686980896714,0.999786379642811,2.53118549580591E-18));
#13247=DIRECTION('',(-0.425712443707333,0.904858505664135,5.21347381543383E-17));
#13248=DIRECTION('',(-0.720220942396399,0.693744761517983,8.8201627178464E-17));
#13249=DIRECTION('',(-0.875390230118109,0.483416947379552,1.07204384331901E-16));
#13250=DIRECTION('',(0.,0.,1.));
#13251=DIRECTION('',(1.,0.,0.));
#13252=DIRECTION('',(0.,0.,1.));
#13253=DIRECTION('',(1.,0.,0.));
#13254=DIRECTION('',(0.,0.,1.));
#13255=DIRECTION('',(1.,0.,0.));
#13256=DIRECTION('',(0.34038545752069,0.940285988573918,-4.16851961029021E-17));
#13257=DIRECTION('',(0.940285988573918,-0.34038545752069,-1.15151822619015E-16));
#13258=DIRECTION('',(-1.22464679914735E-16,0.,-1.));
#13259=DIRECTION('',(0.940285988573918,-0.34038545752069,-1.15151822619015E-16));
#13260=DIRECTION('',(-1.22464679914735E-16,0.,-1.));
#13261=DIRECTION('',(0.919667683953573,-0.392697531303002,-1.126268085433E-16));
#13262=DIRECTION('',(-0.392697531303002,-0.919667683953573,4.80915774743288E-17));
#13263=DIRECTION('',(-1.22464679914735E-16,0.,-1.));
#13264=DIRECTION('',(-0.392697531303002,-0.919667683953573,4.80915774743288E-17));
#13265=DIRECTION('',(-0.483416947379552,-0.875390230118109,5.92015017261952E-17));
#13266=DIRECTION('',(-0.875390230118109,0.483416947379552,1.07204384331901E-16));
#13267=DIRECTION('',(-1.22464679914735E-16,0.,-1.));
#13268=DIRECTION('',(-0.875390230118109,0.483416947379552,1.07204384331901E-16));
#13269=DIRECTION('',(-0.693744761517983,-0.720220942396399,8.49592301618242E-17));
#13270=DIRECTION('',(-0.720220942396399,0.693744761517983,8.8201627178464E-17));
#13271=DIRECTION('',(-1.22464679914735E-16,0.,-1.));
#13272=DIRECTION('',(-0.720220942396399,0.693744761517983,8.8201627178464E-17));
#13273=DIRECTION('',(-0.904858505664135,-0.425712443707333,1.10813207264284E-16));
#13274=DIRECTION('',(-0.425712443707333,0.904858505664135,5.21347381543383E-17));
#13275=DIRECTION('',(-1.22464679914735E-16,0.,-1.));
#13276=DIRECTION('',(-0.425712443707333,0.904858505664135,5.21347381543383E-17));
#13277=DIRECTION('',(-0.999786379642811,-0.0206686980896714,1.22438518966069E-16));
#13278=DIRECTION('',(-0.0206686980896714,0.999786379642811,2.53118549580591E-18));
#13279=DIRECTION('',(-1.22464679914735E-16,0.,-1.));
#13280=DIRECTION('',(-0.0206686980896714,0.999786379642811,2.53118549580591E-18));
#13281=DIRECTION('',(-0.924774763272961,0.380514963192564,1.13252245377448E-16));
#13282=DIRECTION('',(0.380514963192564,0.924774763272961,-4.65996431701446E-17));
#13283=DIRECTION('',(-1.22464679914735E-16,0.,-1.));
#13284=DIRECTION('',(0.380514963192564,0.924774763272961,-4.65996431701446E-17));
#13285=DIRECTION('',(-0.657383433560761,0.753556249579197,8.05062517722682E-17));
#13286=DIRECTION('',(0.753556249579197,0.657383433560761,-9.22840249024648E-17));
#13287=DIRECTION('',(-1.22464679914735E-16,0.,-1.));
#13288=DIRECTION('',(0.753556249579197,0.657383433560761,-9.22840249024648E-17));
#13289=DIRECTION('',(-0.0918040390660388,0.995777092732687,1.12427522591023E-17));
#13290=DIRECTION('',(0.995777092732687,0.0918040390660388,-1.21947522927934E-16));
#13291=DIRECTION('',(-1.22464679914735E-16,0.,-1.));
#13292=DIRECTION('',(0.995777092732687,0.0918040390660388,-1.21947522927934E-16));
#13293=DIRECTION('',(0.264179930384074,0.964473412999169,-3.23527106143826E-17));
#13294=DIRECTION('',(0.964473412999169,-0.264179930384074,-1.18113927809216E-16));
#13295=DIRECTION('',(0.964473412999169,-0.264179930384074,-1.18113927809216E-16));
#13296=DIRECTION('',(-1.22464679914735E-16,0.,-1.));
#13297=DIRECTION('',(-1.,0.,1.22464679914735E-16));
#13298=DIRECTION('',(0.517440763927731,0.855719028551946,-6.33682175292457E-17));
#13299=DIRECTION('',(0.855719028551946,-0.517440763927731,-1.04795356928562E-16));
#13300=DIRECTION('',(-1.22464679914735E-16,0.,-1.));
#13301=DIRECTION('',(0.855719028551946,-0.517440763927731,-1.04795356928562E-16));
#13302=DIRECTION('',(-1.22464679914735E-16,0.,-1.));
#13303=DIRECTION('',(0.972627853682034,-0.232368367558668,-1.19112558777326E-16));
#13304=DIRECTION('',(-0.232368367558668,-0.972627853682034,2.84569177553819E-17));
#13305=DIRECTION('',(-1.22464679914735E-16,0.,-1.));
#13306=DIRECTION('',(-0.232368367558668,-0.972627853682034,2.84569177553819E-17));
#13307=DIRECTION('',(0.972294645212907,-0.233758685165507,-1.1907175250881E-16));
#13308=DIRECTION('',(-0.233758685165507,-0.972294645212907,2.86271825560833E-17));
#13309=DIRECTION('',(-1.22464679914735E-16,0.,-1.));
#13310=DIRECTION('',(-0.233758685165507,-0.972294645212907,2.86271825560833E-17));
#13311=DIRECTION('',(-0.420833673930433,-0.907137816919906,5.15372611752326E-17));
#13312=DIRECTION('',(-0.907137816919907,0.420833673930434,1.11092342387648E-16));
#13313=DIRECTION('',(-1.22464679914735E-16,0.,-1.));
#13314=DIRECTION('',(-0.907137816919907,0.420833673930434,1.11092342387648E-16));
#13315=DIRECTION('',(-0.404512028631122,-0.914532677761017,4.95384361079705E-17));
#13316=DIRECTION('',(-0.914532677761016,0.404512028631121,1.11997951653569E-16));
#13317=DIRECTION('',(-1.22464679914735E-16,0.,-1.));
#13318=DIRECTION('',(-0.914532677761016,0.404512028631122,1.11997951653569E-16));
#13319=DIRECTION('',(-0.544530072385461,-0.838741319041744,6.66857010186332E-17));
#13320=DIRECTION('',(-0.838741319041744,0.544530072385461,1.0271618716771E-16));
#13321=DIRECTION('',(-1.22464679914735E-16,0.,-1.));
#13322=DIRECTION('',(-0.838741319041744,0.544530072385461,1.0271618716771E-16));
#13323=DIRECTION('',(-0.719584144744987,-0.694405255331226,8.81236419579134E-17));
#13324=DIRECTION('',(-0.694405255331226,0.719584144744987,8.50401173252487E-17));
#13325=DIRECTION('',(-1.22464679914735E-16,0.,-1.));
#13326=DIRECTION('',(-0.694405255331226,0.719584144744987,8.50401173252487E-17));
#13327=DIRECTION('',(-0.929978596775134,-0.367613668870123,1.13889531181621E-16));
#13328=DIRECTION('',(-0.367613668870123,0.929978596775134,4.50196902904612E-17));
#13329=DIRECTION('',(-1.22464679914735E-16,0.,-1.));
#13330=DIRECTION('',(-0.367613668870123,0.929978596775134,4.50196902904612E-17));
#13331=DIRECTION('',(-0.988677538584685,0.15005573863778,1.21078078301662E-16));
#13332=DIRECTION('',(0.15005573863778,0.988677538584685,-1.83765280016449E-17));
#13333=DIRECTION('',(-1.22464679914735E-16,0.,-1.));
#13334=DIRECTION('',(0.15005573863778,0.988677538584685,-1.83765280016449E-17));
#13335=DIRECTION('',(-0.824144664601818,0.566379353268069,1.00928612553899E-16));
#13336=DIRECTION('',(0.566379353268069,0.824144664601818,-6.93614662082889E-17));
#13337=DIRECTION('',(-1.22464679914735E-16,0.,-1.));
#13338=DIRECTION('',(0.566379353268069,0.824144664601818,-6.93614662082889E-17));
#13339=DIRECTION('',(-0.452613562968613,0.891706769412938,5.54291751140191E-17));
#13340=DIRECTION('',(0.891706769412938,0.452613562968613,-1.09202584093958E-16));
#13341=DIRECTION('',(-1.22464679914735E-16,0.,-1.));
#13342=DIRECTION('',(0.891706769412938,0.452613562968613,-1.09202584093958E-16));
#13343=DIRECTION('',(-0.0576181898919283,0.998338692124861,7.05619318238144E-18));
#13344=DIRECTION('',(0.998338692124861,0.0576181898919283,-1.22261228377567E-16));
#13345=DIRECTION('',(-1.22464679914735E-16,0.,-1.));
#13346=DIRECTION('',(0.998338692124861,0.0576181898919283,-1.22261228377567E-16));
#13347=DIRECTION('',(0.200757812402905,0.979640903984312,-2.45857412363042E-17));
#13348=DIRECTION('',(0.979640903984312,-0.200757812402905,-1.19971409737821E-16));
#13349=DIRECTION('',(-1.22464679914735E-16,0.,-1.));
#13350=DIRECTION('',(0.979640903984312,-0.200757812402905,-1.19971409737821E-16));
#13351=DIRECTION('',(0.396702505117652,0.9179472329243,-4.85820453106069E-17));
#13352=DIRECTION('',(0.9179472329243,-0.396702505117652,-1.12416114058691E-16));
#13353=DIRECTION('',(0.9179472329243,-0.396702505117652,-1.12416114058691E-16));
#13354=DIRECTION('',(-1.22464679914735E-16,0.,-1.));
#13355=DIRECTION('',(-1.,0.,1.22464679914735E-16));
#13356=DIRECTION('',(0.,0.,1.));
#13357=DIRECTION('',(1.,0.,0.));
#13358=DIRECTION('',(-0.985745235231079,-0.168244854956179,1.20718974710049E-16));
#13359=DIRECTION('',(0.566483112868724,-0.824073347970046,-6.93741730945712E-17));
#13360=DIRECTION('',(0.970318916746929,-0.241828864702018,-1.18829795554625E-16));
#13361=DIRECTION('',(0.821573352694403,0.570102820675778,-1.00613717664196E-16));
#13362=DIRECTION('',(0.287275787380234,0.957847911719322,-3.51811373487739E-17));
#13363=DIRECTION('',(-0.0050058086194222,0.999987470861543,6.13034750291963E-19));
#13364=DIRECTION('',(-0.115676472784152,0.993286944263448,1.41662822131768E-17));
#13365=DIRECTION('',(0.824073347970046,0.566483112868724,-1.00919878785416E-16));
#13366=DIRECTION('',(0.566483112868724,-0.824073347970046,-6.93741730945712E-17));
#13367=DIRECTION('',(-1.22464679914735E-16,0.,-1.));
#13368=DIRECTION('',(0.566483112868724,-0.824073347970046,-6.93741730945712E-17));
#13369=DIRECTION('',(-1.22464679914735E-16,0.,-1.));
#13370=DIRECTION('',(0.168244854956179,-0.985745235231078,-2.06040523095095E-17));
#13371=DIRECTION('',(-0.985745235231079,-0.168244854956179,1.20718974710049E-16));
#13372=DIRECTION('',(-1.22464679914735E-16,0.,-1.));
#13373=DIRECTION('',(-0.985745235231079,-0.168244854956179,1.20718974710049E-16));
#13374=DIRECTION('',(-0.993286944263448,-0.115676472784152,1.21642567692709E-16));
#13375=DIRECTION('',(-0.115676472784152,0.993286944263448,1.41662822131768E-17));
#13376=DIRECTION('',(-1.22464679914735E-16,0.,-1.));
#13377=DIRECTION('',(-0.115676472784152,0.993286944263448,1.41662822131768E-17));
#13378=DIRECTION('',(-0.999987470861543,-0.0050058086194222,1.22463145537805E-16));
#13379=DIRECTION('',(-0.0050058086194222,0.999987470861543,6.13034750291963E-19));
#13380=DIRECTION('',(-1.22464679914735E-16,0.,-1.));
#13381=DIRECTION('',(-0.0050058086194222,0.999987470861543,6.13034750291963E-19));
#13382=DIRECTION('',(-0.957847911719322,0.287275787380234,1.17302537915704E-16));
#13383=DIRECTION('',(0.287275787380234,0.957847911719322,-3.51811373487739E-17));
#13384=DIRECTION('',(-1.22464679914735E-16,0.,-1.));
#13385=DIRECTION('',(0.287275787380234,0.957847911719322,-3.51811373487739E-17));
#13386=DIRECTION('',(-0.570102820675778,0.821573352694403,6.98174594525469E-17));
#13387=DIRECTION('',(0.821573352694403,0.570102820675778,-1.00613717664196E-16));
#13388=DIRECTION('',(-1.22464679914735E-16,0.,-1.));
#13389=DIRECTION('',(0.821573352694403,0.570102820675778,-1.00613717664196E-16));
#13390=DIRECTION('',(0.241828864702018,0.970318916746929,-2.96154945098764E-17));
#13391=DIRECTION('',(0.970318916746929,-0.241828864702018,-1.18829795554625E-16));
#13392=DIRECTION('',(0.970318916746929,-0.241828864702018,-1.18829795554625E-16));
#13393=DIRECTION('',(-1.22464679914735E-16,0.,-1.));
#13394=DIRECTION('',(-1.,0.,1.22464679914735E-16));
#13395=DIRECTION('',(0.,0.,-1.));
#13396=DIRECTION('',(-1.,0.,0.));
#13397=DIRECTION('',(0.,0.,1.));
#13398=DIRECTION('',(1.,0.,0.));
#13399=DIRECTION('',(-1.,0.,0.));
#13400=DIRECTION('',(0.,0.,1.));
#13401=DIRECTION('',(0.,1.,0.));
#13402=DIRECTION('',(0.,0.,-1.));
#13403=DIRECTION('',(0.,0.,-1.));
#13404=DIRECTION('',(0.,1.,0.));
#13405=DIRECTION('',(0.,0.,1.));
#13406=DIRECTION('',(1.,0.,0.));
#13407=DIRECTION('',(0.,0.,-1.));
#13408=DIRECTION('',(0.,0.,-1.));
#13409=DIRECTION('',(0.,0.,1.));
#13410=DIRECTION('',(1.,0.,0.));
#13411=DIRECTION('',(1.,0.,0.));
#13412=DIRECTION('',(0.,1.,0.));
#13413=DIRECTION('',(-1.,0.,0.));
#13414=DIRECTION('',(0.,-1.,0.));
#13415=DIRECTION('',(0.,0.,1.));
#13416=DIRECTION('',(1.,0.,0.));
#13417=DIRECTION('',(0.,0.,1.));
#13418=DIRECTION('',(1.,0.,0.));
#13419=DIRECTION('',(0.,0.,1.));
#13420=DIRECTION('',(1.,0.,0.));
#13421=DIRECTION('',(-0.707106781186548,0.,0.707106781186547));
#13422=DIRECTION('',(0.,1.,0.));
#13423=DIRECTION('',(0.577350269189626,-0.577350269189626,0.577350269189626));
#13424=DIRECTION('',(-0.577350269189626,-0.577350269189626,-0.577350269189626));
#13425=DIRECTION('',(0.,0.707106781186548,-0.707106781186547));
#13426=DIRECTION('',(-1.,0.,0.));
#13427=DIRECTION('',(-0.577350269189626,0.577350269189626,0.577350269189626));
#13428=DIRECTION('',(0.,0.707106781186548,0.707106781186548));
#13429=DIRECTION('',(1.,0.,0.));
#13430=DIRECTION('',(-0.577350269189626,-0.577350269189626,0.577350269189626));
#13431=DIRECTION('',(-0.707106781186548,0.,-0.707106781186547));
#13432=DIRECTION('',(0.,-1.,0.));
#13433=DIRECTION('',(0.,0.,-1.));
#13434=DIRECTION('',(-1.,0.,0.));
#13435=DIRECTION('',(0.,0.,1.));
#13436=DIRECTION('',(1.,0.,0.));
#13437=DIRECTION('',(0.,0.,1.));
#13438=DIRECTION('',(1.,0.,0.));
#13439=DIRECTION('',(0.,0.,1.));
#13440=DIRECTION('',(1.,0.,0.));
#13441=DIRECTION('',(0.,0.,-1.));
#13442=DIRECTION('',(-1.,0.,0.));
#13443=DIRECTION('',(0.,0.,1.));
#13444=DIRECTION('',(1.,0.,0.));
#13445=DIRECTION('',(0.,0.,1.));
#13446=DIRECTION('',(1.,0.,0.));
#13447=DIRECTION('',(0.,0.,1.));
#13448=DIRECTION('',(1.,0.,0.));
#13449=DIRECTION('',(0.,0.,-1.));
#13450=DIRECTION('',(-1.,0.,0.));
#13451=DIRECTION('',(0.,0.,1.));
#13452=DIRECTION('',(1.,0.,0.));
#13453=DIRECTION('',(0.,0.,1.));
#13454=DIRECTION('',(1.,0.,0.));
#13455=DIRECTION('',(0.,0.,1.));
#13456=DIRECTION('',(1.,0.,0.));
#13457=DIRECTION('',(0.,0.,-1.));
#13458=DIRECTION('',(-1.,0.,0.));
#13459=DIRECTION('',(0.,0.,1.));
#13460=DIRECTION('',(1.,0.,0.));
#13461=DIRECTION('',(0.,0.,1.));
#13462=DIRECTION('',(1.,0.,0.));
#13463=DIRECTION('',(0.,0.,1.));
#13464=DIRECTION('',(1.,0.,0.));
#13465=DIRECTION('',(0.,0.,-1.));
#13466=DIRECTION('',(-1.,0.,0.));
#13467=DIRECTION('',(0.,0.,-1.));
#13468=DIRECTION('',(-1.,0.,0.));
#13469=DIRECTION('',(0.,0.,-1.));
#13470=DIRECTION('',(-1.,0.,0.));
#13471=DIRECTION('',(0.,0.,-1.));
#13472=DIRECTION('',(-1.,0.,0.));
#13473=DIRECTION('',(0.,0.,-1.));
#13474=DIRECTION('',(-1.,0.,0.));
#13475=DIRECTION('',(0.,0.,-1.));
#13476=DIRECTION('',(-1.,0.,0.));
#13477=DIRECTION('',(0.,0.,1.));
#13478=DIRECTION('',(1.,0.,0.));
#13479=DIRECTION('',(0.,0.,1.));
#13480=DIRECTION('',(1.,0.,0.));
#13481=DIRECTION('',(0.,0.,-1.));
#13482=DIRECTION('',(-1.,0.,0.));
#13483=DIRECTION('',(0.,0.,1.));
#13484=DIRECTION('',(1.,0.,0.));
#13485=DIRECTION('',(0.,0.,-1.));
#13486=DIRECTION('',(-1.,0.,0.));
#13487=CARTESIAN_POINT('',(0.,0.,0.));
#13488=CARTESIAN_POINT('',(-1.38777878078145E-17,-0.04759,0.));
#13489=CARTESIAN_POINT('',(-0.05332,-0.03759,-0.000349207694917477));
#13490=CARTESIAN_POINT('',(-0.05332,-0.03519,-0.000433017541697671));
#13491=CARTESIAN_POINT('',(0.,-0.04759,1.7347234759768E-18));
#13492=CARTESIAN_POINT('',(-0.05632,-0.04759,1.7347234759768E-18));
#13493=CARTESIAN_POINT('',(-0.05332,-0.04759,0.));
#13494=CARTESIAN_POINT('',(-0.05632,-0.04059,-0.000244445386442234));
#13495=CARTESIAN_POINT('',(-0.06332,-0.04059,-0.000244445386442236));
#13496=CARTESIAN_POINT('',(-0.06332,-0.000336989319043984,-0.00165011149378076));
#13497=CARTESIAN_POINT('',(-0.06332,-0.03759,-0.000349207694917477));
#13498=CARTESIAN_POINT('',(-0.05332,-0.03759,-0.000349207694917478));
#13499=CARTESIAN_POINT('',(-1.38777878078145E-17,-0.04759,0.));
#13500=CARTESIAN_POINT('',(-0.05332,0.03759,-0.00297455114530707));
#13501=CARTESIAN_POINT('',(-0.05332,0.03999,-0.00305836099208726));
#13502=CARTESIAN_POINT('',(0.05332,-0.03759,-0.000349207694917477));
#13503=CARTESIAN_POINT('',(0.05332,-0.03519,-0.000433017541697671));
#13504=CARTESIAN_POINT('',(0.05332,0.03759,-0.00297455114530707));
#13505=CARTESIAN_POINT('',(0.05332,0.03999,-0.00305836099208726));
#13506=CARTESIAN_POINT('',(-0.03166,0.,-0.00166187942011228));
#13507=CARTESIAN_POINT('',(-0.05632,0.,-0.00166187942011228));
#13508=CARTESIAN_POINT('',(-0.007,0.,-0.00166187942011228));
#13509=CARTESIAN_POINT('',(-0.05632,0.007,-0.00190632480655451));
#13510=CARTESIAN_POINT('',(-0.06332,0.007,-0.00190632480655451));
#13511=CARTESIAN_POINT('',(-0.06332,-0.000336989319043984,-0.00165011149378076));
#13512=CARTESIAN_POINT('',(-0.06332,0.04059,-0.00307931345378232));
#13513=CARTESIAN_POINT('',(-0.05632,0.04059,-0.00307931345378232));
#13514=CARTESIAN_POINT('',(-0.05632,0.04759,-0.00332375884022455));
#13515=CARTESIAN_POINT('',(0.,0.04759,-0.00332375884022455));
#13516=CARTESIAN_POINT('',(0.05632,0.04759,-0.00332375884022455));
#13517=CARTESIAN_POINT('',(0.05632,0.04059,-0.00307931345378232));
#13518=CARTESIAN_POINT('',(0.06332,0.04059,-0.00307931345378232));
#13519=CARTESIAN_POINT('',(0.06332,-0.000336989319043984,-0.00165011149378076));
#13520=CARTESIAN_POINT('',(0.06332,-0.04059,-0.000244445386442236));
#13521=CARTESIAN_POINT('',(0.05632,-0.04059,-0.000244445386442234));
#13522=CARTESIAN_POINT('',(0.05632,-0.04759,1.7347234759768E-18));
#13523=CARTESIAN_POINT('',(0.,-0.04759,1.7347234759768E-18));
#13524=CARTESIAN_POINT('',(0.007,-0.04759,1.7347234759768E-18));
#13525=CARTESIAN_POINT('',(0.007,-0.04059,-0.000244445386442234));
#13526=CARTESIAN_POINT('',(0.,-0.04059,-0.000244445386442234));
#13527=CARTESIAN_POINT('',(0.,-0.02392861642265,-0.000826273721760467));
#13528=CARTESIAN_POINT('',(0.,-0.007,-0.00141743403367004));
#13529=CARTESIAN_POINT('',(-0.007,-0.007,-0.00141743403367004));
#13530=CARTESIAN_POINT('',(0.0415341698128542,0.0363251177862444,-0.00293038048508631));
#13531=CARTESIAN_POINT('',(0.0423502897857745,0.0359873151363092,-0.00291858415661421));
#13532=CARTESIAN_POINT('',(0.0406210479008694,0.0367030707978325,-0.00294357889508268));
#13533=CARTESIAN_POINT('',(0.0400088865071112,0.0368865076665214,-0.00294998465169046));
#13534=CARTESIAN_POINT('',(0.0393208698052868,0.0370926749137134,-0.0029571841706064));
#13535=CARTESIAN_POINT('',(0.0385617637784028,0.037261399645425,-0.00296307616807005));
#13536=CARTESIAN_POINT('',(0.0377440331020942,0.0374431547416645,-0.00296942319588978));
#13537=CARTESIAN_POINT('',(0.036833700140326,0.0375768923439029,-0.00297409341586993));
#13538=CARTESIAN_POINT('',(0.0358834525960721,0.0377164938231842,-0.00297896840694861));
#13539=CARTESIAN_POINT('',(0.0348179153165101,0.0377948375352217,-0.0029817042296578));
#13540=CARTESIAN_POINT('',(0.033732041507123,0.0378746764922094,-0.00298449226747123));
#13541=CARTESIAN_POINT('',(0.032507662324303,0.0378771812051409,-0.00298457973397416));
#13542=CARTESIAN_POINT('',(0.0312827138475888,0.0378796870826772,-0.00298466724114598));
#13543=CARTESIAN_POINT('',(0.0298961931801726,0.0377859657507792,-0.00298139442011831));
#13544=CARTESIAN_POINT('',(0.0285283828373724,0.0376935091360861,-0.00297816576398863));
#13545=CARTESIAN_POINT('',(0.02697672741179,0.0374833190373322,-0.00297082576400059));
#13546=CARTESIAN_POINT('',(0.0254619624888153,0.0372781261939343,-0.00296366027201494));
#13547=CARTESIAN_POINT('',(0.0237424292877043,0.0369314344931638,-0.00295155353104763));
#13548=CARTESIAN_POINT('',(0.0220763660218204,0.0365955233825977,-0.00293982325658584));
#13549=CARTESIAN_POINT('',(0.0201863961935106,0.0360925441798885,-0.00292225883578889));
#13550=CARTESIAN_POINT('',(0.0183645074487294,0.0356076834511359,-0.00290532712604451));
#13551=CARTESIAN_POINT('',(0.0163016586862141,0.0349288941601208,-0.00288162328167951));
#13552=CARTESIAN_POINT('',(0.0143193007818838,0.0342765907334857,-0.00285884434407931));
#13553=CARTESIAN_POINT('',(0.0120811863680525,0.0334027255331514,-0.00282832829885157));
#13554=CARTESIAN_POINT('',(0.00993365844874778,0.0325642295635846,-0.00279904737437857));
#13555=CARTESIAN_POINT('',(0.00751790080052317,0.0314762594026418,-0.00276105461917439));
#13556=CARTESIAN_POINT('',(0.00520049525410174,0.0304325834829307,-0.00272460865295807));
#13557=CARTESIAN_POINT('',(0.00399296049161302,0.0298922500410818,-0.00270573979338658));
#13558=CARTESIAN_POINT('',(0.00288191682512882,0.0293950932990941,-0.00268837869739836));
#13559=CARTESIAN_POINT('',(0.00168085359774794,0.0289317643114906,-0.00267219889262342));
#13560=CARTESIAN_POINT('',(0.000565912237345153,0.0285016581855383,-0.00265717925574204));
#13561=CARTESIAN_POINT('',(0.000245231401104454,0.028396674685996,-0.00265351315115409));
#13562=CARTESIAN_POINT('',(-0.00174373778378313,0.0277455321108456,-0.00263077475138099));
#13563=CARTESIAN_POINT('',(-0.00292550830357757,0.027424041714551,-0.00261954805935818));
#13564=CARTESIAN_POINT('',(-0.0040432469657184,0.0271199706284761,-0.00260892966305225));
#13565=CARTESIAN_POINT('',(-0.00634351460719924,0.0266721828382793,-0.00259329256884958));
#13566=CARTESIAN_POINT('',(-0.00859671198575748,0.0262335581074753,-0.00257797545573179));
#13567=CARTESIAN_POINT('',(-0.0108427618711745,0.0260097806376896,-0.00257016097429195));
#13568=CARTESIAN_POINT('',(-0.0130642132458795,0.0257884539560734,-0.00256243207626087));
#13569=CARTESIAN_POINT('',(-0.0152414977882202,0.0257595524068021,-0.00256142281192081));
#13570=CARTESIAN_POINT('',(-0.0174154811691917,0.0257306946775628,-0.00256041507780998));
#13571=CARTESIAN_POINT('',(-0.0195097381001175,0.0258679718855764,-0.0025652089035475));
#13572=CARTESIAN_POINT('',(-0.0216202469712404,0.0260063143979194,-0.00257003993053194));
#13573=CARTESIAN_POINT('',(-0.0236173397095834,0.0262815027427611,-0.00257964971928897));
#13574=CARTESIAN_POINT('',(-0.0256482402826939,0.0265613496204358,-0.00258942218759723));
#13575=CARTESIAN_POINT('',(-0.0275340456766735,0.0269465527929714,-0.00260287377879284));
#13576=CARTESIAN_POINT('',(-0.0294691915266599,0.027341834471088,-0.00261667731915867));
#13577=CARTESIAN_POINT('',(-0.0312295316985919,0.0278094567180288,-0.00263300704785329));
#13578=CARTESIAN_POINT('',(-0.0330528319186843,0.028293803868291,-0.00264992082304159));
#13579=CARTESIAN_POINT('',(-0.0346734407930029,0.0288164802200189,-0.00266817308343906));
#13580=CARTESIAN_POINT('',(-0.0363688910894358,0.0293632943153372,-0.00268726825241651));
#13581=CARTESIAN_POINT('',(-0.0378354072913196,0.0299138294535,-0.0027064933630734));
#13582=CARTESIAN_POINT('',(-0.0393870994620217,0.0304963399382025,-0.00272683507743622));
#13583=CARTESIAN_POINT('',(-0.0406850713928153,0.0310476637911595,-0.00274608773062064));
#13584=CARTESIAN_POINT('',(-0.0420771882519881,0.0316389764477408,-0.00276673682359867));
#13585=CARTESIAN_POINT('',(-0.0441620349350942,0.0326622895568779,-0.00280247170480073));
#13586=CARTESIAN_POINT('',(-0.046351925606737,0.0337371618004956,-0.00284000707065318));
#13587=CARTESIAN_POINT('',(-0.0475932232489723,0.0344482965860088,-0.00286484044457565));
#13588=CARTESIAN_POINT('',(-0.0489509481234188,0.0352261320982368,-0.00289200305920065));
#13589=CARTESIAN_POINT('',(-0.0491033846983955,0.0351904363043181,-0.00289075653460939));
#13590=CARTESIAN_POINT('',(-0.0491954971112664,0.0351688665090922,-0.00289000330076233));
#13591=CARTESIAN_POINT('',(-0.0492696626192617,0.0349232909265348,-0.00288142761245104));
#13592=CARTESIAN_POINT('',(-0.0492688016615165,0.0349261417153388,-0.00288152716418973));
#13593=CARTESIAN_POINT('',(-0.0469639112339871,0.030439534701215,-0.00272485139484946));
#13594=CARTESIAN_POINT('',(-0.0447647602563582,0.0261587558479125,-0.00257536330326813));
#13595=CARTESIAN_POINT('',(-0.0447712590996157,0.0259325855281617,-0.00256746526166624));
#13596=CARTESIAN_POINT('',(-0.0447706044924329,0.0259553669232458,-0.00256826080551267));
#13597=CARTESIAN_POINT('',(-0.04491228816273,0.025873527906215,-0.00256540292406351));
#13598=CARTESIAN_POINT('',(-0.0449461209675461,0.0258539854742344,-0.00256472048730101));
#13599=CARTESIAN_POINT('',(-0.0498610339894333,0.0258527484693983,-0.00256467729014027));
#13600=CARTESIAN_POINT('',(-0.0547758843514413,0.0258515114803326,-0.00256463409353024));
#13601=CARTESIAN_POINT('',(-0.0549321768140638,0.025757401848115,-0.00256134771275661));
#13602=CARTESIAN_POINT('',(-0.0549785521568093,0.0257294774915816,-0.00256037257273891));
#13603=CARTESIAN_POINT('',(-0.0549337406322774,0.0254991583633712,-0.00255232965155313));
#13604=CARTESIAN_POINT('',(-0.0549354395244504,0.0255078902101072,-0.00255263457436024));
#13605=CARTESIAN_POINT('',(-0.0538847837557403,0.024546567503779,-0.00251906444572537));
#13606=CARTESIAN_POINT('',(-0.0529565328507746,0.0236972420646689,-0.00248940534784273));
#13607=CARTESIAN_POINT('',(-0.0511718254559548,0.0221611734582303,-0.00243576465011377));
#13608=CARTESIAN_POINT('',(-0.0495057598781965,0.0207272179326966,-0.00238568981974519));
#13609=CARTESIAN_POINT('',(-0.0471242976067587,0.0188334869662473,-0.00231955927718643));
#13610=CARTESIAN_POINT('',(-0.0448557781908766,0.0170295677871066,-0.00225656503134992));
#13611=CARTESIAN_POINT('',(-0.0420148544236015,0.0149950972777436,-0.00218551975565469));
#13612=CARTESIAN_POINT('',(-0.039279246165414,0.0130360463554479,-0.0021171081899746));
#13613=CARTESIAN_POINT('',(-0.0377049182799514,0.0120179172262061,-0.00208155433733952));
#13614=CARTESIAN_POINT('',(-0.0362287300633682,0.0110632557243517,-0.00204821682309062));
#13615=CARTESIAN_POINT('',(-0.0345926047779002,0.0100934623258778,-0.00201435089136789));
#13616=CARTESIAN_POINT('',(-0.0330488229708467,0.00917840440307555,-0.00198239636457412));
#13617=CARTESIAN_POINT('',(-0.0313684755359185,0.00828418867175741,-0.00195116966314486));
#13618=CARTESIAN_POINT('',(-0.0297736068877602,0.00743546143539858,-0.00192153145496261));
#13619=CARTESIAN_POINT('',(-0.0280668193677935,0.00664404572594606,-0.00189389460940067));
#13620=CARTESIAN_POINT('',(-0.0264371653988963,0.00588839586509984,-0.00186750673479359));
#13621=CARTESIAN_POINT('',(-0.0247220244766743,0.00522692484715144,-0.00184440765785034));
#13622=CARTESIAN_POINT('',(-0.023073578919288,0.00459117594351962,-0.00182220681693198));
#13623=CARTESIAN_POINT('',(-0.0213686046554829,0.00408658640787969,-0.00180458616206995));
#13624=CARTESIAN_POINT('',(-0.0197169318261619,0.00359777150687578,-0.00178751636958786));
#13625=CARTESIAN_POINT('',(-0.0180411911879116,0.00327652487192031,-0.00177629818989858));
#13626=CARTESIAN_POINT('',(-0.0164013045345509,0.00296215159894739,-0.00176532003329873));
#13627=CARTESIAN_POINT('',(-0.0147744125106919,0.00284976040352024,-0.00176139524627031));
#13628=CARTESIAN_POINT('',(-0.0131607806292428,0.00273828526351356,-0.00175750244860208));
#13629=CARTESIAN_POINT('',(-0.00990817466264901,0.00283351050112857,-0.00176082778717463));
#13630=CARTESIAN_POINT('',(-0.00664992840330362,0.00292890086732754,-0.0017641588921644));
#13631=CARTESIAN_POINT('',(-0.00373794317161565,0.00319319620750015,-0.00177338828881631));
#13632=CARTESIAN_POINT('',(-0.000808521335035253,0.00345907411525288,-0.00178267294994589));
#13633=CARTESIAN_POINT('',(0.00182275609219464,0.00386046403982202,-0.00179668979497808));
#13634=CARTESIAN_POINT('',(0.00448315192622046,0.00426629585067286,-0.00181086175409722));
#13635=CARTESIAN_POINT('',(0.00689409570440985,0.00477299838783571,-0.00182855619659837));
#13636=CARTESIAN_POINT('',(0.00934480193868287,0.00528805770940957,-0.00184654246444162));
#13637=CARTESIAN_POINT('',(0.0115962627531924,0.00586871070075117,-0.00186681931370696));
#13638=CARTESIAN_POINT('',(0.0138961408454489,0.00646185053484628,-0.00188753221312977));
#13639=CARTESIAN_POINT('',(0.0160493557283774,0.0070856410338954,-0.00190931545735821));
#13640=CARTESIAN_POINT('',(0.0182568776198604,0.00772516437792749,-0.00193164810463974));
#13641=CARTESIAN_POINT('',(0.0225429365304282,0.0089894247676944,-0.00197579705028834));
#13642=CARTESIAN_POINT('',(0.0268853933440076,0.0102703208678729,-0.00202052692774555));
#13643=CARTESIAN_POINT('',(0.0306913905061405,0.0112612329434137,-0.0020551303399221));
#13644=CARTESIAN_POINT('',(0.0345494143834403,0.0122656904574068,-0.0020902067692325));
#13645=CARTESIAN_POINT('',(0.0361312685402554,0.012608638106336,-0.0021021827650285));
#13646=CARTESIAN_POINT('',(0.037757986364305,0.0129613122456209,-0.00211449841735217));
#13647=CARTESIAN_POINT('',(0.0391951730083615,0.013204434249408,-0.00212298842480479));
#13648=CARTESIAN_POINT('',(0.0406682304988526,0.0134536243530474,-0.0021316903349736));
#13649=CARTESIAN_POINT('',(0.0420066392586668,0.0135961730950134,-0.00213666824673314));
#13650=CARTESIAN_POINT('',(0.0433681185868937,0.0137411789940172,-0.00214173196430719));
#13651=CARTESIAN_POINT('',(0.0446534106782886,0.0137817428861418,-0.00214314848663377));
#13652=CARTESIAN_POINT('',(0.0459456240131162,0.0138225252131061,-0.00214457263687303));
#13653=CARTESIAN_POINT('',(0.0472226093620154,0.0137590993853623,-0.00214235775816256));
#13654=CARTESIAN_POINT('',(0.048488720954647,0.0136962136397677,-0.00214016173953633));
#13655=CARTESIAN_POINT('',(0.0495234078105077,0.0135625598578779,-0.00213549444662726));
#13656=CARTESIAN_POINT('',(0.0505302715714029,0.0134325000733845,-0.00213095265887282));
#13657=CARTESIAN_POINT('',(0.050720171665259,0.0124947729070818,-0.00209820650465222));
#13658=CARTESIAN_POINT('',(0.0508679780066322,0.011764904802001,-0.00207271894879531));
#13659=CARTESIAN_POINT('',(0.0511165410316865,0.0100799598196305,-0.00201387937345967));
#13660=CARTESIAN_POINT('',(0.0513347133596792,0.00860102557644205,-0.00196223385165983));
#13661=CARTESIAN_POINT('',(0.0514932711455111,0.00706056858551385,-0.00190843990816768));
#13662=CARTESIAN_POINT('',(0.0516311401453395,0.00572111203657384,-0.00186166505477793));
#13663=CARTESIAN_POINT('',(0.0517534110494082,0.00339823608543194,-0.00178054843913018));
#13664=CARTESIAN_POINT('',(0.051865488068646,0.00126902133359702,-0.00170619462158292));
#13665=CARTESIAN_POINT('',(0.0518711711095092,0.00020146920527856,-0.0016689148797895));
#13666=CARTESIAN_POINT('',(0.0518758618848432,-0.000679687082677245,-0.00163814422417158));
#13667=CARTESIAN_POINT('',(0.0534272070208263,-0.000679687082677245,-0.00163814422417158));
#13668=CARTESIAN_POINT('',(0.0549785521568093,-0.000679687082677245,-0.00163814422417158));
#13669=CARTESIAN_POINT('',(0.0549257168762182,0.000279992447361506,-0.00167165697182601));
#13670=CARTESIAN_POINT('',(0.0548626397577094,0.00142570074623798,-0.00171166598723586));
#13671=CARTESIAN_POINT('',(0.0546096108857287,0.00352919134488129,-0.00178512149755914));
#13672=CARTESIAN_POINT('',(0.0543335172836193,0.00582442465891596,-0.00186527281104833));
#13673=CARTESIAN_POINT('',(0.05411273771427,0.0071375407436861,-0.0019111278351605));
#13674=CARTESIAN_POINT('',(0.0538587133188147,0.00864838488827544,-0.00196388767527166));
#13675=CARTESIAN_POINT('',(0.0535573744035521,0.0101048341416846,-0.00201474800392638));
#13676=CARTESIAN_POINT('',(0.0532142600956964,0.0117631947190927,-0.00207265923138426));
#13677=CARTESIAN_POINT('',(0.052822071438461,0.0133162955778229,-0.00212689470846941));
#13678=CARTESIAN_POINT('',(0.0523780414400802,0.0150746926121701,-0.00218829928598081));
#13679=CARTESIAN_POINT('',(0.0518848274070527,0.0166782039565668,-0.0022442951360159));
#13680=CARTESIAN_POINT('',(0.0513279427626592,0.0184887178207489,-0.00230751967332862));
#13681=CARTESIAN_POINT('',(0.0507531663382173,0.0200785149894417,-0.00236303661379517));
#13682=CARTESIAN_POINT('',(0.0501032880459382,0.0218760394269892,-0.00242580755033455));
#13683=CARTESIAN_POINT('',(0.0494951816513533,0.0233893098658471,-0.00247865211850858));
#13684=CARTESIAN_POINT('',(0.048803018027456,0.0251117563985984,-0.00253880127684065));
#13685=CARTESIAN_POINT('',(0.0475715029425598,0.0278395036233443,-0.00263405630890776));
#13686=CARTESIAN_POINT('',(0.0462448013538159,0.0307780844179655,-0.0027366738114696));
#13687=CARTESIAN_POINT('',(0.045272099190605,0.0326773927561608,-0.00280299912014147));
#13688=CARTESIAN_POINT('',(0.0441916344487095,0.034787119423812,-0.00287667239879312));
#13689=CARTESIAN_POINT('',(0.0437473958498137,0.0355135272744041,-0.00290203911990063));
#13690=CARTESIAN_POINT('',(0.0431818590191073,0.0364382789610997,-0.00293433216038883));
#13691=CARTESIAN_POINT('',(0.0431675681607618,0.0364488630442407,-0.00293470176471649));
#13692=CARTESIAN_POINT('',(0.0430218442316,0.0365567889745525,-0.00293847062125109));
#13693=CARTESIAN_POINT('',(0.0428104972435137,0.0365926545316673,-0.00293972307410379));
#13694=CARTESIAN_POINT('',(0.042553763317488,0.0366362222464028,-0.00294124449222735));
#13695=CARTESIAN_POINT('',(0.0423893246395641,0.0365544576374078,-0.00293838920916405));
#13696=CARTESIAN_POINT('',(0.0423345446355564,0.0365272191211112,-0.00293743801921516));
#13697=CARTESIAN_POINT('',(0.0422585341604187,0.0362974524808954,-0.00292941439133529));
#13698=CARTESIAN_POINT('',(0.0422643559546277,0.0363150507670923,-0.00293002893703103));
#13699=CARTESIAN_POINT('',(0.0423409055483686,0.0360231048703941,-0.00291983396166836));
#13700=CARTESIAN_POINT('',(0.,0.,0.005));
#13701=CARTESIAN_POINT('',(0.,-0.00484,0.005));
#13702=CARTESIAN_POINT('',(-0.01757,-0.00484,0.005));
#13703=CARTESIAN_POINT('',(-0.01057,-0.00484,0.005));
#13704=CARTESIAN_POINT('',(-0.01057,0.,0.005));
#13705=CARTESIAN_POINT('',(-0.01057,-0.01184,0.005));
#13706=CARTESIAN_POINT('',(0.,-0.01184,0.005));
#13707=CARTESIAN_POINT('',(-0.01757,-0.01184,0.005));
#13708=CARTESIAN_POINT('',(-0.01757,0.,0.005));
#13709=CARTESIAN_POINT('',(0.04332,0.,0.005));
#13710=CARTESIAN_POINT('',(0.04332,0.02759,0.005));
#13711=CARTESIAN_POINT('',(0.04332,-0.02759,0.005));
#13712=CARTESIAN_POINT('',(0.,0.02759,0.005));
#13713=CARTESIAN_POINT('',(-0.04332,0.02759,0.005));
#13714=CARTESIAN_POINT('',(-0.04332,0.,0.005));
#13715=CARTESIAN_POINT('',(-0.04332,-0.02759,0.005));
#13716=CARTESIAN_POINT('',(0.,-0.02759,0.005));
#13717=CARTESIAN_POINT('',(0.037045,0.02004,0.005));
#13718=CARTESIAN_POINT('',(0.039995,0.02004,0.005));
#13719=CARTESIAN_POINT('',(0.03336,-0.00834,0.005));
#13720=CARTESIAN_POINT('',(0.03531,-0.00834,0.005));
#13721=CARTESIAN_POINT('',(-0.01599,0.00413,0.005));
#13722=CARTESIAN_POINT('',(-0.01304,0.00413,0.005));
#13723=CARTESIAN_POINT('',(0.04332,0.,0.008));
#13724=CARTESIAN_POINT('',(0.04332,0.02759,0.008));
#13725=CARTESIAN_POINT('',(0.04332,0.02759,0.008));
#13726=CARTESIAN_POINT('',(0.04332,-0.02759,0.008));
#13727=CARTESIAN_POINT('',(0.04332,-0.02759,0.008));
#13728=CARTESIAN_POINT('',(0.04332,0.,0.008));
#13729=CARTESIAN_POINT('',(0.,0.02759,0.008));
#13730=CARTESIAN_POINT('',(0.,0.02759,0.008));
#13731=CARTESIAN_POINT('',(-0.04332,0.02759,0.008));
#13732=CARTESIAN_POINT('',(-0.04332,0.02759,0.008));
#13733=CARTESIAN_POINT('',(-0.04332,0.,0.008));
#13734=CARTESIAN_POINT('',(-0.04332,0.,0.008));
#13735=CARTESIAN_POINT('',(-0.04332,-0.02759,0.008));
#13736=CARTESIAN_POINT('',(-0.04332,-0.02759,0.008));
#13737=CARTESIAN_POINT('',(0.,-0.02759,0.008));
#13738=CARTESIAN_POINT('',(0.,-0.02759,0.008));
#13739=CARTESIAN_POINT('',(0.,0.04759,0.008));
#13740=CARTESIAN_POINT('',(0.,0.04759,0.008));
#13741=CARTESIAN_POINT('',(-0.05632,0.04759,0.008));
#13742=CARTESIAN_POINT('',(0.05632,0.04759,0.008));
#13743=CARTESIAN_POINT('',(0.05632,0.04759,0.008));
#13744=CARTESIAN_POINT('',(-0.05632,0.04759,0.008));
#13745=CARTESIAN_POINT('',(-0.06332,0.,0.008));
#13746=CARTESIAN_POINT('',(-0.06332,0.007,0.008));
#13747=CARTESIAN_POINT('',(-0.06332,0.007,0.003));
#13748=CARTESIAN_POINT('',(-0.06332,-0.018795,0.003));
#13749=CARTESIAN_POINT('',(-0.06332,-0.03759,0.003));
#13750=CARTESIAN_POINT('',(-0.06332,-0.03759,0.003));
#13751=CARTESIAN_POINT('',(-0.06332,-0.04059,0.008));
#13752=CARTESIAN_POINT('',(-0.06332,-0.04059,0.008));
#13753=CARTESIAN_POINT('',(-0.06332,0.,0.008));
#13754=CARTESIAN_POINT('',(-0.06332,0.04059,0.008));
#13755=CARTESIAN_POINT('',(-0.06332,0.04059,-0.00332375884022455));
#13756=CARTESIAN_POINT('',(0.,-0.04759,0.008));
#13757=CARTESIAN_POINT('',(-0.02666,-0.04759,0.003));
#13758=CARTESIAN_POINT('',(-0.05332,-0.04759,0.003));
#13759=CARTESIAN_POINT('',(0.007,-0.04759,0.003));
#13760=CARTESIAN_POINT('',(0.007,-0.04759,0.));
#13761=CARTESIAN_POINT('',(0.05632,-0.04759,0.008));
#13762=CARTESIAN_POINT('',(0.05632,-0.04759,0.008));
#13763=CARTESIAN_POINT('',(0.,-0.04759,0.008));
#13764=CARTESIAN_POINT('',(-0.05632,-0.04759,0.008));
#13765=CARTESIAN_POINT('',(-0.05632,-0.04759,0.008));
#13766=CARTESIAN_POINT('',(-0.05332,-0.04759,0.003));
#13767=CARTESIAN_POINT('',(0.06332,0.,0.008));
#13768=CARTESIAN_POINT('',(0.06332,0.,0.008));
#13769=CARTESIAN_POINT('',(0.06332,0.04059,0.008));
#13770=CARTESIAN_POINT('',(0.06332,-0.04059,0.008));
#13771=CARTESIAN_POINT('',(0.06332,-0.04059,0.));
#13772=CARTESIAN_POINT('',(0.06332,0.04059,0.008));
#13773=CARTESIAN_POINT('',(0.,0.,0.008));
#13774=CARTESIAN_POINT('',(0.05332,0.03759,0.008));
#13775=CARTESIAN_POINT('',(0.05502,0.03759,0.008));
#13776=CARTESIAN_POINT('',(0.05332,-0.03759,0.008));
#13777=CARTESIAN_POINT('',(0.05502,-0.03759,0.008));
#13778=CARTESIAN_POINT('',(-0.05332,-0.03759,0.008));
#13779=CARTESIAN_POINT('',(-0.05162,-0.03759,0.008));
#13780=CARTESIAN_POINT('',(-0.05332,0.03759,0.008));
#13781=CARTESIAN_POINT('',(-0.05162,0.03759,0.008));
#13782=CARTESIAN_POINT('',(0.05632,-0.04059,0.008));
#13783=CARTESIAN_POINT('',(0.05632,0.04059,0.008));
#13784=CARTESIAN_POINT('',(-0.05632,0.04059,0.008));
#13785=CARTESIAN_POINT('',(-0.05632,-0.04059,0.008));
#13786=CARTESIAN_POINT('',(0.037045,0.02004,0.0076));
#13787=CARTESIAN_POINT('',(0.037045,0.02004,0.0147));
#13788=CARTESIAN_POINT('',(0.039995,0.02004,0.0147));
#13789=CARTESIAN_POINT('',(0.03336,-0.00834,0.0076));
#13790=CARTESIAN_POINT('',(0.03336,-0.00834,0.0076));
#13791=CARTESIAN_POINT('',(0.03531,-0.00834,0.0076));
#13792=CARTESIAN_POINT('',(0.,0.,0.0076));
#13793=CARTESIAN_POINT('',(-0.01599,0.00413,0.0076));
#13794=CARTESIAN_POINT('',(-0.01599,0.00413,0.0076));
#13795=CARTESIAN_POINT('',(-0.01304,0.00413,0.0076));
#13796=CARTESIAN_POINT('',(0.,0.,0.0076));
#13797=CARTESIAN_POINT('',(0.,0.,0.0147));
#13798=CARTESIAN_POINT('',(0.024213411780388,0.0223535721547665,0.001));
#13799=CARTESIAN_POINT('',(0.024213411780388,0.0223535721547665,-2.9652877233289E-18));
#13800=CARTESIAN_POINT('',(0.0267585452896086,0.0176610622586953,-3.27697668387586E-18));
#13801=CARTESIAN_POINT('',(0.0216682782711674,0.0270460820508379,-2.65359876278194E-18));
#13802=CARTESIAN_POINT('',(0.0216682782711674,0.0270460820508379,0.001));
#13803=CARTESIAN_POINT('',(0.0216682782711674,0.0270460820508379,0.001));
#13804=CARTESIAN_POINT('',(0.024213411780388,0.0223535721547665,0.001));
#13805=CARTESIAN_POINT('',(0.0267585452896086,0.0176610622586953,0.001));
#13806=CARTESIAN_POINT('',(0.0267585452896086,0.0176610622586953,0.001));
#13807=CARTESIAN_POINT('',(0.0213172239250937,0.0275933196756626,0.001));
#13808=CARTESIAN_POINT('',(0.0213172239250937,0.0275933196756626,-2.61060700465734E-18));
#13809=CARTESIAN_POINT('',(0.02096616957902,0.0281405573004875,-2.56761524653275E-18));
#13810=CARTESIAN_POINT('',(0.02096616957902,0.0281405573004875,0.001));
#13811=CARTESIAN_POINT('',(0.02096616957902,0.0281405573004875,0.001));
#13812=CARTESIAN_POINT('',(0.0213172239250937,0.0275933196756626,0.001));
#13813=CARTESIAN_POINT('',(0.0206086976674072,0.0284574507989913,0.001));
#13814=CARTESIAN_POINT('',(0.0206086976674072,0.0284574507989913,-2.52383756329856E-18));
#13815=CARTESIAN_POINT('',(0.0202512257557943,0.028774344297495,-2.48005988006438E-18));
#13816=CARTESIAN_POINT('',(0.0202512257557943,0.028774344297495,0.001));
#13817=CARTESIAN_POINT('',(0.0202512257557943,0.028774344297495,0.001));
#13818=CARTESIAN_POINT('',(0.0206086976674072,0.0284574507989913,0.001));
#13819=CARTESIAN_POINT('',(0.01990623515134,0.0289135052658099,0.001));
#13820=CARTESIAN_POINT('',(0.01990623515134,0.0289135052658099,-2.43781071611631E-18));
#13821=CARTESIAN_POINT('',(0.0195612445468859,0.0290526662341249,-2.39556155216823E-18));
#13822=CARTESIAN_POINT('',(0.0195612445468859,0.0290526662341249,0.001));
#13823=CARTESIAN_POINT('',(0.0195612445468859,0.0290526662341249,0.001));
#13824=CARTESIAN_POINT('',(0.01990623515134,0.0289135052658099,0.001));
#13825=CARTESIAN_POINT('',(0.0192476353109464,0.0290667042872862,0.001));
#13826=CARTESIAN_POINT('',(0.0192476353109464,0.0290667042872862,-2.3571554974706E-18));
#13827=CARTESIAN_POINT('',(0.0189340260750069,0.0290807423404474,-2.31874944277297E-18));
#13828=CARTESIAN_POINT('',(0.0189340260750069,0.0290807423404474,0.001));
#13829=CARTESIAN_POINT('',(0.0189340260750069,0.0290807423404474,0.001));
#13830=CARTESIAN_POINT('',(0.0192476353109464,0.0290667042872862,0.001));
#13831=CARTESIAN_POINT('',(0.0187986870389752,0.0290142900084127,0.001));
#13832=CARTESIAN_POINT('',(0.0187986870389752,0.0290142900084127,-2.30217519104538E-18));
#13833=CARTESIAN_POINT('',(0.0186633480029434,0.0289478376763779,-2.28560093931778E-18));
#13834=CARTESIAN_POINT('',(0.0186633480029434,0.0289478376763779,0.001));
#13835=CARTESIAN_POINT('',(0.0186633480029434,0.0289478376763779,0.001));
#13836=CARTESIAN_POINT('',(0.0187986870389752,0.0290142900084127,0.001));
#13837=CARTESIAN_POINT('',(0.0185160578013033,0.028790596424635,0.001));
#13838=CARTESIAN_POINT('',(0.0185160578013033,0.028790596424635,-2.26756309191935E-18));
#13839=CARTESIAN_POINT('',(0.0183687675996633,0.0286333551728921,-2.24952524452093E-18));
#13840=CARTESIAN_POINT('',(0.0183687675996633,0.0286333551728921,0.001));
#13841=CARTESIAN_POINT('',(0.0183687675996633,0.0286333551728921,0.001));
#13842=CARTESIAN_POINT('',(0.0185160578013033,0.028790596424635,0.001));
#13843=CARTESIAN_POINT('',(0.0180811059794569,0.028174282306723,0.001));
#13844=CARTESIAN_POINT('',(0.0180811059794569,0.028174282306723,-2.2142968562786E-18));
#13845=CARTESIAN_POINT('',(0.0177934443592506,0.0277152094405539,-2.17906846803627E-18));
#13846=CARTESIAN_POINT('',(0.0177934443592506,0.0277152094405539,0.001));
#13847=CARTESIAN_POINT('',(0.0177934443592506,0.0277152094405539,0.001));
#13848=CARTESIAN_POINT('',(0.0180811059794569,0.028174282306723,0.001));
#13849=CARTESIAN_POINT('',(0.0176492581403501,0.0268317289430755,0.001));
#13850=CARTESIAN_POINT('',(0.0176492581403501,0.0268317289430755,-2.16141074889051E-18));
#13851=CARTESIAN_POINT('',(0.0175050719214497,0.025948248445597,-2.14375302974476E-18));
#13852=CARTESIAN_POINT('',(0.0175050719214497,0.025948248445597,0.001));
#13853=CARTESIAN_POINT('',(0.0175050719214497,0.025948248445597,0.001));
#13854=CARTESIAN_POINT('',(0.0176492581403501,0.0268317289430755,0.001));
#13855=CARTESIAN_POINT('',(0.0174818201824795,0.0249595871513296,0.001));
#13856=CARTESIAN_POINT('',(0.0174818201824795,0.0249595871513296,-2.14090551297431E-18));
#13857=CARTESIAN_POINT('',(0.0174585684435093,0.0239709258570621,-2.13805799620386E-18));
#13858=CARTESIAN_POINT('',(0.0174585684435093,0.0239709258570621,0.001));
#13859=CARTESIAN_POINT('',(0.0174585684435093,0.0239709258570621,0.001));
#13860=CARTESIAN_POINT('',(0.0174818201824795,0.0249595871513296,0.001));
#13861=CARTESIAN_POINT('',(0.0175276908980463,0.022941700809803,0.001));
#13862=CARTESIAN_POINT('',(0.0175276908980463,0.022941700809803,-2.14652305547365E-18));
#13863=CARTESIAN_POINT('',(0.0175968133525832,0.021912475762544,-2.15498811474344E-18));
#13864=CARTESIAN_POINT('',(0.0175968133525832,0.021912475762544,0.001));
#13865=CARTESIAN_POINT('',(0.0175968133525832,0.021912475762544,0.001));
#13866=CARTESIAN_POINT('',(0.0175276908980463,0.022941700809803,0.001));
#13867=CARTESIAN_POINT('',(0.0177297497142043,0.0209073055909687,0.001));
#13868=CARTESIAN_POINT('',(0.0177297497142043,0.0209073055909687,-2.1712681237184E-18));
#13869=CARTESIAN_POINT('',(0.0178626860758254,0.0199021354193934,-2.18754813269335E-18));
#13870=CARTESIAN_POINT('',(0.0178626860758254,0.0199021354193934,0.001));
#13871=CARTESIAN_POINT('',(0.0178626860758254,0.0199021354193934,0.001));
#13872=CARTESIAN_POINT('',(0.0177297497142043,0.0209073055909687,0.001));
#13873=CARTESIAN_POINT('',(0.0182057585821888,0.0182224302558003,0.001));
#13874=CARTESIAN_POINT('',(0.0182057585821888,0.0182224302558003,-2.22956239737271E-18));
#13875=CARTESIAN_POINT('',(0.0185488310885524,0.0165427250922072,-2.27157666205205E-18));
#13876=CARTESIAN_POINT('',(0.0185488310885524,0.0165427250922072,0.001));
#13877=CARTESIAN_POINT('',(0.0185488310885524,0.0165427250922072,0.001));
#13878=CARTESIAN_POINT('',(0.0182057585821888,0.0182224302558003,0.001));
#13879=CARTESIAN_POINT('',(0.0188044334088594,0.015734652277527,0.001));
#13880=CARTESIAN_POINT('',(0.0188044334088594,0.015734652277527,-2.30287891839391E-18));
#13881=CARTESIAN_POINT('',(0.0190600357291664,0.0149265794628468,-2.33418117473577E-18));
#13882=CARTESIAN_POINT('',(0.0190600357291664,0.0149265794628468,0.001));
#13883=CARTESIAN_POINT('',(0.0190600357291664,0.0149265794628468,0.001));
#13884=CARTESIAN_POINT('',(0.0188044334088594,0.015734652277527,0.001));
#13885=CARTESIAN_POINT('',(0.0193118002684144,0.0146047581837287,0.001));
#13886=CARTESIAN_POINT('',(0.0193118002684144,0.0146047581837287,-2.36501343844866E-18));
#13887=CARTESIAN_POINT('',(0.0195635648076623,0.0142829369046105,-2.39584570216155E-18));
#13888=CARTESIAN_POINT('',(0.0195635648076623,0.0142829369046105,0.001));
#13889=CARTESIAN_POINT('',(0.0195635648076623,0.0142829369046105,0.001));
#13890=CARTESIAN_POINT('',(0.0193118002684144,0.0146047581837287,0.001));
#13891=CARTESIAN_POINT('',(0.0198362168447512,0.0140697712663747,0.001));
#13892=CARTESIAN_POINT('',(0.0198362168447512,0.0140697712663747,-2.42923594661174E-18));
#13893=CARTESIAN_POINT('',(0.02010886888184,0.0138566056281389,-2.46262619106192E-18));
#13894=CARTESIAN_POINT('',(0.02010886888184,0.0138566056281389,0.001));
#13895=CARTESIAN_POINT('',(0.02010886888184,0.0138566056281389,0.001));
#13896=CARTESIAN_POINT('',(0.0198362168447512,0.0140697712663747,0.001));
#13897=CARTESIAN_POINT('',(0.0203792260161937,0.0137485831458496,0.001));
#13898=CARTESIAN_POINT('',(0.0203792260161937,0.0137485831458496,-2.4957353909832E-18));
#13899=CARTESIAN_POINT('',(0.0206495831505473,0.0136405606635604,-2.52884459090448E-18));
#13900=CARTESIAN_POINT('',(0.0206495831505473,0.0136405606635604,0.001));
#13901=CARTESIAN_POINT('',(0.0206495831505473,0.0136405606635604,0.001));
#13902=CARTESIAN_POINT('',(0.0203792260161937,0.0137485831458496,0.001));
#13903=CARTESIAN_POINT('',(0.020894463377809,0.0136341696447206,0.001));
#13904=CARTESIAN_POINT('',(0.020894463377809,0.0136341696447206,-2.55883376955353E-18));
#13905=CARTESIAN_POINT('',(0.0211393436050706,0.0136277786258809,-2.58882294820257E-18));
#13906=CARTESIAN_POINT('',(0.0211393436050706,0.0136277786258809,0.001));
#13907=CARTESIAN_POINT('',(0.0211393436050706,0.0136277786258809,0.001));
#13908=CARTESIAN_POINT('',(0.020894463377809,0.0136341696447206,0.001));
#13909=CARTESIAN_POINT('',(0.021335565317103,0.0137195057931162,0.001));
#13910=CARTESIAN_POINT('',(0.021335565317103,0.0137195057931162,-2.61285317735895E-18));
#13911=CARTESIAN_POINT('',(0.0215317870291354,0.0138112329603515,-2.63688340651531E-18));
#13912=CARTESIAN_POINT('',(0.0215317870291354,0.0138112329603515,0.001));
#13913=CARTESIAN_POINT('',(0.0215317870291354,0.0138112329603515,0.001));
#13914=CARTESIAN_POINT('',(0.021335565317103,0.0137195057931162,0.001));
#13915=CARTESIAN_POINT('',(0.021656167429143,0.0139975666211648,0.001));
#13916=CARTESIAN_POINT('',(0.021656167429143,0.0139975666211648,-2.65211561238991E-18));
#13917=CARTESIAN_POINT('',(0.0217805478291507,0.0141839002819782,-2.66734781826452E-18));
#13918=CARTESIAN_POINT('',(0.0217805478291507,0.0141839002819782,0.001));
#13919=CARTESIAN_POINT('',(0.0217805478291507,0.0141839002819782,0.001));
#13920=CARTESIAN_POINT('',(0.021656167429143,0.0139975666211648,0.001));
#13921=CARTESIAN_POINT('',(0.0218099057052157,0.0144613283476531,0.001));
#13922=CARTESIAN_POINT('',(0.0218099057052157,0.0144613283476531,-2.67094312115979E-18));
#13923=CARTESIAN_POINT('',(0.0218392635812806,0.0147387564133281,-2.67453842405506E-18));
#13924=CARTESIAN_POINT('',(0.0218392635812806,0.0147387564133281,0.001));
#13925=CARTESIAN_POINT('',(0.0218392635812806,0.0147387564133281,0.001));
#13926=CARTESIAN_POINT('',(0.0218099057052157,0.0144613283476531,0.001));
#13927=CARTESIAN_POINT('',(0.0217504165328269,0.0151037660027095,0.001));
#13928=CARTESIAN_POINT('',(0.0217504165328269,0.0151037660027095,-2.6636577987048E-18));
#13929=CARTESIAN_POINT('',(0.0216615694843731,0.015468775592091,-2.65277717335455E-18));
#13930=CARTESIAN_POINT('',(0.0216615694843731,0.015468775592091,0.001));
#13931=CARTESIAN_POINT('',(0.0216615694843731,0.015468775592091,0.001));
#13932=CARTESIAN_POINT('',(0.0217504165328269,0.0151037660027095,0.001));
#13933=CARTESIAN_POINT('',(0.0212599543737551,0.0167294018790166,0.001));
#13934=CARTESIAN_POINT('',(0.0212599543737551,0.0167294018790166,-2.6035935073838E-18));
#13935=CARTESIAN_POINT('',(0.0208583392631373,0.0179900281659422,-2.55440984141306E-18));
#13936=CARTESIAN_POINT('',(0.0208583392631373,0.0179900281659422,0.001));
#13937=CARTESIAN_POINT('',(0.0208583392631373,0.0179900281659422,0.001));
#13938=CARTESIAN_POINT('',(0.0212599543737551,0.0167294018790166,0.001));
#13939=CARTESIAN_POINT('',(0.0222731642330724,0.0181480111403923,0.001));
#13940=CARTESIAN_POINT('',(0.0222731642330724,0.0181480111403923,-2.72767592849154E-18));
#13941=CARTESIAN_POINT('',(0.0236879892030075,0.0183059941148425,-2.90094201557002E-18));
#13942=CARTESIAN_POINT('',(0.0236879892030075,0.0183059941148425,0.001));
#13943=CARTESIAN_POINT('',(0.0236879892030075,0.0183059941148425,0.001));
#13944=CARTESIAN_POINT('',(0.0222731642330724,0.0181480111403923,0.001));
#13945=CARTESIAN_POINT('',(0.0240967802430864,0.017633777006285,0.001));
#13946=CARTESIAN_POINT('',(0.0240967802430864,0.017633777006285,-2.95100447944529E-18));
#13947=CARTESIAN_POINT('',(0.0245055712831653,0.0169615598977274,-3.00106694332057E-18));
#13948=CARTESIAN_POINT('',(0.0245055712831653,0.0169615598977274,0.001));
#13949=CARTESIAN_POINT('',(0.0245055712831653,0.0169615598977274,0.001));
#13950=CARTESIAN_POINT('',(0.0240967802430864,0.017633777006285,0.001));
#13951=CARTESIAN_POINT('',(0.0248866963039954,0.0165410288769777,0.001));
#13952=CARTESIAN_POINT('',(0.0248866963039954,0.0165410288769777,-3.04774129700402E-18));
#13953=CARTESIAN_POINT('',(0.0252678213248256,0.016120497856228,-3.09441565068748E-18));
#13954=CARTESIAN_POINT('',(0.0252678213248256,0.016120497856228,0.001));
#13955=CARTESIAN_POINT('',(0.0252678213248256,0.016120497856228,0.001));
#13956=CARTESIAN_POINT('',(0.0248866963039954,0.0165410288769777,0.001));
#13957=CARTESIAN_POINT('',(0.0256041303661181,0.0159160823271091,0.001));
#13958=CARTESIAN_POINT('',(0.0256041303661181,0.0159160823271091,-3.13560162978181E-18));
#13959=CARTESIAN_POINT('',(0.0259404394074107,0.0157116667979902,-3.17678760887614E-18));
#13960=CARTESIAN_POINT('',(0.0259404394074107,0.0157116667979902,0.001));
#13961=CARTESIAN_POINT('',(0.0259404394074107,0.0157116667979902,0.001));
#13962=CARTESIAN_POINT('',(0.0256041303661181,0.0159160823271091,0.001));
#13963=CARTESIAN_POINT('',(0.0262147821126576,0.0156877969567639,0.001));
#13964=CARTESIAN_POINT('',(0.0262147821126576,0.0156877969567639,-3.21038490046114E-18));
#13965=CARTESIAN_POINT('',(0.0264891248179045,0.0156639271155377,-3.24398219204614E-18));
#13966=CARTESIAN_POINT('',(0.0264891248179045,0.0156639271155377,0.001));
#13967=CARTESIAN_POINT('',(0.0264891248179045,0.0156639271155377,0.001));
#13968=CARTESIAN_POINT('',(0.0262147821126576,0.0156877969567639,0.001));
#13969=CARTESIAN_POINT('',(0.0266843516230363,0.0157850319698077,0.001));
#13970=CARTESIAN_POINT('',(0.0266843516230363,0.0157850319698077,-3.26789058024738E-18));
#13971=CARTESIAN_POINT('',(0.0268795784281681,0.0159061368240777,-3.29179896844863E-18));
#13972=CARTESIAN_POINT('',(0.0268795784281681,0.0159061368240777,0.001));
#13973=CARTESIAN_POINT('',(0.0268795784281681,0.0159061368240777,0.001));
#13974=CARTESIAN_POINT('',(0.0266843516230363,0.0157850319698077,0.001));
#13975=CARTESIAN_POINT('',(0.0269785389766767,0.0161366469663253,0.001));
#13976=CARTESIAN_POINT('',(0.0269785389766767,0.0161366469663253,-3.30391814034591E-18));
#13977=CARTESIAN_POINT('',(0.0270774995251852,0.0163671571085728,-3.3160373122432E-18));
#13978=CARTESIAN_POINT('',(0.0270774995251852,0.0163671571085728,0.001));
#13979=CARTESIAN_POINT('',(0.0270774995251852,0.0163671571085728,0.001));
#13980=CARTESIAN_POINT('',(0.0269785389766767,0.0161366469663253,0.001));
#13981=CARTESIAN_POINT('',(0.0270630442530011,0.0166715011501819,0.001));
#13982=CARTESIAN_POINT('',(0.0270630442530011,0.0166715011501819,-3.3142670519621E-18));
#13983=CARTESIAN_POINT('',(0.0270485889808171,0.0169758451917911,0.));
#13984=CARTESIAN_POINT('',(0.0270485889808171,0.0169758451917911,0.001));
#13985=CARTESIAN_POINT('',(0.0270485889808171,0.0169758451917911,0.001));
#13986=CARTESIAN_POINT('',(0.0270630442530011,0.0166715011501819,0.001));
#13987=CARTESIAN_POINT('',(0.0072217803655977,0.0229159588319359,0.001));
#13988=CARTESIAN_POINT('',(0.0072217803655977,0.0229159588319359,-8.84413020887442E-19));
#13989=CARTESIAN_POINT('',(0.00726360647358133,0.022694111234319,-8.89535241813737E-19));
#13990=CARTESIAN_POINT('',(0.00717995425761406,0.0231378064295527,-8.79290799961147E-19));
#13991=CARTESIAN_POINT('',(0.00726360647358133,0.022694111234319,0.001));
#13992=CARTESIAN_POINT('',(0.00726360647358133,0.022694111234319,0.001));
#13993=CARTESIAN_POINT('',(0.0072217803655977,0.0229159588319359,0.001));
#13994=CARTESIAN_POINT('',(0.00717995425761406,0.0231378064295527,0.001));
#13995=CARTESIAN_POINT('',(0.00717995425761406,0.0231378064295527,0.001));
#13996=CARTESIAN_POINT('',(0.00739036260508078,0.0224884488027644,0.001));
#13997=CARTESIAN_POINT('',(0.00739036260508078,0.0224884488027644,-9.05058390885047E-19));
#13998=CARTESIAN_POINT('',(0.00751711873658023,0.0222827863712098,-9.20581539956358E-19));
#13999=CARTESIAN_POINT('',(0.00751711873658023,0.0222827863712098,0.001));
#14000=CARTESIAN_POINT('',(0.00751711873658023,0.0222827863712098,0.001));
#14001=CARTESIAN_POINT('',(0.00739036260508078,0.0224884488027644,0.001));
#14002=CARTESIAN_POINT('',(0.00774113365428716,0.0221632010183192,0.001));
#14003=CARTESIAN_POINT('',(0.00774113365428716,0.0221632010183192,-9.48015455149462E-19));
#14004=CARTESIAN_POINT('',(0.00796514857199408,0.0220436156654286,-9.75449370342566E-19));
#14005=CARTESIAN_POINT('',(0.00796514857199408,0.0220436156654286,0.001));
#14006=CARTESIAN_POINT('',(0.00796514857199408,0.0220436156654286,0.001));
#14007=CARTESIAN_POINT('',(0.00774113365428716,0.0221632010183192,0.001));
#14008=CARTESIAN_POINT('',(0.00827470725705951,0.0221108366630894,0.001));
#14009=CARTESIAN_POINT('',(0.00827470725705951,0.0221108366630894,-1.01335937562393E-18));
#14010=CARTESIAN_POINT('',(0.00858426594212495,0.0221780576607503,-1.05126938090529E-18));
#14011=CARTESIAN_POINT('',(0.00858426594212495,0.0221780576607503,0.001));
#14012=CARTESIAN_POINT('',(0.00858426594212495,0.0221780576607503,0.001));
#14013=CARTESIAN_POINT('',(0.00827470725705951,0.0221108366630894,0.001));
#14014=CARTESIAN_POINT('',(0.00896765297948054,0.0225328138846305,0.001));
#14015=CARTESIAN_POINT('',(0.00896765297948054,0.0225328138846305,-1.09822075171851E-18));
#14016=CARTESIAN_POINT('',(0.00935104001683614,0.0228875701085108,-1.14517212253172E-18));
#14017=CARTESIAN_POINT('',(0.00935104001683614,0.0228875701085108,0.001));
#14018=CARTESIAN_POINT('',(0.00935104001683614,0.0228875701085108,0.001));
#14019=CARTESIAN_POINT('',(0.00896765297948054,0.0225328138846305,0.001));
#14020=CARTESIAN_POINT('',(0.00968185943841242,0.0229573063068905,0.001));
#14021=CARTESIAN_POINT('',(0.00968185943841242,0.0229573063068905,-1.18568581710464E-18));
#14022=CARTESIAN_POINT('',(0.0100126788599887,0.0230270425052701,-1.22619951167755E-18));
#14023=CARTESIAN_POINT('',(0.0100126788599887,0.0230270425052701,0.001));
#14024=CARTESIAN_POINT('',(0.0100126788599887,0.0230270425052701,0.001));
#14025=CARTESIAN_POINT('',(0.00968185943841242,0.0229573063068905,0.001));
#14026=CARTESIAN_POINT('',(0.010311495641039,0.0229143941615454,0.001));
#14027=CARTESIAN_POINT('',(0.010311495641039,0.0229143941615454,-1.26279401312203E-18));
#14028=CARTESIAN_POINT('',(0.0106103124220894,0.0228017458178207,-1.29938851456652E-18));
#14029=CARTESIAN_POINT('',(0.0106103124220894,0.0228017458178207,0.001));
#14030=CARTESIAN_POINT('',(0.0106103124220894,0.0228017458178207,0.001));
#14031=CARTESIAN_POINT('',(0.010311495641039,0.0229143941615454,0.001));
#14032=CARTESIAN_POINT('',(0.0108774581982473,0.0225453605679894,0.001));
#14033=CARTESIAN_POINT('',(0.0108774581982473,0.0225453605679894,-1.33210443653427E-18));
#14034=CARTESIAN_POINT('',(0.0111446039744053,0.0222889753181581,-1.36482035850203E-18));
#14035=CARTESIAN_POINT('',(0.0111446039744053,0.0222889753181581,0.001));
#14036=CARTESIAN_POINT('',(0.0111446039744053,0.0222889753181581,0.001));
#14037=CARTESIAN_POINT('',(0.0108774581982473,0.0225453605679894,0.001));
#14038=CARTESIAN_POINT('',(0.0113804103813044,0.0219275031755343,0.001));
#14039=CARTESIAN_POINT('',(0.0113804103813044,0.0219275031755343,-1.39369831464477E-18));
#14040=CARTESIAN_POINT('',(0.0116162167882035,0.0215660310329105,-1.42257627078751E-18));
#14041=CARTESIAN_POINT('',(0.0116162167882035,0.0215660310329105,0.001));
#14042=CARTESIAN_POINT('',(0.0116162167882035,0.0215660310329105,0.001));
#14043=CARTESIAN_POINT('',(0.0113804103813044,0.0219275031755343,0.001));
#14044=CARTESIAN_POINT('',(0.011995138829198,0.0206824181981542,0.001));
#14045=CARTESIAN_POINT('',(0.011995138829198,0.0206824181981542,-1.46898083725054E-18));
#14046=CARTESIAN_POINT('',(0.0123740608701925,0.0197988053633979,-1.51538540371357E-18));
#14047=CARTESIAN_POINT('',(0.0123740608701925,0.0197988053633979,0.001));
#14048=CARTESIAN_POINT('',(0.0123740608701925,0.0197988053633979,0.001));
#14049=CARTESIAN_POINT('',(0.011995138829198,0.0206824181981542,0.001));
#14050=CARTESIAN_POINT('',(0.0126316058541926,0.018958626891149,0.001));
#14051=CARTESIAN_POINT('',(0.0126316058541926,0.018958626891149,-1.5469255677428E-18));
#14052=CARTESIAN_POINT('',(0.0128891508381928,0.0181184484189002,-1.57846573177202E-18));
#14053=CARTESIAN_POINT('',(0.0128891508381928,0.0181184484189002,0.001));
#14054=CARTESIAN_POINT('',(0.0128891508381928,0.0181184484189002,0.001));
#14055=CARTESIAN_POINT('',(0.0126316058541926,0.018958626891149,0.001));
#14056=CARTESIAN_POINT('',(0.0129601735609477,0.0176192844894777,0.001));
#14057=CARTESIAN_POINT('',(0.0129601735609477,0.0176192844894777,-1.58716350678088E-18));
#14058=CARTESIAN_POINT('',(0.0130311962837026,0.0171201205600554,-1.59586128178973E-18));
#14059=CARTESIAN_POINT('',(0.0130311962837026,0.0171201205600554,0.001));
#14060=CARTESIAN_POINT('',(0.0130311962837026,0.0171201205600554,0.001));
#14061=CARTESIAN_POINT('',(0.0129601735609477,0.0176192844894777,0.001));
#14062=CARTESIAN_POINT('',(0.0130396238702321,0.0165437996392063,0.001));
#14063=CARTESIAN_POINT('',(0.0130396238702321,0.0165437996392063,-1.59689336347651E-18));
#14064=CARTESIAN_POINT('',(0.0130480514567616,0.0159674787183571,-1.5979254451633E-18));
#14065=CARTESIAN_POINT('',(0.0130480514567616,0.0159674787183571,0.001));
#14066=CARTESIAN_POINT('',(0.0130480514567616,0.0159674787183571,0.001));
#14067=CARTESIAN_POINT('',(0.0130396238702321,0.0165437996392063,0.001));
#14068=CARTESIAN_POINT('',(0.012938836750313,0.0154196059538422,0.001));
#14069=CARTESIAN_POINT('',(0.012938836750313,0.0154196059538422,-1.5845505010961E-18));
#14070=CARTESIAN_POINT('',(0.0128296220438645,0.0148717331893274,-1.5711755570289E-18));
#14071=CARTESIAN_POINT('',(0.0128296220438645,0.0148717331893274,0.001));
#14072=CARTESIAN_POINT('',(0.0128296220438645,0.0148717331893274,0.001));
#14073=CARTESIAN_POINT('',(0.012938836750313,0.0154196059538422,0.001));
#14074=CARTESIAN_POINT('',(0.0127136965695246,0.0146414667220078,0.001));
#14075=CARTESIAN_POINT('',(0.0127136965695246,0.0146414667220078,-1.5569787809199E-18));
#14076=CARTESIAN_POINT('',(0.0125977710951847,0.0144112002546882,-1.5427820048109E-18));
#14077=CARTESIAN_POINT('',(0.0125977710951847,0.0144112002546882,0.001));
#14078=CARTESIAN_POINT('',(0.0125977710951847,0.0144112002546882,0.001));
#14079=CARTESIAN_POINT('',(0.0127136965695246,0.0146414667220078,0.001));
#14080=CARTESIAN_POINT('',(0.0124317928095649,0.014227648054027,0.001));
#14081=CARTESIAN_POINT('',(0.0124317928095649,0.014227648054027,-1.52245552718967E-18));
#14082=CARTESIAN_POINT('',(0.0122658145239451,0.0140440958533659,-1.50212904956844E-18));
#14083=CARTESIAN_POINT('',(0.0122658145239451,0.0140440958533659,0.001));
#14084=CARTESIAN_POINT('',(0.0122658145239451,0.0140440958533659,0.001));
#14085=CARTESIAN_POINT('',(0.0124317928095649,0.014227648054027,0.001));
#14086=CARTESIAN_POINT('',(0.0120268985872348,0.0139076493841254,0.001));
#14087=CARTESIAN_POINT('',(0.0120268985872348,0.0139076493841254,-1.47287028585269E-18));
#14088=CARTESIAN_POINT('',(0.0117879826505246,0.013771202914885,-1.44361152213694E-18));
#14089=CARTESIAN_POINT('',(0.0117879826505246,0.013771202914885,0.001));
#14090=CARTESIAN_POINT('',(0.0117879826505246,0.013771202914885,0.001));
#14091=CARTESIAN_POINT('',(0.0120268985872348,0.0139076493841254,0.001));
#14092=CARTESIAN_POINT('',(0.0115379709858796,0.0137116903655519,0.001));
#14093=CARTESIAN_POINT('',(0.0115379709858796,0.0137116903655519,-1.41299392365125E-18));
#14094=CARTESIAN_POINT('',(0.0112879593212346,0.0136521778162188,-1.38237632516555E-18));
#14095=CARTESIAN_POINT('',(0.0112879593212346,0.0136521778162188,0.001));
#14096=CARTESIAN_POINT('',(0.0112879593212346,0.0136521778162188,0.001));
#14097=CARTESIAN_POINT('',(0.0115379709858796,0.0137116903655519,0.001));
#14098=CARTESIAN_POINT('',(0.0108189235183809,0.0136315522193979,0.001));
#14099=CARTESIAN_POINT('',(0.0108189235183809,0.0136315522193979,-1.32493600570051E-18));
#14100=CARTESIAN_POINT('',(0.0103498877155271,0.0136109266225771,-1.26749568623548E-18));
#14101=CARTESIAN_POINT('',(0.0103498877155271,0.0136109266225771,0.001));
#14102=CARTESIAN_POINT('',(0.0103498877155271,0.0136109266225771,0.001));
#14103=CARTESIAN_POINT('',(0.0108189235183809,0.0136315522193979,0.001));
#14104=CARTESIAN_POINT('',(0.0101755963507829,0.0134564240392917,0.001));
#14105=CARTESIAN_POINT('',(0.0101755963507829,0.0134564240392917,-1.24615115004018E-18));
#14106=CARTESIAN_POINT('',(0.0100013049860387,0.0133019214560064,-1.22480661384488E-18));
#14107=CARTESIAN_POINT('',(0.0100013049860387,0.0133019214560064,0.001));
#14108=CARTESIAN_POINT('',(0.0100013049860387,0.0133019214560064,0.001));
#14109=CARTESIAN_POINT('',(0.0101755963507829,0.0134564240392917,0.001));
#14110=CARTESIAN_POINT('',(0.00992596307566007,0.0129599484584637,0.001));
#14111=CARTESIAN_POINT('',(0.00992596307566007,0.0129599484584637,-1.21557989090619E-18));
#14112=CARTESIAN_POINT('',(0.00985062116528139,0.0126179754609211,-1.2063531679675E-18));
#14113=CARTESIAN_POINT('',(0.00985062116528139,0.0126179754609211,0.001));
#14114=CARTESIAN_POINT('',(0.00985062116528139,0.0126179754609211,0.001));
#14115=CARTESIAN_POINT('',(0.00992596307566007,0.0129599484584637,0.001));
#14116=CARTESIAN_POINT('',(0.0099065919094435,0.0124144177467921,0.001));
#14117=CARTESIAN_POINT('',(0.0099065919094435,0.0124144177467921,-1.2132076072359E-18));
#14118=CARTESIAN_POINT('',(0.0099625626536056,0.0122108600326632,-1.22006204650431E-18));
#14119=CARTESIAN_POINT('',(0.0099625626536056,0.0122108600326632,0.001));
#14120=CARTESIAN_POINT('',(0.0099625626536056,0.0122108600326632,0.001));
#14121=CARTESIAN_POINT('',(0.0099065919094435,0.0124144177467921,0.001));
#14122=CARTESIAN_POINT('',(0.010111114417799,0.0120057118938831,0.001));
#14123=CARTESIAN_POINT('',(0.010111114417799,0.0120057118938831,-1.23825439075702E-18));
#14124=CARTESIAN_POINT('',(0.0102596661819924,0.0118005637551031,-1.25644673500973E-18));
#14125=CARTESIAN_POINT('',(0.0102596661819924,0.0118005637551031,0.001));
#14126=CARTESIAN_POINT('',(0.0102596661819924,0.0118005637551031,0.001));
#14127=CARTESIAN_POINT('',(0.010111114417799,0.0120057118938831,0.001));
#14128=CARTESIAN_POINT('',(0.0105234127919615,0.0116089163959848,0.001));
#14129=CARTESIAN_POINT('',(0.0105234127919615,0.0116089163959848,-1.2887463791782E-18));
#14130=CARTESIAN_POINT('',(0.0107871594019307,0.0114172690368665,-1.32104602334667E-18));
#14131=CARTESIAN_POINT('',(0.0107871594019307,0.0114172690368665,0.001));
#14132=CARTESIAN_POINT('',(0.0107871594019307,0.0114172690368665,0.001));
#14133=CARTESIAN_POINT('',(0.0105234127919615,0.0116089163959848,0.001));
#14134=CARTESIAN_POINT('',(0.0111887150796393,0.0112542156428198,0.001));
#14135=CARTESIAN_POINT('',(0.0111887150796393,0.0112542156428198,-1.3702224108852E-18));
#14136=CARTESIAN_POINT('',(0.011590270757348,0.0110911622487731,-1.41939879842374E-18));
#14137=CARTESIAN_POINT('',(0.011590270757348,0.0110911622487731,0.001));
#14138=CARTESIAN_POINT('',(0.011590270757348,0.0110911622487731,0.001));
#14139=CARTESIAN_POINT('',(0.0111887150796393,0.0112542156428198,0.001));
#14140=CARTESIAN_POINT('',(0.0118990298716745,0.0111245025259762,0.001));
#14141=CARTESIAN_POINT('',(0.0118990298716745,0.0111245025259762,-1.45721088453049E-18));
#14142=CARTESIAN_POINT('',(0.012207788986001,0.0111578428031793,-1.49502297063725E-18));
#14143=CARTESIAN_POINT('',(0.012207788986001,0.0111578428031793,0.001));
#14144=CARTESIAN_POINT('',(0.012207788986001,0.0111578428031793,0.001));
#14145=CARTESIAN_POINT('',(0.0118990298716745,0.0111245025259762,0.001));
#14146=CARTESIAN_POINT('',(0.012709178875984,0.0112856306899831,0.001));
#14147=CARTESIAN_POINT('',(0.012709178875984,0.0112856306899831,-1.55642552302649E-18));
#14148=CARTESIAN_POINT('',(0.0132105687659669,0.0114134185767869,-1.61782807541574E-18));
#14149=CARTESIAN_POINT('',(0.0132105687659669,0.0114134185767869,0.001));
#14150=CARTESIAN_POINT('',(0.0132105687659669,0.0114134185767869,0.001));
#14151=CARTESIAN_POINT('',(0.012709178875984,0.0112856306899831,0.001));
#14152=CARTESIAN_POINT('',(0.0134876517245489,0.0115450589047672,0.001));
#14153=CARTESIAN_POINT('',(0.0134876517245489,0.0115450589047672,-1.65176095124831E-18));
#14154=CARTESIAN_POINT('',(0.0137647346831309,0.0116766992327476,-1.68569382708089E-18));
#14155=CARTESIAN_POINT('',(0.0137647346831309,0.0116766992327476,0.001));
#14156=CARTESIAN_POINT('',(0.0137647346831309,0.0116766992327476,0.001));
#14157=CARTESIAN_POINT('',(0.0134876517245489,0.0115450589047672,0.001));
#14158=CARTESIAN_POINT('',(0.0140349578953291,0.0118707453040826,0.001));
#14159=CARTESIAN_POINT('',(0.0140349578953291,0.0118707453040826,-1.71878662626827E-18));
#14160=CARTESIAN_POINT('',(0.0143051811075272,0.0120647913754176,-1.75187942545564E-18));
#14161=CARTESIAN_POINT('',(0.0143051811075272,0.0120647913754176,0.001));
#14162=CARTESIAN_POINT('',(0.0143051811075272,0.0120647913754176,0.001));
#14163=CARTESIAN_POINT('',(0.0140349578953291,0.0118707453040826,0.001));
#14164=CARTESIAN_POINT('',(0.0145502051624292,0.0123341749987179,0.001));
#14165=CARTESIAN_POINT('',(0.0145502051624292,0.0123341749987179,-1.78188621791063E-18));
#14166=CARTESIAN_POINT('',(0.0147952292173312,0.0126035586220183,-1.8118930103656E-18));
#14167=CARTESIAN_POINT('',(0.0147952292173312,0.0126035586220183,0.001));
#14168=CARTESIAN_POINT('',(0.0147952292173312,0.0126035586220183,0.001));
#14169=CARTESIAN_POINT('',(0.0145502051624292,0.0123341749987179,0.001));
#14170=CARTESIAN_POINT('',(0.0149967147040248,0.0129612104172365,0.001));
#14171=CARTESIAN_POINT('',(0.0149967147040248,0.0129612104172365,-1.836567866001E-18));
#14172=CARTESIAN_POINT('',(0.0151982001907184,0.0133188622124546,-1.8612427216364E-18));
#14173=CARTESIAN_POINT('',(0.0151982001907184,0.0133188622124546,0.001));
#14174=CARTESIAN_POINT('',(0.0151982001907184,0.0133188622124546,0.001));
#14175=CARTESIAN_POINT('',(0.0149967147040248,0.0129612104172365,0.001));
#14176=CARTESIAN_POINT('',(0.0153524670234639,0.0137604106910067,0.001));
#14177=CARTESIAN_POINT('',(0.0153524670234639,0.0137604106910067,-1.88013495993003E-18));
#14178=CARTESIAN_POINT('',(0.0155067338562092,0.0142019591695588,-1.89902719822366E-18));
#14179=CARTESIAN_POINT('',(0.0155067338562092,0.0142019591695588,0.001));
#14180=CARTESIAN_POINT('',(0.0155067338562092,0.0142019591695588,0.001));
#14181=CARTESIAN_POINT('',(0.0153524670234639,0.0137604106910067,0.001));
#14182=CARTESIAN_POINT('',(0.0155965199446289,0.0146672447558399,0.001));
#14183=CARTESIAN_POINT('',(0.0155965199446289,0.0146672447558399,-1.91002282280277E-18));
#14184=CARTESIAN_POINT('',(0.0156863060330487,0.0151325303421209,-1.92101844738189E-18));
#14185=CARTESIAN_POINT('',(0.0156863060330487,0.0151325303421209,0.001));
#14186=CARTESIAN_POINT('',(0.0156863060330487,0.0151325303421209,0.001));
#14187=CARTESIAN_POINT('',(0.0155965199446289,0.0146672447558399,0.001));
#14188=CARTESIAN_POINT('',(0.0157265734139327,0.0160324650386307,0.001));
#14189=CARTESIAN_POINT('',(0.0157265734139327,0.0160324650386307,-1.92594977929286E-18));
#14190=CARTESIAN_POINT('',(0.0157668407948168,0.0169323997351405,-1.93088111120384E-18));
#14191=CARTESIAN_POINT('',(0.0157668407948168,0.0169323997351405,0.001));
#14192=CARTESIAN_POINT('',(0.0157668407948168,0.0169323997351405,0.001));
#14193=CARTESIAN_POINT('',(0.0157265734139327,0.0160324650386307,0.001));
#14194=CARTESIAN_POINT('',(0.0156691231865501,0.0178967842708632,0.001));
#14195=CARTESIAN_POINT('',(0.0156691231865501,0.0178967842708632,-1.91891415558542E-18));
#14196=CARTESIAN_POINT('',(0.0155714055782833,0.0188611688065859,-1.906947199967E-18));
#14197=CARTESIAN_POINT('',(0.0155714055782833,0.0188611688065859,0.001));
#14198=CARTESIAN_POINT('',(0.0155714055782833,0.0188611688065859,0.001));
#14199=CARTESIAN_POINT('',(0.0156691231865501,0.0178967842708632,0.001));
#14200=CARTESIAN_POINT('',(0.0154360812023692,0.0193930572882718,0.001));
#14201=CARTESIAN_POINT('',(0.0154360812023692,0.0193930572882718,-1.89037474358601E-18));
#14202=CARTESIAN_POINT('',(0.0153007568264551,0.0199249457699576,-1.87380228720502E-18));
#14203=CARTESIAN_POINT('',(0.0153007568264551,0.0199249457699576,0.001));
#14204=CARTESIAN_POINT('',(0.0153007568264551,0.0199249457699576,0.001));
#14205=CARTESIAN_POINT('',(0.0154360812023692,0.0193930572882718,0.001));
#14206=CARTESIAN_POINT('',(0.0151210844061088,0.0204704269542048,0.001));
#14207=CARTESIAN_POINT('',(0.0151210844061088,0.0204704269542048,-1.85179876175781E-18));
#14208=CARTESIAN_POINT('',(0.0149414119857625,0.0210159081384521,-1.8297952363106E-18));
#14209=CARTESIAN_POINT('',(0.0149414119857625,0.0210159081384521,0.001));
#14210=CARTESIAN_POINT('',(0.0149414119857625,0.0210159081384521,0.001));
#14211=CARTESIAN_POINT('',(0.0151210844061088,0.0204704269542048,0.001));
#14212=CARTESIAN_POINT('',(0.0146777180729729,0.0216416316745541,0.001));
#14213=CARTESIAN_POINT('',(0.0146777180729729,0.0216416316745541,-1.79750204568535E-18));
#14214=CARTESIAN_POINT('',(0.0144140241601833,0.0222673552106561,-1.76520885506011E-18));
#14215=CARTESIAN_POINT('',(0.0144140241601833,0.0222673552106561,0.001));
#14216=CARTESIAN_POINT('',(0.0144140241601833,0.0222673552106561,0.001));
#14217=CARTESIAN_POINT('',(0.0146777180729729,0.0216416316745541,0.001));
#14218=CARTESIAN_POINT('',(0.0140592976527577,0.022893734886076,0.001));
#14219=CARTESIAN_POINT('',(0.0140592976527577,0.022893734886076,-1.72176738687096E-18));
#14220=CARTESIAN_POINT('',(0.013704571145332,0.023520114561496,-1.67832591868181E-18));
#14221=CARTESIAN_POINT('',(0.013704571145332,0.023520114561496,0.001));
#14222=CARTESIAN_POINT('',(0.013704571145332,0.023520114561496,0.001));
#14223=CARTESIAN_POINT('',(0.0140592976527577,0.022893734886076,0.001));
#14224=CARTESIAN_POINT('',(0.0132518009410776,0.0240675633712583,0.001));
#14225=CARTESIAN_POINT('',(0.0132518009410776,0.0240675633712583,-1.62287756054286E-18));
#14226=CARTESIAN_POINT('',(0.0127990307368232,0.0246150121810206,-1.56742920240392E-18));
#14227=CARTESIAN_POINT('',(0.0127990307368232,0.0246150121810206,0.001));
#14228=CARTESIAN_POINT('',(0.0127990307368232,0.0246150121810206,0.001));
#14229=CARTESIAN_POINT('',(0.0132518009410776,0.0240675633712583,0.001));
#14230=CARTESIAN_POINT('',(0.0122412053373279,0.0250039447050272,0.001));
#14231=CARTESIAN_POINT('',(0.0122412053373279,0.0250039447050272,-1.49911529340642E-18));
#14232=CARTESIAN_POINT('',(0.0116833799378327,0.0253928772290338,-1.43080138440892E-18));
#14233=CARTESIAN_POINT('',(0.0116833799378327,0.0253928772290338,0.001));
#14234=CARTESIAN_POINT('',(0.0116833799378327,0.0253928772290338,0.001));
#14235=CARTESIAN_POINT('',(0.0122412053373279,0.0250039447050272,0.001));
#14236=CARTESIAN_POINT('',(0.0113628808428353,0.0255030285981319,0.001));
#14237=CARTESIAN_POINT('',(0.0113628808428353,0.0255030285981319,-1.3915515653271E-18));
#14238=CARTESIAN_POINT('',(0.0110423817478379,0.0256131799672299,-1.35230174624529E-18));
#14239=CARTESIAN_POINT('',(0.0110423817478379,0.0256131799672299,0.001));
#14240=CARTESIAN_POINT('',(0.0110423817478379,0.0256131799672299,0.001));
#14241=CARTESIAN_POINT('',(0.0113628808428353,0.0255030285981319,0.001));
#14242=CARTESIAN_POINT('',(0.0106929899383452,0.0256538570389683,0.001));
#14243=CARTESIAN_POINT('',(0.0106929899383452,0.0256538570389683,-1.30951359013093E-18));
#14244=CARTESIAN_POINT('',(0.0103435981288525,0.0256945341107068,-1.26672543401657E-18));
#14245=CARTESIAN_POINT('',(0.0103435981288525,0.0256945341107068,0.001));
#14246=CARTESIAN_POINT('',(0.0103435981288525,0.0256945341107068,0.001));
#14247=CARTESIAN_POINT('',(0.0106929899383452,0.0256538570389683,0.001));
#14248=CARTESIAN_POINT('',(0.00988489453915948,0.0257077234619242,0.001));
#14249=CARTESIAN_POINT('',(0.00988489453915948,0.0257077234619242,-1.21055044572908E-18));
#14250=CARTESIAN_POINT('',(0.00942619094946648,0.0257209128131415,-1.15437545744159E-18));
#14251=CARTESIAN_POINT('',(0.00942619094946648,0.0257209128131415,0.001));
#14252=CARTESIAN_POINT('',(0.00942619094946648,0.0257209128131415,0.001));
#14253=CARTESIAN_POINT('',(0.00988489453915948,0.0257077234619242,0.001));
#14254=CARTESIAN_POINT('',(0.00905265353004866,0.0256292133812638,0.001));
#14255=CARTESIAN_POINT('',(0.00905265353004866,0.0256292133812638,-1.10863031693641E-18));
#14256=CARTESIAN_POINT('',(0.00867911611063083,0.0255375139493862,-1.06288517643123E-18));
#14257=CARTESIAN_POINT('',(0.00867911611063083,0.0255375139493862,0.001));
#14258=CARTESIAN_POINT('',(0.00867911611063083,0.0255375139493862,0.001));
#14259=CARTESIAN_POINT('',(0.00905265353004866,0.0256292133812638,0.001));
#14260=CARTESIAN_POINT('',(0.00838619150820201,0.025364696520791,0.001));
#14261=CARTESIAN_POINT('',(0.00838619150820201,0.025364696520791,-1.02701225875563E-18));
#14262=CARTESIAN_POINT('',(0.00809326690577319,0.0251918790921959,-9.91139341080034E-19));
#14263=CARTESIAN_POINT('',(0.00809326690577319,0.0251918790921959,0.001));
#14264=CARTESIAN_POINT('',(0.00809326690577319,0.0251918790921959,0.001));
#14265=CARTESIAN_POINT('',(0.00838619150820201,0.025364696520791,0.001));
#14266=CARTESIAN_POINT('',(0.00787640057838902,0.0249617144532608,0.001));
#14267=CARTESIAN_POINT('',(0.00787640057838902,0.0249617144532608,-9.64580875712647E-19));
#14268=CARTESIAN_POINT('',(0.00765953425100485,0.0247315498143256,-9.38022410345261E-19));
#14269=CARTESIAN_POINT('',(0.00765953425100485,0.0247315498143256,0.001));
#14270=CARTESIAN_POINT('',(0.00765953425100485,0.0247315498143256,0.001));
#14271=CARTESIAN_POINT('',(0.00787640057838902,0.0249617144532608,0.001));
#14272=CARTESIAN_POINT('',(0.00751417244915977,0.0244678083552087,0.001));
#14273=CARTESIAN_POINT('',(0.00751417244915977,0.0244678083552087,-9.20220723810474E-19));
#14274=CARTESIAN_POINT('',(0.00736881064731469,0.0242040668960916,-9.02419037275687E-19));
#14275=CARTESIAN_POINT('',(0.00736881064731469,0.0242040668960916,0.001));
#14276=CARTESIAN_POINT('',(0.00736881064731469,0.0242040668960916,0.001));
#14277=CARTESIAN_POINT('',(0.00751417244915977,0.0244678083552087,0.001));
#14278=CARTESIAN_POINT('',(0.00729039843284495,0.0239305194031703,0.001));
#14279=CARTESIAN_POINT('',(0.00729039843284495,0.0239305194031703,-8.92816310529245E-19));
#14280=CARTESIAN_POINT('',(0.00721198621837521,0.023656971910249,0.));
#14281=CARTESIAN_POINT('',(0.00721198621837521,0.023656971910249,0.001));
#14282=CARTESIAN_POINT('',(0.00721198621837521,0.023656971910249,0.001));
#14283=CARTESIAN_POINT('',(0.00729039843284495,0.0239305194031703,0.001));
#14284=CARTESIAN_POINT('',(0.00504451318759581,0.0203538076997044,0.001));
#14285=CARTESIAN_POINT('',(0.00504451318759581,0.0203538076997044,-6.17774692844582E-19));
#14286=CARTESIAN_POINT('',(0.00499692882314612,0.0212580433577459,-6.11947288883304E-19));
#14287=CARTESIAN_POINT('',(0.0050920975520455,0.0194495720416631,-6.2360209680586E-19));
#14288=CARTESIAN_POINT('',(0.00499692882314612,0.0212580433577459,0.001));
#14289=CARTESIAN_POINT('',(0.00499692882314612,0.0212580433577459,0.001));
#14290=CARTESIAN_POINT('',(0.00504451318759581,0.0203538076997044,0.001));
#14291=CARTESIAN_POINT('',(0.0050920975520455,0.0194495720416631,0.001));
#14292=CARTESIAN_POINT('',(0.0050920975520455,0.0194495720416631,0.001));
#14293=CARTESIAN_POINT('',(0.00485308850377745,0.0220635288597774,0.001));
#14294=CARTESIAN_POINT('',(0.00485308850377745,0.0220635288597774,-5.94331930212987E-19));
#14295=CARTESIAN_POINT('',(0.00470924818440878,0.022869014361809,-5.7671657154267E-19));
#14296=CARTESIAN_POINT('',(0.00470924818440878,0.022869014361809,0.001));
#14297=CARTESIAN_POINT('',(0.00470924818440878,0.022869014361809,0.001));
#14298=CARTESIAN_POINT('',(0.00485308850377745,0.0220635288597774,0.001));
#14299=CARTESIAN_POINT('',(0.00456527948995616,0.0231197693340387,0.001));
#14300=CARTESIAN_POINT('',(0.00456527948995616,0.0231197693340387,-5.59085491458787E-19));
#14301=CARTESIAN_POINT('',(0.00442131079550354,0.0233705243062686,-5.41454411374905E-19));
#14302=CARTESIAN_POINT('',(0.00442131079550354,0.0233705243062686,0.001));
#14303=CARTESIAN_POINT('',(0.00442131079550354,0.0233705243062686,0.001));
#14304=CARTESIAN_POINT('',(0.00456527948995616,0.0231197693340387,0.001));
#14305=CARTESIAN_POINT('',(0.00422639224906096,0.0234903862202968,0.001));
#14306=CARTESIAN_POINT('',(0.00422639224906096,0.0234903862202968,-5.17583773975369E-19));
#14307=CARTESIAN_POINT('',(0.00403147370261839,0.023610248134325,-4.93713136575834E-19));
#14308=CARTESIAN_POINT('',(0.00403147370261839,0.023610248134325,0.001));
#14309=CARTESIAN_POINT('',(0.00403147370261839,0.023610248134325,0.001));
#14310=CARTESIAN_POINT('',(0.00422639224906096,0.0234903862202968,0.001));
#14311=CARTESIAN_POINT('',(0.00380873896977639,0.0236144048719969,0.001));
#14312=CARTESIAN_POINT('',(0.00380873896977639,0.0236144048719969,-4.66435998812444E-19));
#14313=CARTESIAN_POINT('',(0.00358600423693439,0.0236185616096687,-4.39158861049055E-19));
#14314=CARTESIAN_POINT('',(0.00358600423693439,0.0236185616096687,0.001));
#14315=CARTESIAN_POINT('',(0.00358600423693439,0.0236185616096687,0.001));
#14316=CARTESIAN_POINT('',(0.00380873896977639,0.0236144048719969,0.001));
#14317=CARTESIAN_POINT('',(0.00335858817194167,0.0235222022414878,0.001));
#14318=CARTESIAN_POINT('',(0.00335858817194167,0.0235222022414878,-4.11308425442252E-19));
#14319=CARTESIAN_POINT('',(0.00313117210694894,0.0234258428733066,-3.83457989835449E-19));
#14320=CARTESIAN_POINT('',(0.00313117210694894,0.0234258428733066,0.001));
#14321=CARTESIAN_POINT('',(0.00313117210694894,0.0234258428733066,0.001));
#14322=CARTESIAN_POINT('',(0.00335858817194167,0.0235222022414878,0.001));
#14323=CARTESIAN_POINT('',(0.00292220797917662,0.023244155281118,0.001));
#14324=CARTESIAN_POINT('',(0.00292220797917662,0.023244155281118,-3.5786726481415E-19));
#14325=CARTESIAN_POINT('',(0.0027132438514043,0.0230624676889292,-3.32276539792851E-19));
#14326=CARTESIAN_POINT('',(0.0027132438514043,0.0230624676889292,0.001));
#14327=CARTESIAN_POINT('',(0.0027132438514043,0.0230624676889292,0.001));
#14328=CARTESIAN_POINT('',(0.00292220797917662,0.023244155281118,0.001));
#14329=CARTESIAN_POINT('',(0.00254586572266231,0.0228106409432362,0.001));
#14330=CARTESIAN_POINT('',(0.00254586572266231,0.0228106409432362,-3.11778630831736E-19));
#14331=CARTESIAN_POINT('',(0.00237848759392032,0.0225588141975432,-2.91280721870621E-19));
#14332=CARTESIAN_POINT('',(0.00237848759392032,0.0225588141975432,0.001));
#14333=CARTESIAN_POINT('',(0.00237848759392032,0.0225588141975432,0.001));
#14334=CARTESIAN_POINT('',(0.00254586572266231,0.0228106409432362,0.001));
#14335=CARTESIAN_POINT('',(0.00227583031845736,0.0222520361801911,0.001));
#14336=CARTESIAN_POINT('',(0.00227583031845736,0.0222520361801911,-2.78708831490131E-19));
#14337=CARTESIAN_POINT('',(0.0021731730429944,0.0219452581628391,-2.6613694110964E-19));
#14338=CARTESIAN_POINT('',(0.0021731730429944,0.0219452581628391,0.001));
#14339=CARTESIAN_POINT('',(0.0021731730429944,0.0219452581628391,0.001));
#14340=CARTESIAN_POINT('',(0.00227583031845736,0.0222520361801911,0.001));
#14341=CARTESIAN_POINT('',(0.00215837028640101,0.021598717548112,0.001));
#14342=CARTESIAN_POINT('',(0.00215837028640101,0.021598717548112,-2.64324126261575E-19));
#14343=CARTESIAN_POINT('',(0.00214356752980761,0.021252176933385,-2.62511311413509E-19));
#14344=CARTESIAN_POINT('',(0.00214356752980761,0.021252176933385,0.001));
#14345=CARTESIAN_POINT('',(0.00214356752980761,0.021252176933385,0.001));
#14346=CARTESIAN_POINT('',(0.00215837028640101,0.021598717548112,0.001));
#14347=CARTESIAN_POINT('',(0.0021700670791578,0.0205376685552742,0.001));
#14348=CARTESIAN_POINT('',(0.0021700670791578,0.0205376685552742,-2.65756570242565E-19));
#14349=CARTESIAN_POINT('',(0.00219656662850798,0.0198231601771634,-2.69001829071619E-19));
#14350=CARTESIAN_POINT('',(0.00219656662850798,0.0198231601771634,0.001));
#14351=CARTESIAN_POINT('',(0.00219656662850798,0.0198231601771634,0.001));
#14352=CARTESIAN_POINT('',(0.0021700670791578,0.0205376685552742,0.001));
#14353=CARTESIAN_POINT('',(0.00228103267911237,0.0191393623681318,0.001));
#14354=CARTESIAN_POINT('',(0.00228103267911237,0.0191393623681318,-2.79345936922548E-19));
#14355=CARTESIAN_POINT('',(0.00236549872971677,0.0184555645591002,-2.89690044773477E-19));
#14356=CARTESIAN_POINT('',(0.00236549872971677,0.0184555645591002,0.001));
#14357=CARTESIAN_POINT('',(0.00236549872971677,0.0184555645591002,0.001));
#14358=CARTESIAN_POINT('',(0.00228103267911237,0.0191393623681318,0.001));
#14359=CARTESIAN_POINT('',(0.00249659227493217,0.0177404285694679,0.001));
#14360=CARTESIAN_POINT('',(0.00249659227493217,0.0177404285694679,-3.05744373827169E-19));
#14361=CARTESIAN_POINT('',(0.00262768582014758,0.0170252925798356,-3.21798702880862E-19));
#14362=CARTESIAN_POINT('',(0.00262768582014758,0.0170252925798356,0.001));
#14363=CARTESIAN_POINT('',(0.00262768582014758,0.0170252925798356,0.001));
#14364=CARTESIAN_POINT('',(0.00249659227493217,0.0177404285694679,0.001));
#14365=CARTESIAN_POINT('',(0.00242067980862484,0.0172972171581154,0.001));
#14366=CARTESIAN_POINT('',(0.00242067980862484,0.0172972171581154,-2.96447777939304E-19));
#14367=CARTESIAN_POINT('',(0.00221367379710211,0.0175691417363953,-2.71096852997747E-19));
#14368=CARTESIAN_POINT('',(0.00221367379710211,0.0175691417363953,0.001));
#14369=CARTESIAN_POINT('',(0.00221367379710211,0.0175691417363953,0.001));
#14370=CARTESIAN_POINT('',(0.00242067980862484,0.0172972171581154,0.001));
#14371=CARTESIAN_POINT('',(0.00115870082868504,0.0185565121478741,0.001));
#14372=CARTESIAN_POINT('',(0.00115870082868504,0.0185565121478741,-1.41899926101852E-19));
#14373=CARTESIAN_POINT('',(0.000103727860267974,0.0195438825593531,-1.27029992059578E-20));
#14374=CARTESIAN_POINT('',(0.000103727860267974,0.0195438825593531,0.001));
#14375=CARTESIAN_POINT('',(0.000103727860267974,0.0195438825593531,0.001));
#14376=CARTESIAN_POINT('',(0.00115870082868504,0.0185565121478741,0.001));
#14377=CARTESIAN_POINT('',(5.18639301339851E-5,0.0195797362080346,0.001));
#14378=CARTESIAN_POINT('',(5.1863930133985E-5,0.0195797362080346,-6.35149960297867E-21));
#14379=CARTESIAN_POINT('',(-0.00128145831405118,0.0205014648005042,1.56933382254354E-19));
#14380=CARTESIAN_POINT('',(-0.00128145831405118,0.0205014648005042,0.001));
#14381=CARTESIAN_POINT('',(-0.00128145831405118,0.0205014648005042,0.001));
#14382=CARTESIAN_POINT('',(5.18639301339851E-5,0.0195797362080346,0.001));
#14383=CARTESIAN_POINT('',(-0.00151924621414415,0.0205842128438123,0.001));
#14384=CARTESIAN_POINT('',(-0.00151924621414415,0.0205842128438123,1.86054001326837E-19));
#14385=CARTESIAN_POINT('',(-0.00175703411423712,0.0206669608871205,2.1517462039932E-19));
#14386=CARTESIAN_POINT('',(-0.00175703411423712,0.0206669608871205,0.001));
#14387=CARTESIAN_POINT('',(-0.00175703411423712,0.0206669608871205,0.001));
#14388=CARTESIAN_POINT('',(-0.00151924621414415,0.0205842128438123,0.001));
#14389=CARTESIAN_POINT('',(-0.00192966571593607,0.0206637459629502,0.001));
#14390=CARTESIAN_POINT('',(-0.00192966571593607,0.0206637459629502,2.36315894244549E-19));
#14391=CARTESIAN_POINT('',(-0.00210229731763502,0.02066053103878,2.57457168089779E-19));
#14392=CARTESIAN_POINT('',(-0.00210229731763502,0.02066053103878,0.001));
#14393=CARTESIAN_POINT('',(-0.00210229731763502,0.02066053103878,0.001));
#14394=CARTESIAN_POINT('',(-0.00192966571593607,0.0206637459629502,0.001));
#14395=CARTESIAN_POINT('',(-0.00221515882739418,0.0205852057696159,0.001));
#14396=CARTESIAN_POINT('',(-0.00221515882739418,0.0205852057696159,2.71278716757129E-19));
#14397=CARTESIAN_POINT('',(-0.00232802033715335,0.0205098805004519,2.85100265424479E-19));
#14398=CARTESIAN_POINT('',(-0.00232802033715335,0.0205098805004519,0.001));
#14399=CARTESIAN_POINT('',(-0.00232802033715335,0.0205098805004519,0.001));
#14400=CARTESIAN_POINT('',(-0.00221515882739418,0.0205852057696159,0.001));
#14401=CARTESIAN_POINT('',(-0.00238649994252395,0.0203762963201201,0.001));
#14402=CARTESIAN_POINT('',(-0.00238649994252395,0.0203762963201201,2.92261951577729E-19));
#14403=CARTESIAN_POINT('',(-0.00244497954789454,0.0202427121397884,2.9942363773098E-19));
#14404=CARTESIAN_POINT('',(-0.00244497954789454,0.0202427121397884,0.001));
#14405=CARTESIAN_POINT('',(-0.00244497954789454,0.0202427121397884,0.001));
#14406=CARTESIAN_POINT('',(-0.00238649994252395,0.0203762963201201,0.001));
#14407=CARTESIAN_POINT('',(-0.00242033866372583,0.0198561759506821,0.001));
#14408=CARTESIAN_POINT('',(-0.00242033866372583,0.0198561759506821,2.96405999738442E-19));
#14409=CARTESIAN_POINT('',(-0.00239569777955711,0.0194696397615759,2.93388361745904E-19));
#14410=CARTESIAN_POINT('',(-0.00239569777955711,0.0194696397615759,0.001));
#14411=CARTESIAN_POINT('',(-0.00239569777955711,0.0194696397615759,0.001));
#14412=CARTESIAN_POINT('',(-0.00242033866372583,0.0198561759506821,0.001));
#14413=CARTESIAN_POINT('',(-0.00209005255345509,0.0189222662334986,0.001));
#14414=CARTESIAN_POINT('',(-0.00209005255345509,0.0189222662334986,2.55957616963852E-19));
#14415=CARTESIAN_POINT('',(-0.00178440732735306,0.0183748927054214,2.185268721818E-19));
#14416=CARTESIAN_POINT('',(-0.00178440732735306,0.0183748927054214,0.001));
#14417=CARTESIAN_POINT('',(-0.00178440732735306,0.0183748927054214,0.001));
#14418=CARTESIAN_POINT('',(-0.00209005255345509,0.0189222662334986,0.001));
#14419=CARTESIAN_POINT('',(-0.00124639685979664,0.0177148478528944,0.001));
#14420=CARTESIAN_POINT('',(-0.00124639685979664,0.0177148478528944,1.52639592481727E-19));
#14421=CARTESIAN_POINT('',(-0.00070838639224022,0.0170548030003676,8.67523127816527E-20));
#14422=CARTESIAN_POINT('',(-0.00070838639224022,0.0170548030003676,0.001));
#14423=CARTESIAN_POINT('',(-0.00070838639224022,0.0170548030003676,0.001));
#14424=CARTESIAN_POINT('',(-0.00124639685979664,0.0177148478528944,0.001));
#14425=CARTESIAN_POINT('',(3.18782276359258E-5,0.0162659824860855,0.001));
#14426=CARTESIAN_POINT('',(3.18782276359257E-5,0.0162659824860855,-3.90395694368271E-21));
#14427=CARTESIAN_POINT('',(0.000772142847512072,0.0154771619718033,-9.45602266690182E-20));
#14428=CARTESIAN_POINT('',(0.000772142847512072,0.0154771619718033,0.001));
#14429=CARTESIAN_POINT('',(0.000772142847512072,0.0154771619718033,0.001));
#14430=CARTESIAN_POINT('',(3.18782276359258E-5,0.0162659824860855,0.001));
#14431=CARTESIAN_POINT('',(0.000621322727282872,0.015333952037492,0.001));
#14432=CARTESIAN_POINT('',(0.000621322727282872,0.015333952037492,-7.60900889204473E-20));
#14433=CARTESIAN_POINT('',(0.000470502607053672,0.0151907421031806,-5.76199511718764E-20));
#14434=CARTESIAN_POINT('',(0.000470502607053672,0.0151907421031806,0.001));
#14435=CARTESIAN_POINT('',(0.000470502607053672,0.0151907421031806,0.001));
#14436=CARTESIAN_POINT('',(0.000621322727282872,0.015333952037492,0.001));
#14437=CARTESIAN_POINT('',(0.000337500869232444,0.0149540766926333,0.001));
#14438=CARTESIAN_POINT('',(0.000337500869232444,0.0149540766926333,-4.13319359214962E-20));
#14439=CARTESIAN_POINT('',(0.000204499131411217,0.0147174112820861,-2.5043920671116E-20));
#14440=CARTESIAN_POINT('',(0.000204499131411217,0.0147174112820861,0.001));
#14441=CARTESIAN_POINT('',(0.000204499131411217,0.0147174112820861,0.001));
#14442=CARTESIAN_POINT('',(0.000337500869232444,0.0149540766926333,0.001));
#14443=CARTESIAN_POINT('',(7.3602111015684E-5,0.0143978413215698,0.001));
#14444=CARTESIAN_POINT('',(7.36021110156839E-5,0.0143978413215698,-9.01365896658454E-21));
#14445=CARTESIAN_POINT('',(-5.72949093798492E-5,0.0140782713610535,7.016602737947E-21));
#14446=CARTESIAN_POINT('',(-5.72949093798491E-5,0.0140782713610535,0.001));
#14447=CARTESIAN_POINT('',(-5.72949093798491E-5,0.0140782713610535,0.001));
#14448=CARTESIAN_POINT('',(7.3602111015684E-5,0.0143978413215698,0.001));
#14449=CARTESIAN_POINT('',(-0.000431168322844554,0.0129444511292711,0.001));
#14450=CARTESIAN_POINT('',(-0.000431168322844554,0.0129444511292711,5.28028906465316E-20));
#14451=CARTESIAN_POINT('',(-0.000805041736309258,0.0118106308974887,9.8589178555116E-20));
#14452=CARTESIAN_POINT('',(-0.000805041736309258,0.0118106308974887,0.001));
#14453=CARTESIAN_POINT('',(-0.000805041736309258,0.0118106308974887,0.001));
#14454=CARTESIAN_POINT('',(-0.000431168322844554,0.0129444511292711,0.001));
#14455=CARTESIAN_POINT('',(-0.000971582257250432,0.0109416183512149,0.001));
#14456=CARTESIAN_POINT('',(-0.000971582257250432,0.0109416183512149,1.1898451014501E-19));
#14457=CARTESIAN_POINT('',(-0.00113812277819161,0.0100726058049412,1.39379841734904E-19));
#14458=CARTESIAN_POINT('',(-0.00113812277819161,0.0100726058049412,0.001));
#14459=CARTESIAN_POINT('',(-0.00113812277819161,0.0100726058049412,0.001));
#14460=CARTESIAN_POINT('',(-0.000971582257250432,0.0109416183512149,0.001));
#14461=CARTESIAN_POINT('',(-0.00107601578426071,0.00961795989807131,0.001));
#14462=CARTESIAN_POINT('',(-0.00107601578426071,0.00961795989807131,1.31773928602691E-19));
#14463=CARTESIAN_POINT('',(-0.00101390879032982,0.00916331399120146,1.24168015470478E-19));
#14464=CARTESIAN_POINT('',(-0.00101390879032982,0.00916331399120146,0.001));
#14465=CARTESIAN_POINT('',(-0.00101390879032982,0.00916331399120146,0.001));
#14466=CARTESIAN_POINT('',(-0.00107601578426071,0.00961795989807131,0.001));
#14467=CARTESIAN_POINT('',(-0.00086106874362543,0.00886429315716274,0.001));
#14468=CARTESIAN_POINT('',(-0.000861068743625431,0.00886429315716274,1.05450508072672E-19));
#14469=CARTESIAN_POINT('',(-0.000708228696921043,0.00856527232312401,8.67330006748657E-20));
#14470=CARTESIAN_POINT('',(-0.000708228696921043,0.00856527232312401,0.001));
#14471=CARTESIAN_POINT('',(-0.000708228696921043,0.00856527232312401,0.001));
#14472=CARTESIAN_POINT('',(-0.00086106874362543,0.00886429315716274,0.001));
#14473=CARTESIAN_POINT('',(-0.000493648951664833,0.00840386918285709,0.001));
#14474=CARTESIAN_POINT('',(-0.000493648951664833,0.00840386918285709,6.04545608558784E-20));
#14475=CARTESIAN_POINT('',(-0.000279069206408625,0.00824246604259016,3.41761210368915E-20));
#14476=CARTESIAN_POINT('',(-0.000279069206408625,0.00824246604259016,0.001));
#14477=CARTESIAN_POINT('',(-0.000279069206408625,0.00824246604259016,0.001));
#14478=CARTESIAN_POINT('',(-0.000493648951664833,0.00840386918285709,0.001));
#14479=CARTESIAN_POINT('',(-3.17419281640819E-5,0.00820067361325509,0.001));
#14480=CARTESIAN_POINT('',(-3.1741928164082E-5,0.00820067361325509,3.88726507249082E-21));
#14481=CARTESIAN_POINT('',(0.000215585350080461,0.00815888118392003,-2.64015908919099E-20));
#14482=CARTESIAN_POINT('',(0.000215585350080461,0.00815888118392003,0.001));
#14483=CARTESIAN_POINT('',(0.000215585350080461,0.00815888118392003,0.001));
#14484=CARTESIAN_POINT('',(-3.17419281640819E-5,0.00820067361325509,0.001));
#14485=CARTESIAN_POINT('',(0.000466666410872268,0.0082186908977993,0.001));
#14486=CARTESIAN_POINT('',(0.000466666410872268,0.0082186908977993,-5.71501526344307E-20));
#14487=CARTESIAN_POINT('',(0.000717747471664076,0.00827850061167857,-8.78987143769516E-20));
#14488=CARTESIAN_POINT('',(0.000717747471664076,0.00827850061167857,0.001));
#14489=CARTESIAN_POINT('',(0.000717747471664076,0.00827850061167857,0.001));
#14490=CARTESIAN_POINT('',(0.000466666410872268,0.0082186908977993,0.001));
#14491=CARTESIAN_POINT('',(0.000943590545659059,0.00842190627837104,0.001));
#14492=CARTESIAN_POINT('',(0.000943590545659058,0.00842190627837104,-1.15556514144707E-19));
#14493=CARTESIAN_POINT('',(0.00116943361965404,0.00856531194506351,-1.43214313912462E-19));
#14494=CARTESIAN_POINT('',(0.00116943361965404,0.00856531194506351,0.001));
#14495=CARTESIAN_POINT('',(0.00116943361965404,0.00856531194506351,0.001));
#14496=CARTESIAN_POINT('',(0.000943590545659059,0.00842190627837104,0.001));
#14497=CARTESIAN_POINT('',(0.00134104495641112,0.00877430460063226,0.001));
#14498=CARTESIAN_POINT('',(0.00134104495641112,0.00877430460063226,-1.64230641338158E-19));
#14499=CARTESIAN_POINT('',(0.00151265629316821,0.00898329725620101,-1.85246968763855E-19));
#14500=CARTESIAN_POINT('',(0.00151265629316821,0.00898329725620101,0.001));
#14501=CARTESIAN_POINT('',(0.00151265629316821,0.00898329725620101,0.001));
#14502=CARTESIAN_POINT('',(0.00134104495641112,0.00877430460063226,0.001));
#14503=CARTESIAN_POINT('',(0.00160104372712391,0.0092398707102449,0.001));
#14504=CARTESIAN_POINT('',(0.00160104372712391,0.0092398707102449,-1.96071307571724E-19));
#14505=CARTESIAN_POINT('',(0.0016894311610796,0.00949644416428878,-2.06895646379594E-19));
#14506=CARTESIAN_POINT('',(0.0016894311610796,0.00949644416428878,0.001));
#14507=CARTESIAN_POINT('',(0.0016894311610796,0.00949644416428878,0.001));
#14508=CARTESIAN_POINT('',(0.00160104372712391,0.0092398707102449,0.001));
#14509=CARTESIAN_POINT('',(0.00197149697477184,0.011044669072537,0.001));
#14510=CARTESIAN_POINT('',(0.00197149697477184,0.011044669072537,-2.41438745968303E-19));
#14511=CARTESIAN_POINT('',(0.00225356278846409,0.0125928939807852,-2.75981845557013E-19));
#14512=CARTESIAN_POINT('',(0.00225356278846409,0.0125928939807852,0.001));
#14513=CARTESIAN_POINT('',(0.00225356278846409,0.0125928939807852,0.001));
#14514=CARTESIAN_POINT('',(0.00197149697477184,0.011044669072537,0.001));
#14515=CARTESIAN_POINT('',(0.00246620343600167,0.0135725052278539,0.001));
#14516=CARTESIAN_POINT('',(0.00246620343600167,0.0135725052278539,-3.02022814394564E-19));
#14517=CARTESIAN_POINT('',(0.00267884408353924,0.0145521164749225,-3.28063783232115E-19));
#14518=CARTESIAN_POINT('',(0.00267884408353924,0.0145521164749225,0.001));
#14519=CARTESIAN_POINT('',(0.00267884408353924,0.0145521164749225,0.001));
#14520=CARTESIAN_POINT('',(0.00246620343600167,0.0135725052278539,0.001));
#14521=CARTESIAN_POINT('',(0.00313916543702161,0.014500433617052,0.001));
#14522=CARTESIAN_POINT('',(0.00313916543702161,0.014500433617052,-3.84436890444251E-19));
#14523=CARTESIAN_POINT('',(0.00359948679050398,0.0144487507591815,-4.40809997656388E-19));
#14524=CARTESIAN_POINT('',(0.00359948679050398,0.0144487507591815,0.001));
#14525=CARTESIAN_POINT('',(0.00359948679050398,0.0144487507591815,0.001));
#14526=CARTESIAN_POINT('',(0.00313916543702161,0.014500433617052,0.001));
#14527=CARTESIAN_POINT('',(0.00377268379727944,0.0139456840687193,0.001));
#14528=CARTESIAN_POINT('',(0.00377268379727944,0.0139456840687193,-4.62020513653336E-19));
#14529=CARTESIAN_POINT('',(0.00394588080405492,0.0134426173782571,-4.83231029650284E-19));
#14530=CARTESIAN_POINT('',(0.00394588080405492,0.0134426173782571,0.001));
#14531=CARTESIAN_POINT('',(0.00394588080405492,0.0134426173782571,0.001));
#14532=CARTESIAN_POINT('',(0.00377268379727944,0.0139456840687193,0.001));
#14533=CARTESIAN_POINT('',(0.00431131514062768,0.0126708113172307,0.001));
#14534=CARTESIAN_POINT('',(0.00431131514062768,0.0126708113172307,-5.27983828708521E-19));
#14535=CARTESIAN_POINT('',(0.00467674947720044,0.0118990052562043,-5.72736627766758E-19));
#14536=CARTESIAN_POINT('',(0.00467674947720044,0.0118990052562043,0.001));
#14537=CARTESIAN_POINT('',(0.00467674947720044,0.0118990052562043,0.001));
#14538=CARTESIAN_POINT('',(0.00431131514062768,0.0126708113172307,0.001));
#14539=CARTESIAN_POINT('',(0.00506631040516734,0.0114066527343996,0.001));
#14540=CARTESIAN_POINT('',(0.00506631040516734,0.0114066527343996,-6.20444082117511E-19));
#14541=CARTESIAN_POINT('',(0.00545587133313424,0.0109143002125949,-6.68151536468266E-19));
#14542=CARTESIAN_POINT('',(0.00545587133313424,0.0109143002125949,0.001));
#14543=CARTESIAN_POINT('',(0.00545587133313424,0.0109143002125949,0.001));
#14544=CARTESIAN_POINT('',(0.00506631040516734,0.0114066527343996,0.001));
#14545=CARTESIAN_POINT('',(0.00582063566271023,0.0105980188730562,0.001));
#14546=CARTESIAN_POINT('',(0.00582063566271023,0.0105980188730562,-7.12822283334102E-19));
#14547=CARTESIAN_POINT('',(0.00618539999228622,0.0102817375335175,-7.57493030199939E-19));
#14548=CARTESIAN_POINT('',(0.00618539999228622,0.0102817375335175,0.001));
#14549=CARTESIAN_POINT('',(0.00618539999228622,0.0102817375335175,0.001));
#14550=CARTESIAN_POINT('',(0.00582063566271023,0.0105980188730562,0.001));
#14551=CARTESIAN_POINT('',(0.00650971230274009,0.0101213027534517,0.001));
#14552=CARTESIAN_POINT('',(0.00650971230274009,0.0101213027534517,-7.97209833492079E-19));
#14553=CARTESIAN_POINT('',(0.00683402461319395,0.00996086797338593,-8.3692663678422E-19));
#14554=CARTESIAN_POINT('',(0.00683402461319395,0.00996086797338593,0.001));
#14555=CARTESIAN_POINT('',(0.00683402461319395,0.00996086797338593,0.001));
#14556=CARTESIAN_POINT('',(0.00650971230274009,0.0101213027534517,0.001));
#14557=CARTESIAN_POINT('',(0.00710222789891689,0.00993605473378043,0.001));
#14558=CARTESIAN_POINT('',(0.00710222789891689,0.00993605473378043,-8.6977206632236E-19));
#14559=CARTESIAN_POINT('',(0.00737043118463983,0.00991124149417493,-9.026174958605E-19));
#14560=CARTESIAN_POINT('',(0.00737043118463983,0.00991124149417493,0.001));
#14561=CARTESIAN_POINT('',(0.00737043118463983,0.00991124149417493,0.001));
#14562=CARTESIAN_POINT('',(0.00710222789891689,0.00993605473378043,0.001));
#14563=CARTESIAN_POINT('',(0.00756687002490063,0.0100018247760172,0.001));
#14564=CARTESIAN_POINT('',(0.00756687002490063,0.0100018247760172,-9.2667431555586E-19));
#14565=CARTESIAN_POINT('',(0.00776330886516142,0.0100924080578594,-9.50731135251221E-19));
#14566=CARTESIAN_POINT('',(0.00776330886516142,0.0100924080578594,0.001));
#14567=CARTESIAN_POINT('',(0.00776330886516142,0.0100924080578594,0.001));
#14568=CARTESIAN_POINT('',(0.00756687002490063,0.0100018247760172,0.001));
#14569=CARTESIAN_POINT('',(0.00787232704679008,0.0102781628421367,0.001));
#14570=CARTESIAN_POINT('',(0.00787232704679008,0.0102781628421367,-9.6408201196926E-19));
#14571=CARTESIAN_POINT('',(0.00798134522841873,0.0104639176264141,-9.77432888687299E-19));
#14572=CARTESIAN_POINT('',(0.00798134522841873,0.0104639176264141,0.001));
#14573=CARTESIAN_POINT('',(0.00798134522841873,0.0104639176264141,0.001));
#14574=CARTESIAN_POINT('',(0.00787232704679008,0.0102781628421367,0.001));
#14575=CARTESIAN_POINT('',(0.00798728653824522,0.010724618894114,0.001));
#14576=CARTESIAN_POINT('',(0.00798728653824522,0.010724618894114,-9.78160489293475E-19));
#14577=CARTESIAN_POINT('',(0.00799322784807172,0.010985320161814,-9.78888089899652E-19));
#14578=CARTESIAN_POINT('',(0.00799322784807172,0.010985320161814,0.001));
#14579=CARTESIAN_POINT('',(0.00799322784807172,0.010985320161814,0.001));
#14580=CARTESIAN_POINT('',(0.00798728653824522,0.010724618894114,0.001));
#14581=CARTESIAN_POINT('',(0.00788043567670666,0.0113007428939239,0.001));
#14582=CARTESIAN_POINT('',(0.00788043567670666,0.0113007428939239,-9.65075032736542E-19));
#14583=CARTESIAN_POINT('',(0.0077676435053416,0.0116161656260338,-9.51261975573432E-19));
#14584=CARTESIAN_POINT('',(0.0077676435053416,0.0116161656260338,0.001));
#14585=CARTESIAN_POINT('',(0.0077676435053416,0.0116161656260338,0.001));
#14586=CARTESIAN_POINT('',(0.00788043567670666,0.0113007428939239,0.001));
#14587=CARTESIAN_POINT('',(0.00700561296922613,0.0131164293651878,0.001));
#14588=CARTESIAN_POINT('',(0.00700561296922613,0.0131164293651878,-8.57940149882796E-19));
#14589=CARTESIAN_POINT('',(0.00624358243311065,0.0146166931043418,-7.6461832419216E-19));
#14590=CARTESIAN_POINT('',(0.00624358243311065,0.0146166931043418,0.001));
#14591=CARTESIAN_POINT('',(0.00624358243311065,0.0146166931043418,0.001));
#14592=CARTESIAN_POINT('',(0.00700561296922613,0.0131164293651878,0.001));
#14593=CARTESIAN_POINT('',(0.00597947011264004,0.0153211521699398,0.001));
#14594=CARTESIAN_POINT('',(0.00597947011264004,0.0153211521699398,-7.32273893404188E-19));
#14595=CARTESIAN_POINT('',(0.00571535779216942,0.0160256112355378,-6.99929462616217E-19));
#14596=CARTESIAN_POINT('',(0.00571535779216942,0.0160256112355378,0.001));
#14597=CARTESIAN_POINT('',(0.00571535779216942,0.0160256112355378,0.001));
#14598=CARTESIAN_POINT('',(0.00597947011264004,0.0153211521699398,0.001));
#14599=CARTESIAN_POINT('',(0.00554739127762601,0.0166566766015218,0.001));
#14600=CARTESIAN_POINT('',(0.00554739127762601,0.0166566766015218,-6.79359497176264E-19));
#14601=CARTESIAN_POINT('',(0.0053794247630826,0.0172877419675058,0.));
#14602=CARTESIAN_POINT('',(0.0053794247630826,0.0172877419675058,0.001));
#14603=CARTESIAN_POINT('',(0.0053794247630826,0.0172877419675058,0.001));
#14604=CARTESIAN_POINT('',(0.00554739127762601,0.0166566766015218,0.001));
#14605=CARTESIAN_POINT('',(-0.00952879354665294,0.0188046984297669,0.001));
#14606=CARTESIAN_POINT('',(-0.00952879354665294,0.0188046984297669,1.16694065166445E-18));
#14607=CARTESIAN_POINT('',(-0.00985644717526398,0.0192451711726618,1.2070666484152E-18));
#14608=CARTESIAN_POINT('',(-0.00920113991804191,0.0183642256868719,1.1268146549137E-18));
#14609=CARTESIAN_POINT('',(-0.00985644717526398,0.0192451711726618,0.001));
#14610=CARTESIAN_POINT('',(-0.00985644717526398,0.0192451711726618,0.001));
#14611=CARTESIAN_POINT('',(-0.00952879354665294,0.0188046984297669,0.001));
#14612=CARTESIAN_POINT('',(-0.00920113991804191,0.0183642256868719,0.001));
#14613=CARTESIAN_POINT('',(-0.00920113991804191,0.0183642256868719,0.001));
#14614=CARTESIAN_POINT('',(-0.010442404151797,0.0195895163357217,0.001));
#14615=CARTESIAN_POINT('',(-0.010442404151797,0.0195895163357217,1.27882568199013E-18));
#14616=CARTESIAN_POINT('',(-0.0110283611283301,0.0199338614987816,1.35058471556505E-18));
#14617=CARTESIAN_POINT('',(-0.0110283611283301,0.0199338614987816,0.001));
#14618=CARTESIAN_POINT('',(-0.0110283611283301,0.0199338614987816,0.001));
#14619=CARTESIAN_POINT('',(-0.010442404151797,0.0195895163357217,0.001));
#14620=CARTESIAN_POINT('',(-0.0113037498527795,0.0199987341040889,0.001));
#14621=CARTESIAN_POINT('',(-0.0113037498527795,0.0199987341040889,1.38431010755688E-18));
#14622=CARTESIAN_POINT('',(-0.0115791385772289,0.0200636067093962,1.4180354995487E-18));
#14623=CARTESIAN_POINT('',(-0.0115791385772289,0.0200636067093962,0.001));
#14624=CARTESIAN_POINT('',(-0.0115791385772289,0.0200636067093962,0.001));
#14625=CARTESIAN_POINT('',(-0.0113037498527795,0.0199987341040889,0.001));
#14626=CARTESIAN_POINT('',(-0.011841863733598,0.020060346616215,0.001));
#14627=CARTESIAN_POINT('',(-0.011841863733598,0.020060346616215,1.45021005172899E-18));
#14628=CARTESIAN_POINT('',(-0.0121045888899671,0.0200570865230338,1.48238460390928E-18));
#14629=CARTESIAN_POINT('',(-0.0121045888899671,0.0200570865230338,0.001));
#14630=CARTESIAN_POINT('',(-0.0121045888899671,0.0200570865230338,0.001));
#14631=CARTESIAN_POINT('',(-0.011841863733598,0.020060346616215,0.001));
#14632=CARTESIAN_POINT('',(-0.0123539479812686,0.0199882449880478,0.001));
#14633=CARTESIAN_POINT('',(-0.0123539479812686,0.0199882449880478,1.51292228520935E-18));
#14634=CARTESIAN_POINT('',(-0.0126033070725702,0.0199194034530618,1.54345996650943E-18));
#14635=CARTESIAN_POINT('',(-0.0126033070725702,0.0199194034530618,0.001));
#14636=CARTESIAN_POINT('',(-0.0126033070725702,0.0199194034530618,0.001));
#14637=CARTESIAN_POINT('',(-0.0123539479812686,0.0199882449880478,0.001));
#14638=CARTESIAN_POINT('',(-0.0128385972055978,0.0197875301480772,0.001));
#14639=CARTESIAN_POINT('',(-0.0128385972055978,0.0197875301480772,1.57227469733774E-18));
#14640=CARTESIAN_POINT('',(-0.0130738873386253,0.0196556568430927,1.60108942816606E-18));
#14641=CARTESIAN_POINT('',(-0.0130738873386253,0.0196556568430927,0.001));
#14642=CARTESIAN_POINT('',(-0.0130738873386253,0.0196556568430927,0.001));
#14643=CARTESIAN_POINT('',(-0.0128385972055978,0.0197875301480772,0.001));
#14644=CARTESIAN_POINT('',(-0.0134994499494708,0.0192130199498628,0.001));
#14645=CARTESIAN_POINT('',(-0.0134994499494708,0.0192130199498628,1.65320581708693E-18));
#14646=CARTESIAN_POINT('',(-0.0139250125603164,0.0187703830566329,1.70532220600782E-18));
#14647=CARTESIAN_POINT('',(-0.0139250125603164,0.0187703830566329,0.001));
#14648=CARTESIAN_POINT('',(-0.0139250125603164,0.0187703830566329,0.001));
#14649=CARTESIAN_POINT('',(-0.0134994499494708,0.0192130199498628,0.001));
#14650=CARTESIAN_POINT('',(-0.0140445285748128,0.0183784646232663,0.001));
#14651=CARTESIAN_POINT('',(-0.0140445285748128,0.0183784646232663,1.71995869646781E-18));
#14652=CARTESIAN_POINT('',(-0.0141640445893093,0.0179865461898998,1.7345951869278E-18));
#14653=CARTESIAN_POINT('',(-0.0141640445893093,0.0179865461898998,0.001));
#14654=CARTESIAN_POINT('',(-0.0141640445893093,0.0179865461898998,0.001));
#14655=CARTESIAN_POINT('',(-0.0140445285748128,0.0183784646232663,0.001));
#14656=CARTESIAN_POINT('',(-0.0141114904449894,0.0176824791056476,0.001));
#14657=CARTESIAN_POINT('',(-0.0141114904449894,0.0176824791056476,1.72815916046547E-18));
#14658=CARTESIAN_POINT('',(-0.0140589363006695,0.0173784120213955,1.72172313400315E-18));
#14659=CARTESIAN_POINT('',(-0.0140589363006695,0.0173784120213955,0.001));
#14660=CARTESIAN_POINT('',(-0.0140589363006695,0.0173784120213955,0.001));
#14661=CARTESIAN_POINT('',(-0.0141114904449894,0.0176824791056476,0.001));
#14662=CARTESIAN_POINT('',(-0.0139626537990511,0.0172945747709708,0.001));
#14663=CARTESIAN_POINT('',(-0.0139626537990511,0.0172945747709708,1.70993192826105E-18));
#14664=CARTESIAN_POINT('',(-0.0138663712974326,0.0172107375205462,1.69814072251896E-18));
#14665=CARTESIAN_POINT('',(-0.0138663712974326,0.0172107375205462,0.001));
#14666=CARTESIAN_POINT('',(-0.0138663712974326,0.0172107375205462,0.001));
#14667=CARTESIAN_POINT('',(-0.0139626537990511,0.0172945747709708,0.001));
#14668=CARTESIAN_POINT('',(-0.0137204963914712,0.0171911654710963,0.001));
#14669=CARTESIAN_POINT('',(-0.0137204963914712,0.0171911654710963,1.6802761988528E-18));
#14670=CARTESIAN_POINT('',(-0.0135746214855097,0.0171715934216465,1.66241167518663E-18));
#14671=CARTESIAN_POINT('',(-0.0135746214855097,0.0171715934216465,0.001));
#14672=CARTESIAN_POINT('',(-0.0135746214855097,0.0171715934216465,0.001));
#14673=CARTESIAN_POINT('',(-0.0137204963914712,0.0171911654710963,0.001));
#14674=CARTESIAN_POINT('',(-0.0133769622895126,0.0172303876252167,0.001));
#14675=CARTESIAN_POINT('',(-0.0133769622895126,0.0172303876252167,1.63820540501665E-18));
#14676=CARTESIAN_POINT('',(-0.0131793030935155,0.0172891818287868,1.61399913484666E-18));
#14677=CARTESIAN_POINT('',(-0.0131793030935155,0.0172891818287868,0.001));
#14678=CARTESIAN_POINT('',(-0.0131793030935155,0.0172891818287868,0.001));
#14679=CARTESIAN_POINT('',(-0.0133769622895126,0.0172303876252167,0.001));
#14680=CARTESIAN_POINT('',(-0.0129276681180097,0.017440443337422,0.001));
#14681=CARTESIAN_POINT('',(-0.0129276681180097,0.017440443337422,1.58318273811598E-18));
#14682=CARTESIAN_POINT('',(-0.0126760331425038,0.0175917048460571,1.5523663413853E-18));
#14683=CARTESIAN_POINT('',(-0.0126760331425038,0.0175917048460571,0.001));
#14684=CARTESIAN_POINT('',(-0.0126760331425038,0.0175917048460571,0.001));
#14685=CARTESIAN_POINT('',(-0.0129276681180097,0.017440443337422,0.001));
#14686=CARTESIAN_POINT('',(-0.0124656988880639,0.0176858172540497,0.001));
#14687=CARTESIAN_POINT('',(-0.0124656988880639,0.0176858172540497,1.52660782424022E-18));
#14688=CARTESIAN_POINT('',(-0.012255364633624,0.0177799296620422,1.50084930709513E-18));
#14689=CARTESIAN_POINT('',(-0.012255364633624,0.0177799296620422,0.001));
#14690=CARTESIAN_POINT('',(-0.012255364633624,0.0177799296620422,0.001));
#14691=CARTESIAN_POINT('',(-0.0124656988880639,0.0176858172540497,0.001));
#14692=CARTESIAN_POINT('',(-0.01207764200892,0.0177902844597085,0.001));
#14693=CARTESIAN_POINT('',(-0.01207764200892,0.0177902844597085,1.47908456274715E-18));
#14694=CARTESIAN_POINT('',(-0.011899919384216,0.0178006392573748,1.45731981839917E-18));
#14695=CARTESIAN_POINT('',(-0.011899919384216,0.0178006392573748,0.001));
#14696=CARTESIAN_POINT('',(-0.011899919384216,0.0178006392573748,0.001));
#14697=CARTESIAN_POINT('',(-0.01207764200892,0.0177902844597085,0.001));
#14698=CARTESIAN_POINT('',(-0.0117029036485163,0.0177320774532816,0.001));
#14699=CARTESIAN_POINT('',(-0.0117029036485163,0.0177320774532816,1.43319234938853E-18));
#14700=CARTESIAN_POINT('',(-0.0115058879128165,0.0176635156491884,1.4090648803779E-18));
#14701=CARTESIAN_POINT('',(-0.0115058879128165,0.0176635156491884,0.001));
#14702=CARTESIAN_POINT('',(-0.0115058879128165,0.0176635156491884,0.001));
#14703=CARTESIAN_POINT('',(-0.0117029036485163,0.0177320774532816,0.001));
#14704=CARTESIAN_POINT('',(-0.0113680067331471,0.0175764084000977,0.001));
#14705=CARTESIAN_POINT('',(-0.0113680067331471,0.0175764084000977,1.39217930584342E-18));
#14706=CARTESIAN_POINT('',(-0.0112301255534777,0.0174893011510069,1.37529373130894E-18));
#14707=CARTESIAN_POINT('',(-0.0112301255534777,0.0174893011510069,0.001));
#14708=CARTESIAN_POINT('',(-0.0112301255534777,0.0174893011510069,0.001));
#14709=CARTESIAN_POINT('',(-0.0113680067331471,0.0175764084000977,0.001));
#14710=CARTESIAN_POINT('',(-0.0110423960117362,0.0172850983917031,0.001));
#14711=CARTESIAN_POINT('',(-0.0110423960117362,0.0172850983917031,1.35230349306902E-18));
#14712=CARTESIAN_POINT('',(-0.0108546664699946,0.0170808956323992,1.3293132548291E-18));
#14713=CARTESIAN_POINT('',(-0.0108546664699946,0.0170808956323992,0.001));
#14714=CARTESIAN_POINT('',(-0.0108546664699946,0.0170808956323992,0.001));
#14715=CARTESIAN_POINT('',(-0.0110423960117362,0.0172850983917031,0.001));
#14716=CARTESIAN_POINT('',(-0.0107139963020045,0.0168092289929455,0.001));
#14717=CARTESIAN_POINT('',(-0.0107139963020045,0.0168092289929455,1.31208612773264E-18));
#14718=CARTESIAN_POINT('',(-0.0105733261340144,0.0165375623534917,1.29485900063618E-18));
#14719=CARTESIAN_POINT('',(-0.0105733261340144,0.0165375623534917,0.001));
#14720=CARTESIAN_POINT('',(-0.0105733261340144,0.0165375623534917,0.001));
#14721=CARTESIAN_POINT('',(-0.0107139963020045,0.0168092289929455,0.001));
#14722=CARTESIAN_POINT('',(-0.0104814388941436,0.016229576659424,0.001));
#14723=CARTESIAN_POINT('',(-0.0104814388941436,0.016229576659424,1.28360605921715E-18));
#14724=CARTESIAN_POINT('',(-0.0103895516542728,0.0159215909653563,1.27235311779812E-18));
#14725=CARTESIAN_POINT('',(-0.0103895516542728,0.0159215909653563,0.001));
#14726=CARTESIAN_POINT('',(-0.0103895516542728,0.0159215909653563,0.001));
#14727=CARTESIAN_POINT('',(-0.0104814388941436,0.016229576659424,0.001));
#14728=CARTESIAN_POINT('',(-0.0103302934777912,0.0152483460636884,0.001));
#14729=CARTESIAN_POINT('',(-0.0103302934777912,0.0152483460636884,1.26509608418298E-18));
#14730=CARTESIAN_POINT('',(-0.0102710353013096,0.0145751011620205,1.25783905056783E-18));
#14731=CARTESIAN_POINT('',(-0.0102710353013096,0.0145751011620205,0.001));
#14732=CARTESIAN_POINT('',(-0.0102710353013096,0.0145751011620205,0.001));
#14733=CARTESIAN_POINT('',(-0.0103302934777912,0.0152483460636884,0.001));
#14734=CARTESIAN_POINT('',(-0.0103414090166957,0.0139116250495339,0.001));
#14735=CARTESIAN_POINT('',(-0.0103414090166957,0.0139116250495339,1.26645734509699E-18));
#14736=CARTESIAN_POINT('',(-0.0104117827320817,0.0132481489370472,1.27507563962615E-18));
#14737=CARTESIAN_POINT('',(-0.0104117827320817,0.0132481489370472,0.001));
#14738=CARTESIAN_POINT('',(-0.0104117827320817,0.0132481489370472,0.001));
#14739=CARTESIAN_POINT('',(-0.0103414090166957,0.0139116250495339,0.001));
#14740=CARTESIAN_POINT('',(-0.01056812337714,0.0126978037635082,0.001));
#14741=CARTESIAN_POINT('',(-0.01056812337714,0.0126978037635082,1.29422184668088E-18));
#14742=CARTESIAN_POINT('',(-0.0107244640221983,0.0121474585899692,1.31336805373561E-18));
#14743=CARTESIAN_POINT('',(-0.0107244640221983,0.0121474585899692,0.001));
#14744=CARTESIAN_POINT('',(-0.0107244640221983,0.0121474585899692,0.001));
#14745=CARTESIAN_POINT('',(-0.01056812337714,0.0126978037635082,0.001));
#14746=CARTESIAN_POINT('',(-0.0110188855415011,0.0115871433477963,0.001));
#14747=CARTESIAN_POINT('',(-0.0110188855415011,0.0115871433477963,1.34942429085703E-18));
#14748=CARTESIAN_POINT('',(-0.0113133070608038,0.0110268281056235,1.38548052797846E-18));
#14749=CARTESIAN_POINT('',(-0.0113133070608038,0.0110268281056235,0.001));
#14750=CARTESIAN_POINT('',(-0.0113133070608038,0.0110268281056235,0.001));
#14751=CARTESIAN_POINT('',(-0.0110188855415011,0.0115871433477963,0.001));
#14752=CARTESIAN_POINT('',(-0.0116418418813491,0.0106932070167059,0.001));
#14753=CARTESIAN_POINT('',(-0.0116418418813491,0.0106932070167059,1.42571443961738E-18));
#14754=CARTESIAN_POINT('',(-0.0119703767018944,0.0103595859277883,1.4659483512563E-18));
#14755=CARTESIAN_POINT('',(-0.0119703767018944,0.0103595859277883,0.001));
#14756=CARTESIAN_POINT('',(-0.0119703767018944,0.0103595859277883,0.001));
#14757=CARTESIAN_POINT('',(-0.0116418418813491,0.0106932070167059,0.001));
#14758=CARTESIAN_POINT('',(-0.0123399340974905,0.0102373474898295,0.001));
#14759=CARTESIAN_POINT('',(-0.0123399340974905,0.0102373474898295,1.5112060794181E-18));
#14760=CARTESIAN_POINT('',(-0.0127094914930866,0.0101151090518707,1.5564638075799E-18));
#14761=CARTESIAN_POINT('',(-0.0127094914930866,0.0101151090518707,0.001));
#14762=CARTESIAN_POINT('',(-0.0127094914930866,0.0101151090518707,0.001));
#14763=CARTESIAN_POINT('',(-0.0123399340974905,0.0102373474898295,0.001));
#14764=CARTESIAN_POINT('',(-0.0131269803413223,0.0101889409701354,0.001));
#14765=CARTESIAN_POINT('',(-0.0131269803413223,0.0101889409701354,1.60759144574705E-18));
#14766=CARTESIAN_POINT('',(-0.013544469189558,0.0102627728884001,1.65871908391421E-18));
#14767=CARTESIAN_POINT('',(-0.013544469189558,0.0102627728884001,0.001));
#14768=CARTESIAN_POINT('',(-0.013544469189558,0.0102627728884001,0.001));
#14769=CARTESIAN_POINT('',(-0.0131269803413223,0.0101889409701354,0.001));
#14770=CARTESIAN_POINT('',(-0.0140886567174808,0.0103928049618566,0.001));
#14771=CARTESIAN_POINT('',(-0.0140886567174808,0.0103928049618566,1.72536283533487E-18));
#14772=CARTESIAN_POINT('',(-0.0146328442454037,0.0105228370353131,1.79200658675555E-18));
#14773=CARTESIAN_POINT('',(-0.0146328442454037,0.0105228370353131,0.001));
#14774=CARTESIAN_POINT('',(-0.0146328442454037,0.0105228370353131,0.001));
#14775=CARTESIAN_POINT('',(-0.0140886567174808,0.0103928049618566,0.001));
#14776=CARTESIAN_POINT('',(-0.0148131569562922,0.0104653491670879,0.001));
#14777=CARTESIAN_POINT('',(-0.0148131569562922,0.0104653491670879,1.81408852517905E-18));
#14778=CARTESIAN_POINT('',(-0.0149934696671806,0.0104078612988627,1.83617046360256E-18));
#14779=CARTESIAN_POINT('',(-0.0149934696671806,0.0104078612988627,0.001));
#14780=CARTESIAN_POINT('',(-0.0149934696671806,0.0104078612988627,0.001));
#14781=CARTESIAN_POINT('',(-0.0148131569562922,0.0104653491670879,0.001));
#14782=CARTESIAN_POINT('',(-0.0151008514627083,0.010221653635817,0.001));
#14783=CARTESIAN_POINT('',(-0.0151008514627083,0.010221653635817,1.84932094082054E-18));
#14784=CARTESIAN_POINT('',(-0.0152082332582361,0.0100354459727712,1.86247141803851E-18));
#14785=CARTESIAN_POINT('',(-0.0152082332582361,0.0100354459727712,0.001));
#14786=CARTESIAN_POINT('',(-0.0152082332582361,0.0100354459727712,0.001));
#14787=CARTESIAN_POINT('',(-0.0151008514627083,0.010221653635817,0.001));
#14788=CARTESIAN_POINT('',(-0.0152066804744274,0.00964191453024807,0.001));
#14789=CARTESIAN_POINT('',(-0.0152066804744274,0.00964191453024807,1.86228125686641E-18));
#14790=CARTESIAN_POINT('',(-0.0152051276906189,0.00924838308772489,1.86209109569432E-18));
#14791=CARTESIAN_POINT('',(-0.0152051276906189,0.00924838308772489,0.001));
#14792=CARTESIAN_POINT('',(-0.0152051276906189,0.00924838308772489,0.001));
#14793=CARTESIAN_POINT('',(-0.0152066804744274,0.00964191453024807,0.001));
#14794=CARTESIAN_POINT('',(-0.0151052324605577,0.00902700738740738,0.001));
#14795=CARTESIAN_POINT('',(-0.0151052324605577,0.00902700738740738,1.84985745831987E-18));
#14796=CARTESIAN_POINT('',(-0.0150053372304966,0.00880563168708988,1.83762382094543E-18));
#14797=CARTESIAN_POINT('',(-0.0150053372304966,0.00880563168708988,0.001));
#14798=CARTESIAN_POINT('',(-0.0150053372304966,0.00880563168708988,0.001));
#14799=CARTESIAN_POINT('',(-0.0151052324605577,0.00902700738740738,0.001));
#14800=CARTESIAN_POINT('',(-0.0148082866274901,0.00859618853006913,0.001));
#14801=CARTESIAN_POINT('',(-0.0148082866274901,0.00859618853006913,1.81349208192123E-18));
#14802=CARTESIAN_POINT('',(-0.0146112360244836,0.00838674537304838,1.78936034289703E-18));
#14803=CARTESIAN_POINT('',(-0.0146112360244836,0.00838674537304838,0.001));
#14804=CARTESIAN_POINT('',(-0.0146112360244836,0.00838674537304838,0.001));
#14805=CARTESIAN_POINT('',(-0.0148082866274901,0.00859618853006913,0.001));
#14806=CARTESIAN_POINT('',(-0.0142937224426267,0.00821048876010551,0.001));
#14807=CARTESIAN_POINT('',(-0.0142937224426267,0.00821048876010551,1.75047614372635E-18));
#14808=CARTESIAN_POINT('',(-0.0139762088607699,0.00803423214716264,1.71159194455568E-18));
#14809=CARTESIAN_POINT('',(-0.0139762088607699,0.00803423214716264,0.001));
#14810=CARTESIAN_POINT('',(-0.0139762088607699,0.00803423214716264,0.001));
#14811=CARTESIAN_POINT('',(-0.0142937224426267,0.00821048876010551,0.001));
#14812=CARTESIAN_POINT('',(-0.0135149250903774,0.00791241766395636,0.001));
#14813=CARTESIAN_POINT('',(-0.0135149250903774,0.00791241766395636,1.65510097526469E-18));
#14814=CARTESIAN_POINT('',(-0.0130536413199848,0.00779060318075008,1.5986100059737E-18));
#14815=CARTESIAN_POINT('',(-0.0130536413199848,0.00779060318075008,0.001));
#14816=CARTESIAN_POINT('',(-0.0130536413199848,0.00779060318075008,0.001));
#14817=CARTESIAN_POINT('',(-0.0135149250903774,0.00791241766395636,0.001));
#14818=CARTESIAN_POINT('',(-0.012541069326239,0.0077679319031934,0.001));
#14819=CARTESIAN_POINT('',(-0.012541069326239,0.0077679319031934,1.53583804082636E-18));
#14820=CARTESIAN_POINT('',(-0.0120284973324932,0.00774526062563672,1.47306607567903E-18));
#14821=CARTESIAN_POINT('',(-0.0120284973324932,0.00774526062563672,0.001));
#14822=CARTESIAN_POINT('',(-0.0120284973324932,0.00774526062563672,0.001));
#14823=CARTESIAN_POINT('',(-0.012541069326239,0.0077679319031934,0.001));
#14824=CARTESIAN_POINT('',(-0.0115740594408057,0.00784799120168773,0.001));
#14825=CARTESIAN_POINT('',(-0.0115740594408057,0.00784799120168773,1.41741348473239E-18));
#14826=CARTESIAN_POINT('',(-0.0111196215491182,0.00795072177773874,1.36176089378575E-18));
#14827=CARTESIAN_POINT('',(-0.0111196215491182,0.00795072177773874,0.001));
#14828=CARTESIAN_POINT('',(-0.0111196215491182,0.00795072177773874,0.001));
#14829=CARTESIAN_POINT('',(-0.0115740594408057,0.00784799120168773,0.001));
#14830=CARTESIAN_POINT('',(-0.0107254224769146,0.0081725590736513,0.001));
#14831=CARTESIAN_POINT('',(-0.0107254224769146,0.0081725590736513,1.31348543058565E-18));
#14832=CARTESIAN_POINT('',(-0.010331223404711,0.00839439636956386,1.26520996738556E-18));
#14833=CARTESIAN_POINT('',(-0.010331223404711,0.00839439636956386,0.001));
#14834=CARTESIAN_POINT('',(-0.010331223404711,0.00839439636956386,0.001));
#14835=CARTESIAN_POINT('',(-0.0107254224769146,0.0081725590736513,0.001));
#14836=CARTESIAN_POINT('',(-0.00999936786941709,0.00872904525159183,0.001));
#14837=CARTESIAN_POINT('',(-0.00999936786941709,0.00872904525159183,1.22456938547785E-18));
#14838=CARTESIAN_POINT('',(-0.00966751233412316,0.0090636941336198,1.18392880357015E-18));
#14839=CARTESIAN_POINT('',(-0.00966751233412316,0.0090636941336198,0.001));
#14840=CARTESIAN_POINT('',(-0.00966751233412316,0.0090636941336198,0.001));
#14841=CARTESIAN_POINT('',(-0.00999936786941709,0.00872904525159183,0.001));
#14842=CARTESIAN_POINT('',(-0.00940010426072578,0.00950485946801703,0.001));
#14843=CARTESIAN_POINT('',(-0.00940010426072578,0.00950485946801703,1.15118075945492E-18));
#14844=CARTESIAN_POINT('',(-0.00913269618732841,0.00994602480241425,1.1184327153397E-18));
#14845=CARTESIAN_POINT('',(-0.00913269618732841,0.00994602480241425,0.001));
#14846=CARTESIAN_POINT('',(-0.00913269618732841,0.00994602480241425,0.001));
#14847=CARTESIAN_POINT('',(-0.00940010426072578,0.00950485946801703,0.001));
#14848=CARTESIAN_POINT('',(-0.00893183989703389,0.0104874122478734,0.001));
#14849=CARTESIAN_POINT('',(-0.00893183989703389,0.0104874122478734,1.09383491403992E-18));
#14850=CARTESIAN_POINT('',(-0.00873098360673937,0.0110287996933325,1.06923711274014E-18));
#14851=CARTESIAN_POINT('',(-0.00873098360673937,0.0110287996933325,0.001));
#14852=CARTESIAN_POINT('',(-0.00873098360673937,0.0110287996933325,0.001));
#14853=CARTESIAN_POINT('',(-0.00893183989703389,0.0104874122478734,0.001));
#14854=CARTESIAN_POINT('',(-0.0085987842131928,0.0116641141161074,0.001));
#14855=CARTESIAN_POINT('',(-0.0085987842131928,0.0116641141161074,1.05304735632454E-18));
#14856=CARTESIAN_POINT('',(-0.00846658481964624,0.0122994285388824,1.03685759990893E-18));
#14857=CARTESIAN_POINT('',(-0.00846658481964624,0.0122994285388824,0.001));
#14858=CARTESIAN_POINT('',(-0.00846658481964624,0.0122994285388824,0.001));
#14859=CARTESIAN_POINT('',(-0.0085987842131928,0.0116641141161074,0.001));
#14860=CARTESIAN_POINT('',(-0.00840514664405393,0.0130223752014463,0.001));
#14861=CARTESIAN_POINT('',(-0.00840514664405393,0.0130223752014463,1.02933359340048E-18));
#14862=CARTESIAN_POINT('',(-0.00834370846846163,0.0137453218640102,1.02180958689202E-18));
#14863=CARTESIAN_POINT('',(-0.00834370846846163,0.0137453218640102,0.001));
#14864=CARTESIAN_POINT('',(-0.00834370846846163,0.0137453218640102,0.001));
#14865=CARTESIAN_POINT('',(-0.00840514664405393,0.0130223752014463,0.001));
#14866=CARTESIAN_POINT('',(-0.00837929095122046,0.0146836779552433,0.001));
#14867=CARTESIAN_POINT('',(-0.00837929095122046,0.0146836779552433,1.02616718425365E-18));
#14868=CARTESIAN_POINT('',(-0.00841487343397929,0.0156220340464764,1.03052478161528E-18));
#14869=CARTESIAN_POINT('',(-0.00841487343397929,0.0156220340464764,0.001));
#14870=CARTESIAN_POINT('',(-0.00841487343397929,0.0156220340464764,0.001));
#14871=CARTESIAN_POINT('',(-0.00837929095122046,0.0146836779552433,0.001));
#14872=CARTESIAN_POINT('',(-0.00856276153068624,0.0163905625806681,0.001));
#14873=CARTESIAN_POINT('',(-0.00856276153068624,0.0163905625806681,1.0486358500417E-18));
#14874=CARTESIAN_POINT('',(-0.00871064962739319,0.0171590911148599,0.));
#14875=CARTESIAN_POINT('',(-0.00871064962739319,0.0171590911148599,0.001));
#14876=CARTESIAN_POINT('',(-0.00871064962739319,0.0171590911148599,0.001));
#14877=CARTESIAN_POINT('',(-0.00856276153068624,0.0163905625806681,0.001));
#14878=CARTESIAN_POINT('',(-0.0321937601208092,0.0240432259911461,0.001));
#14879=CARTESIAN_POINT('',(-0.0321937601208092,0.0240432259911461,3.94259852844666E-18));
#14880=CARTESIAN_POINT('',(-0.0318896791688782,0.0238226978041143,3.90535935200027E-18));
#14881=CARTESIAN_POINT('',(-0.0324978410727401,0.0242637541781779,3.97983770489306E-18));
#14882=CARTESIAN_POINT('',(-0.0324978410727401,0.0242637541781779,0.001));
#14883=CARTESIAN_POINT('',(-0.0324978410727401,0.0242637541781779,0.001));
#14884=CARTESIAN_POINT('',(-0.0321937601208092,0.0240432259911461,0.001));
#14885=CARTESIAN_POINT('',(-0.0318896791688782,0.0238226978041143,0.001));
#14886=CARTESIAN_POINT('',(-0.0318896791688782,0.0238226978041143,0.001));
#14887=CARTESIAN_POINT('',(-0.0331522770435129,0.0246154226643137,0.001));
#14888=CARTESIAN_POINT('',(-0.0331522770435129,0.0246154226643137,4.05998299657843E-18));
#14889=CARTESIAN_POINT('',(-0.0338067130142856,0.0249670911504495,4.14012828826379E-18));
#14890=CARTESIAN_POINT('',(-0.0338067130142856,0.0249670911504495,0.001));
#14891=CARTESIAN_POINT('',(-0.0338067130142856,0.0249670911504495,0.001));
#14892=CARTESIAN_POINT('',(-0.0331522770435129,0.0246154226643137,0.001));
#14893=CARTESIAN_POINT('',(-0.0343816000171445,0.0251785181779805,0.001));
#14894=CARTESIAN_POINT('',(-0.0343816000171445,0.0251785181779805,4.21053164105606E-18));
#14895=CARTESIAN_POINT('',(-0.0349564870200035,0.0253899452055115,4.28093499384833E-18));
#14896=CARTESIAN_POINT('',(-0.0349564870200035,0.0253899452055115,0.001));
#14897=CARTESIAN_POINT('',(-0.0349564870200035,0.0253899452055115,0.001));
#14898=CARTESIAN_POINT('',(-0.0343816000171445,0.0251785181779805,0.001));
#14899=CARTESIAN_POINT('',(-0.0354592755644505,0.0254592206007349,0.001));
#14900=CARTESIAN_POINT('',(-0.0354592755644505,0.0254592206007349,4.34250883200882E-18));
#14901=CARTESIAN_POINT('',(-0.0359620641088974,0.0255284959959583,4.40408267016931E-18));
#14902=CARTESIAN_POINT('',(-0.0359620641088974,0.0255284959959583,0.001));
#14903=CARTESIAN_POINT('',(-0.0359620641088974,0.0255284959959583,0.001));
#14904=CARTESIAN_POINT('',(-0.0354592755644505,0.0254592206007349,0.001));
#14905=CARTESIAN_POINT('',(-0.0364002035157758,0.0254537103776101,0.001));
#14906=CARTESIAN_POINT('',(-0.0364002035157758,0.0254537103776101,4.45773927239071E-18));
#14907=CARTESIAN_POINT('',(-0.0368383429226542,0.0253789247592618,4.5113958746121E-18));
#14908=CARTESIAN_POINT('',(-0.0368383429226542,0.0253789247592618,0.001));
#14909=CARTESIAN_POINT('',(-0.0368383429226542,0.0253789247592618,0.001));
#14910=CARTESIAN_POINT('',(-0.0364002035157758,0.0254537103776101,0.001));
#14911=CARTESIAN_POINT('',(-0.0370534468661698,0.025174407005539,0.001));
#14912=CARTESIAN_POINT('',(-0.0370534468661698,0.025174407005539,4.53773851020314E-18));
#14913=CARTESIAN_POINT('',(-0.0372685508096855,0.0249698892518163,4.56408114579419E-18));
#14914=CARTESIAN_POINT('',(-0.0372685508096855,0.0249698892518163,0.001));
#14915=CARTESIAN_POINT('',(-0.0372685508096855,0.0249698892518163,0.001));
#14916=CARTESIAN_POINT('',(-0.0370534468661698,0.025174407005539,0.001));
#14917=CARTESIAN_POINT('',(-0.0374246077616571,0.024676116343663,0.001));
#14918=CARTESIAN_POINT('',(-0.0374246077616571,0.024676116343663,4.58319261046585E-18));
#14919=CARTESIAN_POINT('',(-0.0375806647136286,0.0243823434355097,4.60230407513752E-18));
#14920=CARTESIAN_POINT('',(-0.0375806647136286,0.0243823434355097,0.001));
#14921=CARTESIAN_POINT('',(-0.0375806647136286,0.0243823434355097,0.001));
#14922=CARTESIAN_POINT('',(-0.0374246077616571,0.024676116343663,0.001));
#14923=CARTESIAN_POINT('',(-0.0376608488212323,0.0240384174725696,0.001));
#14924=CARTESIAN_POINT('',(-0.0376608488212323,0.0240384174725696,4.61212379620946E-18));
#14925=CARTESIAN_POINT('',(-0.0377410329288361,0.0236944915096295,4.6219435172814E-18));
#14926=CARTESIAN_POINT('',(-0.0377410329288361,0.0236944915096295,0.001));
#14927=CARTESIAN_POINT('',(-0.0377410329288361,0.0236944915096295,0.001));
#14928=CARTESIAN_POINT('',(-0.0376608488212323,0.0240384174725696,0.001));
#14929=CARTESIAN_POINT('',(-0.0377285187354676,0.0233395161764238,0.001));
#14930=CARTESIAN_POINT('',(-0.0377285187354676,0.0233395161764238,4.62041097059614E-18));
#14931=CARTESIAN_POINT('',(-0.0377160045420991,0.0229845408432182,4.61887842391088E-18));
#14932=CARTESIAN_POINT('',(-0.0377160045420991,0.0229845408432182,0.001));
#14933=CARTESIAN_POINT('',(-0.0377160045420991,0.0229845408432182,0.001));
#14934=CARTESIAN_POINT('',(-0.0377285187354676,0.0233395161764238,0.001));
#14935=CARTESIAN_POINT('',(-0.037546214229681,0.0224677748671775,0.001));
#14936=CARTESIAN_POINT('',(-0.037546214229681,0.0224677748671775,4.59808510764797E-18));
#14937=CARTESIAN_POINT('',(-0.0373764239172629,0.0219510088911367,4.57729179138506E-18));
#14938=CARTESIAN_POINT('',(-0.0373764239172629,0.0219510088911367,0.001));
#14939=CARTESIAN_POINT('',(-0.0373764239172629,0.0219510088911367,0.001));
#14940=CARTESIAN_POINT('',(-0.037546214229681,0.0224677748671775,0.001));
#14941=CARTESIAN_POINT('',(-0.0372810915497535,0.0217363344494451,0.001));
#14942=CARTESIAN_POINT('',(-0.0372810915497535,0.0217363344494451,4.5656169435125E-18));
#14943=CARTESIAN_POINT('',(-0.0371857591822439,0.0215216600077535,4.55394209563994E-18));
#14944=CARTESIAN_POINT('',(-0.0371857591822439,0.0215216600077535,0.001));
#14945=CARTESIAN_POINT('',(-0.0371857591822439,0.0215216600077535,0.001));
#14946=CARTESIAN_POINT('',(-0.0372810915497535,0.0217363344494451,0.001));
#14947=CARTESIAN_POINT('',(-0.0375689924864743,0.02139237243054,0.001));
#14948=CARTESIAN_POINT('',(-0.0375689924864743,0.02139237243054,4.60087463957518E-18));
#14949=CARTESIAN_POINT('',(-0.0379522257907047,0.0212630848533265,4.64780718351042E-18));
#14950=CARTESIAN_POINT('',(-0.0379522257907047,0.0212630848533265,0.001));
#14951=CARTESIAN_POINT('',(-0.0379522257907047,0.0212630848533265,0.001));
#14952=CARTESIAN_POINT('',(-0.0375689924864743,0.02139237243054,0.001));
#14953=CARTESIAN_POINT('',(-0.0382659740996518,0.0209788196257732,0.001));
#14954=CARTESIAN_POINT('',(-0.0382659740996518,0.0209788196257732,4.68623026973941E-18));
#14955=CARTESIAN_POINT('',(-0.0385797224085989,0.0206945543982199,4.7246533559684E-18));
#14956=CARTESIAN_POINT('',(-0.0385797224085989,0.0206945543982199,0.001));
#14957=CARTESIAN_POINT('',(-0.0385797224085989,0.0206945543982199,0.001));
#14958=CARTESIAN_POINT('',(-0.0382659740996518,0.0209788196257732,0.001));
#14959=CARTESIAN_POINT('',(-0.0388098145393848,0.0202857443396101,0.001));
#14960=CARTESIAN_POINT('',(-0.0388098145393848,0.0202857443396101,4.752831515116E-18));
#14961=CARTESIAN_POINT('',(-0.0390399066701706,0.0198769342810002,4.78100967426359E-18));
#14962=CARTESIAN_POINT('',(-0.0390399066701706,0.0198769342810002,0.001));
#14963=CARTESIAN_POINT('',(-0.0390399066701706,0.0198769342810002,0.001));
#14964=CARTESIAN_POINT('',(-0.0388098145393848,0.0202857443396101,0.001));
#14965=CARTESIAN_POINT('',(-0.0391721694588203,0.0193740098333008,0.001));
#14966=CARTESIAN_POINT('',(-0.0391721694588203,0.0193740098333008,4.79720719434021E-18));
#14967=CARTESIAN_POINT('',(-0.0393044322474701,0.0188710853856014,4.81340471441683E-18));
#14968=CARTESIAN_POINT('',(-0.0393044322474701,0.0188710853856014,0.001));
#14969=CARTESIAN_POINT('',(-0.0393044322474701,0.0188710853856014,0.001));
#14970=CARTESIAN_POINT('',(-0.0391721694588203,0.0193740098333008,0.001));
#14971=CARTESIAN_POINT('',(-0.0393074371753611,0.0186035691443093,0.001));
#14972=CARTESIAN_POINT('',(-0.0393074371753611,0.0186035691443093,4.81377271194916E-18));
#14973=CARTESIAN_POINT('',(-0.0393104421032519,0.018336052903017,4.81414070948148E-18));
#14974=CARTESIAN_POINT('',(-0.0393104421032519,0.018336052903017,0.001));
#14975=CARTESIAN_POINT('',(-0.0393104421032519,0.018336052903017,0.001));
#14976=CARTESIAN_POINT('',(-0.0393074371753611,0.0186035691443093,0.001));
#14977=CARTESIAN_POINT('',(-0.0392423949881527,0.0180750350560206,0.001));
#14978=CARTESIAN_POINT('',(-0.0392423949881527,0.0180750350560206,4.80580734131174E-18));
#14979=CARTESIAN_POINT('',(-0.0391743478730536,0.0178140172090242,4.79747397314199E-18));
#14980=CARTESIAN_POINT('',(-0.0391743478730536,0.0178140172090242,0.001));
#14981=CARTESIAN_POINT('',(-0.0391743478730536,0.0178140172090242,0.001));
#14982=CARTESIAN_POINT('',(-0.0392423949881527,0.0180750350560206,0.001));
#14983=CARTESIAN_POINT('',(-0.0390375927489044,0.0175620260322823,0.001));
#14984=CARTESIAN_POINT('',(-0.0390375927489044,0.0175620260322823,4.78072630063637E-18));
#14985=CARTESIAN_POINT('',(-0.0389008376247553,0.0173100348555403,4.76397862813075E-18));
#14986=CARTESIAN_POINT('',(-0.0389008376247553,0.0173100348555403,0.001));
#14987=CARTESIAN_POINT('',(-0.0389008376247553,0.0173100348555403,0.001));
#14988=CARTESIAN_POINT('',(-0.0390375927489044,0.0175620260322823,0.001));
#14989=CARTESIAN_POINT('',(-0.0386977181292772,0.0170695990212313,0.001));
#14990=CARTESIAN_POINT('',(-0.0386977181292772,0.0170695990212313,4.73910366413258E-18));
#14991=CARTESIAN_POINT('',(-0.0384945986337989,0.0168291631869222,4.7142287001344E-18));
#14992=CARTESIAN_POINT('',(-0.0384945986337989,0.0168291631869222,0.001));
#14993=CARTESIAN_POINT('',(-0.0384945986337989,0.0168291631869222,0.001));
#14994=CARTESIAN_POINT('',(-0.0386977181292772,0.0170695990212313,0.001));
#14995=CARTESIAN_POINT('',(-0.0378986430608357,0.0163930730267542,0.001));
#14996=CARTESIAN_POINT('',(-0.0378986430608357,0.0163930730267542,4.64124519164804E-18));
#14997=CARTESIAN_POINT('',(-0.0373026874878723,0.0159569828665862,4.56826168316169E-18));
#14998=CARTESIAN_POINT('',(-0.0373026874878723,0.0159569828665862,0.001));
#14999=CARTESIAN_POINT('',(-0.0373026874878723,0.0159569828665862,0.001));
#15000=CARTESIAN_POINT('',(-0.0378986430608357,0.0163930730267542,0.001));
#15001=CARTESIAN_POINT('',(-0.0364694032330947,0.0155974581422884,0.001));
#15002=CARTESIAN_POINT('',(-0.0364694032330947,0.0155974581422884,4.46621379362236E-18));
#15003=CARTESIAN_POINT('',(-0.0356361189783172,0.0152379334179905,4.36416590408303E-18));
#15004=CARTESIAN_POINT('',(-0.0356361189783172,0.0152379334179905,0.001));
#15005=CARTESIAN_POINT('',(-0.0356361189783172,0.0152379334179905,0.001));
#15006=CARTESIAN_POINT('',(-0.0364694032330947,0.0155974581422884,0.001));
#15007=CARTESIAN_POINT('',(-0.0350362780779675,0.0151524815735316,0.001));
#15008=CARTESIAN_POINT('',(-0.0350362780779675,0.0151524815735316,4.29070658022194E-18));
#15009=CARTESIAN_POINT('',(-0.0344364371776178,0.0150670297290727,4.21724725636085E-18));
#15010=CARTESIAN_POINT('',(-0.0344364371776178,0.0150670297290727,0.001));
#15011=CARTESIAN_POINT('',(-0.0344364371776178,0.0150670297290727,0.001));
#15012=CARTESIAN_POINT('',(-0.0350362780779675,0.0151524815735316,0.001));
#15013=CARTESIAN_POINT('',(-0.0342288958736926,0.0150983338348054,0.001));
#15014=CARTESIAN_POINT('',(-0.0342288958736926,0.0150983338348054,4.19183077700656E-18));
#15015=CARTESIAN_POINT('',(-0.0340213545697674,0.0151296379405382,4.16641429765227E-18));
#15016=CARTESIAN_POINT('',(-0.0340213545697674,0.0151296379405382,0.001));
#15017=CARTESIAN_POINT('',(-0.0340213545697674,0.0151296379405382,0.001));
#15018=CARTESIAN_POINT('',(-0.0342288958736926,0.0150983338348054,0.001));
#15019=CARTESIAN_POINT('',(-0.0339326251984738,0.0152134533988961,0.001));
#15020=CARTESIAN_POINT('',(-0.0339326251984738,0.0152134533988961,4.15554808359778E-18));
#15021=CARTESIAN_POINT('',(-0.0338438958271804,0.0152972688572541,4.14468186954329E-18));
#15022=CARTESIAN_POINT('',(-0.0338438958271804,0.0152972688572541,0.001));
#15023=CARTESIAN_POINT('',(-0.0338438958271804,0.0152972688572541,0.001));
#15024=CARTESIAN_POINT('',(-0.0339326251984738,0.0152134533988961,0.001));
#15025=CARTESIAN_POINT('',(-0.0332967857850007,0.0172716998366452,0.001));
#15026=CARTESIAN_POINT('',(-0.0332967857850007,0.0172716998366452,4.07768021334962E-18));
#15027=CARTESIAN_POINT('',(-0.0327496757428211,0.0192461308160363,4.01067855715595E-18));
#15028=CARTESIAN_POINT('',(-0.0327496757428211,0.0192461308160363,0.001));
#15029=CARTESIAN_POINT('',(-0.0327496757428211,0.0192461308160363,0.001));
#15030=CARTESIAN_POINT('',(-0.0332967857850007,0.0172716998366452,0.001));
#15031=CARTESIAN_POINT('',(-0.0322127085209314,0.0210037933342337,0.001));
#15032=CARTESIAN_POINT('',(-0.0322127085209314,0.0210037933342337,3.94491903820253E-18));
#15033=CARTESIAN_POINT('',(-0.0316757412990417,0.0227614558524311,3.8791595192491E-18));
#15034=CARTESIAN_POINT('',(-0.0316757412990417,0.0227614558524311,0.001));
#15035=CARTESIAN_POINT('',(-0.0316757412990417,0.0227614558524311,0.001));
#15036=CARTESIAN_POINT('',(-0.0322127085209314,0.0210037933342337,0.001));
#15037=CARTESIAN_POINT('',(-0.0316474757998485,0.0229225966954586,0.001));
#15038=CARTESIAN_POINT('',(-0.0316474757998485,0.0229225966954586,3.87569799393777E-18));
#15039=CARTESIAN_POINT('',(-0.0316192103006552,0.0230837375384861,3.87223646862644E-18));
#15040=CARTESIAN_POINT('',(-0.0316192103006552,0.0230837375384861,0.001));
#15041=CARTESIAN_POINT('',(-0.0316192103006552,0.0230837375384861,0.001));
#15042=CARTESIAN_POINT('',(-0.0316474757998485,0.0229225966954586,0.001));
#15043=CARTESIAN_POINT('',(-0.0316314364425236,0.0232585796481892,0.001));
#15044=CARTESIAN_POINT('',(-0.0316314364425236,0.0232585796481892,3.87373373917695E-18));
#15045=CARTESIAN_POINT('',(-0.031643662584392,0.0234334217578923,0.));
#15046=CARTESIAN_POINT('',(-0.031643662584392,0.0234334217578923,0.001));
#15047=CARTESIAN_POINT('',(-0.031643662584392,0.0234334217578923,0.001));
#15048=CARTESIAN_POINT('',(-0.0316314364425236,0.0232585796481892,0.001));
#15049=CARTESIAN_POINT('',(-0.0232218838387984,0.0196132677073489,0.001));
#15050=CARTESIAN_POINT('',(-0.0232218838387984,0.0196132677073489,2.84386057133561E-18));
#15051=CARTESIAN_POINT('',(-0.0234196773531704,0.0186573448330236,2.86808329076238E-18));
#15052=CARTESIAN_POINT('',(-0.0230240903244265,0.0205691905816742,2.81963785190884E-18));
#15053=CARTESIAN_POINT('',(-0.0230240903244265,0.0205691905816742,0.001));
#15054=CARTESIAN_POINT('',(-0.0230240903244265,0.0205691905816742,0.001));
#15055=CARTESIAN_POINT('',(-0.0232218838387984,0.0196132677073489,0.001));
#15056=CARTESIAN_POINT('',(-0.0234196773531704,0.0186573448330236,0.001));
#15057=CARTESIAN_POINT('',(-0.0234196773531704,0.0186573448330236,0.001));
#15058=CARTESIAN_POINT('',(-0.0230833473122499,0.0209367209188459,0.001));
#15059=CARTESIAN_POINT('',(-0.0230833473122499,0.0209367209188459,2.82689473995534E-18));
#15060=CARTESIAN_POINT('',(-0.0231426043000733,0.0213042512560177,2.83415162800184E-18));
#15061=CARTESIAN_POINT('',(-0.0231426043000733,0.0213042512560177,0.001));
#15062=CARTESIAN_POINT('',(-0.0231426043000733,0.0213042512560177,0.001));
#15063=CARTESIAN_POINT('',(-0.0230833473122499,0.0209367209188459,0.001));
#15064=CARTESIAN_POINT('',(-0.0233574590215895,0.0215221798475996,0.001));
#15065=CARTESIAN_POINT('',(-0.0233574590215895,0.0215221798475996,2.86046374270051E-18));
#15066=CARTESIAN_POINT('',(-0.0235723137431058,0.0217401084391814,2.88677585739917E-18));
#15067=CARTESIAN_POINT('',(-0.0235723137431058,0.0217401084391814,0.001));
#15068=CARTESIAN_POINT('',(-0.0235723137431058,0.0217401084391814,0.001));
#15069=CARTESIAN_POINT('',(-0.0233574590215895,0.0215221798475996,0.001));
#15070=CARTESIAN_POINT('',(-0.0237127220100758,0.0217717311053077,0.001));
#15071=CARTESIAN_POINT('',(-0.0237127220100758,0.0217717311053077,2.90397091087103E-18));
#15072=CARTESIAN_POINT('',(-0.0238531302770459,0.0218033537714339,2.92116596434291E-18));
#15073=CARTESIAN_POINT('',(-0.0238531302770459,0.0218033537714339,0.001));
#15074=CARTESIAN_POINT('',(-0.0238531302770459,0.0218033537714339,0.001));
#15075=CARTESIAN_POINT('',(-0.0237127220100758,0.0217717311053077,0.001));
#15076=CARTESIAN_POINT('',(-0.0240019954507807,0.0217720873065437,0.001));
#15077=CARTESIAN_POINT('',(-0.0240019954507807,0.0217720873065437,2.93939669019478E-18));
#15078=CARTESIAN_POINT('',(-0.0241508606245154,0.0217408208416535,2.95762741604666E-18));
#15079=CARTESIAN_POINT('',(-0.0241508606245154,0.0217408208416535,0.001));
#15080=CARTESIAN_POINT('',(-0.0241508606245154,0.0217408208416535,0.001));
#15081=CARTESIAN_POINT('',(-0.0240019954507807,0.0217720873065437,0.001));
#15082=CARTESIAN_POINT('',(-0.0242980355263115,0.0216381687170427,0.001));
#15083=CARTESIAN_POINT('',(-0.0242980355263115,0.0216381687170427,2.97565114328661E-18));
#15084=CARTESIAN_POINT('',(-0.0244452104281077,0.0215355165924319,2.99367487052656E-18));
#15085=CARTESIAN_POINT('',(-0.0244452104281077,0.0215355165924319,0.001));
#15086=CARTESIAN_POINT('',(-0.0244452104281077,0.0215355165924319,0.001));
#15087=CARTESIAN_POINT('',(-0.0242980355263115,0.0216381687170427,0.001));
#15088=CARTESIAN_POINT('',(-0.024580547086823,0.0213529826756156,0.001));
#15089=CARTESIAN_POINT('',(-0.024580547086823,0.0213529826756156,3.01024883111686E-18));
#15090=CARTESIAN_POINT('',(-0.0247158837455385,0.0211704487587994,3.02682279170718E-18));
#15091=CARTESIAN_POINT('',(-0.0247158837455385,0.0211704487587994,0.001));
#15092=CARTESIAN_POINT('',(-0.0247158837455385,0.0211704487587994,0.001));
#15093=CARTESIAN_POINT('',(-0.024580547086823,0.0213529826756156,0.001));
#15094=CARTESIAN_POINT('',(-0.0249163129113253,0.020571837327232,0.001));
#15095=CARTESIAN_POINT('',(-0.0249163129113253,0.020571837327232,3.05136828534083E-18));
#15096=CARTESIAN_POINT('',(-0.0251167420771121,0.0199732258956648,3.07591377897449E-18));
#15097=CARTESIAN_POINT('',(-0.0251167420771121,0.0199732258956648,0.001));
#15098=CARTESIAN_POINT('',(-0.0251167420771121,0.0199732258956648,0.001));
#15099=CARTESIAN_POINT('',(-0.0249163129113253,0.020571837327232,0.001));
#15100=CARTESIAN_POINT('',(-0.0253400608373422,0.0190465998796177,0.001));
#15101=CARTESIAN_POINT('',(-0.0253400608373422,0.0190465998796177,3.10326243946503E-18));
#15102=CARTESIAN_POINT('',(-0.0255633795975722,0.0181199738635705,3.13061109995556E-18));
#15103=CARTESIAN_POINT('',(-0.0255633795975722,0.0181199738635705,0.001));
#15104=CARTESIAN_POINT('',(-0.0255633795975722,0.0181199738635705,0.001));
#15105=CARTESIAN_POINT('',(-0.0253400608373422,0.0190465998796177,0.001));
#15106=CARTESIAN_POINT('',(-0.0258169885381035,0.017121205804978,0.001));
#15107=CARTESIAN_POINT('',(-0.0258169885381035,0.017121205804978,3.16166923768123E-18));
#15108=CARTESIAN_POINT('',(-0.0260705974786348,0.0161224377463854,3.19272737540691E-18));
#15109=CARTESIAN_POINT('',(-0.0260705974786348,0.0161224377463854,0.001));
#15110=CARTESIAN_POINT('',(-0.0260705974786348,0.0161224377463854,0.001));
#15111=CARTESIAN_POINT('',(-0.0258169885381035,0.017121205804978,0.001));
#15112=CARTESIAN_POINT('',(-0.0263618967891057,0.0153073997909622,0.001));
#15113=CARTESIAN_POINT('',(-0.0263618967891057,0.0153073997909622,3.22840125222312E-18));
#15114=CARTESIAN_POINT('',(-0.0266531960995766,0.0144923618355391,3.26407512903932E-18));
#15115=CARTESIAN_POINT('',(-0.0266531960995766,0.0144923618355391,0.001));
#15116=CARTESIAN_POINT('',(-0.0266531960995766,0.0144923618355391,0.001));
#15117=CARTESIAN_POINT('',(-0.0263618967891057,0.0153073997909622,0.001));
#15118=CARTESIAN_POINT('',(-0.0268622117358703,0.0142885093341804,0.001));
#15119=CARTESIAN_POINT('',(-0.0268622117358703,0.0142885093341804,3.2896721620352E-18));
#15120=CARTESIAN_POINT('',(-0.0270712273721639,0.0140846568328216,3.31526919503108E-18));
#15121=CARTESIAN_POINT('',(-0.0270712273721639,0.0140846568328216,0.001));
#15122=CARTESIAN_POINT('',(-0.0270712273721639,0.0140846568328216,0.001));
#15123=CARTESIAN_POINT('',(-0.0268622117358703,0.0142885093341804,0.001));
#15124=CARTESIAN_POINT('',(-0.0273248525576904,0.013995645353319,0.001));
#15125=CARTESIAN_POINT('',(-0.0273248525576904,0.013995645353319,3.34632932219489E-18));
#15126=CARTESIAN_POINT('',(-0.0275784777432168,0.0139066338738163,3.3773894493587E-18));
#15127=CARTESIAN_POINT('',(-0.0275784777432168,0.0139066338738163,0.001));
#15128=CARTESIAN_POINT('',(-0.0275784777432168,0.0139066338738163,0.001));
#15129=CARTESIAN_POINT('',(-0.0273248525576904,0.013995645353319,0.001));
#15130=CARTESIAN_POINT('',(-0.0278307858954746,0.013941436596806,0.001));
#15131=CARTESIAN_POINT('',(-0.0278307858954746,0.013941436596806,3.40828828646483E-18));
#15132=CARTESIAN_POINT('',(-0.0280830940477324,0.0139762393197957,3.43918712357096E-18));
#15133=CARTESIAN_POINT('',(-0.0280830940477324,0.0139762393197957,0.001));
#15134=CARTESIAN_POINT('',(-0.0280830940477324,0.0139762393197957,0.001));
#15135=CARTESIAN_POINT('',(-0.0278307858954746,0.013941436596806,0.001));
#15136=CARTESIAN_POINT('',(-0.0282881589804396,0.0141438298221333,0.001));
#15137=CARTESIAN_POINT('',(-0.0282881589804396,0.0141438298221333,3.46430033491668E-18));
#15138=CARTESIAN_POINT('',(-0.0284932239131468,0.014311420324471,3.48941354626239E-18));
#15139=CARTESIAN_POINT('',(-0.0284932239131468,0.014311420324471,0.001));
#15140=CARTESIAN_POINT('',(-0.0284932239131468,0.014311420324471,0.001));
#15141=CARTESIAN_POINT('',(-0.0282881589804396,0.0141438298221333,0.001));
#15142=CARTESIAN_POINT('',(-0.0286124269143213,0.0147890382394182,0.001));
#15143=CARTESIAN_POINT('',(-0.0286124269143213,0.0147890382394182,3.5040117036461E-18));
#15144=CARTESIAN_POINT('',(-0.0287316299154958,0.0152666561543655,3.51860986102982E-18));
#15145=CARTESIAN_POINT('',(-0.0287316299154958,0.0152666561543655,0.001));
#15146=CARTESIAN_POINT('',(-0.0287316299154958,0.0152666561543655,0.001));
#15147=CARTESIAN_POINT('',(-0.0286124269143213,0.0147890382394182,0.001));
#15148=CARTESIAN_POINT('',(-0.028726733832433,0.0159234480456602,0.001));
#15149=CARTESIAN_POINT('',(-0.028726733832433,0.0159234480456602,3.5180102637847E-18));
#15150=CARTESIAN_POINT('',(-0.0287218377493702,0.016580239936955,3.51741066653958E-18));
#15151=CARTESIAN_POINT('',(-0.0287218377493702,0.016580239936955,0.001));
#15152=CARTESIAN_POINT('',(-0.0287218377493702,0.016580239936955,0.001));
#15153=CARTESIAN_POINT('',(-0.028726733832433,0.0159234480456602,0.001));
#15154=CARTESIAN_POINT('',(-0.028518737272423,0.0180744839148423,0.001));
#15155=CARTESIAN_POINT('',(-0.028518737272423,0.0180744839148423,3.49253803163972E-18));
#15156=CARTESIAN_POINT('',(-0.0283156367954758,0.0195687278927296,3.46766539673985E-18));
#15157=CARTESIAN_POINT('',(-0.0283156367954758,0.0195687278927296,0.001));
#15158=CARTESIAN_POINT('',(-0.0283156367954758,0.0195687278927296,0.001));
#15159=CARTESIAN_POINT('',(-0.028518737272423,0.0180744839148423,0.001));
#15160=CARTESIAN_POINT('',(-0.0281503546673328,0.0201773458451151,0.001));
#15161=CARTESIAN_POINT('',(-0.0281503546673328,0.0201773458451151,3.44742417382119E-18));
#15162=CARTESIAN_POINT('',(-0.0279850725391898,0.0207859637975005,3.42718295090253E-18));
#15163=CARTESIAN_POINT('',(-0.0279850725391898,0.0207859637975005,0.001));
#15164=CARTESIAN_POINT('',(-0.0279850725391898,0.0207859637975005,0.001));
#15165=CARTESIAN_POINT('',(-0.0281503546673328,0.0201773458451151,0.001));
#15166=CARTESIAN_POINT('',(-0.0279106019152605,0.0212426787620505,0.001));
#15167=CARTESIAN_POINT('',(-0.0279106019152605,0.0212426787620505,3.41806292977998E-18));
#15168=CARTESIAN_POINT('',(-0.0278361312913313,0.0216993937266005,3.40894290865742E-18));
#15169=CARTESIAN_POINT('',(-0.0278361312913313,0.0216993937266005,0.001));
#15170=CARTESIAN_POINT('',(-0.0278361312913313,0.0216993937266005,0.001));
#15171=CARTESIAN_POINT('',(-0.0279106019152605,0.0212426787620505,0.001));
#15172=CARTESIAN_POINT('',(-0.0278995628466992,0.0219735284166651,0.001));
#15173=CARTESIAN_POINT('',(-0.0278995628466992,0.0219735284166651,3.41671103378207E-18));
#15174=CARTESIAN_POINT('',(-0.0279629944020673,0.0222476631067297,3.42447915890671E-18));
#15175=CARTESIAN_POINT('',(-0.0279629944020673,0.0222476631067297,0.001));
#15176=CARTESIAN_POINT('',(-0.0279629944020673,0.0222476631067297,0.001));
#15177=CARTESIAN_POINT('',(-0.0278995628466992,0.0219735284166651,0.001));
#15178=CARTESIAN_POINT('',(-0.0280706222498392,0.0224263338844456,0.001));
#15179=CARTESIAN_POINT('',(-0.0280706222498392,0.0224263338844456,3.43765976883401E-18));
#15180=CARTESIAN_POINT('',(-0.0281782500976112,0.0226050046621616,3.45084037876131E-18));
#15181=CARTESIAN_POINT('',(-0.0281782500976112,0.0226050046621616,0.001));
#15182=CARTESIAN_POINT('',(-0.0281782500976112,0.0226050046621616,0.001));
#15183=CARTESIAN_POINT('',(-0.0280706222498392,0.0224263338844456,0.001));
#15184=CARTESIAN_POINT('',(-0.0283188188334362,0.0226927482396006,0.001));
#15185=CARTESIAN_POINT('',(-0.0283188188334362,0.0226927482396006,3.46805508400014E-18));
#15186=CARTESIAN_POINT('',(-0.0284593875692612,0.0227804918170396,3.48526978923897E-18));
#15187=CARTESIAN_POINT('',(-0.0284593875692612,0.0227804918170396,0.001));
#15188=CARTESIAN_POINT('',(-0.0284593875692612,0.0227804918170396,0.001));
#15189=CARTESIAN_POINT('',(-0.0283188188334362,0.0226927482396006,0.001));
#15190=CARTESIAN_POINT('',(-0.0286216433736659,0.0227818464911507,0.001));
#15191=CARTESIAN_POINT('',(-0.0286216433736659,0.0227818464911507,3.5051403943897E-18));
#15192=CARTESIAN_POINT('',(-0.0287838991780707,0.0227832011652619,3.52501099954044E-18));
#15193=CARTESIAN_POINT('',(-0.0287838991780707,0.0227832011652619,0.001));
#15194=CARTESIAN_POINT('',(-0.0287838991780707,0.0227832011652619,0.001));
#15195=CARTESIAN_POINT('',(-0.0286216433736659,0.0227818464911507,0.001));
#15196=CARTESIAN_POINT('',(-0.0289565874391432,0.0227027040443362,0.001));
#15197=CARTESIAN_POINT('',(-0.0289565874391432,0.0227027040443362,3.54615921215771E-18));
#15198=CARTESIAN_POINT('',(-0.0291292757002155,0.0226222069234105,3.56730742477497E-18));
#15199=CARTESIAN_POINT('',(-0.0291292757002155,0.0226222069234105,0.001));
#15200=CARTESIAN_POINT('',(-0.0291292757002155,0.0226222069234105,0.001));
#15201=CARTESIAN_POINT('',(-0.0289565874391432,0.0227027040443362,0.001));
#15202=CARTESIAN_POINT('',(-0.029301142202263,0.0224643955119584,0.001));
#15203=CARTESIAN_POINT('',(-0.029301142202263,0.0224643955119584,3.58835500093627E-18));
#15204=CARTESIAN_POINT('',(-0.0294730087043104,0.0223065841005061,3.60940257709757E-18));
#15205=CARTESIAN_POINT('',(-0.0294730087043104,0.0223065841005061,0.001));
#15206=CARTESIAN_POINT('',(-0.0294730087043104,0.0223065841005061,0.001));
#15207=CARTESIAN_POINT('',(-0.029301142202263,0.0224643955119584,0.001));
#15208=CARTESIAN_POINT('',(-0.0297692583799012,0.0217771684240639,0.001));
#15209=CARTESIAN_POINT('',(-0.0297692583799012,0.0217771684240639,3.64568269879365E-18));
#15210=CARTESIAN_POINT('',(-0.030065508055492,0.0212477527476216,3.68196282048971E-18));
#15211=CARTESIAN_POINT('',(-0.030065508055492,0.0212477527476216,0.001));
#15212=CARTESIAN_POINT('',(-0.030065508055492,0.0212477527476216,0.001));
#15213=CARTESIAN_POINT('',(-0.0297692583799012,0.0217771684240639,0.001));
#15214=CARTESIAN_POINT('',(-0.0304234728640321,0.0195197563641783,0.001));
#15215=CARTESIAN_POINT('',(-0.0304234728640321,0.0195197563641783,3.72580086618833E-18));
#15216=CARTESIAN_POINT('',(-0.0307814376725722,0.0177917599807352,3.76963891188694E-18));
#15217=CARTESIAN_POINT('',(-0.0307814376725722,0.0177917599807352,0.001));
#15218=CARTESIAN_POINT('',(-0.0307814376725722,0.0177917599807352,0.001));
#15219=CARTESIAN_POINT('',(-0.0304234728640321,0.0195197563641783,0.001));
#15220=CARTESIAN_POINT('',(-0.0308654861079344,0.0169691720647422,0.001));
#15221=CARTESIAN_POINT('',(-0.0308654861079344,0.0169691720647422,3.77993187662089E-18));
#15222=CARTESIAN_POINT('',(-0.0309495345432966,0.0161465841487493,3.79022484135485E-18));
#15223=CARTESIAN_POINT('',(-0.0309495345432966,0.0161465841487493,0.001));
#15224=CARTESIAN_POINT('',(-0.0309495345432966,0.0161465841487493,0.001));
#15225=CARTESIAN_POINT('',(-0.0308654861079344,0.0169691720647422,0.001));
#15226=CARTESIAN_POINT('',(-0.0309162647931458,0.0155555567526197,0.001));
#15227=CARTESIAN_POINT('',(-0.0309162647931458,0.0155555567526197,3.78615047205179E-18));
#15228=CARTESIAN_POINT('',(-0.030882995042995,0.0149645293564902,3.78207610274873E-18));
#15229=CARTESIAN_POINT('',(-0.030882995042995,0.0149645293564902,0.001));
#15230=CARTESIAN_POINT('',(-0.030882995042995,0.0149645293564902,0.001));
#15231=CARTESIAN_POINT('',(-0.0309162647931458,0.0155555567526197,0.001));
#15232=CARTESIAN_POINT('',(-0.0307726483377352,0.0145442424068877,0.001));
#15233=CARTESIAN_POINT('',(-0.0307726483377352,0.0145442424068877,3.76856252880945E-18));
#15234=CARTESIAN_POINT('',(-0.0306623016324754,0.0141239554572852,3.75504895487017E-18));
#15235=CARTESIAN_POINT('',(-0.0306623016324754,0.0141239554572852,0.001));
#15236=CARTESIAN_POINT('',(-0.0306623016324754,0.0141239554572852,0.001));
#15237=CARTESIAN_POINT('',(-0.0307726483377352,0.0145442424068877,0.001));
#15238=CARTESIAN_POINT('',(-0.0304978024338568,0.0137120128881393,0.001));
#15239=CARTESIAN_POINT('',(-0.0304978024338568,0.0137120128881393,3.73490361316511E-18));
#15240=CARTESIAN_POINT('',(-0.0303333032352382,0.0133000703189934,3.71475827146005E-18));
#15241=CARTESIAN_POINT('',(-0.0303333032352382,0.0133000703189934,0.001));
#15242=CARTESIAN_POINT('',(-0.0303333032352382,0.0133000703189934,0.001));
#15243=CARTESIAN_POINT('',(-0.0304978024338568,0.0137120128881393,0.001));
#15244=CARTESIAN_POINT('',(-0.0300630146468399,0.0129579269471109,0.001));
#15245=CARTESIAN_POINT('',(-0.0300630146468399,0.0129579269471109,3.68165746599724E-18));
#15246=CARTESIAN_POINT('',(-0.0297927260584415,0.0126157835752285,3.64855666053444E-18));
#15247=CARTESIAN_POINT('',(-0.0297927260584415,0.0126157835752285,0.001));
#15248=CARTESIAN_POINT('',(-0.0297927260584415,0.0126157835752285,0.001));
#15249=CARTESIAN_POINT('',(-0.0300630146468399,0.0129579269471109,0.001));
#15250=CARTESIAN_POINT('',(-0.0296017740643613,0.0124900912928043,0.001));
#15251=CARTESIAN_POINT('',(-0.0296017740643613,0.0124900912928043,3.62517178570032E-18));
#15252=CARTESIAN_POINT('',(-0.029410822070281,0.0123643990103802,3.6017869108662E-18));
#15253=CARTESIAN_POINT('',(-0.029410822070281,0.0123643990103802,0.001));
#15254=CARTESIAN_POINT('',(-0.029410822070281,0.0123643990103802,0.001));
#15255=CARTESIAN_POINT('',(-0.0296017740643613,0.0124900912928043,0.001));
#15256=CARTESIAN_POINT('',(-0.0291740587935433,0.0122792019349922,0.001));
#15257=CARTESIAN_POINT('',(-0.0291740587935433,0.0122792019349922,3.57279177196495E-18));
#15258=CARTESIAN_POINT('',(-0.0289372955168056,0.0121940048596042,3.54379663306369E-18));
#15259=CARTESIAN_POINT('',(-0.0289372955168056,0.0121940048596042,0.001));
#15260=CARTESIAN_POINT('',(-0.0289372955168056,0.0121940048596042,0.001));
#15261=CARTESIAN_POINT('',(-0.0291740587935433,0.0122792019349922,0.001));
#15262=CARTESIAN_POINT('',(-0.0285881842306444,0.0121627336400813,0.001));
#15263=CARTESIAN_POINT('',(-0.0285881842306444,0.0121627336400813,3.50104283114935E-18));
#15264=CARTESIAN_POINT('',(-0.0282390729444832,0.0121314624205583,3.458289029235E-18));
#15265=CARTESIAN_POINT('',(-0.0282390729444832,0.0121314624205583,0.001));
#15266=CARTESIAN_POINT('',(-0.0282390729444832,0.0121314624205583,0.001));
#15267=CARTESIAN_POINT('',(-0.0285881842306444,0.0121627336400813,0.001));
#15268=CARTESIAN_POINT('',(-0.027607904957676,0.0122255676966018,0.001));
#15269=CARTESIAN_POINT('',(-0.027607904957676,0.0122255676966018,3.38099324375822E-18));
#15270=CARTESIAN_POINT('',(-0.0269767369708687,0.0123196729726453,3.30369745828143E-18));
#15271=CARTESIAN_POINT('',(-0.0269767369708687,0.0123196729726453,0.001));
#15272=CARTESIAN_POINT('',(-0.0269767369708687,0.0123196729726453,0.001));
#15273=CARTESIAN_POINT('',(-0.027607904957676,0.0122255676966018,0.001));
#15274=CARTESIAN_POINT('',(-0.0266230144833896,0.0124737456578872,0.001));
#15275=CARTESIAN_POINT('',(-0.0266230144833896,0.0124737456578872,3.26037894707368E-18));
#15276=CARTESIAN_POINT('',(-0.0262692919959107,0.0126278183431291,3.21706043586592E-18));
#15277=CARTESIAN_POINT('',(-0.0262692919959107,0.0126278183431291,0.001));
#15278=CARTESIAN_POINT('',(-0.0262692919959107,0.0126278183431291,0.001));
#15279=CARTESIAN_POINT('',(-0.0266230144833896,0.0124737456578872,0.001));
#15280=CARTESIAN_POINT('',(-0.0259262147349144,0.0128852397066781,0.001));
#15281=CARTESIAN_POINT('',(-0.0259262147349144,0.0128852397066781,3.17504558891199E-18));
#15282=CARTESIAN_POINT('',(-0.0255831374739182,0.0131426610702271,3.13303074195806E-18));
#15283=CARTESIAN_POINT('',(-0.0255831374739182,0.0131426610702271,0.001));
#15284=CARTESIAN_POINT('',(-0.0255831374739182,0.0131426610702271,0.001));
#15285=CARTESIAN_POINT('',(-0.0259262147349144,0.0128852397066781,0.001));
#15286=CARTESIAN_POINT('',(-0.0252777581110302,0.0135274317057096,0.001));
#15287=CARTESIAN_POINT('',(-0.0252777581110302,0.0135274317057096,3.09563255602941E-18));
#15288=CARTESIAN_POINT('',(-0.0249723787481421,0.0139122023411922,3.05823437010076E-18));
#15289=CARTESIAN_POINT('',(-0.0249723787481421,0.0139122023411922,0.001));
#15290=CARTESIAN_POINT('',(-0.0249723787481421,0.0139122023411922,0.001));
#15291=CARTESIAN_POINT('',(-0.0252777581110302,0.0135274317057096,0.001));
#15292=CARTESIAN_POINT('',(-0.0247317503512072,0.014448324823332,0.001));
#15293=CARTESIAN_POINT('',(-0.0247317503512072,0.014448324823332,3.02876589049172E-18));
#15294=CARTESIAN_POINT('',(-0.0244911219542721,0.0149844473054717,0.));
#15295=CARTESIAN_POINT('',(-0.0244911219542721,0.0149844473054717,0.001));
#15296=CARTESIAN_POINT('',(-0.0244911219542721,0.0149844473054717,0.001));
#15297=CARTESIAN_POINT('',(-0.0247317503512072,0.014448324823332,0.001));
#15298=CARTESIAN_POINT('',(-0.0164525864183938,0.017743838037361,0.001));
#15299=CARTESIAN_POINT('',(-0.0164525864183938,0.017743838037361,2.01486072949812E-18));
#15300=CARTESIAN_POINT('',(-0.0165994047227345,0.0163040837355376,2.03284078614483E-18));
#15301=CARTESIAN_POINT('',(-0.0163057681140531,0.0191835923391843,1.99688067285141E-18));
#15302=CARTESIAN_POINT('',(-0.0163057681140531,0.0191835923391843,0.001));
#15303=CARTESIAN_POINT('',(-0.0163057681140531,0.0191835923391843,0.001));
#15304=CARTESIAN_POINT('',(-0.0164525864183938,0.017743838037361,0.001));
#15305=CARTESIAN_POINT('',(-0.0165994047227345,0.0163040837355376,0.001));
#15306=CARTESIAN_POINT('',(-0.0165994047227345,0.0163040837355376,0.001));
#15307=CARTESIAN_POINT('',(-0.0163383365558749,0.0194613353992782,0.001));
#15308=CARTESIAN_POINT('',(-0.0163383365558749,0.0194613353992782,2.00086915665444E-18));
#15309=CARTESIAN_POINT('',(-0.0163709049976968,0.0197390784593721,2.00485764045747E-18));
#15310=CARTESIAN_POINT('',(-0.0163709049976968,0.0197390784593721,0.001));
#15311=CARTESIAN_POINT('',(-0.0163709049976968,0.0197390784593721,0.001));
#15312=CARTESIAN_POINT('',(-0.0163383365558749,0.0194613353992782,0.001));
#15313=CARTESIAN_POINT('',(-0.0164635315829585,0.0199749993736763,0.001));
#15314=CARTESIAN_POINT('',(-0.0164635315829585,0.0199749993736763,2.01620112557314E-18));
#15315=CARTESIAN_POINT('',(-0.0165561581682202,0.0202109202879805,2.02754461068881E-18));
#15316=CARTESIAN_POINT('',(-0.0165561581682202,0.0202109202879805,0.001));
#15317=CARTESIAN_POINT('',(-0.0165561581682202,0.0202109202879805,0.001));
#15318=CARTESIAN_POINT('',(-0.0164635315829585,0.0199749993736763,0.001));
#15319=CARTESIAN_POINT('',(-0.016693323379443,0.0203798226727347,0.001));
#15320=CARTESIAN_POINT('',(-0.016693323379443,0.0203798226727347,2.04434250437666E-18));
#15321=CARTESIAN_POINT('',(-0.0168304885906659,0.0205487250574889,2.0611403980645E-18));
#15322=CARTESIAN_POINT('',(-0.0168304885906659,0.0205487250574889,0.001));
#15323=CARTESIAN_POINT('',(-0.0168304885906659,0.0205487250574889,0.001));
#15324=CARTESIAN_POINT('',(-0.016693323379443,0.0203798226727347,0.001));
#15325=CARTESIAN_POINT('',(-0.0169966721179322,0.0206254125289326,0.001));
#15326=CARTESIAN_POINT('',(-0.0169966721179322,0.0206254125289326,2.08149201053828E-18));
#15327=CARTESIAN_POINT('',(-0.0171628556451985,0.0207021000003764,2.10184362301205E-18));
#15328=CARTESIAN_POINT('',(-0.0171628556451985,0.0207021000003764,0.001));
#15329=CARTESIAN_POINT('',(-0.0171628556451985,0.0207021000003764,0.001));
#15330=CARTESIAN_POINT('',(-0.0169966721179322,0.0206254125289326,0.001));
#15331=CARTESIAN_POINT('',(-0.0173425383672491,0.02066137577853,0.001));
#15332=CARTESIAN_POINT('',(-0.0173425383672491,0.02066137577853,2.12384841005418E-18));
#15333=CARTESIAN_POINT('',(-0.0175222210892997,0.0206206515566835,2.14585319709631E-18));
#15334=CARTESIAN_POINT('',(-0.0175222210892997,0.0206206515566835,0.001));
#15335=CARTESIAN_POINT('',(-0.0175222210892997,0.0206206515566835,0.001));
#15336=CARTESIAN_POINT('',(-0.0173425383672491,0.02066137577853,0.001));
#15337=CARTESIAN_POINT('',(-0.0176998826962169,0.0204373188615672,0.001));
#15338=CARTESIAN_POINT('',(-0.0176998826962169,0.0204373188615672,2.16761046892056E-18));
#15339=CARTESIAN_POINT('',(-0.017877544303134,0.0202539861664508,2.18936774074481E-18));
#15340=CARTESIAN_POINT('',(-0.017877544303134,0.0202539861664508,0.001));
#15341=CARTESIAN_POINT('',(-0.017877544303134,0.0202539861664508,0.001));
#15342=CARTESIAN_POINT('',(-0.0176998826962169,0.0204373188615672,0.001));
#15343=CARTESIAN_POINT('',(-0.0180376652774391,0.0199028486143041,0.001));
#15344=CARTESIAN_POINT('',(-0.0180376652774391,0.0199028486143041,2.20897690461071E-18));
#15345=CARTESIAN_POINT('',(-0.0181977862517441,0.0195517110621575,2.22858606847661E-18));
#15346=CARTESIAN_POINT('',(-0.0181977862517441,0.0195517110621575,0.001));
#15347=CARTESIAN_POINT('',(-0.0181977862517441,0.0195517110621575,0.001));
#15348=CARTESIAN_POINT('',(-0.0180376652774391,0.0199028486143041,0.001));
#15349=CARTESIAN_POINT('',(-0.0183248470759583,0.0190075718730008,0.001));
#15350=CARTESIAN_POINT('',(-0.0183248470759583,0.0190075718730008,2.2441465316437E-18));
#15351=CARTESIAN_POINT('',(-0.0184519079001724,0.0184634326838441,2.25970699481078E-18));
#15352=CARTESIAN_POINT('',(-0.0184519079001724,0.0184634326838441,0.001));
#15353=CARTESIAN_POINT('',(-0.0184519079001724,0.0184634326838441,0.001));
#15354=CARTESIAN_POINT('',(-0.0183248470759583,0.0190075718730008,0.001));
#15355=CARTESIAN_POINT('',(-0.0186413245440974,0.0174758637664483,0.001));
#15356=CARTESIAN_POINT('',(-0.0186413245440974,0.0174758637664483,2.28290384347958E-18));
#15357=CARTESIAN_POINT('',(-0.0188307411880224,0.0164882948490525,2.30610069214838E-18));
#15358=CARTESIAN_POINT('',(-0.0188307411880224,0.0164882948490525,0.001));
#15359=CARTESIAN_POINT('',(-0.0188307411880224,0.0164882948490525,0.001));
#15360=CARTESIAN_POINT('',(-0.0186413245440974,0.0174758637664483,0.001));
#15361=CARTESIAN_POINT('',(-0.0189216212381914,0.0153910250640107,0.001));
#15362=CARTESIAN_POINT('',(-0.0189216212381914,0.0153910250640107,2.31723028840297E-18));
#15363=CARTESIAN_POINT('',(-0.0190125012883604,0.0142937552789688,2.32835988465755E-18));
#15364=CARTESIAN_POINT('',(-0.0190125012883604,0.0142937552789688,0.001));
#15365=CARTESIAN_POINT('',(-0.0190125012883604,0.0142937552789688,0.001));
#15366=CARTESIAN_POINT('',(-0.0189216212381914,0.0153910250640107,0.001));
#15367=CARTESIAN_POINT('',(-0.0190695339005009,0.013368634500403,0.001));
#15368=CARTESIAN_POINT('',(-0.0190695339005009,0.013368634500403,2.33534436524803E-18));
#15369=CARTESIAN_POINT('',(-0.0191265665126412,0.0124435137218371,2.34232884583851E-18));
#15370=CARTESIAN_POINT('',(-0.0191265665126412,0.0124435137218371,0.001));
#15371=CARTESIAN_POINT('',(-0.0191265665126412,0.0124435137218371,0.001));
#15372=CARTESIAN_POINT('',(-0.0190695339005009,0.013368634500403,0.001));
#15373=CARTESIAN_POINT('',(-0.019214439257603,0.0119723914276498,0.001));
#15374=CARTESIAN_POINT('',(-0.019214439257603,0.0119723914276498,2.35309015342347E-18));
#15375=CARTESIAN_POINT('',(-0.0193023120025647,0.0115012691334625,2.36385146100845E-18));
#15376=CARTESIAN_POINT('',(-0.0193023120025647,0.0115012691334625,0.001));
#15377=CARTESIAN_POINT('',(-0.0193023120025647,0.0115012691334625,0.001));
#15378=CARTESIAN_POINT('',(-0.019214439257603,0.0119723914276498,0.001));
#15379=CARTESIAN_POINT('',(-0.0195974447356813,0.011430944153062,0.001));
#15380=CARTESIAN_POINT('',(-0.0195974447356813,0.011430944153062,2.39999479670192E-18));
#15381=CARTESIAN_POINT('',(-0.0198925774687979,0.0113606191726615,2.43613813239541E-18));
#15382=CARTESIAN_POINT('',(-0.0198925774687979,0.0113606191726615,0.001));
#15383=CARTESIAN_POINT('',(-0.0198925774687979,0.0113606191726615,0.001));
#15384=CARTESIAN_POINT('',(-0.0195974447356813,0.011430944153062,0.001));
#15385=CARTESIAN_POINT('',(-0.0204047239229136,0.0114095974369425,0.001));
#15386=CARTESIAN_POINT('',(-0.0204047239229136,0.0114095974369425,2.49885798396815E-18));
#15387=CARTESIAN_POINT('',(-0.0209168703770292,0.0114585757012234,2.56157783554089E-18));
#15388=CARTESIAN_POINT('',(-0.0209168703770292,0.0114585757012234,0.001));
#15389=CARTESIAN_POINT('',(-0.0209168703770292,0.0114585757012234,0.001));
#15390=CARTESIAN_POINT('',(-0.0204047239229136,0.0114095974369425,0.001));
#15391=CARTESIAN_POINT('',(-0.0218509706757417,0.0116720808994807,0.001));
#15392=CARTESIAN_POINT('',(-0.0218509706757417,0.0116720808994807,2.67597212963097E-18));
#15393=CARTESIAN_POINT('',(-0.0227850709744542,0.0118855860977379,2.79036642372105E-18));
#15394=CARTESIAN_POINT('',(-0.0227850709744542,0.0118855860977379,0.001));
#15395=CARTESIAN_POINT('',(-0.0227850709744542,0.0118855860977379,0.001));
#15396=CARTESIAN_POINT('',(-0.0218509706757417,0.0116720808994807,0.001));
#15397=CARTESIAN_POINT('',(-0.0230734386576222,0.0119224463880453,0.001));
#15398=CARTESIAN_POINT('',(-0.0230734386576222,0.0119224463880453,2.82568127973798E-18));
#15399=CARTESIAN_POINT('',(-0.0233618063407903,0.0119593066783527,2.86099613575492E-18));
#15400=CARTESIAN_POINT('',(-0.0233618063407903,0.0119593066783527,0.001));
#15401=CARTESIAN_POINT('',(-0.0233618063407903,0.0119593066783527,0.001));
#15402=CARTESIAN_POINT('',(-0.0230734386576222,0.0119224463880453,0.001));
#15403=CARTESIAN_POINT('',(-0.0236586554963256,0.0119051098084215,0.001));
#15404=CARTESIAN_POINT('',(-0.0236586554963256,0.0119051098084215,2.89734967257051E-18));
#15405=CARTESIAN_POINT('',(-0.0239555046518609,0.0118509129384904,2.9337032093861E-18));
#15406=CARTESIAN_POINT('',(-0.0239555046518609,0.0118509129384904,0.001));
#15407=CARTESIAN_POINT('',(-0.0239555046518609,0.0118509129384904,0.001));
#15408=CARTESIAN_POINT('',(-0.0236586554963256,0.0119051098084215,0.001));
#15409=CARTESIAN_POINT('',(-0.0241632523860908,0.0117125285601894,0.001));
#15410=CARTESIAN_POINT('',(-0.0241632523860908,0.0117125285601894,2.95914496916159E-18));
#15411=CARTESIAN_POINT('',(-0.0243710001203209,0.0115741441818885,2.98458672893707E-18));
#15412=CARTESIAN_POINT('',(-0.0243710001203209,0.0115741441818885,0.001));
#15413=CARTESIAN_POINT('',(-0.0243710001203209,0.0115741441818885,0.001));
#15414=CARTESIAN_POINT('',(-0.0241632523860908,0.0117125285601894,0.001));
#15415=CARTESIAN_POINT('',(-0.0244109663744649,0.0114755283442535,0.001));
#15416=CARTESIAN_POINT('',(-0.0244109663744649,0.0114755283442535,2.9894811834582E-18));
#15417=CARTESIAN_POINT('',(-0.0244509326286088,0.0113769125066185,2.99437563797933E-18));
#15418=CARTESIAN_POINT('',(-0.0244509326286088,0.0113769125066185,0.001));
#15419=CARTESIAN_POINT('',(-0.0244509326286088,0.0113769125066185,0.001));
#15420=CARTESIAN_POINT('',(-0.0244109663744649,0.0114755283442535,0.001));
#15421=CARTESIAN_POINT('',(-0.0244320293974976,0.011259826505671,0.001));
#15422=CARTESIAN_POINT('',(-0.0244320293974976,0.011259826505671,2.99206065983195E-18));
#15423=CARTESIAN_POINT('',(-0.0244131261663865,0.0111427405047234,2.98974568168457E-18));
#15424=CARTESIAN_POINT('',(-0.0244131261663865,0.0111427405047234,0.001));
#15425=CARTESIAN_POINT('',(-0.0244131261663865,0.0111427405047234,0.001));
#15426=CARTESIAN_POINT('',(-0.0244320293974976,0.011259826505671,0.001));
#15427=CARTESIAN_POINT('',(-0.0242967161157265,0.0109387730997401,0.001));
#15428=CARTESIAN_POINT('',(-0.0242967161157265,0.0109387730997401,2.97548956209164E-18));
#15429=CARTESIAN_POINT('',(-0.0241803060650667,0.0107348056947569,2.96123344249872E-18));
#15430=CARTESIAN_POINT('',(-0.0241803060650667,0.0107348056947569,0.001));
#15431=CARTESIAN_POINT('',(-0.0241803060650667,0.0107348056947569,0.001));
#15432=CARTESIAN_POINT('',(-0.0242967161157265,0.0109387730997401,0.001));
#15433=CARTESIAN_POINT('',(-0.0240294970389806,0.0106173943976861,0.001));
#15434=CARTESIAN_POINT('',(-0.0240294970389806,0.0106173943976861,2.94276466339083E-18));
#15435=CARTESIAN_POINT('',(-0.0238786880128944,0.0104999831006153,2.92429588428294E-18));
#15436=CARTESIAN_POINT('',(-0.0238786880128944,0.0104999831006153,0.001));
#15437=CARTESIAN_POINT('',(-0.0238786880128944,0.0104999831006153,0.001));
#15438=CARTESIAN_POINT('',(-0.0240294970389806,0.0106173943976861,0.001));
#15439=CARTESIAN_POINT('',(-0.0236463782421553,0.0104055941314851,0.001));
#15440=CARTESIAN_POINT('',(-0.0236463782421553,0.0104055941314851,2.89584614256831E-18));
#15441=CARTESIAN_POINT('',(-0.0234140684714162,0.0103112051623549,2.86739640085368E-18));
#15442=CARTESIAN_POINT('',(-0.0234140684714162,0.0103112051623549,0.001));
#15443=CARTESIAN_POINT('',(-0.0234140684714162,0.0103112051623549,0.001));
#15444=CARTESIAN_POINT('',(-0.0236463782421553,0.0104055941314851,0.001));
#15445=CARTESIAN_POINT('',(-0.0229362207492199,0.010166883040202,0.001));
#15446=CARTESIAN_POINT('',(-0.0229362207492199,0.010166883040202,2.80887693250692E-18));
#15447=CARTESIAN_POINT('',(-0.0224583730270236,0.0100225609180491,2.75035746416017E-18));
#15448=CARTESIAN_POINT('',(-0.0224583730270236,0.0100225609180491,0.001));
#15449=CARTESIAN_POINT('',(-0.0224583730270236,0.0100225609180491,0.001));
#15450=CARTESIAN_POINT('',(-0.0229362207492199,0.010166883040202,0.001));
#15451=CARTESIAN_POINT('',(-0.0214643144321587,0.00978565817208438,0.001));
#15452=CARTESIAN_POINT('',(-0.0214643144321587,0.00978565817208438,2.62862039652355E-18));
#15453=CARTESIAN_POINT('',(-0.0204702558372939,0.00954875542611961,2.50688332888694E-18));
#15454=CARTESIAN_POINT('',(-0.0204702558372939,0.00954875542611961,0.001));
#15455=CARTESIAN_POINT('',(-0.0204702558372939,0.00954875542611961,0.001));
#15456=CARTESIAN_POINT('',(-0.0214643144321587,0.00978565817208438,0.001));
#15457=CARTESIAN_POINT('',(-0.0194691996116958,0.00942302827638871,0.001));
#15458=CARTESIAN_POINT('',(-0.0194691996116958,0.00942302827638871,2.38428929864242E-18));
#15459=CARTESIAN_POINT('',(-0.0184681433860977,0.0092973011266578,2.26169526839789E-18));
#15460=CARTESIAN_POINT('',(-0.0184681433860977,0.0092973011266578,0.001));
#15461=CARTESIAN_POINT('',(-0.0184681433860977,0.0092973011266578,0.001));
#15462=CARTESIAN_POINT('',(-0.0194691996116958,0.00942302827638871,0.001));
#15463=CARTESIAN_POINT('',(-0.0181241203494059,0.00933980160005156,0.001));
#15464=CARTESIAN_POINT('',(-0.0181241203494059,0.00933980160005156,2.21956459732613E-18));
#15465=CARTESIAN_POINT('',(-0.017780097312714,0.00938230207344531,2.17743392625436E-18));
#15466=CARTESIAN_POINT('',(-0.017780097312714,0.00938230207344531,0.001));
#15467=CARTESIAN_POINT('',(-0.017780097312714,0.00938230207344531,0.001));
#15468=CARTESIAN_POINT('',(-0.0181241203494059,0.00933980160005156,0.001));
#15469=CARTESIAN_POINT('',(-0.0176750595511265,0.00944103644788683,0.001));
#15470=CARTESIAN_POINT('',(-0.0176750595511265,0.00944103644788683,2.16457051040259E-18));
#15471=CARTESIAN_POINT('',(-0.017570021789539,0.00949977082232835,2.15170709455082E-18));
#15472=CARTESIAN_POINT('',(-0.017570021789539,0.00949977082232835,0.001));
#15473=CARTESIAN_POINT('',(-0.017570021789539,0.00949977082232835,0.001));
#15474=CARTESIAN_POINT('',(-0.0176750595511265,0.00944103644788683,0.001));
#15475=CARTESIAN_POINT('',(-0.0175202419734222,0.00958773945238364,0.001));
#15476=CARTESIAN_POINT('',(-0.0175202419734222,0.00958773945238364,2.14561082530386E-18));
#15477=CARTESIAN_POINT('',(-0.0174704621573054,0.00967570808243893,2.13951455605689E-18));
#15478=CARTESIAN_POINT('',(-0.0174704621573054,0.00967570808243893,0.001));
#15479=CARTESIAN_POINT('',(-0.0174704621573054,0.00967570808243893,0.001));
#15480=CARTESIAN_POINT('',(-0.0175202419734222,0.00958773945238364,0.001));
#15481=CARTESIAN_POINT('',(-0.0172550301441307,0.0114245309459362,0.001));
#15482=CARTESIAN_POINT('',(-0.0172550301441307,0.0114245309459362,2.11313174352007E-18));
#15483=CARTESIAN_POINT('',(-0.0170395981309561,0.0131733538094334,0.));
#15484=CARTESIAN_POINT('',(-0.0170395981309561,0.0131733538094334,0.001));
#15485=CARTESIAN_POINT('',(-0.0170395981309561,0.0131733538094334,0.001));
#15486=CARTESIAN_POINT('',(-0.0172550301441307,0.0114245309459362,0.001));
#15487=CARTESIAN_POINT('',(0.0377614021717085,0.0293717298262546,0.001));
#15488=CARTESIAN_POINT('',(0.0377614021717085,0.0293717298262546,-4.62443803008986E-18));
#15489=CARTESIAN_POINT('',(0.0374355683787782,0.0309560772642969,-4.58453489893325E-18));
#15490=CARTESIAN_POINT('',(0.0380872359646387,0.0277873823882122,-4.66434116124647E-18));
#15491=CARTESIAN_POINT('',(0.0374355683787782,0.0309560772642969,0.001));
#15492=CARTESIAN_POINT('',(0.0374355683787782,0.0309560772642969,0.001));
#15493=CARTESIAN_POINT('',(0.0377614021717085,0.0293717298262546,0.001));
#15494=CARTESIAN_POINT('',(0.0380872359646387,0.0277873823882122,0.001));
#15495=CARTESIAN_POINT('',(0.0380872359646387,0.0277873823882122,0.001));
#15496=CARTESIAN_POINT('',(0.0373092207494748,0.0313097502243515,0.001));
#15497=CARTESIAN_POINT('',(0.0373092207494748,0.0313097502243515,-4.56906177695264E-18));
#15498=CARTESIAN_POINT('',(0.0371828731201716,0.031663423184406,-4.55358865497202E-18));
#15499=CARTESIAN_POINT('',(0.0371828731201716,0.031663423184406,0.001));
#15500=CARTESIAN_POINT('',(0.0371828731201716,0.031663423184406,0.001));
#15501=CARTESIAN_POINT('',(0.0373092207494748,0.0313097502243515,0.001));
#15502=CARTESIAN_POINT('',(0.0369655281597583,0.0319153430416569,0.001));
#15503=CARTESIAN_POINT('',(0.0369655281597583,0.0319153430416569,-4.52697157396394E-18));
#15504=CARTESIAN_POINT('',(0.0367481831993451,0.0321672628989077,-4.50035449295585E-18));
#15505=CARTESIAN_POINT('',(0.0367481831993451,0.0321672628989077,0.001));
#15506=CARTESIAN_POINT('',(0.0367481831993451,0.0321672628989077,0.001));
#15507=CARTESIAN_POINT('',(0.0369655281597583,0.0319153430416569,0.001));
#15508=CARTESIAN_POINT('',(0.0364716945698554,0.0322955714179963,0.001));
#15509=CARTESIAN_POINT('',(0.0364716945698554,0.0322955714179963,-4.46649440144534E-18));
#15510=CARTESIAN_POINT('',(0.0361952059403658,0.032423879937085,-4.43263430993482E-18));
#15511=CARTESIAN_POINT('',(0.0361952059403658,0.032423879937085,0.001));
#15512=CARTESIAN_POINT('',(0.0361952059403658,0.032423879937085,0.001));
#15513=CARTESIAN_POINT('',(0.0364716945698554,0.0322955714179963,0.001));
#15514=CARTESIAN_POINT('',(0.0358914265113943,0.0324067188826531,0.001));
#15515=CARTESIAN_POINT('',(0.0358914265113943,0.0324067188826531,-4.39543205940115E-18));
#15516=CARTESIAN_POINT('',(0.0355876470824229,0.0323895578282214,-4.35822980886748E-18));
#15517=CARTESIAN_POINT('',(0.0355876470824229,0.0323895578282214,0.001));
#15518=CARTESIAN_POINT('',(0.0355876470824229,0.0323895578282214,0.001));
#15519=CARTESIAN_POINT('',(0.0358914265113943,0.0324067188826531,0.001));
#15520=CARTESIAN_POINT('',(0.0352884297235643,0.0322050685686913,0.001));
#15521=CARTESIAN_POINT('',(0.0352884297235643,0.0322050685686913,-4.32158625078993E-18));
#15522=CARTESIAN_POINT('',(0.0349892123647058,0.0320205793091612,-4.28494269271238E-18));
#15523=CARTESIAN_POINT('',(0.0349892123647058,0.0320205793091612,0.001));
#15524=CARTESIAN_POINT('',(0.0349892123647058,0.0320205793091612,0.001));
#15525=CARTESIAN_POINT('',(0.0352884297235643,0.0322050685686913,0.001));
#15526=CARTESIAN_POINT('',(0.0347264103417741,0.0316469036091745,0.001));
#15527=CARTESIAN_POINT('',(0.0347264103417741,0.0316469036091745,-4.25275872709311E-18));
#15528=CARTESIAN_POINT('',(0.0344636083188423,0.0312732279091879,-4.22057476147384E-18));
#15529=CARTESIAN_POINT('',(0.0344636083188423,0.0312732279091879,0.001));
#15530=CARTESIAN_POINT('',(0.0344636083188423,0.0312732279091879,0.001));
#15531=CARTESIAN_POINT('',(0.0347264103417741,0.0316469036091745,0.001));
#15532=CARTESIAN_POINT('',(0.0342690745014323,0.0306885075333863,0.001));
#15533=CARTESIAN_POINT('',(0.0342690745014323,0.0306885075333863,-4.19675123979211E-18));
#15534=CARTESIAN_POINT('',(0.0340745406840221,0.0301037871575848,-4.1729277181104E-18));
#15535=CARTESIAN_POINT('',(0.0340745406840221,0.0301037871575848,0.001));
#15536=CARTESIAN_POINT('',(0.0340745406840221,0.0301037871575848,0.001));
#15537=CARTESIAN_POINT('',(0.0342690745014323,0.0306885075333863,0.001));
#15538=CARTESIAN_POINT('',(0.0339801283379476,0.0292861630781711,0.001));
#15539=CARTESIAN_POINT('',(0.0339801283379476,0.0292861630781711,-4.16136554036838E-18));
#15540=CARTESIAN_POINT('',(0.0338857159918731,0.0284685389987575,-4.14980336262636E-18));
#15541=CARTESIAN_POINT('',(0.0338857159918731,0.0284685389987575,0.001));
#15542=CARTESIAN_POINT('',(0.0338857159918731,0.0284685389987575,0.001));
#15543=CARTESIAN_POINT('',(0.0339801283379476,0.0292861630781711,0.001));
#15544=CARTESIAN_POINT('',(0.033975949808209,0.0279382888842695,0.001));
#15545=CARTESIAN_POINT('',(0.033975949808209,0.0279382888842695,-4.16085381806142E-18));
#15546=CARTESIAN_POINT('',(0.0340661836245449,0.0274080387697816,-4.17190427349649E-18));
#15547=CARTESIAN_POINT('',(0.0340661836245449,0.0274080387697816,0.001));
#15548=CARTESIAN_POINT('',(0.0340661836245449,0.0274080387697816,0.001));
#15549=CARTESIAN_POINT('',(0.033975949808209,0.0279382888842695,0.001));
#15550=CARTESIAN_POINT('',(0.0341071903508199,0.0270371453223859,0.001));
#15551=CARTESIAN_POINT('',(0.0341071903508199,0.0270371453223859,-4.17692614910411E-18));
#15552=CARTESIAN_POINT('',(0.0341481970770948,0.0266662518749902,-4.18194802471172E-18));
#15553=CARTESIAN_POINT('',(0.0341481970770948,0.0266662518749902,0.001));
#15554=CARTESIAN_POINT('',(0.0341481970770948,0.0266662518749902,0.001));
#15555=CARTESIAN_POINT('',(0.0341071903508199,0.0270371453223859,0.001));
#15556=CARTESIAN_POINT('',(0.0333943603580659,0.0263415908914688,0.001));
#15557=CARTESIAN_POINT('',(0.0333943603580659,0.0263415908914688,-4.08962965220786E-18));
#15558=CARTESIAN_POINT('',(0.0326405236390369,0.0260169299079475,-3.997311279704E-18));
#15559=CARTESIAN_POINT('',(0.0326405236390369,0.0260169299079475,0.001));
#15560=CARTESIAN_POINT('',(0.0326405236390369,0.0260169299079475,0.001));
#15561=CARTESIAN_POINT('',(0.0333943603580659,0.0263415908914688,0.001));
#15562=CARTESIAN_POINT('',(0.0318998727052507,0.0257366839299361,0.001));
#15563=CARTESIAN_POINT('',(0.0318998727052507,0.0257366839299361,-3.90660770016933E-18));
#15564=CARTESIAN_POINT('',(0.0311592217714646,0.0254564379519246,-3.81590412063466E-18));
#15565=CARTESIAN_POINT('',(0.0311592217714646,0.0254564379519246,0.001));
#15566=CARTESIAN_POINT('',(0.0311592217714646,0.0254564379519246,0.001));
#15567=CARTESIAN_POINT('',(0.0318998727052507,0.0257366839299361,0.001));
#15568=CARTESIAN_POINT('',(0.030856123443633,0.0261376040717352,0.001));
#15569=CARTESIAN_POINT('',(0.030856123443633,0.0261376040717352,-3.77878528093407E-18));
#15570=CARTESIAN_POINT('',(0.0305530251158013,0.026818770191546,-3.74166644123348E-18));
#15571=CARTESIAN_POINT('',(0.0305530251158013,0.026818770191546,0.001));
#15572=CARTESIAN_POINT('',(0.0305530251158013,0.026818770191546,0.001));
#15573=CARTESIAN_POINT('',(0.030856123443633,0.0261376040717352,0.001));
#15574=CARTESIAN_POINT('',(0.0300072911435801,0.02791868394861,0.001));
#15575=CARTESIAN_POINT('',(0.0300072911435801,0.02791868394861,-3.67483330500681E-18));
#15576=CARTESIAN_POINT('',(0.029461557171359,0.0290185977056739,-3.60800016878016E-18));
#15577=CARTESIAN_POINT('',(0.029461557171359,0.0290185977056739,0.001));
#15578=CARTESIAN_POINT('',(0.029461557171359,0.0290185977056739,0.001));
#15579=CARTESIAN_POINT('',(0.0300072911435801,0.02791868394861,0.001));
#15580=CARTESIAN_POINT('',(0.0292050792061893,0.0294805661431809,0.001));
#15581=CARTESIAN_POINT('',(0.0292050792061893,0.0294805661431809,-3.57659067687046E-18));
#15582=CARTESIAN_POINT('',(0.0289486012410195,0.0299425345806879,-3.54518118496077E-18));
#15583=CARTESIAN_POINT('',(0.0289486012410195,0.0299425345806879,0.001));
#15584=CARTESIAN_POINT('',(0.0289486012410195,0.0299425345806879,0.001));
#15585=CARTESIAN_POINT('',(0.0292050792061893,0.0294805661431809,0.001));
#15586=CARTESIAN_POINT('',(0.0286522937173971,0.0302088348246572,0.001));
#15587=CARTESIAN_POINT('',(0.0286522937173971,0.0302088348246572,-3.50889397892402E-18));
#15588=CARTESIAN_POINT('',(0.0283559861937747,0.0304751350686264,-3.47260677288726E-18));
#15589=CARTESIAN_POINT('',(0.0283559861937747,0.0304751350686264,0.001));
#15590=CARTESIAN_POINT('',(0.0283559861937747,0.0304751350686264,0.001));
#15591=CARTESIAN_POINT('',(0.0286522937173971,0.0302088348246572,0.001));
#15592=CARTESIAN_POINT('',(0.0280486883365765,0.0305726260393992,0.001));
#15593=CARTESIAN_POINT('',(0.0280486883365765,0.0305726260393992,-3.43497363916701E-18));
#15594=CARTESIAN_POINT('',(0.0277413904793784,0.0306701170101722,-3.39734050544675E-18));
#15595=CARTESIAN_POINT('',(0.0277413904793784,0.0306701170101722,0.001));
#15596=CARTESIAN_POINT('',(0.0277413904793784,0.0306701170101722,0.001));
#15597=CARTESIAN_POINT('',(0.0280486883365765,0.0305726260393992,0.001));
#15598=CARTESIAN_POINT('',(0.0274519419097009,0.0306256572318706,0.001));
#15599=CARTESIAN_POINT('',(0.0274519419097009,0.0306256572318706,-3.36189327900943E-18));
#15600=CARTESIAN_POINT('',(0.0271624933400236,0.0305811974535691,-3.32644605257212E-18));
#15601=CARTESIAN_POINT('',(0.0271624933400236,0.0305811974535691,0.001));
#15602=CARTESIAN_POINT('',(0.0271624933400236,0.0305811974535691,0.001));
#15603=CARTESIAN_POINT('',(0.0274519419097009,0.0306256572318706,0.001));
#15604=CARTESIAN_POINT('',(0.0269197324903052,0.0304216454503152,0.001));
#15605=CARTESIAN_POINT('',(0.0269197324903052,0.0304216454503152,-3.29671642281553E-18));
#15606=CARTESIAN_POINT('',(0.0266769716405869,0.0302620934470611,-3.26698679305894E-18));
#15607=CARTESIAN_POINT('',(0.0266769716405869,0.0302620934470611,0.001));
#15608=CARTESIAN_POINT('',(0.0266769716405869,0.0302620934470611,0.001));
#15609=CARTESIAN_POINT('',(0.0269197324903052,0.0304216454503152,0.001));
#15610=CARTESIAN_POINT('',(0.0265097389243628,0.0300143077429767,0.001));
#15611=CARTESIAN_POINT('',(0.0265097389243628,0.0300143077429767,-3.24650669199529E-18));
#15612=CARTESIAN_POINT('',(0.0263425062081388,0.0297665220388923,-3.22602659093165E-18));
#15613=CARTESIAN_POINT('',(0.0263425062081388,0.0297665220388923,0.001));
#15614=CARTESIAN_POINT('',(0.0263425062081388,0.0297665220388923,0.001));
#15615=CARTESIAN_POINT('',(0.0265097389243628,0.0300143077429767,0.001));
#15616=CARTESIAN_POINT('',(0.0262796404540666,0.0294573607618799,0.001));
#15617=CARTESIAN_POINT('',(0.0262796404540666,0.0294573607618799,-3.2183277564816E-18));
#15618=CARTESIAN_POINT('',(0.0262167746999946,0.0291481994848676,-3.21062892203156E-18));
#15619=CARTESIAN_POINT('',(0.0262167746999946,0.0291481994848676,0.001));
#15620=CARTESIAN_POINT('',(0.0262167746999946,0.0291481994848676,0.001));
#15621=CARTESIAN_POINT('',(0.0262796404540666,0.0294573607618799,0.001));
#15622=CARTESIAN_POINT('',(0.026287114736732,0.0288045219514881,0.001));
#15623=CARTESIAN_POINT('',(0.026287114736732,0.0288045219514881,-3.21924309211581E-18));
#15624=CARTESIAN_POINT('',(0.0263574547734695,0.0284608444181086,-3.22785726220005E-18));
#15625=CARTESIAN_POINT('',(0.0263574547734695,0.0284608444181086,0.001));
#15626=CARTESIAN_POINT('',(0.0263574547734695,0.0284608444181086,0.001));
#15627=CARTESIAN_POINT('',(0.026287114736732,0.0288045219514881,0.001));
#15628=CARTESIAN_POINT('',(0.0266573671011467,0.0271691137200252,0.001));
#15629=CARTESIAN_POINT('',(0.0266573671011467,0.0271691137200252,-3.26458592941153E-18));
#15630=CARTESIAN_POINT('',(0.026957279428824,0.025877383021942,-3.30131459662301E-18));
#15631=CARTESIAN_POINT('',(0.026957279428824,0.025877383021942,0.001));
#15632=CARTESIAN_POINT('',(0.026957279428824,0.025877383021942,0.001));
#15633=CARTESIAN_POINT('',(0.0266573671011467,0.0271691137200252,0.001));
#15634=CARTESIAN_POINT('',(0.0273794432697001,0.0244158437853483,0.001));
#15635=CARTESIAN_POINT('',(0.0273794432697001,0.0244158437853483,-3.35301475626747E-18));
#15636=CARTESIAN_POINT('',(0.0278016071105762,0.0229543045487548,-3.40471491591194E-18));
#15637=CARTESIAN_POINT('',(0.0278016071105762,0.0229543045487548,0.001));
#15638=CARTESIAN_POINT('',(0.0278016071105762,0.0229543045487548,0.001));
#15639=CARTESIAN_POINT('',(0.0273794432697001,0.0244158437853483,0.001));
#15640=CARTESIAN_POINT('',(0.0284805179495911,0.020802882761882,0.001));
#15641=CARTESIAN_POINT('',(0.0284805179495911,0.020802882761882,-3.48785751450255E-18));
#15642=CARTESIAN_POINT('',(0.0291594287886061,0.0186514609750094,-3.57100011309316E-18));
#15643=CARTESIAN_POINT('',(0.0291594287886061,0.0186514609750094,0.001));
#15644=CARTESIAN_POINT('',(0.0291594287886061,0.0186514609750094,0.001));
#15645=CARTESIAN_POINT('',(0.0284805179495911,0.020802882761882,0.001));
#15646=CARTESIAN_POINT('',(0.0293783304950219,0.0182194815910635,0.001));
#15647=CARTESIAN_POINT('',(0.0293783304950219,0.0182194815910635,-3.59780784050216E-18));
#15648=CARTESIAN_POINT('',(0.0295972322014376,0.0177875022071175,-3.62461556791115E-18));
#15649=CARTESIAN_POINT('',(0.0295972322014376,0.0177875022071175,0.001));
#15650=CARTESIAN_POINT('',(0.0295972322014376,0.0177875022071175,0.001));
#15651=CARTESIAN_POINT('',(0.0293783304950219,0.0182194815910635,0.001));
#15652=CARTESIAN_POINT('',(0.0298875877173099,0.0174672123159607,0.001));
#15653=CARTESIAN_POINT('',(0.0298875877173099,0.0174672123159607,-3.66017386322393E-18));
#15654=CARTESIAN_POINT('',(0.0301779432331822,0.0171469224248038,-3.69573215853671E-18));
#15655=CARTESIAN_POINT('',(0.0301779432331822,0.0171469224248038,0.001));
#15656=CARTESIAN_POINT('',(0.0301779432331822,0.0171469224248038,0.001));
#15657=CARTESIAN_POINT('',(0.0298875877173099,0.0174672123159607,0.001));
#15658=CARTESIAN_POINT('',(0.0305000703936732,0.016948597184004,0.001));
#15659=CARTESIAN_POINT('',(0.0305000703936732,0.016948597184004,-3.73518135813808E-18));
#15660=CARTESIAN_POINT('',(0.0308221975541642,0.0167502719432041,-3.77463055773945E-18));
#15661=CARTESIAN_POINT('',(0.0308221975541642,0.0167502719432041,0.001));
#15662=CARTESIAN_POINT('',(0.0308221975541642,0.0167502719432041,0.001));
#15663=CARTESIAN_POINT('',(0.0305000703936732,0.016948597184004,0.001));
#15664=CARTESIAN_POINT('',(0.031136414194436,0.0166841861141095,0.001));
#15665=CARTESIAN_POINT('',(0.031136414194436,0.0166841861141095,-3.81311099801423E-18));
#15666=CARTESIAN_POINT('',(0.0314506308347079,0.0166181002850151,-3.85159143828901E-18));
#15667=CARTESIAN_POINT('',(0.0314506308347079,0.0166181002850151,0.001));
#15668=CARTESIAN_POINT('',(0.0314506308347079,0.0166181002850151,0.001));
#15669=CARTESIAN_POINT('',(0.031136414194436,0.0166841861141095,0.001));
#15670=CARTESIAN_POINT('',(0.0317172551861422,0.0166945298176328,0.001));
#15671=CARTESIAN_POINT('',(0.0317172551861422,0.0166945298176328,-3.88424350414488E-18));
#15672=CARTESIAN_POINT('',(0.0319838795375764,0.0167709593502504,-3.91689557000076E-18));
#15673=CARTESIAN_POINT('',(0.0319838795375764,0.0167709593502504,0.001));
#15674=CARTESIAN_POINT('',(0.0319838795375764,0.0167709593502504,0.001));
#15675=CARTESIAN_POINT('',(0.0317172551861422,0.0166945298176328,0.001));
#15676=CARTESIAN_POINT('',(0.0321632290391159,0.0170001794021481,0.001));
#15677=CARTESIAN_POINT('',(0.0321632290391159,0.0170001794021481,-3.93885954929965E-18));
#15678=CARTESIAN_POINT('',(0.0323425785406553,0.0172293994540458,-3.96082352859854E-18));
#15679=CARTESIAN_POINT('',(0.0323425785406553,0.0172293994540458,0.001));
#15680=CARTESIAN_POINT('',(0.0323425785406553,0.0172293994540458,0.001));
#15681=CARTESIAN_POINT('',(0.0321632290391159,0.0170001794021481,0.001));
#15682=CARTESIAN_POINT('',(0.0323949718199009,0.0176216851827915,0.001));
#15683=CARTESIAN_POINT('',(0.0323949718199009,0.0176216851827915,-3.96723985477104E-18));
#15684=CARTESIAN_POINT('',(0.0324473650991465,0.0180139709115371,-3.97365618094353E-18));
#15685=CARTESIAN_POINT('',(0.0324473650991465,0.0180139709115371,0.001));
#15686=CARTESIAN_POINT('',(0.0324473650991465,0.0180139709115371,0.001));
#15687=CARTESIAN_POINT('',(0.0323949718199009,0.0176216851827915,0.001));
#15688=CARTESIAN_POINT('',(0.0323331188026021,0.0185795974746985,0.001));
#15689=CARTESIAN_POINT('',(0.0323331188026021,0.0185795974746985,-3.95966504480578E-18));
#15690=CARTESIAN_POINT('',(0.0322188725060578,0.01914522403786,-3.94567390866803E-18));
#15691=CARTESIAN_POINT('',(0.0322188725060578,0.01914522403786,0.001));
#15692=CARTESIAN_POINT('',(0.0322188725060578,0.01914522403786,0.001));
#15693=CARTESIAN_POINT('',(0.0323331188026021,0.0185795974746985,0.001));
#15694=CARTESIAN_POINT('',(0.0319275418942547,0.0206341555061005,0.001));
#15695=CARTESIAN_POINT('',(0.0319275418942547,0.0206341555061005,-3.9099961985442E-18));
#15696=CARTESIAN_POINT('',(0.0316362112824516,0.0221230869743409,-3.87431848842037E-18));
#15697=CARTESIAN_POINT('',(0.0316362112824516,0.0221230869743409,0.001));
#15698=CARTESIAN_POINT('',(0.0316362112824516,0.0221230869743409,0.001));
#15699=CARTESIAN_POINT('',(0.0319275418942547,0.0206341555061005,0.001));
#15700=CARTESIAN_POINT('',(0.0334254786369024,0.0228090608202893,0.001));
#15701=CARTESIAN_POINT('',(0.0334254786369024,0.0228090608202893,-4.09344054226507E-18));
#15702=CARTESIAN_POINT('',(0.0352147459913533,0.0234950346662378,-4.31256259610979E-18));
#15703=CARTESIAN_POINT('',(0.0352147459913533,0.0234950346662378,0.001));
#15704=CARTESIAN_POINT('',(0.0352147459913533,0.0234950346662378,0.001));
#15705=CARTESIAN_POINT('',(0.0334254786369024,0.0228090608202893,0.001));
#15706=CARTESIAN_POINT('',(0.0359002063369659,0.0221609310774058,0.001));
#15707=CARTESIAN_POINT('',(0.0359002063369659,0.0221609310774058,-4.39650727792949E-18));
#15708=CARTESIAN_POINT('',(0.0365856666825785,0.020826827488574,-4.48045195974917E-18));
#15709=CARTESIAN_POINT('',(0.0365856666825785,0.020826827488574,0.001));
#15710=CARTESIAN_POINT('',(0.0365856666825785,0.020826827488574,0.001));
#15711=CARTESIAN_POINT('',(0.0359002063369659,0.0221609310774058,0.001));
#15712=CARTESIAN_POINT('',(0.0368571185711202,0.020430275269384,0.001));
#15713=CARTESIAN_POINT('',(0.0368571185711202,0.020430275269384,-4.51369522839169E-18));
#15714=CARTESIAN_POINT('',(0.0371285704596619,0.0200337230501942,-4.5469384970342E-18));
#15715=CARTESIAN_POINT('',(0.0371285704596619,0.0200337230501942,0.001));
#15716=CARTESIAN_POINT('',(0.0371285704596619,0.0200337230501942,0.001));
#15717=CARTESIAN_POINT('',(0.0368571185711202,0.020430275269384,0.001));
#15718=CARTESIAN_POINT('',(0.0374795657690458,0.0197329160591233,0.001));
#15719=CARTESIAN_POINT('',(0.0374795657690458,0.0197329160591233,-4.58992302524947E-18));
#15720=CARTESIAN_POINT('',(0.0378305610784297,0.0194321090680524,-4.63290755346474E-18));
#15721=CARTESIAN_POINT('',(0.0378305610784297,0.0194321090680524,0.001));
#15722=CARTESIAN_POINT('',(0.0378305610784297,0.0194321090680524,0.001));
#15723=CARTESIAN_POINT('',(0.0374795657690458,0.0197329160591233,0.001));
#15724=CARTESIAN_POINT('',(0.0382074366462496,0.0192568120984839,0.001));
#15725=CARTESIAN_POINT('',(0.0382074366462496,0.0192568120984839,-4.67906149924548E-18));
#15726=CARTESIAN_POINT('',(0.0385843122140694,0.0190815151289155,-4.72521544502622E-18));
#15727=CARTESIAN_POINT('',(0.0385843122140694,0.0190815151289155,0.001));
#15728=CARTESIAN_POINT('',(0.0385843122140694,0.0190815151289155,0.001));
#15729=CARTESIAN_POINT('',(0.0382074366462496,0.0192568120984839,0.001));
#15730=CARTESIAN_POINT('',(0.0389334040854802,0.0190614929742331,0.001));
#15731=CARTESIAN_POINT('',(0.0389334040854802,0.0190614929742331,-4.76796686931938E-18));
#15732=CARTESIAN_POINT('',(0.039282495956891,0.0190414708195507,-4.81071829361254E-18));
#15733=CARTESIAN_POINT('',(0.039282495956891,0.0190414708195507,0.001));
#15734=CARTESIAN_POINT('',(0.039282495956891,0.0190414708195507,0.001));
#15735=CARTESIAN_POINT('',(0.0389334040854802,0.0190614929742331,0.001));
#15736=CARTESIAN_POINT('',(0.0395501413657059,0.0192064878769185,0.001));
#15737=CARTESIAN_POINT('',(0.0395501413657059,0.0192064878769185,-4.84349540293371E-18));
#15738=CARTESIAN_POINT('',(0.0398177867745209,0.0193715049342863,-4.87627251225488E-18));
#15739=CARTESIAN_POINT('',(0.0398177867745209,0.0193715049342863,0.001));
#15740=CARTESIAN_POINT('',(0.0398177867745209,0.0193715049342863,0.001));
#15741=CARTESIAN_POINT('',(0.0395501413657059,0.0192064878769185,0.001));
#15742=CARTESIAN_POINT('',(0.0399042969209835,0.0195327044177842,0.001));
#15743=CARTESIAN_POINT('',(0.0399042969209835,0.0195327044177842,-4.8868669496508E-18));
#15744=CARTESIAN_POINT('',(0.0399908070674462,0.0196939039012822,-4.89746138704673E-18));
#15745=CARTESIAN_POINT('',(0.0399908070674462,0.0196939039012822,0.001));
#15746=CARTESIAN_POINT('',(0.0399908070674462,0.0196939039012822,0.001));
#15747=CARTESIAN_POINT('',(0.0399042969209835,0.0195327044177842,0.001));
#15748=CARTESIAN_POINT('',(0.0400368319123576,0.0199125250843664,0.001));
#15749=CARTESIAN_POINT('',(0.0400368319123576,0.0199125250843664,-4.90309780494693E-18));
#15750=CARTESIAN_POINT('',(0.0400828567572689,0.0201311462674506,-4.90873422284712E-18));
#15751=CARTESIAN_POINT('',(0.0400828567572689,0.0201311462674506,0.001));
#15752=CARTESIAN_POINT('',(0.0400828567572689,0.0201311462674506,0.001));
#15753=CARTESIAN_POINT('',(0.0400368319123576,0.0199125250843664,0.001));
#15754=CARTESIAN_POINT('',(0.0400266177725765,0.0207555357328499,0.001));
#15755=CARTESIAN_POINT('',(0.0400266177725765,0.0207555357328499,-4.90184693358803E-18));
#15756=CARTESIAN_POINT('',(0.039970378787884,0.0213799251982493,-4.89495964432894E-18));
#15757=CARTESIAN_POINT('',(0.039970378787884,0.0213799251982493,0.001));
#15758=CARTESIAN_POINT('',(0.039970378787884,0.0213799251982493,0.001));
#15759=CARTESIAN_POINT('',(0.0400266177725765,0.0207555357328499,0.001));
#15760=CARTESIAN_POINT('',(0.0396717030609383,0.0222786478596301,0.001));
#15761=CARTESIAN_POINT('',(0.0396717030609383,0.0222786478596301,-4.85838241703023E-18));
#15762=CARTESIAN_POINT('',(0.0393730273339924,0.0231773705210108,0.));
#15763=CARTESIAN_POINT('',(0.0393730273339924,0.0231773705210109,0.001));
#15764=CARTESIAN_POINT('',(0.0393730273339924,0.0231773705210109,0.001));
#15765=CARTESIAN_POINT('',(0.0396717030609383,0.0222786478596301,0.001));
#15766=CARTESIAN_POINT('',(0.0414856688433219,0.0363451929670709,0.001));
#15767=CARTESIAN_POINT('',(0.0423502897857745,0.0359873151363092,0.001));
#15768=CARTESIAN_POINT('',(0.0423502897857745,0.0359873151363092,0.001));
#15769=CARTESIAN_POINT('',(0.0414856688433219,0.0363451929670709,0.001));
#15770=CARTESIAN_POINT('',(0.0406210479008694,0.0367030707978325,0.001));
#15771=CARTESIAN_POINT('',(0.0406210479008694,0.0367030707978325,0.001));
#15772=CARTESIAN_POINT('',(0.0423073228702011,0.0361511829517008,0.001));
#15773=CARTESIAN_POINT('',(0.0422643559546277,0.0363150507670923,0.001));
#15774=CARTESIAN_POINT('',(0.0422643559546277,0.0363150507670923,0.001));
#15775=CARTESIAN_POINT('',(0.0423073228702011,0.0361511829517008,0.001));
#15776=CARTESIAN_POINT('',(0.0422994502950921,0.0364211349441018,0.001));
#15777=CARTESIAN_POINT('',(0.0423345446355564,0.0365272191211112,0.001));
#15778=CARTESIAN_POINT('',(0.0423345446355564,0.0365272191211112,0.001));
#15779=CARTESIAN_POINT('',(0.0422994502950921,0.0364211349441018,0.001));
#15780=CARTESIAN_POINT('',(0.0424441539765222,0.036581720683757,0.001));
#15781=CARTESIAN_POINT('',(0.042553763317488,0.0366362222464028,0.001));
#15782=CARTESIAN_POINT('',(0.042553763317488,0.0366362222464028,0.001));
#15783=CARTESIAN_POINT('',(0.0424441539765222,0.036581720683757,0.001));
#15784=CARTESIAN_POINT('',(0.0427878037745441,0.0365965056104777,0.001));
#15785=CARTESIAN_POINT('',(0.0430218442316,0.0365567889745525,0.001));
#15786=CARTESIAN_POINT('',(0.0430218442316,0.0365567889745525,0.001));
#15787=CARTESIAN_POINT('',(0.0427878037745441,0.0365965056104777,0.001));
#15788=CARTESIAN_POINT('',(0.0431018516253536,0.036497533967826,0.001));
#15789=CARTESIAN_POINT('',(0.0431818590191073,0.0364382789610997,0.001));
#15790=CARTESIAN_POINT('',(0.0431818590191073,0.0364382789610997,0.001));
#15791=CARTESIAN_POINT('',(0.0431018516253536,0.036497533967826,0.001));
#15792=CARTESIAN_POINT('',(0.0436867467339084,0.0356126991924558,0.001));
#15793=CARTESIAN_POINT('',(0.0441916344487095,0.034787119423812,0.001));
#15794=CARTESIAN_POINT('',(0.0441916344487095,0.034787119423812,0.001));
#15795=CARTESIAN_POINT('',(0.0436867467339084,0.0356126991924558,0.001));
#15796=CARTESIAN_POINT('',(0.0452182179012627,0.0327826019208887,0.001));
#15797=CARTESIAN_POINT('',(0.0462448013538159,0.0307780844179655,0.001));
#15798=CARTESIAN_POINT('',(0.0462448013538159,0.0307780844179655,0.001));
#15799=CARTESIAN_POINT('',(0.0452182179012627,0.0327826019208887,0.001));
#15800=CARTESIAN_POINT('',(0.047523909690636,0.027944920408282,0.001));
#15801=CARTESIAN_POINT('',(0.048803018027456,0.0251117563985984,0.001));
#15802=CARTESIAN_POINT('',(0.048803018027456,0.0251117563985984,0.001));
#15803=CARTESIAN_POINT('',(0.047523909690636,0.027944920408282,0.001));
#15804=CARTESIAN_POINT('',(0.0494531530366971,0.0234938979127938,0.001));
#15805=CARTESIAN_POINT('',(0.0501032880459382,0.0218760394269892,0.001));
#15806=CARTESIAN_POINT('',(0.0501032880459382,0.0218760394269892,0.001));
#15807=CARTESIAN_POINT('',(0.0494531530366971,0.0234938979127938,0.001));
#15808=CARTESIAN_POINT('',(0.0507156154042987,0.0201823786238691,0.001));
#15809=CARTESIAN_POINT('',(0.0513279427626592,0.0184887178207489,0.001));
#15810=CARTESIAN_POINT('',(0.0513279427626592,0.0184887178207489,0.001));
#15811=CARTESIAN_POINT('',(0.0507156154042987,0.0201823786238691,0.001));
#15812=CARTESIAN_POINT('',(0.0518529921013697,0.0167817052164595,0.001));
#15813=CARTESIAN_POINT('',(0.0523780414400802,0.0150746926121701,0.001));
#15814=CARTESIAN_POINT('',(0.0523780414400802,0.0150746926121701,0.001));
#15815=CARTESIAN_POINT('',(0.0518529921013697,0.0167817052164595,0.001));
#15816=CARTESIAN_POINT('',(0.0527961507678883,0.0134189436656314,0.001));
#15817=CARTESIAN_POINT('',(0.0532142600956964,0.0117631947190927,0.001));
#15818=CARTESIAN_POINT('',(0.0532142600956964,0.0117631947190927,0.001));
#15819=CARTESIAN_POINT('',(0.0527961507678883,0.0134189436656314,0.001));
#15820=CARTESIAN_POINT('',(0.0535364867072555,0.010205789803684,0.001));
#15821=CARTESIAN_POINT('',(0.0538587133188147,0.00864838488827544,0.001));
#15822=CARTESIAN_POINT('',(0.0538587133188147,0.00864838488827544,0.001));
#15823=CARTESIAN_POINT('',(0.0535364867072555,0.010205789803684,0.001));
#15824=CARTESIAN_POINT('',(0.054096115301217,0.0072364047735957,0.001));
#15825=CARTESIAN_POINT('',(0.0543335172836193,0.00582442465891596,0.001));
#15826=CARTESIAN_POINT('',(0.0543335172836193,0.00582442465891596,0.001));
#15827=CARTESIAN_POINT('',(0.054096115301217,0.0072364047735957,0.001));
#15828=CARTESIAN_POINT('',(0.0545980785206644,0.00362506270257697,0.001));
#15829=CARTESIAN_POINT('',(0.0548626397577094,0.00142570074623798,0.001));
#15830=CARTESIAN_POINT('',(0.0548626397577094,0.00142570074623798,0.001));
#15831=CARTESIAN_POINT('',(0.0545980785206644,0.00362506270257697,0.001));
#15832=CARTESIAN_POINT('',(0.0549205959572594,0.000373006831780366,0.001));
#15833=CARTESIAN_POINT('',(0.0549785521568093,-0.000679687082677245,0.001));
#15834=CARTESIAN_POINT('',(0.0549785521568093,-0.000679687082677245,0.001));
#15835=CARTESIAN_POINT('',(0.0549205959572594,0.000373006831780366,0.001));
#15836=CARTESIAN_POINT('',(0.0534272070208263,-0.000679687082677245,0.001));
#15837=CARTESIAN_POINT('',(0.0518758618848432,-0.000679687082677245,0.001));
#15838=CARTESIAN_POINT('',(0.0518758618848432,-0.000679687082677245,0.001));
#15839=CARTESIAN_POINT('',(0.0534272070208263,-0.000679687082677245,0.001));
#15840=CARTESIAN_POINT('',(0.0518706749767446,0.000294667125459888,0.001));
#15841=CARTESIAN_POINT('',(0.051865488068646,0.00126902133359702,0.001));
#15842=CARTESIAN_POINT('',(0.051865488068646,0.00126902133359702,0.001));
#15843=CARTESIAN_POINT('',(0.0518706749767446,0.000294667125459888,0.001));
#15844=CARTESIAN_POINT('',(0.0517483141069928,0.00349506668508544,0.001));
#15845=CARTESIAN_POINT('',(0.0516311401453395,0.00572111203657384,0.001));
#15846=CARTESIAN_POINT('',(0.0516311401453395,0.00572111203657384,0.001));
#15847=CARTESIAN_POINT('',(0.0517483141069928,0.00349506668508544,0.001));
#15848=CARTESIAN_POINT('',(0.0514829267525094,0.00716106880650794,0.001));
#15849=CARTESIAN_POINT('',(0.0513347133596792,0.00860102557644205,0.001));
#15850=CARTESIAN_POINT('',(0.0513347133596792,0.00860102557644205,0.001));
#15851=CARTESIAN_POINT('',(0.0514829267525094,0.00716106880650794,0.001));
#15852=CARTESIAN_POINT('',(0.0511013456831557,0.0101829651892215,0.001));
#15853=CARTESIAN_POINT('',(0.0508679780066322,0.011764904802001,0.001));
#15854=CARTESIAN_POINT('',(0.0508679780066322,0.011764904802001,0.001));
#15855=CARTESIAN_POINT('',(0.0511013456831557,0.0101829651892215,0.001));
#15856=CARTESIAN_POINT('',(0.0506991247890176,0.0125987024376928,0.001));
#15857=CARTESIAN_POINT('',(0.0505302715714029,0.0134325000733845,0.001));
#15858=CARTESIAN_POINT('',(0.0505302715714029,0.0134325000733845,0.001));
#15859=CARTESIAN_POINT('',(0.0506991247890176,0.0125987024376928,0.001));
#15860=CARTESIAN_POINT('',(0.049509496263025,0.0135643568565761,0.001));
#15861=CARTESIAN_POINT('',(0.048488720954647,0.0136962136397677,0.001));
#15862=CARTESIAN_POINT('',(0.048488720954647,0.0136962136397677,0.001));
#15863=CARTESIAN_POINT('',(0.049509496263025,0.0135643568565761,0.001));
#15864=CARTESIAN_POINT('',(0.0472171724838816,0.0137593694264369,0.001));
#15865=CARTESIAN_POINT('',(0.0459456240131162,0.0138225252131061,0.001));
#15866=CARTESIAN_POINT('',(0.0459456240131162,0.0138225252131061,0.001));
#15867=CARTESIAN_POINT('',(0.0472171724838816,0.0137593694264369,0.001));
#15868=CARTESIAN_POINT('',(0.044656871300005,0.0137818521035616,0.001));
#15869=CARTESIAN_POINT('',(0.0433681185868937,0.0137411789940172,0.001));
#15870=CARTESIAN_POINT('',(0.0433681185868937,0.0137411789940172,0.001));
#15871=CARTESIAN_POINT('',(0.044656871300005,0.0137818521035616,0.001));
#15872=CARTESIAN_POINT('',(0.0420181745428732,0.0135974016735323,0.001));
#15873=CARTESIAN_POINT('',(0.0406682304988526,0.0134536243530474,0.001));
#15874=CARTESIAN_POINT('',(0.0406682304988526,0.0134536243530474,0.001));
#15875=CARTESIAN_POINT('',(0.0420181745428732,0.0135974016735323,0.001));
#15876=CARTESIAN_POINT('',(0.0392131084315789,0.0132074682993342,0.001));
#15877=CARTESIAN_POINT('',(0.037757986364305,0.0129613122456209,0.001));
#15878=CARTESIAN_POINT('',(0.037757986364305,0.0129613122456209,0.001));
#15879=CARTESIAN_POINT('',(0.0392131084315789,0.0132074682993342,0.001));
#15880=CARTESIAN_POINT('',(0.0361537003738727,0.0126135013515139,0.001));
#15881=CARTESIAN_POINT('',(0.0345494143834403,0.0122656904574068,0.001));
#15882=CARTESIAN_POINT('',(0.0345494143834403,0.0122656904574068,0.001));
#15883=CARTESIAN_POINT('',(0.0361537003738727,0.0126135013515139,0.001));
#15884=CARTESIAN_POINT('',(0.030717403863724,0.0112680056626398,0.001));
#15885=CARTESIAN_POINT('',(0.0268853933440076,0.0102703208678729,0.001));
#15886=CARTESIAN_POINT('',(0.0268853933440076,0.0102703208678729,0.001));
#15887=CARTESIAN_POINT('',(0.030717403863724,0.0112680056626398,0.001));
#15888=CARTESIAN_POINT('',(0.0225711354819341,0.00899774262290021,0.001));
#15889=CARTESIAN_POINT('',(0.0182568776198604,0.00772516437792749,0.001));
#15890=CARTESIAN_POINT('',(0.0182568776198604,0.00772516437792749,0.001));
#15891=CARTESIAN_POINT('',(0.0225711354819341,0.00899774262290021,0.001));
#15892=CARTESIAN_POINT('',(0.0160765092326547,0.00709350745638688,0.001));
#15893=CARTESIAN_POINT('',(0.0138961408454489,0.00646185053484628,0.001));
#15894=CARTESIAN_POINT('',(0.0138961408454489,0.00646185053484628,0.001));
#15895=CARTESIAN_POINT('',(0.0160765092326547,0.00709350745638688,0.001));
#15896=CARTESIAN_POINT('',(0.0116204713920659,0.00587495412212792,0.001));
#15897=CARTESIAN_POINT('',(0.00934480193868287,0.00528805770940957,0.001));
#15898=CARTESIAN_POINT('',(0.00934480193868287,0.00528805770940957,0.001));
#15899=CARTESIAN_POINT('',(0.0116204713920659,0.00587495412212792,0.001));
#15900=CARTESIAN_POINT('',(0.00691397693245166,0.00477717678004121,0.001));
#15901=CARTESIAN_POINT('',(0.00448315192622046,0.00426629585067286,0.001));
#15902=CARTESIAN_POINT('',(0.00448315192622046,0.00426629585067286,0.001));
#15903=CARTESIAN_POINT('',(0.00691397693245166,0.00477717678004121,0.001));
#15904=CARTESIAN_POINT('',(0.00183731529559261,0.00386268498296288,0.001));
#15905=CARTESIAN_POINT('',(-0.000808521335035252,0.00345907411525288,0.001));
#15906=CARTESIAN_POINT('',(-0.000808521335035252,0.00345907411525288,0.001));
#15907=CARTESIAN_POINT('',(0.00183731529559261,0.00386268498296288,0.001));
#15908=CARTESIAN_POINT('',(-0.00372922486916944,0.00319398749129021,0.001));
#15909=CARTESIAN_POINT('',(-0.00664992840330362,0.00292890086732754,0.001));
#15910=CARTESIAN_POINT('',(-0.00664992840330362,0.00292890086732754,0.001));
#15911=CARTESIAN_POINT('',(-0.00372922486916944,0.00319398749129021,0.001));
#15912=CARTESIAN_POINT('',(-0.00990535451627323,0.00283359306542055,0.001));
#15913=CARTESIAN_POINT('',(-0.0131607806292428,0.00273828526351356,0.001));
#15914=CARTESIAN_POINT('',(-0.0131607806292428,0.00273828526351356,0.001));
#15915=CARTESIAN_POINT('',(-0.00990535451627323,0.00283359306542055,0.001));
#15916=CARTESIAN_POINT('',(-0.0147810425818969,0.00285021843123048,0.001));
#15917=CARTESIAN_POINT('',(-0.0164013045345509,0.00296215159894739,0.001));
#15918=CARTESIAN_POINT('',(-0.0164013045345509,0.00296215159894739,0.001));
#15919=CARTESIAN_POINT('',(-0.0147810425818969,0.00285021843123048,0.001));
#15920=CARTESIAN_POINT('',(-0.0180591181803565,0.00327996155291159,0.001));
#15921=CARTESIAN_POINT('',(-0.0197169318261619,0.00359777150687578,0.001));
#15922=CARTESIAN_POINT('',(-0.0197169318261619,0.00359777150687578,0.001));
#15923=CARTESIAN_POINT('',(-0.0180591181803565,0.00327996155291159,0.001));
#15924=CARTESIAN_POINT('',(-0.021395255372725,0.00409447372519769,0.001));
#15925=CARTESIAN_POINT('',(-0.023073578919288,0.00459117594351962,0.001));
#15926=CARTESIAN_POINT('',(-0.023073578919288,0.00459117594351962,0.001));
#15927=CARTESIAN_POINT('',(-0.021395255372725,0.00409447372519769,0.001));
#15928=CARTESIAN_POINT('',(-0.0247553721590922,0.00523978590430973,0.001));
#15929=CARTESIAN_POINT('',(-0.0264371653988963,0.00588839586509984,0.001));
#15930=CARTESIAN_POINT('',(-0.0264371653988963,0.00588839586509984,0.001));
#15931=CARTESIAN_POINT('',(-0.0247553721590922,0.00523978590430973,0.001));
#15932=CARTESIAN_POINT('',(-0.0281053861433283,0.00666192865024921,0.001));
#15933=CARTESIAN_POINT('',(-0.0297736068877602,0.00743546143539858,0.001));
#15934=CARTESIAN_POINT('',(-0.0297736068877602,0.00743546143539858,0.001));
#15935=CARTESIAN_POINT('',(-0.0281053861433283,0.00666192865024921,0.001));
#15936=CARTESIAN_POINT('',(-0.0314112149293034,0.00830693291923707,0.001));
#15937=CARTESIAN_POINT('',(-0.0330488229708467,0.00917840440307555,0.001));
#15938=CARTESIAN_POINT('',(-0.0330488229708467,0.00917840440307555,0.001));
#15939=CARTESIAN_POINT('',(-0.0314112149293034,0.00830693291923707,0.001));
#15940=CARTESIAN_POINT('',(-0.0346387765171075,0.0101208300637136,0.001));
#15941=CARTESIAN_POINT('',(-0.0362287300633682,0.0110632557243517,0.001));
#15942=CARTESIAN_POINT('',(-0.0362287300633682,0.0110632557243517,0.001));
#15943=CARTESIAN_POINT('',(-0.0346387765171075,0.0101208300637136,0.001));
#15944=CARTESIAN_POINT('',(-0.0377539881143911,0.0120496510398998,0.001));
#15945=CARTESIAN_POINT('',(-0.039279246165414,0.0130360463554479,0.001));
#15946=CARTESIAN_POINT('',(-0.039279246165414,0.0130360463554479,0.001));
#15947=CARTESIAN_POINT('',(-0.0377539881143911,0.0120496510398998,0.001));
#15948=CARTESIAN_POINT('',(-0.0420675121781453,0.0150328070712772,0.001));
#15949=CARTESIAN_POINT('',(-0.0448557781908766,0.0170295677871066,0.001));
#15950=CARTESIAN_POINT('',(-0.0448557781908766,0.0170295677871066,0.001));
#15951=CARTESIAN_POINT('',(-0.0420675121781453,0.0150328070712772,0.001));
#15952=CARTESIAN_POINT('',(-0.0471807690345366,0.0188783928599016,0.001));
#15953=CARTESIAN_POINT('',(-0.0495057598781965,0.0207272179326966,0.001));
#15954=CARTESIAN_POINT('',(-0.0495057598781965,0.0207272179326966,0.001));
#15955=CARTESIAN_POINT('',(-0.0471807690345366,0.0188783928599016,0.001));
#15956=CARTESIAN_POINT('',(-0.0512311463644855,0.0222122299986827,0.001));
#15957=CARTESIAN_POINT('',(-0.0529565328507746,0.0236972420646689,0.001));
#15958=CARTESIAN_POINT('',(-0.0529565328507746,0.0236972420646689,0.001));
#15959=CARTESIAN_POINT('',(-0.0512311463644855,0.0222122299986827,0.001));
#15960=CARTESIAN_POINT('',(-0.0539459861876125,0.0246025661373881,0.001));
#15961=CARTESIAN_POINT('',(-0.0549354395244504,0.0255078902101072,0.001));
#15962=CARTESIAN_POINT('',(-0.0549354395244504,0.0255078902101072,0.001));
#15963=CARTESIAN_POINT('',(-0.0539459861876125,0.0246025661373881,0.001));
#15964=CARTESIAN_POINT('',(-0.0549569958406299,0.0256186838508445,0.001));
#15965=CARTESIAN_POINT('',(-0.0549785521568093,0.0257294774915816,0.001));
#15966=CARTESIAN_POINT('',(-0.0549785521568093,0.0257294774915816,0.001));
#15967=CARTESIAN_POINT('',(-0.0549569958406299,0.0256186838508445,0.001));
#15968=CARTESIAN_POINT('',(-0.0548772182541253,0.0257904944859572,0.001));
#15969=CARTESIAN_POINT('',(-0.0547758843514413,0.0258515114803326,0.001));
#15970=CARTESIAN_POINT('',(-0.0547758843514413,0.0258515114803326,0.001));
#15971=CARTESIAN_POINT('',(-0.0548772182541253,0.0257904944859572,0.001));
#15972=CARTESIAN_POINT('',(-0.0498610026594937,0.0258527484772836,0.001));
#15973=CARTESIAN_POINT('',(-0.0449461209675461,0.0258539854742344,0.001));
#15974=CARTESIAN_POINT('',(-0.0449461209675461,0.0258539854742344,0.001));
#15975=CARTESIAN_POINT('',(-0.0498610026594937,0.0258527484772836,0.001));
#15976=CARTESIAN_POINT('',(-0.0448583627299896,0.0259046761987401,0.001));
#15977=CARTESIAN_POINT('',(-0.0447706044924329,0.0259553669232458,0.001));
#15978=CARTESIAN_POINT('',(-0.0447706044924329,0.0259553669232458,0.001));
#15979=CARTESIAN_POINT('',(-0.0448583627299896,0.0259046761987401,0.001));
#15980=CARTESIAN_POINT('',(-0.0447676823743956,0.0260570613855792,0.001));
#15981=CARTESIAN_POINT('',(-0.0447647602563582,0.0261587558479125,0.001));
#15982=CARTESIAN_POINT('',(-0.0447647602563582,0.0261587558479125,0.001));
#15983=CARTESIAN_POINT('',(-0.0447676823743956,0.0260570613855792,0.001));
#15984=CARTESIAN_POINT('',(-0.0470167809589373,0.0305424487816256,0.001));
#15985=CARTESIAN_POINT('',(-0.0492688016615165,0.0349261417153388,0.001));
#15986=CARTESIAN_POINT('',(-0.0492688016615165,0.0349261417153388,0.001));
#15987=CARTESIAN_POINT('',(-0.0470167809589373,0.0305424487816256,0.001));
#15988=CARTESIAN_POINT('',(-0.0492321493863914,0.0350475041122155,0.001));
#15989=CARTESIAN_POINT('',(-0.0491954971112664,0.0351688665090922,0.001));
#15990=CARTESIAN_POINT('',(-0.0491954971112664,0.0351688665090922,0.001));
#15991=CARTESIAN_POINT('',(-0.0492321493863914,0.0350475041122155,0.001));
#15992=CARTESIAN_POINT('',(-0.0490732226173426,0.0351974993036644,0.001));
#15993=CARTESIAN_POINT('',(-0.0489509481234188,0.0352261320982368,0.001));
#15994=CARTESIAN_POINT('',(-0.0489509481234188,0.0352261320982368,0.001));
#15995=CARTESIAN_POINT('',(-0.0490732226173426,0.0351974993036644,0.001));
#15996=CARTESIAN_POINT('',(-0.0476514368650779,0.0344816469493662,0.001));
#15997=CARTESIAN_POINT('',(-0.046351925606737,0.0337371618004956,0.001));
#15998=CARTESIAN_POINT('',(-0.046351925606737,0.0337371618004956,0.001));
#15999=CARTESIAN_POINT('',(-0.0476514368650779,0.0344816469493662,0.001));
#16000=CARTESIAN_POINT('',(-0.0442145569293625,0.0326880691241182,0.001));
#16001=CARTESIAN_POINT('',(-0.0420771882519881,0.0316389764477408,0.001));
#16002=CARTESIAN_POINT('',(-0.0420771882519881,0.0316389764477408,0.001));
#16003=CARTESIAN_POINT('',(-0.0442145569293625,0.0326880691241182,0.001));
#16004=CARTESIAN_POINT('',(-0.0407321438570049,0.0310676581929717,0.001));
#16005=CARTESIAN_POINT('',(-0.0393870994620217,0.0304963399382025,0.001));
#16006=CARTESIAN_POINT('',(-0.0393870994620217,0.0304963399382025,0.001));
#16007=CARTESIAN_POINT('',(-0.0407321438570049,0.0310676581929717,0.001));
#16008=CARTESIAN_POINT('',(-0.0378779952757287,0.0299298171267698,0.001));
#16009=CARTESIAN_POINT('',(-0.0363688910894358,0.0293632943153372,0.001));
#16010=CARTESIAN_POINT('',(-0.0363688910894358,0.0293632943153372,0.001));
#16011=CARTESIAN_POINT('',(-0.0378779952757287,0.0299298171267698,0.001));
#16012=CARTESIAN_POINT('',(-0.0347108615040601,0.0288285490918141,0.001));
#16013=CARTESIAN_POINT('',(-0.0330528319186843,0.028293803868291,0.001));
#16014=CARTESIAN_POINT('',(-0.0330528319186843,0.028293803868291,0.001));
#16015=CARTESIAN_POINT('',(-0.0347108615040601,0.0288285490918141,0.001));
#16016=CARTESIAN_POINT('',(-0.0312610117226721,0.0278178191696895,0.001));
#16017=CARTESIAN_POINT('',(-0.0294691915266599,0.027341834471088,0.001));
#16018=CARTESIAN_POINT('',(-0.0294691915266599,0.027341834471088,0.001));
#16019=CARTESIAN_POINT('',(-0.0312610117226721,0.0278178191696895,0.001));
#16020=CARTESIAN_POINT('',(-0.0275587159046769,0.0269515920457619,0.001));
#16021=CARTESIAN_POINT('',(-0.0256482402826939,0.0265613496204358,0.001));
#16022=CARTESIAN_POINT('',(-0.0256482402826939,0.0265613496204358,0.001));
#16023=CARTESIAN_POINT('',(-0.0275587159046769,0.0269515920457619,0.001));
#16024=CARTESIAN_POINT('',(-0.0236342436269672,0.0262838320091776,0.001));
#16025=CARTESIAN_POINT('',(-0.0216202469712404,0.0260063143979194,0.001));
#16026=CARTESIAN_POINT('',(-0.0216202469712404,0.0260063143979194,0.001));
#16027=CARTESIAN_POINT('',(-0.0236342436269672,0.0262838320091776,0.001));
#16028=CARTESIAN_POINT('',(-0.019517864070216,0.0258685045377411,0.001));
#16029=CARTESIAN_POINT('',(-0.0174154811691917,0.0257306946775628,0.001));
#16030=CARTESIAN_POINT('',(-0.0174154811691917,0.0257306946775628,0.001));
#16031=CARTESIAN_POINT('',(-0.019517864070216,0.0258685045377411,0.001));
#16032=CARTESIAN_POINT('',(-0.0152398472075356,0.0257595743168181,0.001));
#16033=CARTESIAN_POINT('',(-0.0130642132458795,0.0257884539560734,0.001));
#16034=CARTESIAN_POINT('',(-0.0130642132458795,0.0257884539560734,0.001));
#16035=CARTESIAN_POINT('',(-0.0152398472075356,0.0257595743168181,0.001));
#16036=CARTESIAN_POINT('',(-0.0108304626158185,0.0260110060317744,0.001));
#16037=CARTESIAN_POINT('',(-0.00859671198575748,0.0262335581074753,0.001));
#16038=CARTESIAN_POINT('',(-0.00859671198575748,0.0262335581074753,0.001));
#16039=CARTESIAN_POINT('',(-0.0108304626158185,0.0260110060317744,0.001));
#16040=CARTESIAN_POINT('',(-0.00631997947573794,0.0266767643679757,0.001));
#16041=CARTESIAN_POINT('',(-0.0040432469657184,0.0271199706284761,0.001));
#16042=CARTESIAN_POINT('',(-0.0040432469657184,0.0271199706284761,0.001));
#16043=CARTESIAN_POINT('',(-0.00631997947573794,0.0266767643679757,0.001));
#16044=CARTESIAN_POINT('',(-0.00289349237475076,0.0274327513696608,0.001));
#16045=CARTESIAN_POINT('',(-0.00174373778378313,0.0277455321108456,0.001));
#16046=CARTESIAN_POINT('',(-0.00174373778378313,0.0277455321108456,0.001));
#16047=CARTESIAN_POINT('',(-0.00289349237475076,0.0274327513696608,0.001));
#16048=CARTESIAN_POINT('',(0.000282956118672577,0.0284090248872614,0.001));
#16049=CARTESIAN_POINT('',(0.000565912237345153,0.0285016581855383,0.001));
#16050=CARTESIAN_POINT('',(0.000565912237345153,0.0285016581855383,0.001));
#16051=CARTESIAN_POINT('',(0.000282956118672577,0.0284090248872614,0.001));
#16052=CARTESIAN_POINT('',(0.00172391453123698,0.0289483757423162,0.001));
#16053=CARTESIAN_POINT('',(0.00288191682512882,0.0293950932990941,0.001));
#16054=CARTESIAN_POINT('',(0.00288191682512882,0.0293950932990941,0.001));
#16055=CARTESIAN_POINT('',(0.00172391453123698,0.0289483757423162,0.001));
#16056=CARTESIAN_POINT('',(0.00404120603961528,0.0299138383910124,0.001));
#16057=CARTESIAN_POINT('',(0.00520049525410174,0.0304325834829307,0.001));
#16058=CARTESIAN_POINT('',(0.00520049525410174,0.0304325834829307,0.001));
#16059=CARTESIAN_POINT('',(0.00404120603961528,0.0299138383910124,0.001));
#16060=CARTESIAN_POINT('',(0.00756707685142476,0.0314984065232577,0.001));
#16061=CARTESIAN_POINT('',(0.00993365844874778,0.0325642295635846,0.001));
#16062=CARTESIAN_POINT('',(0.00993365844874778,0.0325642295635846,0.001));
#16063=CARTESIAN_POINT('',(0.00756707685142476,0.0314984065232577,0.001));
#16064=CARTESIAN_POINT('',(0.0121264796153158,0.0334204101485352,0.001));
#16065=CARTESIAN_POINT('',(0.0143193007818838,0.0342765907334857,0.001));
#16066=CARTESIAN_POINT('',(0.0143193007818838,0.0342765907334857,0.001));
#16067=CARTESIAN_POINT('',(0.0121264796153158,0.0334204101485352,0.001));
#16068=CARTESIAN_POINT('',(0.0163419041153066,0.0349421370923108,0.001));
#16069=CARTESIAN_POINT('',(0.0183645074487294,0.0356076834511359,0.001));
#16070=CARTESIAN_POINT('',(0.0183645074487294,0.0356076834511359,0.001));
#16071=CARTESIAN_POINT('',(0.0163419041153066,0.0349421370923108,0.001));
#16072=CARTESIAN_POINT('',(0.0202204367352749,0.0361016034168668,0.001));
#16073=CARTESIAN_POINT('',(0.0220763660218204,0.0365955233825977,0.001));
#16074=CARTESIAN_POINT('',(0.0220763660218204,0.0365955233825977,0.001));
#16075=CARTESIAN_POINT('',(0.0202204367352749,0.0361016034168668,0.001));
#16076=CARTESIAN_POINT('',(0.0237691642553179,0.036936824788266,0.001));
#16077=CARTESIAN_POINT('',(0.0254619624888153,0.0372781261939343,0.001));
#16078=CARTESIAN_POINT('',(0.0254619624888153,0.0372781261939343,0.001));
#16079=CARTESIAN_POINT('',(0.0237691642553179,0.036936824788266,0.001));
#16080=CARTESIAN_POINT('',(0.0269951726630938,0.0374858176650102,0.001));
#16081=CARTESIAN_POINT('',(0.0285283828373724,0.0376935091360861,0.001));
#16082=CARTESIAN_POINT('',(0.0285283828373724,0.0376935091360861,0.001));
#16083=CARTESIAN_POINT('',(0.0269951726630938,0.0374858176650102,0.001));
#16084=CARTESIAN_POINT('',(0.0299055483424807,0.0377865981093817,0.001));
#16085=CARTESIAN_POINT('',(0.0312827138475888,0.0378796870826772,0.001));
#16086=CARTESIAN_POINT('',(0.0312827138475888,0.0378796870826772,0.001));
#16087=CARTESIAN_POINT('',(0.0299055483424807,0.0377865981093817,0.001));
#16088=CARTESIAN_POINT('',(0.0325073776773559,0.0378771817874433,0.001));
#16089=CARTESIAN_POINT('',(0.033732041507123,0.0378746764922094,0.001));
#16090=CARTESIAN_POINT('',(0.033732041507123,0.0378746764922094,0.001));
#16091=CARTESIAN_POINT('',(0.0325073776773559,0.0378771817874433,0.001));
#16092=CARTESIAN_POINT('',(0.0348077470515976,0.0377955851576968,0.001));
#16093=CARTESIAN_POINT('',(0.0358834525960721,0.0377164938231842,0.001));
#16094=CARTESIAN_POINT('',(0.0358834525960721,0.0377164938231842,0.001));
#16095=CARTESIAN_POINT('',(0.0348077470515976,0.0377955851576968,0.001));
#16096=CARTESIAN_POINT('',(0.0368137428490831,0.0375798242824244,0.001));
#16097=CARTESIAN_POINT('',(0.0377440331020942,0.0374431547416645,0.001));
#16098=CARTESIAN_POINT('',(0.0377440331020942,0.0374431547416645,0.001));
#16099=CARTESIAN_POINT('',(0.0368137428490831,0.0375798242824244,0.001));
#16100=CARTESIAN_POINT('',(0.0385324514536906,0.037267914827689,0.001));
#16101=CARTESIAN_POINT('',(0.0393208698052868,0.0370926749137134,0.001));
#16102=CARTESIAN_POINT('',(0.0393208698052868,0.0370926749137134,0.001));
#16103=CARTESIAN_POINT('',(0.0385324514536906,0.037267914827689,0.001));
#16104=CARTESIAN_POINT('',(0.00719597023799464,0.0233973891699008,0.001));
#16105=CARTESIAN_POINT('',(0.00719597023799464,0.0233973891699008,-8.81252191871975E-19));
#16106=CARTESIAN_POINT('',(0.00719597023799464,0.0233973891699008,0.001));
#16107=CARTESIAN_POINT('',(0.00523576115756405,0.0183686570045845,0.001));
#16108=CARTESIAN_POINT('',(0.00523576115756405,0.0183686570045845,-6.41195814271085E-19));
#16109=CARTESIAN_POINT('',(0.00523576115756405,0.0183686570045845,0.001));
#16110=CARTESIAN_POINT('',(-0.00895589477271755,0.017761658400866,0.001));
#16111=CARTESIAN_POINT('',(-0.00895589477271755,0.017761658400866,1.09678078669091E-18));
#16112=CARTESIAN_POINT('',(-0.00895589477271755,0.017761658400866,0.001));
#16113=CARTESIAN_POINT('',(-0.0317666708766351,0.0236280597810032,0.001));
#16114=CARTESIAN_POINT('',(-0.0317666708766351,0.0236280597810032,3.89029518086386E-18));
#16115=CARTESIAN_POINT('',(-0.0317666708766351,0.0236280597810032,0.001));
#16116=CARTESIAN_POINT('',(-0.0239553996537212,0.0168208960692477,0.001));
#16117=CARTESIAN_POINT('',(-0.0239553996537212,0.0168208960692477,2.93369035082253E-18));
#16118=CARTESIAN_POINT('',(-0.0239553996537212,0.0168208960692477,0.001));
#16119=CARTESIAN_POINT('',(-0.0168195014268453,0.0147387187724856,0.001));
#16120=CARTESIAN_POINT('',(-0.0168195014268453,0.0147387187724856,2.05979485856405E-18));
#16121=CARTESIAN_POINT('',(-0.0168195014268453,0.0147387187724856,0.001));
#16122=CARTESIAN_POINT('',(0.0387301316493156,0.0254823764546116,0.001));
#16123=CARTESIAN_POINT('',(0.0387301316493156,0.0254823764546116,-4.74307317548899E-18));
#16124=CARTESIAN_POINT('',(0.0387301316493156,0.0254823764546116,0.001));
#16125=CARTESIAN_POINT('',(0.0399709588530782,0.036897872855773,0.001));
#16126=CARTESIAN_POINT('',(0.0399709588530782,0.036897872855773,0.001));
#16127=CARTESIAN_POINT('',(0.0269035671352128,0.0173184537252432,0.001));
#16128=CARTESIAN_POINT('',(0.0269035671352128,0.0173184537252432,-3.29473673777842E-18));
#16129=CARTESIAN_POINT('',(0.0269035671352128,0.0173184537252432,0.001));
#16130=CARTESIAN_POINT('',(1.22464679914735E-19,0.0429587390353992,0.001));
#16131=CARTESIAN_POINT('',(0.,0.,0.));
#16132=CARTESIAN_POINT('',(0.,0.,0.));
#16133=CARTESIAN_POINT('',(0.,0.,0.));
#16134=CARTESIAN_POINT('',(0.,0.,0.));
#16135=CARTESIAN_POINT('',(-0.0346766099222487,0.0185170308662695,4.24665993465632E-18));
#16136=CARTESIAN_POINT('',(-0.0345186004010991,0.019178413751693,4.22730934922525E-18));
#16137=CARTESIAN_POINT('',(-0.0348346194433983,0.0178556479808461,4.26601052008739E-18));
#16138=CARTESIAN_POINT('',(-0.0347188346269436,0.019299492455483,4.25183096960128E-18));
#16139=CARTESIAN_POINT('',(-0.0349190688527881,0.0194205711592729,4.2763525899773E-18));
#16140=CARTESIAN_POINT('',(-0.0353860173718696,0.0196223688668497,4.33353729090327E-18));
#16141=CARTESIAN_POINT('',(-0.035852965890951,0.0198241665744265,0.));
#16142=CARTESIAN_POINT('',(-0.0361237612439554,0.0198796606666565,4.42388485805731E-18));
#16143=CARTESIAN_POINT('',(-0.0363945565969597,0.0199351547588866,4.45704772428539E-18));
#16144=CARTESIAN_POINT('',(-0.0366567940072536,0.0199200199704402,4.48916254479871E-18));
#16145=CARTESIAN_POINT('',(-0.0369190314175477,0.019904885181994,4.52127736531203E-18));
#16146=CARTESIAN_POINT('',(-0.0371476325747505,0.0197888515397592,4.54927293285702E-18));
#16147=CARTESIAN_POINT('',(-0.0373762337319533,0.0196728178975245,4.577268500402E-18));
#16148=CARTESIAN_POINT('',(-0.0375461191370262,0.0194256158246087,4.59807346215644E-18));
#16149=CARTESIAN_POINT('',(-0.0377160045420991,0.019178413751693,4.61887842391088E-18));
#16150=CARTESIAN_POINT('',(-0.0377613150034415,0.0188798751166579,4.62442735505596E-18));
#16151=CARTESIAN_POINT('',(-0.0378066254647839,0.0185813364816227,4.62997628620104E-18));
#16152=CARTESIAN_POINT('',(-0.0377069901546458,0.0183292819097777,4.61777447983678E-18));
#16153=CARTESIAN_POINT('',(-0.0376073548445078,0.0180772273379326,4.60557267347252E-18));
#16154=CARTESIAN_POINT('',(-0.0374056918515253,0.0178682521160172,4.58087607958626E-18));
#16155=CARTESIAN_POINT('',(-0.0372040288585427,0.0176592768941018,4.55617948570001E-18));
#16156=CARTESIAN_POINT('',(-0.0369432558751323,0.0174899771012946,4.52424400575624E-18));
#16157=CARTESIAN_POINT('',(-0.0366824828917219,0.0173206773084873,4.49230852581247E-18));
#16158=CARTESIAN_POINT('',(-0.0361552797043807,0.0170874871382527,4.42774475622471E-18));
#16159=CARTESIAN_POINT('',(-0.0356280765170396,0.0168542969680181,4.36318098663694E-18));
#16160=CARTESIAN_POINT('',(-0.0353794504316185,0.0167389559172857,4.33273307266741E-18));
#16161=CARTESIAN_POINT('',(-0.0351308243461975,0.0166236148665533,4.30228515869786E-18));
#16162=CARTESIAN_POINT('',(-0.0349827218947979,0.0172396314236997,4.28414783939262E-18));
#16163=CARTESIAN_POINT('',(-0.0337337159302859,0.0219487916474028,4.13118872373707E-18));
#16164=CARTESIAN_POINT('',(-0.0332683625904883,0.0230386136964787,4.0741993759315E-18));
#16165=CARTESIAN_POINT('',(-0.0341990692700835,0.0208589695983268,4.18817807154263E-18));
#16166=CARTESIAN_POINT('',(-0.0337382958302715,0.0232087304936783,4.13174959972284E-18));
#16167=CARTESIAN_POINT('',(-0.0342082290700547,0.0233788472908778,4.18929982351419E-18));
#16168=CARTESIAN_POINT('',(-0.0346501325611846,0.0234998895424834,4.24341739310862E-18));
#16169=CARTESIAN_POINT('',(-0.0350920360523145,0.023620931794089,0.));
#16170=CARTESIAN_POINT('',(-0.0354431280392308,0.0235885634430616,4.34053133050137E-18));
#16171=CARTESIAN_POINT('',(-0.035794220026147,0.0235561950920342,4.3835276982997E-18));
#16172=CARTESIAN_POINT('',(-0.035916092357385,0.0234498767493624,4.39845275433522E-18));
#16173=CARTESIAN_POINT('',(-0.0360379646886229,0.0233435584066906,4.41337781037074E-18));
#16174=CARTESIAN_POINT('',(-0.0361135910845271,0.0231597617386628,4.42263937273825E-18));
#16175=CARTESIAN_POINT('',(-0.0361892174804313,0.0229759650706351,4.43190093510576E-18));
#16176=CARTESIAN_POINT('',(-0.0361846855229924,0.0227567452000452,4.43134593038863E-18));
#16177=CARTESIAN_POINT('',(-0.0361801535655537,0.0225375253294553,4.43079092567149E-18));
#16178=CARTESIAN_POINT('',(-0.0360853727354419,0.0223360671818999,4.4191836216498E-18));
#16179=CARTESIAN_POINT('',(-0.03599059190533,0.0221346090343446,4.40757631762811E-18));
#16180=CARTESIAN_POINT('',(-0.0356422944538061,0.0217991154125667,4.3649221817121E-18));
#16181=CARTESIAN_POINT('',(-0.0352939970022821,0.0214636217907888,4.32226804579609E-18));
#16182=CARTESIAN_POINT('',(-0.0347465331361827,0.0211612956945579,4.25522305866936E-18));
#16183=CARTESIAN_POINT('',(0.,0.,0.));
#16184=CARTESIAN_POINT('',(0.,0.,0.));
#16185=CARTESIAN_POINT('',(0.,0.,0.));
#16186=CARTESIAN_POINT('',(-0.0337382958302715,0.0232087304936783,0.001));
#16187=CARTESIAN_POINT('',(-0.0332683625904883,0.0230386136964787,0.001));
#16188=CARTESIAN_POINT('',(-0.0332683625904883,0.0230386136964787,0.001));
#16189=CARTESIAN_POINT('',(-0.0337382958302715,0.0232087304936783,0.001));
#16190=CARTESIAN_POINT('',(-0.0342082290700547,0.0233788472908778,0.001));
#16191=CARTESIAN_POINT('',(-0.0342082290700547,0.0233788472908778,0.001));
#16192=CARTESIAN_POINT('',(-0.0337337159302859,0.0219487916474028,0.001));
#16193=CARTESIAN_POINT('',(-0.0341990692700835,0.0208589695983268,0.001));
#16194=CARTESIAN_POINT('',(-0.0341990692700835,0.0208589695983268,0.001));
#16195=CARTESIAN_POINT('',(-0.0337337159302859,0.0219487916474028,0.001));
#16196=CARTESIAN_POINT('',(-0.0347465331361827,0.0211612956945579,0.001));
#16197=CARTESIAN_POINT('',(-0.0352939970022821,0.0214636217907888,0.001));
#16198=CARTESIAN_POINT('',(-0.0352939970022821,0.0214636217907888,0.001));
#16199=CARTESIAN_POINT('',(-0.0347465331361827,0.0211612956945579,0.001));
#16200=CARTESIAN_POINT('',(-0.0356422944538061,0.0217991154125667,0.001));
#16201=CARTESIAN_POINT('',(-0.03599059190533,0.0221346090343446,0.001));
#16202=CARTESIAN_POINT('',(-0.03599059190533,0.0221346090343446,0.001));
#16203=CARTESIAN_POINT('',(-0.0356422944538061,0.0217991154125667,0.001));
#16204=CARTESIAN_POINT('',(-0.0360853727354419,0.0223360671818999,0.001));
#16205=CARTESIAN_POINT('',(-0.0361801535655537,0.0225375253294553,0.001));
#16206=CARTESIAN_POINT('',(-0.0361801535655537,0.0225375253294553,0.001));
#16207=CARTESIAN_POINT('',(-0.0360853727354419,0.0223360671818999,0.001));
#16208=CARTESIAN_POINT('',(-0.0361846855229924,0.0227567452000452,0.001));
#16209=CARTESIAN_POINT('',(-0.0361892174804313,0.0229759650706351,0.001));
#16210=CARTESIAN_POINT('',(-0.0361892174804313,0.0229759650706351,0.001));
#16211=CARTESIAN_POINT('',(-0.0361846855229924,0.0227567452000452,0.001));
#16212=CARTESIAN_POINT('',(-0.0361135910845271,0.0231597617386628,0.001));
#16213=CARTESIAN_POINT('',(-0.0360379646886229,0.0233435584066906,0.001));
#16214=CARTESIAN_POINT('',(-0.0360379646886229,0.0233435584066906,0.001));
#16215=CARTESIAN_POINT('',(-0.0361135910845271,0.0231597617386628,0.001));
#16216=CARTESIAN_POINT('',(-0.035916092357385,0.0234498767493624,0.001));
#16217=CARTESIAN_POINT('',(-0.035794220026147,0.0235561950920342,0.001));
#16218=CARTESIAN_POINT('',(-0.035794220026147,0.0235561950920342,0.001));
#16219=CARTESIAN_POINT('',(-0.035916092357385,0.0234498767493624,0.001));
#16220=CARTESIAN_POINT('',(-0.0354431280392308,0.0235885634430616,0.001));
#16221=CARTESIAN_POINT('',(-0.0350920360523145,0.023620931794089,0.001));
#16222=CARTESIAN_POINT('',(-0.0350920360523145,0.023620931794089,0.001));
#16223=CARTESIAN_POINT('',(-0.0354431280392308,0.0235885634430616,0.001));
#16224=CARTESIAN_POINT('',(-0.0346501325611846,0.0234998895424834,0.001));
#16225=CARTESIAN_POINT('',(-0.0346501325611846,0.0234998895424834,0.001));
#16226=CARTESIAN_POINT('',(1.22464679914735E-19,0.0429587390353992,0.001));
#16227=CARTESIAN_POINT('',(-0.0347188346269436,0.019299492455483,0.001));
#16228=CARTESIAN_POINT('',(-0.0345186004010991,0.019178413751693,0.001));
#16229=CARTESIAN_POINT('',(-0.0345186004010991,0.019178413751693,0.001));
#16230=CARTESIAN_POINT('',(-0.0347188346269436,0.019299492455483,0.001));
#16231=CARTESIAN_POINT('',(-0.0349190688527881,0.0194205711592729,0.001));
#16232=CARTESIAN_POINT('',(-0.0349190688527881,0.0194205711592729,0.001));
#16233=CARTESIAN_POINT('',(-0.0346766099222487,0.0185170308662695,0.001));
#16234=CARTESIAN_POINT('',(-0.0348346194433983,0.0178556479808461,0.001));
#16235=CARTESIAN_POINT('',(-0.0348346194433983,0.0178556479808461,0.001));
#16236=CARTESIAN_POINT('',(-0.0346766099222487,0.0185170308662695,0.001));
#16237=CARTESIAN_POINT('',(-0.0349827218947979,0.0172396314236997,0.001));
#16238=CARTESIAN_POINT('',(-0.0351308243461975,0.0166236148665533,0.001));
#16239=CARTESIAN_POINT('',(-0.0351308243461975,0.0166236148665533,0.001));
#16240=CARTESIAN_POINT('',(-0.0349827218947979,0.0172396314236997,0.001));
#16241=CARTESIAN_POINT('',(-0.0353794504316185,0.0167389559172857,0.001));
#16242=CARTESIAN_POINT('',(-0.0356280765170396,0.0168542969680181,0.001));
#16243=CARTESIAN_POINT('',(-0.0356280765170396,0.0168542969680181,0.001));
#16244=CARTESIAN_POINT('',(-0.0353794504316185,0.0167389559172857,0.001));
#16245=CARTESIAN_POINT('',(-0.0361552797043807,0.0170874871382527,0.001));
#16246=CARTESIAN_POINT('',(-0.0366824828917219,0.0173206773084873,0.001));
#16247=CARTESIAN_POINT('',(-0.0366824828917219,0.0173206773084873,0.001));
#16248=CARTESIAN_POINT('',(-0.0361552797043807,0.0170874871382527,0.001));
#16249=CARTESIAN_POINT('',(-0.0369432558751323,0.0174899771012946,0.001));
#16250=CARTESIAN_POINT('',(-0.0372040288585427,0.0176592768941018,0.001));
#16251=CARTESIAN_POINT('',(-0.0372040288585427,0.0176592768941018,0.001));
#16252=CARTESIAN_POINT('',(-0.0369432558751323,0.0174899771012946,0.001));
#16253=CARTESIAN_POINT('',(-0.0374056918515253,0.0178682521160172,0.001));
#16254=CARTESIAN_POINT('',(-0.0376073548445078,0.0180772273379326,0.001));
#16255=CARTESIAN_POINT('',(-0.0376073548445078,0.0180772273379326,0.001));
#16256=CARTESIAN_POINT('',(-0.0374056918515253,0.0178682521160172,0.001));
#16257=CARTESIAN_POINT('',(-0.0377069901546458,0.0183292819097777,0.001));
#16258=CARTESIAN_POINT('',(-0.0378066254647839,0.0185813364816227,0.001));
#16259=CARTESIAN_POINT('',(-0.0378066254647839,0.0185813364816227,0.001));
#16260=CARTESIAN_POINT('',(-0.0377069901546458,0.0183292819097777,0.001));
#16261=CARTESIAN_POINT('',(-0.0377613150034415,0.0188798751166579,0.001));
#16262=CARTESIAN_POINT('',(-0.0377160045420991,0.019178413751693,0.001));
#16263=CARTESIAN_POINT('',(-0.0377160045420991,0.019178413751693,0.001));
#16264=CARTESIAN_POINT('',(-0.0377613150034415,0.0188798751166579,0.001));
#16265=CARTESIAN_POINT('',(-0.0375461191370262,0.0194256158246087,0.001));
#16266=CARTESIAN_POINT('',(-0.0373762337319533,0.0196728178975245,0.001));
#16267=CARTESIAN_POINT('',(-0.0373762337319533,0.0196728178975245,0.001));
#16268=CARTESIAN_POINT('',(-0.0375461191370262,0.0194256158246087,0.001));
#16269=CARTESIAN_POINT('',(-0.0371476325747505,0.0197888515397592,0.001));
#16270=CARTESIAN_POINT('',(-0.0369190314175477,0.019904885181994,0.001));
#16271=CARTESIAN_POINT('',(-0.0369190314175477,0.019904885181994,0.001));
#16272=CARTESIAN_POINT('',(-0.0371476325747505,0.0197888515397592,0.001));
#16273=CARTESIAN_POINT('',(-0.0366567940072536,0.0199200199704402,0.001));
#16274=CARTESIAN_POINT('',(-0.0363945565969597,0.0199351547588866,0.001));
#16275=CARTESIAN_POINT('',(-0.0363945565969597,0.0199351547588866,0.001));
#16276=CARTESIAN_POINT('',(-0.0366567940072536,0.0199200199704402,0.001));
#16277=CARTESIAN_POINT('',(-0.0361237612439554,0.0198796606666565,0.001));
#16278=CARTESIAN_POINT('',(-0.035852965890951,0.0198241665744265,0.001));
#16279=CARTESIAN_POINT('',(-0.035852965890951,0.0198241665744265,0.001));
#16280=CARTESIAN_POINT('',(-0.0361237612439554,0.0198796606666565,0.001));
#16281=CARTESIAN_POINT('',(-0.0353860173718696,0.0196223688668497,0.001));
#16282=CARTESIAN_POINT('',(-0.0353860173718696,0.0196223688668497,0.001));
#16283=CARTESIAN_POINT('',(1.22464679914735E-19,0.0429587390353992,0.001));
#16284=CARTESIAN_POINT('',(0.,0.,0.));
#16285=CARTESIAN_POINT('',(0.0212089007122837,0.0212560868263738,-2.59734123707323E-18));
#16286=CARTESIAN_POINT('',(0.022603597736958,0.021494130684196,-2.768142361778E-18));
#16287=CARTESIAN_POINT('',(0.0198142036876095,0.0210180429685518,-2.42654011236846E-18));
#16288=CARTESIAN_POINT('',(0.021257123782398,0.0234528709793296,-2.60324685991928E-18));
#16289=CARTESIAN_POINT('',(0.019910649827838,0.0254116112744633,-2.43835135806056E-18));
#16290=CARTESIAN_POINT('',(0.019838326713029,0.025429636087176,-2.42949433095505E-18));
#16291=CARTESIAN_POINT('',(0.0197660035982201,0.0254476608998888,0.));
#16292=CARTESIAN_POINT('',(0.0197111953617626,0.0254096285926113,-2.41392523071507E-18));
#16293=CARTESIAN_POINT('',(0.0196563871253051,0.0253715962853338,-2.40721315758062E-18));
#16294=CARTESIAN_POINT('',(0.0195922229602759,0.0251576572268391,-2.39935531364832E-18));
#16295=CARTESIAN_POINT('',(0.0195280587952468,0.0249437181683445,-2.39149746971603E-18));
#16296=CARTESIAN_POINT('',(0.0195318997460609,0.0241764290084199,-2.39196785052804E-18));
#16297=CARTESIAN_POINT('',(0.0195357406968751,0.0234091398484953,-2.39243823134007E-18));
#16298=CARTESIAN_POINT('',(0.0196749721922423,0.0222135914085235,-2.40948917185426E-18));
#16299=CARTESIAN_POINT('',(0.021257123782398,0.0234528709793296,0.001));
#16300=CARTESIAN_POINT('',(0.022603597736958,0.021494130684196,0.001));
#16301=CARTESIAN_POINT('',(0.022603597736958,0.021494130684196,0.001));
#16302=CARTESIAN_POINT('',(0.021257123782398,0.0234528709793296,0.001));
#16303=CARTESIAN_POINT('',(0.019910649827838,0.0254116112744633,0.001));
#16304=CARTESIAN_POINT('',(0.019910649827838,0.0254116112744633,0.001));
#16305=CARTESIAN_POINT('',(0.0212089007122837,0.0212560868263738,0.001));
#16306=CARTESIAN_POINT('',(0.0198142036876095,0.0210180429685518,0.001));
#16307=CARTESIAN_POINT('',(0.0198142036876095,0.0210180429685518,0.001));
#16308=CARTESIAN_POINT('',(0.0212089007122837,0.0212560868263738,0.001));
#16309=CARTESIAN_POINT('',(0.0196749721922423,0.0222135914085235,0.001));
#16310=CARTESIAN_POINT('',(0.0195357406968751,0.0234091398484953,0.001));
#16311=CARTESIAN_POINT('',(0.0195357406968751,0.0234091398484953,0.001));
#16312=CARTESIAN_POINT('',(0.0196749721922423,0.0222135914085235,0.001));
#16313=CARTESIAN_POINT('',(0.0195318997460609,0.0241764290084199,0.001));
#16314=CARTESIAN_POINT('',(0.0195280587952468,0.0249437181683445,0.001));
#16315=CARTESIAN_POINT('',(0.0195280587952468,0.0249437181683445,0.001));
#16316=CARTESIAN_POINT('',(0.0195318997460609,0.0241764290084199,0.001));
#16317=CARTESIAN_POINT('',(0.0195922229602759,0.0251576572268391,0.001));
#16318=CARTESIAN_POINT('',(0.0196563871253051,0.0253715962853338,0.001));
#16319=CARTESIAN_POINT('',(0.0196563871253051,0.0253715962853338,0.001));
#16320=CARTESIAN_POINT('',(0.0195922229602759,0.0251576572268391,0.001));
#16321=CARTESIAN_POINT('',(0.0197111953617626,0.0254096285926113,0.001));
#16322=CARTESIAN_POINT('',(0.0197660035982201,0.0254476608998888,0.001));
#16323=CARTESIAN_POINT('',(0.0197660035982201,0.0254476608998888,0.001));
#16324=CARTESIAN_POINT('',(0.0197111953617626,0.0254096285926113,0.001));
#16325=CARTESIAN_POINT('',(0.019838326713029,0.025429636087176,0.001));
#16326=CARTESIAN_POINT('',(0.019838326713029,0.025429636087176,0.001));
#16327=CARTESIAN_POINT('',(1.22464679914735E-19,0.0429587390353992,0.001));
#16328=CARTESIAN_POINT('',(-0.05332,-0.03759,0.003));
#16329=CARTESIAN_POINT('',(-0.05332,-0.03759,0.003));
#16330=CARTESIAN_POINT('',(0.,-0.023795,0.003));
#16331=CARTESIAN_POINT('',(0.,-0.023795,0.003));
#16332=CARTESIAN_POINT('',(0.,-0.04059,0.003));
#16333=CARTESIAN_POINT('',(0.,-0.007,0.003));
#16334=CARTESIAN_POINT('',(0.,-0.007,0.003));
#16335=CARTESIAN_POINT('',(0.,-0.04059,0.003));
#16336=CARTESIAN_POINT('',(-0.03166,0.,0.003));
#16337=CARTESIAN_POINT('',(-0.03166,0.,0.003));
#16338=CARTESIAN_POINT('',(-0.05632,0.,0.003));
#16339=CARTESIAN_POINT('',(-0.007,0.,0.003));
#16340=CARTESIAN_POINT('',(-0.05632,0.,0.003));
#16341=CARTESIAN_POINT('',(-0.007,0.,0.003));
#16342=CARTESIAN_POINT('',(-0.03166,-0.023795,0.003));
#16343=CARTESIAN_POINT('',(-0.01157,-0.01384,0.003));
#16344=CARTESIAN_POINT('',(-0.01957,-0.01384,0.003));
#16345=CARTESIAN_POINT('',(-0.00857,-0.01384,0.003));
#16346=CARTESIAN_POINT('',(-0.00857,-0.00584,0.003));
#16347=CARTESIAN_POINT('',(-0.00857,-0.00284,0.003));
#16348=CARTESIAN_POINT('',(-0.03166,-0.00284,0.003));
#16349=CARTESIAN_POINT('',(-0.01957,-0.00284,0.003));
#16350=CARTESIAN_POINT('',(-0.01957,-0.023795,0.003));
#16351=CARTESIAN_POINT('',(-0.007,-0.007,0.003));
#16352=CARTESIAN_POINT('',(0.007,-0.04059,0.003));
#16353=CARTESIAN_POINT('',(-0.05632,0.007,0.003));
#16354=CARTESIAN_POINT('',(-0.01657,-0.00834,0.006));
#16355=CARTESIAN_POINT('',(-0.0157366666666666,-0.00667333333333333,0.00683333333333333));
#16356=CARTESIAN_POINT('',(-0.0157366666666666,-0.0100066666666667,0.00683333333333333));
#16357=CARTESIAN_POINT('',(-0.03166,-0.01384,0.003));
#16358=CARTESIAN_POINT('',(-0.0162666666666667,-0.00614333333333334,0.0106966666666667));
#16359=CARTESIAN_POINT('',(-0.01407,-0.00584,0.006));
#16360=CARTESIAN_POINT('',(-0.0124033333333333,-0.00667333333333333,0.00683333333333333));
#16361=CARTESIAN_POINT('',(-0.00857,-0.023795,0.003));
#16362=CARTESIAN_POINT('',(0.05332,0.03759,0.005));
#16363=CARTESIAN_POINT('',(0.05332,0.03759,0.005));
#16364=CARTESIAN_POINT('',(0.05572,0.03759,0.005));
#16365=CARTESIAN_POINT('',(-6.93889390390723E-18,0.,0.005));
#16366=CARTESIAN_POINT('',(0.05332,0.03759,0.005));
#16367=CARTESIAN_POINT('',(0.05502,0.03759,0.005));
#16368=CARTESIAN_POINT('',(0.05332,-0.03759,0.005));
#16369=CARTESIAN_POINT('',(0.05332,-0.03759,0.005));
#16370=CARTESIAN_POINT('',(0.05572,-0.03759,0.005));
#16371=CARTESIAN_POINT('',(-6.93889390390723E-18,0.,0.005));
#16372=CARTESIAN_POINT('',(0.05332,-0.03759,0.005));
#16373=CARTESIAN_POINT('',(0.05502,-0.03759,0.005));
#16374=CARTESIAN_POINT('',(-0.05332,0.03759,0.005));
#16375=CARTESIAN_POINT('',(-0.05332,0.03759,0.005));
#16376=CARTESIAN_POINT('',(-0.05092,0.03759,0.005));
#16377=CARTESIAN_POINT('',(-6.93889390390723E-18,0.,0.005));
#16378=CARTESIAN_POINT('',(-0.05332,0.03759,0.005));
#16379=CARTESIAN_POINT('',(-0.05162,0.03759,0.005));
#16380=CARTESIAN_POINT('',(-0.05332,-0.03759,0.005));
#16381=CARTESIAN_POINT('',(-0.05332,-0.03759,0.005));
#16382=CARTESIAN_POINT('',(-0.05092,-0.03759,0.005));
#16383=CARTESIAN_POINT('',(-6.93889390390723E-18,0.,0.005));
#16384=CARTESIAN_POINT('',(-0.05332,-0.03759,0.005));
#16385=CARTESIAN_POINT('',(-0.05162,-0.03759,0.005));
#16386=CARTESIAN_POINT('',(-0.05332,-0.03759,0.162966630699705));
#16387=CARTESIAN_POINT('',(-0.05332,0.03759,0.162966630699705));
#16388=CARTESIAN_POINT('',(0.05332,-0.03759,0.162966630699705));
#16389=CARTESIAN_POINT('',(0.05332,0.03759,0.162966630699705));
#16390=CARTESIAN_POINT('',(-0.05632,0.007,0.003));
#16391=CARTESIAN_POINT('',(-0.007,-0.007,0.003));
#16392=CARTESIAN_POINT('',(0.007,-0.04059,0.008));
#16393=CARTESIAN_POINT('',(0.05632,-0.04059,0.008));
#16394=CARTESIAN_POINT('',(0.05632,0.04059,0.008));
#16395=CARTESIAN_POINT('',(-0.05632,0.04059,0.008));
#16396=CARTESIAN_POINT('',(-0.05632,-0.04059,0.008));
#16397=MECHANICAL_DESIGN_GEOMETRIC_PRESENTATION_REPRESENTATION('',(#10264,
#9727,#9728,#9729,#9730,#9731,#9732,#9733,#9734,#9735,#9736,#9737,#9738,
#9739,#9740,#9741,#9742,#9743,#9744,#9745,#9746,#9747,#9748,#9749,#9750,
#9751,#9752,#9753,#9754,#9755,#9756),#16398);
#16398=(
GEOMETRIC_REPRESENTATION_CONTEXT(3)
GLOBAL_UNCERTAINTY_ASSIGNED_CONTEXT((#16399))
GLOBAL_UNIT_ASSIGNED_CONTEXT((#16402,#16401,#16400))
REPRESENTATION_CONTEXT('00 Bottom Case','TOP_LEVEL_ASSEMBLY_PART')
);
#16399=UNCERTAINTY_MEASURE_WITH_UNIT(LENGTH_MEASURE(1.E-8),#16402,
'DISTANCE_ACCURACY_VALUE','Maximum Tolerance applied to model');
#16400=(
NAMED_UNIT(*)
SI_UNIT($,.STERADIAN.)
SOLID_ANGLE_UNIT()
);
#16401=(
NAMED_UNIT(*)
PLANE_ANGLE_UNIT()
SI_UNIT($,.RADIAN.)
);
#16402=(
LENGTH_UNIT()
NAMED_UNIT(*)
SI_UNIT($,.METRE.)
);
#16403=PRODUCT_DEFINITION_SHAPE('','',#16404);
#16404=PRODUCT_DEFINITION('','',#16406,#16405);
#16405=PRODUCT_DEFINITION_CONTEXT('',#16412,'design');
#16406=PRODUCT_DEFINITION_FORMATION_WITH_SPECIFIED_SOURCE('','',#16408,
 .NOT_KNOWN.);
#16407=PRODUCT_RELATED_PRODUCT_CATEGORY('','',(#16408));
#16408=PRODUCT('00 Bottom Case','00 Bottom Case','00 Bottom Case',(#16410));
#16409=PRODUCT_CATEGORY('','');
#16410=PRODUCT_CONTEXT('',#16412,'mechanical');
#16411=APPLICATION_PROTOCOL_DEFINITION('international standard',
'ap242_managed_model_based_3d_engineering',2020,#16412);
#16412=APPLICATION_CONTEXT('managed model based 3d engineering');
ENDSEC;
END-ISO-10303-21;
