ISO-10303-21;
HEADER;
/* Generated by software containing ST-Developer
 * from STEP Tools, Inc. (www.steptools.com) 
 */
/* OPTION: using custom renumber hook */

FILE_DESCRIPTION(
/* description */ ('STEP AP242 Edition 2',
'CAx-IF Rec.Pracs.---Representation and Presentation of Product Manufa
cturing Information (PMI)---4.0---2014-10-13',
'CAx-IF Rec.Pracs.---3D Tessellated Geometry---0.4---2014-09-14','2;1',
'CAx-IF Rec.Pracs.---User Defined Attributes---1.5---2016-08-15'),
/* implementation_level */ '2;1');

FILE_NAME(
/* name */ 'MAIN NO DELETE - 00 Middle Case',
/* time_stamp */ '2026-07-08T16:59:30Z',
/* author */ (''),
/* organization */ (''),
/* preprocessor_version */ 'ST-DEVELOPER v20',
/* originating_system */ 'ONSHAPE BY PTC INC, 1.217',
/* authorisation */ '  ');

FILE_SCHEMA (('AP242_MANAGED_MODEL_BASED_3D_ENGINEERING_MIM_LF { 1 0 10303 442 3 1 4 }'));
ENDSEC;

DATA;
#10=SHAPE_REPRESENTATION_RELATIONSHIP('','',#2097,#11);
#11=ADVANCED_BREP_SHAPE_REPRESENTATION('',(#2095),#3155);
#12=PLANE('',#2102);
#13=PLANE('',#2106);
#14=PLANE('',#2110);
#15=PLANE('',#2117);
#16=PLANE('',#2121);
#17=PLANE('',#2125);
#18=PLANE('',#2132);
#19=PLANE('',#2136);
#20=PLANE('',#2140);
#21=PLANE('',#2147);
#22=PLANE('',#2151);
#23=PLANE('',#2155);
#24=PLANE('',#2162);
#25=PLANE('',#2166);
#26=PLANE('',#2170);
#27=PLANE('',#2177);
#28=PLANE('',#2181);
#29=PLANE('',#2185);
#30=PLANE('',#2189);
#31=PLANE('',#2190);
#32=PLANE('',#2195);
#33=PLANE('',#2196);
#34=PLANE('',#2197);
#35=PLANE('',#2198);
#36=PLANE('',#2199);
#37=PLANE('',#2200);
#38=PLANE('',#2205);
#39=PLANE('',#2206);
#40=PLANE('',#2207);
#41=PLANE('',#2208);
#42=PLANE('',#2209);
#43=PLANE('',#2210);
#44=PLANE('',#2211);
#45=PLANE('',#2212);
#46=PLANE('',#2213);
#47=PLANE('',#2214);
#48=PLANE('',#2215);
#49=PLANE('',#2224);
#50=PLANE('',#2233);
#51=PLANE('',#2234);
#52=PLANE('',#2236);
#53=LINE('',#2705,#205);
#54=LINE('',#2709,#206);
#55=LINE('',#2711,#207);
#56=LINE('',#2713,#208);
#57=LINE('',#2715,#209);
#58=LINE('',#2719,#210);
#59=LINE('',#2723,#211);
#60=LINE('',#2725,#212);
#61=LINE('',#2727,#213);
#62=LINE('',#2731,#214);
#63=LINE('',#2735,#215);
#64=LINE('',#2737,#216);
#65=LINE('',#2739,#217);
#66=LINE('',#2743,#218);
#67=LINE('',#2750,#219);
#68=LINE('',#2754,#220);
#69=LINE('',#2756,#221);
#70=LINE('',#2758,#222);
#71=LINE('',#2760,#223);
#72=LINE('',#2764,#224);
#73=LINE('',#2768,#225);
#74=LINE('',#2770,#226);
#75=LINE('',#2772,#227);
#76=LINE('',#2776,#228);
#77=LINE('',#2780,#229);
#78=LINE('',#2782,#230);
#79=LINE('',#2784,#231);
#80=LINE('',#2788,#232);
#81=LINE('',#2795,#233);
#82=LINE('',#2799,#234);
#83=LINE('',#2801,#235);
#84=LINE('',#2803,#236);
#85=LINE('',#2805,#237);
#86=LINE('',#2809,#238);
#87=LINE('',#2813,#239);
#88=LINE('',#2815,#240);
#89=LINE('',#2817,#241);
#90=LINE('',#2821,#242);
#91=LINE('',#2825,#243);
#92=LINE('',#2827,#244);
#93=LINE('',#2829,#245);
#94=LINE('',#2833,#246);
#95=LINE('',#2840,#247);
#96=LINE('',#2844,#248);
#97=LINE('',#2846,#249);
#98=LINE('',#2848,#250);
#99=LINE('',#2850,#251);
#100=LINE('',#2854,#252);
#101=LINE('',#2858,#253);
#102=LINE('',#2860,#254);
#103=LINE('',#2862,#255);
#104=LINE('',#2866,#256);
#105=LINE('',#2870,#257);
#106=LINE('',#2872,#258);
#107=LINE('',#2874,#259);
#108=LINE('',#2878,#260);
#109=LINE('',#2885,#261);
#110=LINE('',#2889,#262);
#111=LINE('',#2891,#263);
#112=LINE('',#2893,#264);
#113=LINE('',#2895,#265);
#114=LINE('',#2899,#266);
#115=LINE('',#2903,#267);
#116=LINE('',#2905,#268);
#117=LINE('',#2907,#269);
#118=LINE('',#2911,#270);
#119=LINE('',#2915,#271);
#120=LINE('',#2917,#272);
#121=LINE('',#2919,#273);
#122=LINE('',#2923,#274);
#123=LINE('',#2930,#275);
#124=LINE('',#2934,#276);
#125=LINE('',#2936,#277);
#126=LINE('',#2938,#278);
#127=LINE('',#2940,#279);
#128=LINE('',#2944,#280);
#129=LINE('',#2948,#281);
#130=LINE('',#2950,#282);
#131=LINE('',#2952,#283);
#132=LINE('',#2956,#284);
#133=LINE('',#2960,#285);
#134=LINE('',#2962,#286);
#135=LINE('',#2964,#287);
#136=LINE('',#2968,#288);
#137=LINE('',#2972,#289);
#138=LINE('',#2975,#290);
#139=LINE('',#2977,#291);
#140=LINE('',#2979,#292);
#141=LINE('',#2981,#293);
#142=LINE('',#2984,#294);
#143=LINE('',#2986,#295);
#144=LINE('',#2988,#296);
#145=LINE('',#2990,#297);
#146=LINE('',#2994,#298);
#147=LINE('',#2998,#299);
#148=LINE('',#3002,#300);
#149=LINE('',#3006,#301);
#150=LINE('',#3009,#302);
#151=LINE('',#3011,#303);
#152=LINE('',#3013,#304);
#153=LINE('',#3015,#305);
#154=LINE('',#3018,#306);
#155=LINE('',#3020,#307);
#156=LINE('',#3022,#308);
#157=LINE('',#3024,#309);
#158=LINE('',#3026,#310);
#159=LINE('',#3028,#311);
#160=LINE('',#3030,#312);
#161=LINE('',#3032,#313);
#162=LINE('',#3034,#314);
#163=LINE('',#3036,#315);
#164=LINE('',#3039,#316);
#165=LINE('',#3041,#317);
#166=LINE('',#3043,#318);
#167=LINE('',#3045,#319);
#168=LINE('',#3050,#320);
#169=LINE('',#3054,#321);
#170=LINE('',#3058,#322);
#171=LINE('',#3062,#323);
#172=LINE('',#3063,#324);
#173=LINE('',#3065,#325);
#174=LINE('',#3067,#326);
#175=LINE('',#3069,#327);
#176=LINE('',#3071,#328);
#177=LINE('',#3073,#329);
#178=LINE('',#3074,#330);
#179=LINE('',#3076,#331);
#180=LINE('',#3077,#332);
#181=LINE('',#3079,#333);
#182=LINE('',#3080,#334);
#183=LINE('',#3082,#335);
#184=LINE('',#3083,#336);
#185=LINE('',#3085,#337);
#186=LINE('',#3086,#338);
#187=LINE('',#3088,#339);
#188=LINE('',#3091,#340);
#189=LINE('',#3093,#341);
#190=LINE('',#3095,#342);
#191=LINE('',#3097,#343);
#192=LINE('',#3098,#344);
#193=LINE('',#3100,#345);
#194=LINE('',#3101,#346);
#195=LINE('',#3103,#347);
#196=LINE('',#3104,#348);
#197=LINE('',#3116,#349);
#198=LINE('',#3117,#350);
#199=LINE('',#3134,#351);
#200=LINE('',#3135,#352);
#201=LINE('',#3137,#353);
#202=LINE('',#3138,#354);
#203=LINE('',#3140,#355);
#204=LINE('',#3142,#356);
#205=VECTOR('',#2254,1.);
#206=VECTOR('',#2257,1.);
#207=VECTOR('',#2260,1.);
#208=VECTOR('',#2261,1.);
#209=VECTOR('',#2262,1.);
#210=VECTOR('',#2267,1.);
#211=VECTOR('',#2272,1.);
#212=VECTOR('',#2273,1.);
#213=VECTOR('',#2274,1.);
#214=VECTOR('',#2279,1.);
#215=VECTOR('',#2284,1.);
#216=VECTOR('',#2285,1.);
#217=VECTOR('',#2286,1.);
#218=VECTOR('',#2291,1.);
#219=VECTOR('',#2298,1.);
#220=VECTOR('',#2301,1.);
#221=VECTOR('',#2304,1.);
#222=VECTOR('',#2305,1.);
#223=VECTOR('',#2306,1.);
#224=VECTOR('',#2311,1.);
#225=VECTOR('',#2316,1.);
#226=VECTOR('',#2317,1.);
#227=VECTOR('',#2318,1.);
#228=VECTOR('',#2323,1.);
#229=VECTOR('',#2328,1.);
#230=VECTOR('',#2329,1.);
#231=VECTOR('',#2330,1.);
#232=VECTOR('',#2335,1.);
#233=VECTOR('',#2342,1.);
#234=VECTOR('',#2345,1.);
#235=VECTOR('',#2348,1.);
#236=VECTOR('',#2349,1.);
#237=VECTOR('',#2350,1.);
#238=VECTOR('',#2355,1.);
#239=VECTOR('',#2360,1.);
#240=VECTOR('',#2361,1.);
#241=VECTOR('',#2362,1.);
#242=VECTOR('',#2367,1.);
#243=VECTOR('',#2372,1.);
#244=VECTOR('',#2373,1.);
#245=VECTOR('',#2374,1.);
#246=VECTOR('',#2379,1.);
#247=VECTOR('',#2386,1.);
#248=VECTOR('',#2389,1.);
#249=VECTOR('',#2392,1.);
#250=VECTOR('',#2393,1.);
#251=VECTOR('',#2394,1.);
#252=VECTOR('',#2399,1.);
#253=VECTOR('',#2404,1.);
#254=VECTOR('',#2405,1.);
#255=VECTOR('',#2406,1.);
#256=VECTOR('',#2411,1.);
#257=VECTOR('',#2416,1.);
#258=VECTOR('',#2417,1.);
#259=VECTOR('',#2418,1.);
#260=VECTOR('',#2423,1.);
#261=VECTOR('',#2430,1.);
#262=VECTOR('',#2433,1.);
#263=VECTOR('',#2436,1.);
#264=VECTOR('',#2437,1.);
#265=VECTOR('',#2438,1.);
#266=VECTOR('',#2443,1.);
#267=VECTOR('',#2448,1.);
#268=VECTOR('',#2449,1.);
#269=VECTOR('',#2450,1.);
#270=VECTOR('',#2455,1.);
#271=VECTOR('',#2460,1.);
#272=VECTOR('',#2461,1.);
#273=VECTOR('',#2462,1.);
#274=VECTOR('',#2467,1.);
#275=VECTOR('',#2474,1.);
#276=VECTOR('',#2477,1.);
#277=VECTOR('',#2480,1.);
#278=VECTOR('',#2481,1.);
#279=VECTOR('',#2482,1.);
#280=VECTOR('',#2487,1.);
#281=VECTOR('',#2492,1.);
#282=VECTOR('',#2493,1.);
#283=VECTOR('',#2494,1.);
#284=VECTOR('',#2499,1.);
#285=VECTOR('',#2504,1.);
#286=VECTOR('',#2505,1.);
#287=VECTOR('',#2506,1.);
#288=VECTOR('',#2511,1.);
#289=VECTOR('',#2516,1.);
#290=VECTOR('',#2517,1.);
#291=VECTOR('',#2518,1.);
#292=VECTOR('',#2519,1.);
#293=VECTOR('',#2522,1.);
#294=VECTOR('',#2523,1.);
#295=VECTOR('',#2524,1.);
#296=VECTOR('',#2525,1.);
#297=VECTOR('',#2526,1.);
#298=VECTOR('',#2529,1.);
#299=VECTOR('',#2532,1.);
#300=VECTOR('',#2535,1.);
#301=VECTOR('',#2540,1.);
#302=VECTOR('',#2541,1.);
#303=VECTOR('',#2542,1.);
#304=VECTOR('',#2543,1.);
#305=VECTOR('',#2546,1.);
#306=VECTOR('',#2547,1.);
#307=VECTOR('',#2548,1.);
#308=VECTOR('',#2549,1.);
#309=VECTOR('',#2552,1.);
#310=VECTOR('',#2553,1.);
#311=VECTOR('',#2554,1.);
#312=VECTOR('',#2557,1.);
#313=VECTOR('',#2558,1.);
#314=VECTOR('',#2559,1.);
#315=VECTOR('',#2562,1.);
#316=VECTOR('',#2563,1.);
#317=VECTOR('',#2564,1.);
#318=VECTOR('',#2565,1.);
#319=VECTOR('',#2568,1.);
#320=VECTOR('',#2571,1.);
#321=VECTOR('',#2574,1.);
#322=VECTOR('',#2577,1.);
#323=VECTOR('',#2580,1.);
#324=VECTOR('',#2581,1.);
#325=VECTOR('',#2582,1.);
#326=VECTOR('',#2585,1.);
#327=VECTOR('',#2586,1.);
#328=VECTOR('',#2587,1.);
#329=VECTOR('',#2590,1.);
#330=VECTOR('',#2591,1.);
#331=VECTOR('',#2594,1.);
#332=VECTOR('',#2595,1.);
#333=VECTOR('',#2598,1.);
#334=VECTOR('',#2599,1.);
#335=VECTOR('',#2602,1.);
#336=VECTOR('',#2603,1.);
#337=VECTOR('',#2606,1.);
#338=VECTOR('',#2607,1.);
#339=VECTOR('',#2610,1.);
#340=VECTOR('',#2611,1.);
#341=VECTOR('',#2612,1.);
#342=VECTOR('',#2613,1.);
#343=VECTOR('',#2616,1.);
#344=VECTOR('',#2617,1.);
#345=VECTOR('',#2620,1.);
#346=VECTOR('',#2621,1.);
#347=VECTOR('',#2624,1.);
#348=VECTOR('',#2625,1.);
#349=VECTOR('',#2640,1.);
#350=VECTOR('',#2641,1.);
#351=VECTOR('',#2666,1.);
#352=VECTOR('',#2667,1.);
#353=VECTOR('',#2670,1.);
#354=VECTOR('',#2671,1.);
#355=VECTOR('',#2674,1.);
#356=VECTOR('',#2677,1.);
#357=ORIENTED_EDGE('',*,*,#805,.F.);
#358=ORIENTED_EDGE('',*,*,#806,.F.);
#359=ORIENTED_EDGE('',*,*,#807,.T.);
#360=ORIENTED_EDGE('',*,*,#808,.T.);
#361=ORIENTED_EDGE('',*,*,#809,.T.);
#362=ORIENTED_EDGE('',*,*,#810,.F.);
#363=ORIENTED_EDGE('',*,*,#811,.F.);
#364=ORIENTED_EDGE('',*,*,#806,.T.);
#365=ORIENTED_EDGE('',*,*,#812,.F.);
#366=ORIENTED_EDGE('',*,*,#813,.F.);
#367=ORIENTED_EDGE('',*,*,#814,.T.);
#368=ORIENTED_EDGE('',*,*,#810,.T.);
#369=ORIENTED_EDGE('',*,*,#815,.T.);
#370=ORIENTED_EDGE('',*,*,#816,.F.);
#371=ORIENTED_EDGE('',*,*,#817,.F.);
#372=ORIENTED_EDGE('',*,*,#813,.T.);
#373=ORIENTED_EDGE('',*,*,#818,.F.);
#374=ORIENTED_EDGE('',*,*,#819,.F.);
#375=ORIENTED_EDGE('',*,*,#820,.T.);
#376=ORIENTED_EDGE('',*,*,#816,.T.);
#377=ORIENTED_EDGE('',*,*,#821,.F.);
#378=ORIENTED_EDGE('',*,*,#822,.F.);
#379=ORIENTED_EDGE('',*,*,#823,.T.);
#380=ORIENTED_EDGE('',*,*,#819,.T.);
#381=ORIENTED_EDGE('',*,*,#824,.F.);
#382=ORIENTED_EDGE('',*,*,#825,.F.);
#383=ORIENTED_EDGE('',*,*,#826,.T.);
#384=ORIENTED_EDGE('',*,*,#822,.T.);
#385=ORIENTED_EDGE('',*,*,#827,.F.);
#386=ORIENTED_EDGE('',*,*,#828,.F.);
#387=ORIENTED_EDGE('',*,*,#829,.T.);
#388=ORIENTED_EDGE('',*,*,#830,.T.);
#389=ORIENTED_EDGE('',*,*,#831,.T.);
#390=ORIENTED_EDGE('',*,*,#832,.F.);
#391=ORIENTED_EDGE('',*,*,#833,.F.);
#392=ORIENTED_EDGE('',*,*,#828,.T.);
#393=ORIENTED_EDGE('',*,*,#834,.F.);
#394=ORIENTED_EDGE('',*,*,#835,.F.);
#395=ORIENTED_EDGE('',*,*,#836,.T.);
#396=ORIENTED_EDGE('',*,*,#832,.T.);
#397=ORIENTED_EDGE('',*,*,#837,.T.);
#398=ORIENTED_EDGE('',*,*,#838,.F.);
#399=ORIENTED_EDGE('',*,*,#839,.F.);
#400=ORIENTED_EDGE('',*,*,#835,.T.);
#401=ORIENTED_EDGE('',*,*,#840,.F.);
#402=ORIENTED_EDGE('',*,*,#841,.F.);
#403=ORIENTED_EDGE('',*,*,#842,.T.);
#404=ORIENTED_EDGE('',*,*,#838,.T.);
#405=ORIENTED_EDGE('',*,*,#843,.F.);
#406=ORIENTED_EDGE('',*,*,#844,.F.);
#407=ORIENTED_EDGE('',*,*,#845,.T.);
#408=ORIENTED_EDGE('',*,*,#841,.T.);
#409=ORIENTED_EDGE('',*,*,#846,.F.);
#410=ORIENTED_EDGE('',*,*,#847,.F.);
#411=ORIENTED_EDGE('',*,*,#848,.T.);
#412=ORIENTED_EDGE('',*,*,#844,.T.);
#413=ORIENTED_EDGE('',*,*,#849,.F.);
#414=ORIENTED_EDGE('',*,*,#850,.F.);
#415=ORIENTED_EDGE('',*,*,#851,.T.);
#416=ORIENTED_EDGE('',*,*,#852,.T.);
#417=ORIENTED_EDGE('',*,*,#853,.T.);
#418=ORIENTED_EDGE('',*,*,#854,.F.);
#419=ORIENTED_EDGE('',*,*,#855,.F.);
#420=ORIENTED_EDGE('',*,*,#850,.T.);
#421=ORIENTED_EDGE('',*,*,#856,.F.);
#422=ORIENTED_EDGE('',*,*,#857,.F.);
#423=ORIENTED_EDGE('',*,*,#858,.T.);
#424=ORIENTED_EDGE('',*,*,#854,.T.);
#425=ORIENTED_EDGE('',*,*,#859,.T.);
#426=ORIENTED_EDGE('',*,*,#860,.F.);
#427=ORIENTED_EDGE('',*,*,#861,.F.);
#428=ORIENTED_EDGE('',*,*,#857,.T.);
#429=ORIENTED_EDGE('',*,*,#862,.F.);
#430=ORIENTED_EDGE('',*,*,#863,.F.);
#431=ORIENTED_EDGE('',*,*,#864,.T.);
#432=ORIENTED_EDGE('',*,*,#860,.T.);
#433=ORIENTED_EDGE('',*,*,#865,.F.);
#434=ORIENTED_EDGE('',*,*,#866,.F.);
#435=ORIENTED_EDGE('',*,*,#867,.T.);
#436=ORIENTED_EDGE('',*,*,#863,.T.);
#437=ORIENTED_EDGE('',*,*,#868,.F.);
#438=ORIENTED_EDGE('',*,*,#869,.F.);
#439=ORIENTED_EDGE('',*,*,#870,.T.);
#440=ORIENTED_EDGE('',*,*,#866,.T.);
#441=ORIENTED_EDGE('',*,*,#871,.F.);
#442=ORIENTED_EDGE('',*,*,#872,.F.);
#443=ORIENTED_EDGE('',*,*,#873,.T.);
#444=ORIENTED_EDGE('',*,*,#874,.T.);
#445=ORIENTED_EDGE('',*,*,#875,.T.);
#446=ORIENTED_EDGE('',*,*,#876,.F.);
#447=ORIENTED_EDGE('',*,*,#877,.F.);
#448=ORIENTED_EDGE('',*,*,#872,.T.);
#449=ORIENTED_EDGE('',*,*,#878,.F.);
#450=ORIENTED_EDGE('',*,*,#879,.F.);
#451=ORIENTED_EDGE('',*,*,#880,.T.);
#452=ORIENTED_EDGE('',*,*,#876,.T.);
#453=ORIENTED_EDGE('',*,*,#881,.T.);
#454=ORIENTED_EDGE('',*,*,#882,.F.);
#455=ORIENTED_EDGE('',*,*,#883,.F.);
#456=ORIENTED_EDGE('',*,*,#879,.T.);
#457=ORIENTED_EDGE('',*,*,#884,.F.);
#458=ORIENTED_EDGE('',*,*,#885,.F.);
#459=ORIENTED_EDGE('',*,*,#886,.T.);
#460=ORIENTED_EDGE('',*,*,#882,.T.);
#461=ORIENTED_EDGE('',*,*,#887,.F.);
#462=ORIENTED_EDGE('',*,*,#888,.F.);
#463=ORIENTED_EDGE('',*,*,#889,.T.);
#464=ORIENTED_EDGE('',*,*,#885,.T.);
#465=ORIENTED_EDGE('',*,*,#890,.F.);
#466=ORIENTED_EDGE('',*,*,#891,.F.);
#467=ORIENTED_EDGE('',*,*,#892,.T.);
#468=ORIENTED_EDGE('',*,*,#888,.T.);
#469=ORIENTED_EDGE('',*,*,#893,.F.);
#470=ORIENTED_EDGE('',*,*,#894,.F.);
#471=ORIENTED_EDGE('',*,*,#895,.T.);
#472=ORIENTED_EDGE('',*,*,#896,.T.);
#473=ORIENTED_EDGE('',*,*,#897,.T.);
#474=ORIENTED_EDGE('',*,*,#898,.F.);
#475=ORIENTED_EDGE('',*,*,#899,.F.);
#476=ORIENTED_EDGE('',*,*,#894,.T.);
#477=ORIENTED_EDGE('',*,*,#900,.F.);
#478=ORIENTED_EDGE('',*,*,#901,.F.);
#479=ORIENTED_EDGE('',*,*,#902,.T.);
#480=ORIENTED_EDGE('',*,*,#898,.T.);
#481=ORIENTED_EDGE('',*,*,#903,.T.);
#482=ORIENTED_EDGE('',*,*,#904,.F.);
#483=ORIENTED_EDGE('',*,*,#905,.F.);
#484=ORIENTED_EDGE('',*,*,#901,.T.);
#485=ORIENTED_EDGE('',*,*,#906,.F.);
#486=ORIENTED_EDGE('',*,*,#907,.F.);
#487=ORIENTED_EDGE('',*,*,#908,.T.);
#488=ORIENTED_EDGE('',*,*,#904,.T.);
#489=ORIENTED_EDGE('',*,*,#909,.F.);
#490=ORIENTED_EDGE('',*,*,#910,.F.);
#491=ORIENTED_EDGE('',*,*,#911,.T.);
#492=ORIENTED_EDGE('',*,*,#907,.T.);
#493=ORIENTED_EDGE('',*,*,#912,.F.);
#494=ORIENTED_EDGE('',*,*,#913,.F.);
#495=ORIENTED_EDGE('',*,*,#914,.T.);
#496=ORIENTED_EDGE('',*,*,#910,.T.);
#497=ORIENTED_EDGE('',*,*,#915,.F.);
#498=ORIENTED_EDGE('',*,*,#916,.F.);
#499=ORIENTED_EDGE('',*,*,#917,.T.);
#500=ORIENTED_EDGE('',*,*,#918,.T.);
#501=ORIENTED_EDGE('',*,*,#919,.T.);
#502=ORIENTED_EDGE('',*,*,#920,.F.);
#503=ORIENTED_EDGE('',*,*,#921,.F.);
#504=ORIENTED_EDGE('',*,*,#916,.T.);
#505=ORIENTED_EDGE('',*,*,#922,.F.);
#506=ORIENTED_EDGE('',*,*,#923,.F.);
#507=ORIENTED_EDGE('',*,*,#924,.T.);
#508=ORIENTED_EDGE('',*,*,#920,.T.);
#509=ORIENTED_EDGE('',*,*,#925,.T.);
#510=ORIENTED_EDGE('',*,*,#926,.F.);
#511=ORIENTED_EDGE('',*,*,#927,.F.);
#512=ORIENTED_EDGE('',*,*,#923,.T.);
#513=ORIENTED_EDGE('',*,*,#928,.F.);
#514=ORIENTED_EDGE('',*,*,#929,.F.);
#515=ORIENTED_EDGE('',*,*,#930,.T.);
#516=ORIENTED_EDGE('',*,*,#926,.T.);
#517=ORIENTED_EDGE('',*,*,#931,.F.);
#518=ORIENTED_EDGE('',*,*,#932,.F.);
#519=ORIENTED_EDGE('',*,*,#933,.T.);
#520=ORIENTED_EDGE('',*,*,#929,.T.);
#521=ORIENTED_EDGE('',*,*,#934,.F.);
#522=ORIENTED_EDGE('',*,*,#935,.F.);
#523=ORIENTED_EDGE('',*,*,#936,.T.);
#524=ORIENTED_EDGE('',*,*,#932,.T.);
#525=ORIENTED_EDGE('',*,*,#937,.T.);
#526=ORIENTED_EDGE('',*,*,#938,.T.);
#527=ORIENTED_EDGE('',*,*,#939,.F.);
#528=ORIENTED_EDGE('',*,*,#940,.T.);
#529=ORIENTED_EDGE('',*,*,#941,.F.);
#530=ORIENTED_EDGE('',*,*,#942,.T.);
#531=ORIENTED_EDGE('',*,*,#943,.T.);
#532=ORIENTED_EDGE('',*,*,#944,.T.);
#533=ORIENTED_EDGE('',*,*,#945,.F.);
#534=ORIENTED_EDGE('',*,*,#946,.T.);
#535=ORIENTED_EDGE('',*,*,#947,.T.);
#536=ORIENTED_EDGE('',*,*,#948,.T.);
#537=ORIENTED_EDGE('',*,*,#949,.F.);
#538=ORIENTED_EDGE('',*,*,#950,.T.);
#539=ORIENTED_EDGE('',*,*,#951,.F.);
#540=ORIENTED_EDGE('',*,*,#952,.T.);
#541=ORIENTED_EDGE('',*,*,#953,.F.);
#542=ORIENTED_EDGE('',*,*,#954,.T.);
#543=ORIENTED_EDGE('',*,*,#955,.T.);
#544=ORIENTED_EDGE('',*,*,#956,.T.);
#545=ORIENTED_EDGE('',*,*,#957,.F.);
#546=ORIENTED_EDGE('',*,*,#958,.F.);
#547=ORIENTED_EDGE('',*,*,#959,.T.);
#548=ORIENTED_EDGE('',*,*,#960,.T.);
#549=ORIENTED_EDGE('',*,*,#961,.T.);
#550=ORIENTED_EDGE('',*,*,#962,.F.);
#551=ORIENTED_EDGE('',*,*,#963,.F.);
#552=ORIENTED_EDGE('',*,*,#958,.T.);
#553=ORIENTED_EDGE('',*,*,#964,.T.);
#554=ORIENTED_EDGE('',*,*,#965,.F.);
#555=ORIENTED_EDGE('',*,*,#966,.F.);
#556=ORIENTED_EDGE('',*,*,#962,.T.);
#557=ORIENTED_EDGE('',*,*,#967,.F.);
#558=ORIENTED_EDGE('',*,*,#968,.F.);
#559=ORIENTED_EDGE('',*,*,#969,.T.);
#560=ORIENTED_EDGE('',*,*,#970,.T.);
#561=ORIENTED_EDGE('',*,*,#971,.F.);
#562=ORIENTED_EDGE('',*,*,#972,.T.);
#563=ORIENTED_EDGE('',*,*,#973,.F.);
#564=ORIENTED_EDGE('',*,*,#974,.T.);
#565=ORIENTED_EDGE('',*,*,#975,.F.);
#566=ORIENTED_EDGE('',*,*,#976,.T.);
#567=ORIENTED_EDGE('',*,*,#977,.T.);
#568=ORIENTED_EDGE('',*,*,#978,.T.);
#569=ORIENTED_EDGE('',*,*,#979,.F.);
#570=ORIENTED_EDGE('',*,*,#968,.T.);
#571=ORIENTED_EDGE('',*,*,#980,.T.);
#572=ORIENTED_EDGE('',*,*,#981,.F.);
#573=ORIENTED_EDGE('',*,*,#982,.F.);
#574=ORIENTED_EDGE('',*,*,#983,.F.);
#575=ORIENTED_EDGE('',*,*,#984,.T.);
#576=ORIENTED_EDGE('',*,*,#981,.T.);
#577=ORIENTED_EDGE('',*,*,#985,.F.);
#578=ORIENTED_EDGE('',*,*,#830,.F.);
#579=ORIENTED_EDGE('',*,*,#986,.T.);
#580=ORIENTED_EDGE('',*,*,#847,.T.);
#581=ORIENTED_EDGE('',*,*,#987,.F.);
#582=ORIENTED_EDGE('',*,*,#852,.F.);
#583=ORIENTED_EDGE('',*,*,#988,.T.);
#584=ORIENTED_EDGE('',*,*,#869,.T.);
#585=ORIENTED_EDGE('',*,*,#989,.F.);
#586=ORIENTED_EDGE('',*,*,#874,.F.);
#587=ORIENTED_EDGE('',*,*,#990,.T.);
#588=ORIENTED_EDGE('',*,*,#891,.T.);
#589=ORIENTED_EDGE('',*,*,#991,.F.);
#590=ORIENTED_EDGE('',*,*,#896,.F.);
#591=ORIENTED_EDGE('',*,*,#992,.T.);
#592=ORIENTED_EDGE('',*,*,#913,.T.);
#593=ORIENTED_EDGE('',*,*,#993,.F.);
#594=ORIENTED_EDGE('',*,*,#918,.F.);
#595=ORIENTED_EDGE('',*,*,#994,.T.);
#596=ORIENTED_EDGE('',*,*,#935,.T.);
#597=ORIENTED_EDGE('',*,*,#995,.F.);
#598=ORIENTED_EDGE('',*,*,#996,.T.);
#599=ORIENTED_EDGE('',*,*,#997,.T.);
#600=ORIENTED_EDGE('',*,*,#998,.T.);
#601=ORIENTED_EDGE('',*,*,#999,.F.);
#602=ORIENTED_EDGE('',*,*,#960,.F.);
#603=ORIENTED_EDGE('',*,*,#1000,.T.);
#604=ORIENTED_EDGE('',*,*,#965,.T.);
#605=ORIENTED_EDGE('',*,*,#1001,.F.);
#606=ORIENTED_EDGE('',*,*,#970,.F.);
#607=ORIENTED_EDGE('',*,*,#1002,.T.);
#608=ORIENTED_EDGE('',*,*,#983,.T.);
#609=ORIENTED_EDGE('',*,*,#1003,.F.);
#610=ORIENTED_EDGE('',*,*,#808,.F.);
#611=ORIENTED_EDGE('',*,*,#1004,.T.);
#612=ORIENTED_EDGE('',*,*,#825,.T.);
#613=ORIENTED_EDGE('',*,*,#1005,.T.);
#614=ORIENTED_EDGE('',*,*,#1006,.T.);
#615=ORIENTED_EDGE('',*,*,#1007,.T.);
#616=ORIENTED_EDGE('',*,*,#1008,.T.);
#617=ORIENTED_EDGE('',*,*,#997,.F.);
#618=ORIENTED_EDGE('',*,*,#1009,.T.);
#619=ORIENTED_EDGE('',*,*,#937,.F.);
#620=ORIENTED_EDGE('',*,*,#1010,.T.);
#621=ORIENTED_EDGE('',*,*,#941,.T.);
#622=ORIENTED_EDGE('',*,*,#1011,.F.);
#623=ORIENTED_EDGE('',*,*,#971,.T.);
#624=ORIENTED_EDGE('',*,*,#984,.F.);
#625=ORIENTED_EDGE('',*,*,#1002,.F.);
#626=ORIENTED_EDGE('',*,*,#969,.F.);
#627=ORIENTED_EDGE('',*,*,#979,.T.);
#628=ORIENTED_EDGE('',*,*,#1012,.F.);
#629=ORIENTED_EDGE('',*,*,#945,.T.);
#630=ORIENTED_EDGE('',*,*,#1013,.T.);
#631=ORIENTED_EDGE('',*,*,#953,.T.);
#632=ORIENTED_EDGE('',*,*,#1014,.T.);
#633=ORIENTED_EDGE('',*,*,#959,.F.);
#634=ORIENTED_EDGE('',*,*,#963,.T.);
#635=ORIENTED_EDGE('',*,*,#966,.T.);
#636=ORIENTED_EDGE('',*,*,#1000,.F.);
#637=ORIENTED_EDGE('',*,*,#917,.F.);
#638=ORIENTED_EDGE('',*,*,#921,.T.);
#639=ORIENTED_EDGE('',*,*,#924,.F.);
#640=ORIENTED_EDGE('',*,*,#927,.T.);
#641=ORIENTED_EDGE('',*,*,#930,.F.);
#642=ORIENTED_EDGE('',*,*,#933,.F.);
#643=ORIENTED_EDGE('',*,*,#936,.F.);
#644=ORIENTED_EDGE('',*,*,#994,.F.);
#645=ORIENTED_EDGE('',*,*,#895,.F.);
#646=ORIENTED_EDGE('',*,*,#899,.T.);
#647=ORIENTED_EDGE('',*,*,#902,.F.);
#648=ORIENTED_EDGE('',*,*,#905,.T.);
#649=ORIENTED_EDGE('',*,*,#908,.F.);
#650=ORIENTED_EDGE('',*,*,#911,.F.);
#651=ORIENTED_EDGE('',*,*,#914,.F.);
#652=ORIENTED_EDGE('',*,*,#992,.F.);
#653=ORIENTED_EDGE('',*,*,#873,.F.);
#654=ORIENTED_EDGE('',*,*,#877,.T.);
#655=ORIENTED_EDGE('',*,*,#880,.F.);
#656=ORIENTED_EDGE('',*,*,#883,.T.);
#657=ORIENTED_EDGE('',*,*,#886,.F.);
#658=ORIENTED_EDGE('',*,*,#889,.F.);
#659=ORIENTED_EDGE('',*,*,#892,.F.);
#660=ORIENTED_EDGE('',*,*,#990,.F.);
#661=ORIENTED_EDGE('',*,*,#851,.F.);
#662=ORIENTED_EDGE('',*,*,#855,.T.);
#663=ORIENTED_EDGE('',*,*,#858,.F.);
#664=ORIENTED_EDGE('',*,*,#861,.T.);
#665=ORIENTED_EDGE('',*,*,#864,.F.);
#666=ORIENTED_EDGE('',*,*,#867,.F.);
#667=ORIENTED_EDGE('',*,*,#870,.F.);
#668=ORIENTED_EDGE('',*,*,#988,.F.);
#669=ORIENTED_EDGE('',*,*,#829,.F.);
#670=ORIENTED_EDGE('',*,*,#833,.T.);
#671=ORIENTED_EDGE('',*,*,#836,.F.);
#672=ORIENTED_EDGE('',*,*,#839,.T.);
#673=ORIENTED_EDGE('',*,*,#842,.F.);
#674=ORIENTED_EDGE('',*,*,#845,.F.);
#675=ORIENTED_EDGE('',*,*,#848,.F.);
#676=ORIENTED_EDGE('',*,*,#986,.F.);
#677=ORIENTED_EDGE('',*,*,#807,.F.);
#678=ORIENTED_EDGE('',*,*,#811,.T.);
#679=ORIENTED_EDGE('',*,*,#814,.F.);
#680=ORIENTED_EDGE('',*,*,#817,.T.);
#681=ORIENTED_EDGE('',*,*,#820,.F.);
#682=ORIENTED_EDGE('',*,*,#823,.F.);
#683=ORIENTED_EDGE('',*,*,#826,.F.);
#684=ORIENTED_EDGE('',*,*,#1004,.F.);
#685=ORIENTED_EDGE('',*,*,#1015,.F.);
#686=ORIENTED_EDGE('',*,*,#1016,.F.);
#687=ORIENTED_EDGE('',*,*,#1017,.F.);
#688=ORIENTED_EDGE('',*,*,#1018,.F.);
#689=ORIENTED_EDGE('',*,*,#967,.T.);
#690=ORIENTED_EDGE('',*,*,#1001,.T.);
#691=ORIENTED_EDGE('',*,*,#982,.T.);
#692=ORIENTED_EDGE('',*,*,#980,.F.);
#693=ORIENTED_EDGE('',*,*,#957,.T.);
#694=ORIENTED_EDGE('',*,*,#999,.T.);
#695=ORIENTED_EDGE('',*,*,#964,.F.);
#696=ORIENTED_EDGE('',*,*,#961,.F.);
#697=ORIENTED_EDGE('',*,*,#939,.T.);
#698=ORIENTED_EDGE('',*,*,#1019,.T.);
#699=ORIENTED_EDGE('',*,*,#995,.T.);
#700=ORIENTED_EDGE('',*,*,#1020,.T.);
#701=ORIENTED_EDGE('',*,*,#955,.F.);
#702=ORIENTED_EDGE('',*,*,#1021,.T.);
#703=ORIENTED_EDGE('',*,*,#943,.F.);
#704=ORIENTED_EDGE('',*,*,#1022,.T.);
#705=ORIENTED_EDGE('',*,*,#915,.T.);
#706=ORIENTED_EDGE('',*,*,#993,.T.);
#707=ORIENTED_EDGE('',*,*,#934,.T.);
#708=ORIENTED_EDGE('',*,*,#931,.T.);
#709=ORIENTED_EDGE('',*,*,#928,.T.);
#710=ORIENTED_EDGE('',*,*,#925,.F.);
#711=ORIENTED_EDGE('',*,*,#922,.T.);
#712=ORIENTED_EDGE('',*,*,#919,.F.);
#713=ORIENTED_EDGE('',*,*,#893,.T.);
#714=ORIENTED_EDGE('',*,*,#991,.T.);
#715=ORIENTED_EDGE('',*,*,#912,.T.);
#716=ORIENTED_EDGE('',*,*,#909,.T.);
#717=ORIENTED_EDGE('',*,*,#906,.T.);
#718=ORIENTED_EDGE('',*,*,#903,.F.);
#719=ORIENTED_EDGE('',*,*,#900,.T.);
#720=ORIENTED_EDGE('',*,*,#897,.F.);
#721=ORIENTED_EDGE('',*,*,#871,.T.);
#722=ORIENTED_EDGE('',*,*,#989,.T.);
#723=ORIENTED_EDGE('',*,*,#890,.T.);
#724=ORIENTED_EDGE('',*,*,#887,.T.);
#725=ORIENTED_EDGE('',*,*,#884,.T.);
#726=ORIENTED_EDGE('',*,*,#881,.F.);
#727=ORIENTED_EDGE('',*,*,#878,.T.);
#728=ORIENTED_EDGE('',*,*,#875,.F.);
#729=ORIENTED_EDGE('',*,*,#849,.T.);
#730=ORIENTED_EDGE('',*,*,#987,.T.);
#731=ORIENTED_EDGE('',*,*,#868,.T.);
#732=ORIENTED_EDGE('',*,*,#865,.T.);
#733=ORIENTED_EDGE('',*,*,#862,.T.);
#734=ORIENTED_EDGE('',*,*,#859,.F.);
#735=ORIENTED_EDGE('',*,*,#856,.T.);
#736=ORIENTED_EDGE('',*,*,#853,.F.);
#737=ORIENTED_EDGE('',*,*,#827,.T.);
#738=ORIENTED_EDGE('',*,*,#985,.T.);
#739=ORIENTED_EDGE('',*,*,#846,.T.);
#740=ORIENTED_EDGE('',*,*,#843,.T.);
#741=ORIENTED_EDGE('',*,*,#840,.T.);
#742=ORIENTED_EDGE('',*,*,#837,.F.);
#743=ORIENTED_EDGE('',*,*,#834,.T.);
#744=ORIENTED_EDGE('',*,*,#831,.F.);
#745=ORIENTED_EDGE('',*,*,#805,.T.);
#746=ORIENTED_EDGE('',*,*,#1003,.T.);
#747=ORIENTED_EDGE('',*,*,#824,.T.);
#748=ORIENTED_EDGE('',*,*,#821,.T.);
#749=ORIENTED_EDGE('',*,*,#818,.T.);
#750=ORIENTED_EDGE('',*,*,#815,.F.);
#751=ORIENTED_EDGE('',*,*,#812,.T.);
#752=ORIENTED_EDGE('',*,*,#809,.F.);
#753=ORIENTED_EDGE('',*,*,#951,.T.);
#754=ORIENTED_EDGE('',*,*,#1023,.T.);
#755=ORIENTED_EDGE('',*,*,#973,.T.);
#756=ORIENTED_EDGE('',*,*,#1024,.F.);
#757=ORIENTED_EDGE('',*,*,#1025,.T.);
#758=ORIENTED_EDGE('',*,*,#977,.F.);
#759=ORIENTED_EDGE('',*,*,#1026,.F.);
#760=ORIENTED_EDGE('',*,*,#947,.F.);
#761=ORIENTED_EDGE('',*,*,#1026,.T.);
#762=ORIENTED_EDGE('',*,*,#976,.F.);
#763=ORIENTED_EDGE('',*,*,#1027,.F.);
#764=ORIENTED_EDGE('',*,*,#948,.F.);
#765=ORIENTED_EDGE('',*,*,#949,.T.);
#766=ORIENTED_EDGE('',*,*,#1027,.T.);
#767=ORIENTED_EDGE('',*,*,#975,.T.);
#768=ORIENTED_EDGE('',*,*,#1028,.F.);
#769=ORIENTED_EDGE('',*,*,#1028,.T.);
#770=ORIENTED_EDGE('',*,*,#974,.F.);
#771=ORIENTED_EDGE('',*,*,#1023,.F.);
#772=ORIENTED_EDGE('',*,*,#950,.F.);
#773=ORIENTED_EDGE('',*,*,#1024,.T.);
#774=ORIENTED_EDGE('',*,*,#972,.F.);
#775=ORIENTED_EDGE('',*,*,#1011,.T.);
#776=ORIENTED_EDGE('',*,*,#952,.F.);
#777=ORIENTED_EDGE('',*,*,#1012,.T.);
#778=ORIENTED_EDGE('',*,*,#978,.F.);
#779=ORIENTED_EDGE('',*,*,#1025,.F.);
#780=ORIENTED_EDGE('',*,*,#946,.F.);
#781=ORIENTED_EDGE('',*,*,#1008,.F.);
#782=ORIENTED_EDGE('',*,*,#1018,.T.);
#783=ORIENTED_EDGE('',*,*,#1007,.F.);
#784=ORIENTED_EDGE('',*,*,#1017,.T.);
#785=ORIENTED_EDGE('',*,*,#1006,.F.);
#786=ORIENTED_EDGE('',*,*,#1016,.T.);
#787=ORIENTED_EDGE('',*,*,#1005,.F.);
#788=ORIENTED_EDGE('',*,*,#1015,.T.);
#789=ORIENTED_EDGE('',*,*,#1009,.F.);
#790=ORIENTED_EDGE('',*,*,#996,.F.);
#791=ORIENTED_EDGE('',*,*,#1019,.F.);
#792=ORIENTED_EDGE('',*,*,#938,.F.);
#793=ORIENTED_EDGE('',*,*,#1010,.F.);
#794=ORIENTED_EDGE('',*,*,#940,.F.);
#795=ORIENTED_EDGE('',*,*,#1022,.F.);
#796=ORIENTED_EDGE('',*,*,#942,.F.);
#797=ORIENTED_EDGE('',*,*,#1013,.F.);
#798=ORIENTED_EDGE('',*,*,#944,.F.);
#799=ORIENTED_EDGE('',*,*,#1021,.F.);
#800=ORIENTED_EDGE('',*,*,#954,.F.);
#801=ORIENTED_EDGE('',*,*,#1014,.F.);
#802=ORIENTED_EDGE('',*,*,#956,.F.);
#803=ORIENTED_EDGE('',*,*,#1020,.F.);
#804=ORIENTED_EDGE('',*,*,#998,.F.);
#805=EDGE_CURVE('',#1029,#1030,#1181,.T.);
#806=EDGE_CURVE('',#1031,#1029,#53,.T.);
#807=EDGE_CURVE('',#1031,#1032,#1182,.T.);
#808=EDGE_CURVE('',#1032,#1030,#54,.T.);
#809=EDGE_CURVE('',#1029,#1033,#55,.T.);
#810=EDGE_CURVE('',#1034,#1033,#56,.T.);
#811=EDGE_CURVE('',#1031,#1034,#57,.T.);
#812=EDGE_CURVE('',#1035,#1033,#1183,.T.);
#813=EDGE_CURVE('',#1036,#1035,#58,.T.);
#814=EDGE_CURVE('',#1036,#1034,#1184,.T.);
#815=EDGE_CURVE('',#1035,#1037,#59,.T.);
#816=EDGE_CURVE('',#1038,#1037,#60,.T.);
#817=EDGE_CURVE('',#1036,#1038,#61,.T.);
#818=EDGE_CURVE('',#1039,#1037,#1185,.T.);
#819=EDGE_CURVE('',#1040,#1039,#62,.T.);
#820=EDGE_CURVE('',#1040,#1038,#1186,.T.);
#821=EDGE_CURVE('',#1041,#1039,#63,.T.);
#822=EDGE_CURVE('',#1042,#1041,#64,.T.);
#823=EDGE_CURVE('',#1042,#1040,#65,.T.);
#824=EDGE_CURVE('',#1043,#1041,#1187,.T.);
#825=EDGE_CURVE('',#1044,#1043,#66,.T.);
#826=EDGE_CURVE('',#1044,#1042,#1188,.T.);
#827=EDGE_CURVE('',#1045,#1046,#1189,.T.);
#828=EDGE_CURVE('',#1047,#1045,#67,.T.);
#829=EDGE_CURVE('',#1047,#1048,#1190,.T.);
#830=EDGE_CURVE('',#1048,#1046,#68,.T.);
#831=EDGE_CURVE('',#1045,#1049,#69,.T.);
#832=EDGE_CURVE('',#1050,#1049,#70,.T.);
#833=EDGE_CURVE('',#1047,#1050,#71,.T.);
#834=EDGE_CURVE('',#1051,#1049,#1191,.T.);
#835=EDGE_CURVE('',#1052,#1051,#72,.T.);
#836=EDGE_CURVE('',#1052,#1050,#1192,.T.);
#837=EDGE_CURVE('',#1051,#1053,#73,.T.);
#838=EDGE_CURVE('',#1054,#1053,#74,.T.);
#839=EDGE_CURVE('',#1052,#1054,#75,.T.);
#840=EDGE_CURVE('',#1055,#1053,#1193,.T.);
#841=EDGE_CURVE('',#1056,#1055,#76,.T.);
#842=EDGE_CURVE('',#1056,#1054,#1194,.T.);
#843=EDGE_CURVE('',#1057,#1055,#77,.T.);
#844=EDGE_CURVE('',#1058,#1057,#78,.T.);
#845=EDGE_CURVE('',#1058,#1056,#79,.T.);
#846=EDGE_CURVE('',#1059,#1057,#1195,.T.);
#847=EDGE_CURVE('',#1060,#1059,#80,.T.);
#848=EDGE_CURVE('',#1060,#1058,#1196,.T.);
#849=EDGE_CURVE('',#1061,#1062,#1197,.T.);
#850=EDGE_CURVE('',#1063,#1061,#81,.T.);
#851=EDGE_CURVE('',#1063,#1064,#1198,.T.);
#852=EDGE_CURVE('',#1064,#1062,#82,.T.);
#853=EDGE_CURVE('',#1061,#1065,#83,.T.);
#854=EDGE_CURVE('',#1066,#1065,#84,.T.);
#855=EDGE_CURVE('',#1063,#1066,#85,.T.);
#856=EDGE_CURVE('',#1067,#1065,#1199,.T.);
#857=EDGE_CURVE('',#1068,#1067,#86,.T.);
#858=EDGE_CURVE('',#1068,#1066,#1200,.T.);
#859=EDGE_CURVE('',#1067,#1069,#87,.T.);
#860=EDGE_CURVE('',#1070,#1069,#88,.T.);
#861=EDGE_CURVE('',#1068,#1070,#89,.T.);
#862=EDGE_CURVE('',#1071,#1069,#1201,.T.);
#863=EDGE_CURVE('',#1072,#1071,#90,.T.);
#864=EDGE_CURVE('',#1072,#1070,#1202,.T.);
#865=EDGE_CURVE('',#1073,#1071,#91,.T.);
#866=EDGE_CURVE('',#1074,#1073,#92,.T.);
#867=EDGE_CURVE('',#1074,#1072,#93,.T.);
#868=EDGE_CURVE('',#1075,#1073,#1203,.T.);
#869=EDGE_CURVE('',#1076,#1075,#94,.T.);
#870=EDGE_CURVE('',#1076,#1074,#1204,.T.);
#871=EDGE_CURVE('',#1077,#1078,#1205,.T.);
#872=EDGE_CURVE('',#1079,#1077,#95,.T.);
#873=EDGE_CURVE('',#1079,#1080,#1206,.T.);
#874=EDGE_CURVE('',#1080,#1078,#96,.T.);
#875=EDGE_CURVE('',#1077,#1081,#97,.T.);
#876=EDGE_CURVE('',#1082,#1081,#98,.T.);
#877=EDGE_CURVE('',#1079,#1082,#99,.T.);
#878=EDGE_CURVE('',#1083,#1081,#1207,.T.);
#879=EDGE_CURVE('',#1084,#1083,#100,.T.);
#880=EDGE_CURVE('',#1084,#1082,#1208,.T.);
#881=EDGE_CURVE('',#1083,#1085,#101,.T.);
#882=EDGE_CURVE('',#1086,#1085,#102,.T.);
#883=EDGE_CURVE('',#1084,#1086,#103,.T.);
#884=EDGE_CURVE('',#1087,#1085,#1209,.T.);
#885=EDGE_CURVE('',#1088,#1087,#104,.T.);
#886=EDGE_CURVE('',#1088,#1086,#1210,.T.);
#887=EDGE_CURVE('',#1089,#1087,#105,.T.);
#888=EDGE_CURVE('',#1090,#1089,#106,.T.);
#889=EDGE_CURVE('',#1090,#1088,#107,.T.);
#890=EDGE_CURVE('',#1091,#1089,#1211,.T.);
#891=EDGE_CURVE('',#1092,#1091,#108,.T.);
#892=EDGE_CURVE('',#1092,#1090,#1212,.T.);
#893=EDGE_CURVE('',#1093,#1094,#1213,.T.);
#894=EDGE_CURVE('',#1095,#1093,#109,.T.);
#895=EDGE_CURVE('',#1095,#1096,#1214,.T.);
#896=EDGE_CURVE('',#1096,#1094,#110,.T.);
#897=EDGE_CURVE('',#1093,#1097,#111,.T.);
#898=EDGE_CURVE('',#1098,#1097,#112,.T.);
#899=EDGE_CURVE('',#1095,#1098,#113,.T.);
#900=EDGE_CURVE('',#1099,#1097,#1215,.T.);
#901=EDGE_CURVE('',#1100,#1099,#114,.T.);
#902=EDGE_CURVE('',#1100,#1098,#1216,.T.);
#903=EDGE_CURVE('',#1099,#1101,#115,.T.);
#904=EDGE_CURVE('',#1102,#1101,#116,.T.);
#905=EDGE_CURVE('',#1100,#1102,#117,.T.);
#906=EDGE_CURVE('',#1103,#1101,#1217,.T.);
#907=EDGE_CURVE('',#1104,#1103,#118,.T.);
#908=EDGE_CURVE('',#1104,#1102,#1218,.T.);
#909=EDGE_CURVE('',#1105,#1103,#119,.T.);
#910=EDGE_CURVE('',#1106,#1105,#120,.T.);
#911=EDGE_CURVE('',#1106,#1104,#121,.T.);
#912=EDGE_CURVE('',#1107,#1105,#1219,.T.);
#913=EDGE_CURVE('',#1108,#1107,#122,.T.);
#914=EDGE_CURVE('',#1108,#1106,#1220,.T.);
#915=EDGE_CURVE('',#1109,#1110,#1221,.T.);
#916=EDGE_CURVE('',#1111,#1109,#123,.T.);
#917=EDGE_CURVE('',#1111,#1112,#1222,.T.);
#918=EDGE_CURVE('',#1112,#1110,#124,.T.);
#919=EDGE_CURVE('',#1109,#1113,#125,.T.);
#920=EDGE_CURVE('',#1114,#1113,#126,.T.);
#921=EDGE_CURVE('',#1111,#1114,#127,.T.);
#922=EDGE_CURVE('',#1115,#1113,#1223,.T.);
#923=EDGE_CURVE('',#1116,#1115,#128,.T.);
#924=EDGE_CURVE('',#1116,#1114,#1224,.T.);
#925=EDGE_CURVE('',#1115,#1117,#129,.T.);
#926=EDGE_CURVE('',#1118,#1117,#130,.T.);
#927=EDGE_CURVE('',#1116,#1118,#131,.T.);
#928=EDGE_CURVE('',#1119,#1117,#1225,.T.);
#929=EDGE_CURVE('',#1120,#1119,#132,.T.);
#930=EDGE_CURVE('',#1120,#1118,#1226,.T.);
#931=EDGE_CURVE('',#1121,#1119,#133,.T.);
#932=EDGE_CURVE('',#1122,#1121,#134,.T.);
#933=EDGE_CURVE('',#1122,#1120,#135,.T.);
#934=EDGE_CURVE('',#1123,#1121,#1227,.T.);
#935=EDGE_CURVE('',#1124,#1123,#136,.T.);
#936=EDGE_CURVE('',#1124,#1122,#1228,.T.);
#937=EDGE_CURVE('',#1125,#1126,#137,.T.);
#938=EDGE_CURVE('',#1126,#1127,#138,.T.);
#939=EDGE_CURVE('',#1128,#1127,#139,.T.);
#940=EDGE_CURVE('',#1128,#1125,#140,.F.);
#941=EDGE_CURVE('',#1129,#1130,#141,.T.);
#942=EDGE_CURVE('',#1129,#1131,#142,.T.);
#943=EDGE_CURVE('',#1131,#1132,#143,.T.);
#944=EDGE_CURVE('',#1132,#1133,#144,.F.);
#945=EDGE_CURVE('',#1134,#1133,#145,.T.);
#946=EDGE_CURVE('',#1134,#1135,#1229,.T.);
#947=EDGE_CURVE('',#1135,#1136,#146,.T.);
#948=EDGE_CURVE('',#1136,#1137,#1230,.T.);
#949=EDGE_CURVE('',#1138,#1137,#147,.T.);
#950=EDGE_CURVE('',#1138,#1139,#1231,.T.);
#951=EDGE_CURVE('',#1140,#1139,#148,.T.);
#952=EDGE_CURVE('',#1140,#1130,#1232,.T.);
#953=EDGE_CURVE('',#1141,#1142,#149,.T.);
#954=EDGE_CURVE('',#1141,#1143,#150,.T.);
#955=EDGE_CURVE('',#1143,#1144,#151,.T.);
#956=EDGE_CURVE('',#1144,#1142,#152,.F.);
#957=EDGE_CURVE('',#1145,#1146,#153,.T.);
#958=EDGE_CURVE('',#1147,#1145,#154,.T.);
#959=EDGE_CURVE('',#1147,#1148,#155,.T.);
#960=EDGE_CURVE('',#1148,#1146,#156,.T.);
#961=EDGE_CURVE('',#1145,#1149,#157,.T.);
#962=EDGE_CURVE('',#1150,#1149,#158,.T.);
#963=EDGE_CURVE('',#1147,#1150,#159,.T.);
#964=EDGE_CURVE('',#1149,#1151,#160,.T.);
#965=EDGE_CURVE('',#1152,#1151,#161,.T.);
#966=EDGE_CURVE('',#1150,#1152,#162,.T.);
#967=EDGE_CURVE('',#1153,#1154,#163,.T.);
#968=EDGE_CURVE('',#1155,#1153,#164,.T.);
#969=EDGE_CURVE('',#1155,#1156,#165,.T.);
#970=EDGE_CURVE('',#1156,#1154,#166,.T.);
#971=EDGE_CURVE('',#1157,#1158,#167,.T.);
#972=EDGE_CURVE('',#1157,#1159,#1233,.T.);
#973=EDGE_CURVE('',#1160,#1159,#168,.T.);
#974=EDGE_CURVE('',#1160,#1161,#1234,.T.);
#975=EDGE_CURVE('',#1162,#1161,#169,.T.);
#976=EDGE_CURVE('',#1162,#1163,#1235,.T.);
#977=EDGE_CURVE('',#1163,#1164,#170,.T.);
#978=EDGE_CURVE('',#1164,#1165,#1236,.T.);
#979=EDGE_CURVE('',#1155,#1165,#171,.T.);
#980=EDGE_CURVE('',#1153,#1166,#172,.T.);
#981=EDGE_CURVE('',#1158,#1166,#173,.T.);
#982=EDGE_CURVE('',#1167,#1166,#174,.T.);
#983=EDGE_CURVE('',#1168,#1167,#175,.T.);
#984=EDGE_CURVE('',#1168,#1158,#176,.T.);
#985=EDGE_CURVE('',#1046,#1059,#177,.T.);
#986=EDGE_CURVE('',#1048,#1060,#178,.T.);
#987=EDGE_CURVE('',#1062,#1075,#179,.T.);
#988=EDGE_CURVE('',#1064,#1076,#180,.T.);
#989=EDGE_CURVE('',#1078,#1091,#181,.T.);
#990=EDGE_CURVE('',#1080,#1092,#182,.T.);
#991=EDGE_CURVE('',#1094,#1107,#183,.T.);
#992=EDGE_CURVE('',#1096,#1108,#184,.T.);
#993=EDGE_CURVE('',#1110,#1123,#185,.T.);
#994=EDGE_CURVE('',#1112,#1124,#186,.T.);
#995=EDGE_CURVE('',#1169,#1170,#187,.T.);
#996=EDGE_CURVE('',#1169,#1171,#188,.F.);
#997=EDGE_CURVE('',#1171,#1172,#189,.T.);
#998=EDGE_CURVE('',#1172,#1170,#190,.T.);
#999=EDGE_CURVE('',#1146,#1151,#191,.T.);
#1000=EDGE_CURVE('',#1148,#1152,#192,.T.);
#1001=EDGE_CURVE('',#1154,#1167,#193,.T.);
#1002=EDGE_CURVE('',#1156,#1168,#194,.T.);
#1003=EDGE_CURVE('',#1030,#1043,#195,.T.);
#1004=EDGE_CURVE('',#1032,#1044,#196,.T.);
#1005=EDGE_CURVE('',#1173,#1173,#1237,.F.);
#1006=EDGE_CURVE('',#1174,#1174,#1238,.F.);
#1007=EDGE_CURVE('',#1175,#1175,#1239,.F.);
#1008=EDGE_CURVE('',#1176,#1176,#1240,.F.);
#1009=EDGE_CURVE('',#1171,#1126,#1241,.T.);
#1010=EDGE_CURVE('',#1125,#1129,#1242,.T.);
#1011=EDGE_CURVE('',#1157,#1130,#197,.F.);
#1012=EDGE_CURVE('',#1134,#1165,#198,.T.);
#1013=EDGE_CURVE('',#1133,#1141,#1243,.T.);
#1014=EDGE_CURVE('',#1142,#1172,#1244,.T.);
#1015=EDGE_CURVE('',#1177,#1177,#1245,.F.);
#1016=EDGE_CURVE('',#1178,#1178,#1246,.F.);
#1017=EDGE_CURVE('',#1179,#1179,#1247,.F.);
#1018=EDGE_CURVE('',#1180,#1180,#1248,.F.);
#1019=EDGE_CURVE('',#1127,#1169,#1249,.F.);
#1020=EDGE_CURVE('',#1170,#1144,#1250,.F.);
#1021=EDGE_CURVE('',#1143,#1132,#1251,.F.);
#1022=EDGE_CURVE('',#1131,#1128,#1252,.F.);
#1023=EDGE_CURVE('',#1139,#1160,#199,.T.);
#1024=EDGE_CURVE('',#1140,#1159,#200,.T.);
#1025=EDGE_CURVE('',#1135,#1164,#201,.T.);
#1026=EDGE_CURVE('',#1136,#1163,#202,.T.);
#1027=EDGE_CURVE('',#1137,#1162,#203,.T.);
#1028=EDGE_CURVE('',#1138,#1161,#204,.T.);
#1029=VERTEX_POINT('',#2703);
#1030=VERTEX_POINT('',#2704);
#1031=VERTEX_POINT('',#2706);
#1032=VERTEX_POINT('',#2708);
#1033=VERTEX_POINT('',#2712);
#1034=VERTEX_POINT('',#2714);
#1035=VERTEX_POINT('',#2718);
#1036=VERTEX_POINT('',#2720);
#1037=VERTEX_POINT('',#2724);
#1038=VERTEX_POINT('',#2726);
#1039=VERTEX_POINT('',#2730);
#1040=VERTEX_POINT('',#2732);
#1041=VERTEX_POINT('',#2736);
#1042=VERTEX_POINT('',#2738);
#1043=VERTEX_POINT('',#2742);
#1044=VERTEX_POINT('',#2744);
#1045=VERTEX_POINT('',#2748);
#1046=VERTEX_POINT('',#2749);
#1047=VERTEX_POINT('',#2751);
#1048=VERTEX_POINT('',#2753);
#1049=VERTEX_POINT('',#2757);
#1050=VERTEX_POINT('',#2759);
#1051=VERTEX_POINT('',#2763);
#1052=VERTEX_POINT('',#2765);
#1053=VERTEX_POINT('',#2769);
#1054=VERTEX_POINT('',#2771);
#1055=VERTEX_POINT('',#2775);
#1056=VERTEX_POINT('',#2777);
#1057=VERTEX_POINT('',#2781);
#1058=VERTEX_POINT('',#2783);
#1059=VERTEX_POINT('',#2787);
#1060=VERTEX_POINT('',#2789);
#1061=VERTEX_POINT('',#2793);
#1062=VERTEX_POINT('',#2794);
#1063=VERTEX_POINT('',#2796);
#1064=VERTEX_POINT('',#2798);
#1065=VERTEX_POINT('',#2802);
#1066=VERTEX_POINT('',#2804);
#1067=VERTEX_POINT('',#2808);
#1068=VERTEX_POINT('',#2810);
#1069=VERTEX_POINT('',#2814);
#1070=VERTEX_POINT('',#2816);
#1071=VERTEX_POINT('',#2820);
#1072=VERTEX_POINT('',#2822);
#1073=VERTEX_POINT('',#2826);
#1074=VERTEX_POINT('',#2828);
#1075=VERTEX_POINT('',#2832);
#1076=VERTEX_POINT('',#2834);
#1077=VERTEX_POINT('',#2838);
#1078=VERTEX_POINT('',#2839);
#1079=VERTEX_POINT('',#2841);
#1080=VERTEX_POINT('',#2843);
#1081=VERTEX_POINT('',#2847);
#1082=VERTEX_POINT('',#2849);
#1083=VERTEX_POINT('',#2853);
#1084=VERTEX_POINT('',#2855);
#1085=VERTEX_POINT('',#2859);
#1086=VERTEX_POINT('',#2861);
#1087=VERTEX_POINT('',#2865);
#1088=VERTEX_POINT('',#2867);
#1089=VERTEX_POINT('',#2871);
#1090=VERTEX_POINT('',#2873);
#1091=VERTEX_POINT('',#2877);
#1092=VERTEX_POINT('',#2879);
#1093=VERTEX_POINT('',#2883);
#1094=VERTEX_POINT('',#2884);
#1095=VERTEX_POINT('',#2886);
#1096=VERTEX_POINT('',#2888);
#1097=VERTEX_POINT('',#2892);
#1098=VERTEX_POINT('',#2894);
#1099=VERTEX_POINT('',#2898);
#1100=VERTEX_POINT('',#2900);
#1101=VERTEX_POINT('',#2904);
#1102=VERTEX_POINT('',#2906);
#1103=VERTEX_POINT('',#2910);
#1104=VERTEX_POINT('',#2912);
#1105=VERTEX_POINT('',#2916);
#1106=VERTEX_POINT('',#2918);
#1107=VERTEX_POINT('',#2922);
#1108=VERTEX_POINT('',#2924);
#1109=VERTEX_POINT('',#2928);
#1110=VERTEX_POINT('',#2929);
#1111=VERTEX_POINT('',#2931);
#1112=VERTEX_POINT('',#2933);
#1113=VERTEX_POINT('',#2937);
#1114=VERTEX_POINT('',#2939);
#1115=VERTEX_POINT('',#2943);
#1116=VERTEX_POINT('',#2945);
#1117=VERTEX_POINT('',#2949);
#1118=VERTEX_POINT('',#2951);
#1119=VERTEX_POINT('',#2955);
#1120=VERTEX_POINT('',#2957);
#1121=VERTEX_POINT('',#2961);
#1122=VERTEX_POINT('',#2963);
#1123=VERTEX_POINT('',#2967);
#1124=VERTEX_POINT('',#2969);
#1125=VERTEX_POINT('',#2973);
#1126=VERTEX_POINT('',#2974);
#1127=VERTEX_POINT('',#2976);
#1128=VERTEX_POINT('',#2978);
#1129=VERTEX_POINT('',#2982);
#1130=VERTEX_POINT('',#2983);
#1131=VERTEX_POINT('',#2985);
#1132=VERTEX_POINT('',#2987);
#1133=VERTEX_POINT('',#2989);
#1134=VERTEX_POINT('',#2991);
#1135=VERTEX_POINT('',#2993);
#1136=VERTEX_POINT('',#2995);
#1137=VERTEX_POINT('',#2997);
#1138=VERTEX_POINT('',#2999);
#1139=VERTEX_POINT('',#3001);
#1140=VERTEX_POINT('',#3003);
#1141=VERTEX_POINT('',#3007);
#1142=VERTEX_POINT('',#3008);
#1143=VERTEX_POINT('',#3010);
#1144=VERTEX_POINT('',#3012);
#1145=VERTEX_POINT('',#3016);
#1146=VERTEX_POINT('',#3017);
#1147=VERTEX_POINT('',#3019);
#1148=VERTEX_POINT('',#3021);
#1149=VERTEX_POINT('',#3025);
#1150=VERTEX_POINT('',#3027);
#1151=VERTEX_POINT('',#3031);
#1152=VERTEX_POINT('',#3033);
#1153=VERTEX_POINT('',#3037);
#1154=VERTEX_POINT('',#3038);
#1155=VERTEX_POINT('',#3040);
#1156=VERTEX_POINT('',#3042);
#1157=VERTEX_POINT('',#3046);
#1158=VERTEX_POINT('',#3047);
#1159=VERTEX_POINT('',#3049);
#1160=VERTEX_POINT('',#3051);
#1161=VERTEX_POINT('',#3053);
#1162=VERTEX_POINT('',#3055);
#1163=VERTEX_POINT('',#3057);
#1164=VERTEX_POINT('',#3059);
#1165=VERTEX_POINT('',#3061);
#1166=VERTEX_POINT('',#3064);
#1167=VERTEX_POINT('',#3068);
#1168=VERTEX_POINT('',#3070);
#1169=VERTEX_POINT('',#3089);
#1170=VERTEX_POINT('',#3090);
#1171=VERTEX_POINT('',#3092);
#1172=VERTEX_POINT('',#3094);
#1173=VERTEX_POINT('',#3107);
#1174=VERTEX_POINT('',#3109);
#1175=VERTEX_POINT('',#3111);
#1176=VERTEX_POINT('',#3113);
#1177=VERTEX_POINT('',#3122);
#1178=VERTEX_POINT('',#3124);
#1179=VERTEX_POINT('',#3126);
#1180=VERTEX_POINT('',#3128);
#1181=CIRCLE('',#2100,0.0005);
#1182=CIRCLE('',#2101,0.0005);
#1183=CIRCLE('',#2104,0.0005);
#1184=CIRCLE('',#2105,0.0005);
#1185=CIRCLE('',#2108,0.0005);
#1186=CIRCLE('',#2109,0.0005);
#1187=CIRCLE('',#2112,0.0005);
#1188=CIRCLE('',#2113,0.0005);
#1189=CIRCLE('',#2115,0.0005);
#1190=CIRCLE('',#2116,0.0005);
#1191=CIRCLE('',#2119,0.0005);
#1192=CIRCLE('',#2120,0.0005);
#1193=CIRCLE('',#2123,0.0005);
#1194=CIRCLE('',#2124,0.0005);
#1195=CIRCLE('',#2127,0.0005);
#1196=CIRCLE('',#2128,0.0005);
#1197=CIRCLE('',#2130,0.0005);
#1198=CIRCLE('',#2131,0.0005);
#1199=CIRCLE('',#2134,0.0005);
#1200=CIRCLE('',#2135,0.0005);
#1201=CIRCLE('',#2138,0.0005);
#1202=CIRCLE('',#2139,0.0005);
#1203=CIRCLE('',#2142,0.0005);
#1204=CIRCLE('',#2143,0.0005);
#1205=CIRCLE('',#2145,0.0005);
#1206=CIRCLE('',#2146,0.0005);
#1207=CIRCLE('',#2149,0.0005);
#1208=CIRCLE('',#2150,0.0005);
#1209=CIRCLE('',#2153,0.0005);
#1210=CIRCLE('',#2154,0.0005);
#1211=CIRCLE('',#2157,0.0005);
#1212=CIRCLE('',#2158,0.0005);
#1213=CIRCLE('',#2160,0.0005);
#1214=CIRCLE('',#2161,0.0005);
#1215=CIRCLE('',#2164,0.0005);
#1216=CIRCLE('',#2165,0.0005);
#1217=CIRCLE('',#2168,0.0005);
#1218=CIRCLE('',#2169,0.0005);
#1219=CIRCLE('',#2172,0.0005);
#1220=CIRCLE('',#2173,0.0005);
#1221=CIRCLE('',#2175,0.0005);
#1222=CIRCLE('',#2176,0.0005);
#1223=CIRCLE('',#2179,0.0005);
#1224=CIRCLE('',#2180,0.0005);
#1225=CIRCLE('',#2183,0.0005);
#1226=CIRCLE('',#2184,0.0005);
#1227=CIRCLE('',#2187,0.0005);
#1228=CIRCLE('',#2188,0.0005);
#1229=CIRCLE('',#2191,0.0013);
#1230=CIRCLE('',#2192,0.0013);
#1231=CIRCLE('',#2193,0.0013);
#1232=CIRCLE('',#2194,0.0013);
#1233=CIRCLE('',#2201,0.0013);
#1234=CIRCLE('',#2202,0.0013);
#1235=CIRCLE('',#2203,0.0013);
#1236=CIRCLE('',#2204,0.0013);
#1237=CIRCLE('',#2216,0.0017);
#1238=CIRCLE('',#2217,0.0017);
#1239=CIRCLE('',#2218,0.0017);
#1240=CIRCLE('',#2219,0.0017);
#1241=CIRCLE('',#2220,0.007);
#1242=CIRCLE('',#2221,0.007);
#1243=CIRCLE('',#2222,0.007);
#1244=CIRCLE('',#2223,0.007);
#1245=CIRCLE('',#2225,0.0017);
#1246=CIRCLE('',#2226,0.0017);
#1247=CIRCLE('',#2227,0.0017);
#1248=CIRCLE('',#2228,0.0017);
#1249=CIRCLE('',#2229,0.007);
#1250=CIRCLE('',#2230,0.007);
#1251=CIRCLE('',#2231,0.007);
#1252=CIRCLE('',#2232,0.007);
#1253=EDGE_LOOP('',(#357,#358,#359,#360));
#1254=EDGE_LOOP('',(#361,#362,#363,#364));
#1255=EDGE_LOOP('',(#365,#366,#367,#368));
#1256=EDGE_LOOP('',(#369,#370,#371,#372));
#1257=EDGE_LOOP('',(#373,#374,#375,#376));
#1258=EDGE_LOOP('',(#377,#378,#379,#380));
#1259=EDGE_LOOP('',(#381,#382,#383,#384));
#1260=EDGE_LOOP('',(#385,#386,#387,#388));
#1261=EDGE_LOOP('',(#389,#390,#391,#392));
#1262=EDGE_LOOP('',(#393,#394,#395,#396));
#1263=EDGE_LOOP('',(#397,#398,#399,#400));
#1264=EDGE_LOOP('',(#401,#402,#403,#404));
#1265=EDGE_LOOP('',(#405,#406,#407,#408));
#1266=EDGE_LOOP('',(#409,#410,#411,#412));
#1267=EDGE_LOOP('',(#413,#414,#415,#416));
#1268=EDGE_LOOP('',(#417,#418,#419,#420));
#1269=EDGE_LOOP('',(#421,#422,#423,#424));
#1270=EDGE_LOOP('',(#425,#426,#427,#428));
#1271=EDGE_LOOP('',(#429,#430,#431,#432));
#1272=EDGE_LOOP('',(#433,#434,#435,#436));
#1273=EDGE_LOOP('',(#437,#438,#439,#440));
#1274=EDGE_LOOP('',(#441,#442,#443,#444));
#1275=EDGE_LOOP('',(#445,#446,#447,#448));
#1276=EDGE_LOOP('',(#449,#450,#451,#452));
#1277=EDGE_LOOP('',(#453,#454,#455,#456));
#1278=EDGE_LOOP('',(#457,#458,#459,#460));
#1279=EDGE_LOOP('',(#461,#462,#463,#464));
#1280=EDGE_LOOP('',(#465,#466,#467,#468));
#1281=EDGE_LOOP('',(#469,#470,#471,#472));
#1282=EDGE_LOOP('',(#473,#474,#475,#476));
#1283=EDGE_LOOP('',(#477,#478,#479,#480));
#1284=EDGE_LOOP('',(#481,#482,#483,#484));
#1285=EDGE_LOOP('',(#485,#486,#487,#488));
#1286=EDGE_LOOP('',(#489,#490,#491,#492));
#1287=EDGE_LOOP('',(#493,#494,#495,#496));
#1288=EDGE_LOOP('',(#497,#498,#499,#500));
#1289=EDGE_LOOP('',(#501,#502,#503,#504));
#1290=EDGE_LOOP('',(#505,#506,#507,#508));
#1291=EDGE_LOOP('',(#509,#510,#511,#512));
#1292=EDGE_LOOP('',(#513,#514,#515,#516));
#1293=EDGE_LOOP('',(#517,#518,#519,#520));
#1294=EDGE_LOOP('',(#521,#522,#523,#524));
#1295=EDGE_LOOP('',(#525,#526,#527,#528));
#1296=EDGE_LOOP('',(#529,#530,#531,#532,#533,#534,#535,#536,#537,#538,#539,
#540));
#1297=EDGE_LOOP('',(#541,#542,#543,#544));
#1298=EDGE_LOOP('',(#545,#546,#547,#548));
#1299=EDGE_LOOP('',(#549,#550,#551,#552));
#1300=EDGE_LOOP('',(#553,#554,#555,#556));
#1301=EDGE_LOOP('',(#557,#558,#559,#560));
#1302=EDGE_LOOP('',(#561,#562,#563,#564,#565,#566,#567,#568,#569,#570,#571,
#572));
#1303=EDGE_LOOP('',(#573,#574,#575,#576));
#1304=EDGE_LOOP('',(#577,#578,#579,#580));
#1305=EDGE_LOOP('',(#581,#582,#583,#584));
#1306=EDGE_LOOP('',(#585,#586,#587,#588));
#1307=EDGE_LOOP('',(#589,#590,#591,#592));
#1308=EDGE_LOOP('',(#593,#594,#595,#596));
#1309=EDGE_LOOP('',(#597,#598,#599,#600));
#1310=EDGE_LOOP('',(#601,#602,#603,#604));
#1311=EDGE_LOOP('',(#605,#606,#607,#608));
#1312=EDGE_LOOP('',(#609,#610,#611,#612));
#1313=EDGE_LOOP('',(#613));
#1314=EDGE_LOOP('',(#614));
#1315=EDGE_LOOP('',(#615));
#1316=EDGE_LOOP('',(#616));
#1317=EDGE_LOOP('',(#617,#618,#619,#620,#621,#622,#623,#624,#625,#626,#627,
#628,#629,#630,#631,#632));
#1318=EDGE_LOOP('',(#633,#634,#635,#636));
#1319=EDGE_LOOP('',(#637,#638,#639,#640,#641,#642,#643,#644));
#1320=EDGE_LOOP('',(#645,#646,#647,#648,#649,#650,#651,#652));
#1321=EDGE_LOOP('',(#653,#654,#655,#656,#657,#658,#659,#660));
#1322=EDGE_LOOP('',(#661,#662,#663,#664,#665,#666,#667,#668));
#1323=EDGE_LOOP('',(#669,#670,#671,#672,#673,#674,#675,#676));
#1324=EDGE_LOOP('',(#677,#678,#679,#680,#681,#682,#683,#684));
#1325=EDGE_LOOP('',(#685));
#1326=EDGE_LOOP('',(#686));
#1327=EDGE_LOOP('',(#687));
#1328=EDGE_LOOP('',(#688));
#1329=EDGE_LOOP('',(#689,#690,#691,#692));
#1330=EDGE_LOOP('',(#693,#694,#695,#696));
#1331=EDGE_LOOP('',(#697,#698,#699,#700,#701,#702,#703,#704));
#1332=EDGE_LOOP('',(#705,#706,#707,#708,#709,#710,#711,#712));
#1333=EDGE_LOOP('',(#713,#714,#715,#716,#717,#718,#719,#720));
#1334=EDGE_LOOP('',(#721,#722,#723,#724,#725,#726,#727,#728));
#1335=EDGE_LOOP('',(#729,#730,#731,#732,#733,#734,#735,#736));
#1336=EDGE_LOOP('',(#737,#738,#739,#740,#741,#742,#743,#744));
#1337=EDGE_LOOP('',(#745,#746,#747,#748,#749,#750,#751,#752));
#1338=EDGE_LOOP('',(#753,#754,#755,#756));
#1339=EDGE_LOOP('',(#757,#758,#759,#760));
#1340=EDGE_LOOP('',(#761,#762,#763,#764));
#1341=EDGE_LOOP('',(#765,#766,#767,#768));
#1342=EDGE_LOOP('',(#769,#770,#771,#772));
#1343=EDGE_LOOP('',(#773,#774,#775,#776));
#1344=EDGE_LOOP('',(#777,#778,#779,#780));
#1345=EDGE_LOOP('',(#781));
#1346=EDGE_LOOP('',(#782));
#1347=EDGE_LOOP('',(#783));
#1348=EDGE_LOOP('',(#784));
#1349=EDGE_LOOP('',(#785));
#1350=EDGE_LOOP('',(#786));
#1351=EDGE_LOOP('',(#787));
#1352=EDGE_LOOP('',(#788));
#1353=EDGE_LOOP('',(#789,#790,#791,#792));
#1354=EDGE_LOOP('',(#793,#794,#795,#796));
#1355=EDGE_LOOP('',(#797,#798,#799,#800));
#1356=EDGE_LOOP('',(#801,#802,#803,#804));
#1357=FACE_BOUND('',#1253,.T.);
#1358=FACE_BOUND('',#1254,.T.);
#1359=FACE_BOUND('',#1255,.T.);
#1360=FACE_BOUND('',#1256,.T.);
#1361=FACE_BOUND('',#1257,.T.);
#1362=FACE_BOUND('',#1258,.T.);
#1363=FACE_BOUND('',#1259,.T.);
#1364=FACE_BOUND('',#1260,.T.);
#1365=FACE_BOUND('',#1261,.T.);
#1366=FACE_BOUND('',#1262,.T.);
#1367=FACE_BOUND('',#1263,.T.);
#1368=FACE_BOUND('',#1264,.T.);
#1369=FACE_BOUND('',#1265,.T.);
#1370=FACE_BOUND('',#1266,.T.);
#1371=FACE_BOUND('',#1267,.T.);
#1372=FACE_BOUND('',#1268,.T.);
#1373=FACE_BOUND('',#1269,.T.);
#1374=FACE_BOUND('',#1270,.T.);
#1375=FACE_BOUND('',#1271,.T.);
#1376=FACE_BOUND('',#1272,.T.);
#1377=FACE_BOUND('',#1273,.T.);
#1378=FACE_BOUND('',#1274,.T.);
#1379=FACE_BOUND('',#1275,.T.);
#1380=FACE_BOUND('',#1276,.T.);
#1381=FACE_BOUND('',#1277,.T.);
#1382=FACE_BOUND('',#1278,.T.);
#1383=FACE_BOUND('',#1279,.T.);
#1384=FACE_BOUND('',#1280,.T.);
#1385=FACE_BOUND('',#1281,.T.);
#1386=FACE_BOUND('',#1282,.T.);
#1387=FACE_BOUND('',#1283,.T.);
#1388=FACE_BOUND('',#1284,.T.);
#1389=FACE_BOUND('',#1285,.T.);
#1390=FACE_BOUND('',#1286,.T.);
#1391=FACE_BOUND('',#1287,.T.);
#1392=FACE_BOUND('',#1288,.T.);
#1393=FACE_BOUND('',#1289,.T.);
#1394=FACE_BOUND('',#1290,.T.);
#1395=FACE_BOUND('',#1291,.T.);
#1396=FACE_BOUND('',#1292,.T.);
#1397=FACE_BOUND('',#1293,.T.);
#1398=FACE_BOUND('',#1294,.T.);
#1399=FACE_BOUND('',#1295,.T.);
#1400=FACE_BOUND('',#1296,.T.);
#1401=FACE_BOUND('',#1297,.T.);
#1402=FACE_BOUND('',#1298,.T.);
#1403=FACE_BOUND('',#1299,.T.);
#1404=FACE_BOUND('',#1300,.T.);
#1405=FACE_BOUND('',#1301,.T.);
#1406=FACE_BOUND('',#1302,.T.);
#1407=FACE_BOUND('',#1303,.T.);
#1408=FACE_BOUND('',#1304,.T.);
#1409=FACE_BOUND('',#1305,.T.);
#1410=FACE_BOUND('',#1306,.T.);
#1411=FACE_BOUND('',#1307,.T.);
#1412=FACE_BOUND('',#1308,.T.);
#1413=FACE_BOUND('',#1309,.T.);
#1414=FACE_BOUND('',#1310,.T.);
#1415=FACE_BOUND('',#1311,.T.);
#1416=FACE_BOUND('',#1312,.T.);
#1417=FACE_BOUND('',#1313,.T.);
#1418=FACE_BOUND('',#1314,.T.);
#1419=FACE_BOUND('',#1315,.T.);
#1420=FACE_BOUND('',#1316,.T.);
#1421=FACE_BOUND('',#1317,.T.);
#1422=FACE_BOUND('',#1318,.T.);
#1423=FACE_BOUND('',#1319,.T.);
#1424=FACE_BOUND('',#1320,.T.);
#1425=FACE_BOUND('',#1321,.T.);
#1426=FACE_BOUND('',#1322,.T.);
#1427=FACE_BOUND('',#1323,.T.);
#1428=FACE_BOUND('',#1324,.T.);
#1429=FACE_BOUND('',#1325,.T.);
#1430=FACE_BOUND('',#1326,.T.);
#1431=FACE_BOUND('',#1327,.T.);
#1432=FACE_BOUND('',#1328,.T.);
#1433=FACE_BOUND('',#1329,.T.);
#1434=FACE_BOUND('',#1330,.T.);
#1435=FACE_BOUND('',#1331,.T.);
#1436=FACE_BOUND('',#1332,.T.);
#1437=FACE_BOUND('',#1333,.T.);
#1438=FACE_BOUND('',#1334,.T.);
#1439=FACE_BOUND('',#1335,.T.);
#1440=FACE_BOUND('',#1336,.T.);
#1441=FACE_BOUND('',#1337,.T.);
#1442=FACE_BOUND('',#1338,.T.);
#1443=FACE_BOUND('',#1339,.T.);
#1444=FACE_BOUND('',#1340,.T.);
#1445=FACE_BOUND('',#1341,.T.);
#1446=FACE_BOUND('',#1342,.T.);
#1447=FACE_BOUND('',#1343,.T.);
#1448=FACE_BOUND('',#1344,.T.);
#1449=FACE_BOUND('',#1345,.T.);
#1450=FACE_BOUND('',#1346,.T.);
#1451=FACE_BOUND('',#1347,.T.);
#1452=FACE_BOUND('',#1348,.T.);
#1453=FACE_BOUND('',#1349,.T.);
#1454=FACE_BOUND('',#1350,.T.);
#1455=FACE_BOUND('',#1351,.T.);
#1456=FACE_BOUND('',#1352,.T.);
#1457=FACE_BOUND('',#1353,.T.);
#1458=FACE_BOUND('',#1354,.T.);
#1459=FACE_BOUND('',#1355,.T.);
#1460=FACE_BOUND('',#1356,.T.);
#1461=CYLINDRICAL_SURFACE('',#2099,0.0005);
#1462=CYLINDRICAL_SURFACE('',#2103,0.0005);
#1463=CYLINDRICAL_SURFACE('',#2107,0.0005);
#1464=CYLINDRICAL_SURFACE('',#2111,0.0005);
#1465=CYLINDRICAL_SURFACE('',#2114,0.0005);
#1466=CYLINDRICAL_SURFACE('',#2118,0.0005);
#1467=CYLINDRICAL_SURFACE('',#2122,0.0005);
#1468=CYLINDRICAL_SURFACE('',#2126,0.0005);
#1469=CYLINDRICAL_SURFACE('',#2129,0.0005);
#1470=CYLINDRICAL_SURFACE('',#2133,0.0005);
#1471=CYLINDRICAL_SURFACE('',#2137,0.0005);
#1472=CYLINDRICAL_SURFACE('',#2141,0.0005);
#1473=CYLINDRICAL_SURFACE('',#2144,0.0005);
#1474=CYLINDRICAL_SURFACE('',#2148,0.0005);
#1475=CYLINDRICAL_SURFACE('',#2152,0.0005);
#1476=CYLINDRICAL_SURFACE('',#2156,0.0005);
#1477=CYLINDRICAL_SURFACE('',#2159,0.0005);
#1478=CYLINDRICAL_SURFACE('',#2163,0.0005);
#1479=CYLINDRICAL_SURFACE('',#2167,0.0005);
#1480=CYLINDRICAL_SURFACE('',#2171,0.0005);
#1481=CYLINDRICAL_SURFACE('',#2174,0.0005);
#1482=CYLINDRICAL_SURFACE('',#2178,0.0005);
#1483=CYLINDRICAL_SURFACE('',#2182,0.0005);
#1484=CYLINDRICAL_SURFACE('',#2186,0.0005);
#1485=CYLINDRICAL_SURFACE('',#2235,0.0013);
#1486=CYLINDRICAL_SURFACE('',#2237,0.0013);
#1487=CYLINDRICAL_SURFACE('',#2238,0.0013);
#1488=CYLINDRICAL_SURFACE('',#2239,0.0013);
#1489=CYLINDRICAL_SURFACE('',#2240,0.0017);
#1490=CYLINDRICAL_SURFACE('',#2241,0.0017);
#1491=CYLINDRICAL_SURFACE('',#2242,0.0017);
#1492=CYLINDRICAL_SURFACE('',#2243,0.0017);
#1493=CYLINDRICAL_SURFACE('',#2244,0.007);
#1494=CYLINDRICAL_SURFACE('',#2245,0.007);
#1495=CYLINDRICAL_SURFACE('',#2246,0.007);
#1496=CYLINDRICAL_SURFACE('',#2247,0.007);
#1497=OVER_RIDING_STYLED_ITEM('',(#1651),#1571,#1649);
#1498=OVER_RIDING_STYLED_ITEM('',(#1652),#1572,#1649);
#1499=OVER_RIDING_STYLED_ITEM('',(#1653),#1573,#1649);
#1500=OVER_RIDING_STYLED_ITEM('',(#1654),#1574,#1649);
#1501=OVER_RIDING_STYLED_ITEM('',(#1655),#1575,#1649);
#1502=OVER_RIDING_STYLED_ITEM('',(#1656),#1576,#1649);
#1503=OVER_RIDING_STYLED_ITEM('',(#1657),#1577,#1649);
#1504=OVER_RIDING_STYLED_ITEM('',(#1658),#1578,#1649);
#1505=OVER_RIDING_STYLED_ITEM('',(#1659),#1579,#1649);
#1506=OVER_RIDING_STYLED_ITEM('',(#1660),#1580,#1649);
#1507=OVER_RIDING_STYLED_ITEM('',(#1661),#1581,#1649);
#1508=OVER_RIDING_STYLED_ITEM('',(#1662),#1582,#1649);
#1509=OVER_RIDING_STYLED_ITEM('',(#1663),#1583,#1649);
#1510=OVER_RIDING_STYLED_ITEM('',(#1664),#1584,#1649);
#1511=OVER_RIDING_STYLED_ITEM('',(#1665),#1585,#1649);
#1512=OVER_RIDING_STYLED_ITEM('',(#1666),#1586,#1649);
#1513=OVER_RIDING_STYLED_ITEM('',(#1667),#1587,#1649);
#1514=OVER_RIDING_STYLED_ITEM('',(#1668),#1588,#1649);
#1515=OVER_RIDING_STYLED_ITEM('',(#1669),#1589,#1649);
#1516=OVER_RIDING_STYLED_ITEM('',(#1670),#1590,#1649);
#1517=OVER_RIDING_STYLED_ITEM('',(#1671),#1591,#1649);
#1518=OVER_RIDING_STYLED_ITEM('',(#1672),#1592,#1649);
#1519=OVER_RIDING_STYLED_ITEM('',(#1673),#1593,#1649);
#1520=OVER_RIDING_STYLED_ITEM('',(#1674),#1594,#1649);
#1521=OVER_RIDING_STYLED_ITEM('',(#1675),#1595,#1649);
#1522=OVER_RIDING_STYLED_ITEM('',(#1676),#1596,#1649);
#1523=OVER_RIDING_STYLED_ITEM('',(#1677),#1597,#1649);
#1524=OVER_RIDING_STYLED_ITEM('',(#1678),#1598,#1649);
#1525=OVER_RIDING_STYLED_ITEM('',(#1679),#1599,#1649);
#1526=OVER_RIDING_STYLED_ITEM('',(#1680),#1600,#1649);
#1527=OVER_RIDING_STYLED_ITEM('',(#1681),#1601,#1649);
#1528=OVER_RIDING_STYLED_ITEM('',(#1682),#1602,#1649);
#1529=OVER_RIDING_STYLED_ITEM('',(#1683),#1603,#1649);
#1530=OVER_RIDING_STYLED_ITEM('',(#1684),#1604,#1649);
#1531=OVER_RIDING_STYLED_ITEM('',(#1685),#1605,#1649);
#1532=OVER_RIDING_STYLED_ITEM('',(#1686),#1606,#1649);
#1533=OVER_RIDING_STYLED_ITEM('',(#1687),#1607,#1649);
#1534=OVER_RIDING_STYLED_ITEM('',(#1688),#1608,#1649);
#1535=OVER_RIDING_STYLED_ITEM('',(#1689),#1609,#1649);
#1536=OVER_RIDING_STYLED_ITEM('',(#1690),#1610,#1649);
#1537=OVER_RIDING_STYLED_ITEM('',(#1691),#1611,#1649);
#1538=OVER_RIDING_STYLED_ITEM('',(#1692),#1612,#1649);
#1539=OVER_RIDING_STYLED_ITEM('',(#1693),#1613,#1649);
#1540=OVER_RIDING_STYLED_ITEM('',(#1694),#1614,#1649);
#1541=OVER_RIDING_STYLED_ITEM('',(#1695),#1615,#1649);
#1542=OVER_RIDING_STYLED_ITEM('',(#1696),#1616,#1649);
#1543=OVER_RIDING_STYLED_ITEM('',(#1697),#1617,#1649);
#1544=OVER_RIDING_STYLED_ITEM('',(#1698),#1618,#1649);
#1545=OVER_RIDING_STYLED_ITEM('',(#1699),#1619,#1649);
#1546=OVER_RIDING_STYLED_ITEM('',(#1700),#1620,#1649);
#1547=OVER_RIDING_STYLED_ITEM('',(#1701),#1621,#1649);
#1548=OVER_RIDING_STYLED_ITEM('',(#1702),#1622,#1649);
#1549=OVER_RIDING_STYLED_ITEM('',(#1703),#1623,#1649);
#1550=OVER_RIDING_STYLED_ITEM('',(#1704),#1624,#1649);
#1551=OVER_RIDING_STYLED_ITEM('',(#1705),#1625,#1649);
#1552=OVER_RIDING_STYLED_ITEM('',(#1706),#1626,#1649);
#1553=OVER_RIDING_STYLED_ITEM('',(#1707),#1627,#1649);
#1554=OVER_RIDING_STYLED_ITEM('',(#1708),#1628,#1649);
#1555=OVER_RIDING_STYLED_ITEM('',(#1709),#1629,#1649);
#1556=OVER_RIDING_STYLED_ITEM('',(#1710),#1630,#1649);
#1557=OVER_RIDING_STYLED_ITEM('',(#1711),#1631,#1649);
#1558=OVER_RIDING_STYLED_ITEM('',(#1712),#1632,#1649);
#1559=OVER_RIDING_STYLED_ITEM('',(#1713),#1633,#1649);
#1560=OVER_RIDING_STYLED_ITEM('',(#1714),#1634,#1649);
#1561=OVER_RIDING_STYLED_ITEM('',(#1715),#1635,#1649);
#1562=OVER_RIDING_STYLED_ITEM('',(#1716),#1636,#1649);
#1563=OVER_RIDING_STYLED_ITEM('',(#1717),#1637,#1649);
#1564=OVER_RIDING_STYLED_ITEM('',(#1718),#1638,#1649);
#1565=OVER_RIDING_STYLED_ITEM('',(#1719),#1639,#1649);
#1566=OVER_RIDING_STYLED_ITEM('',(#1720),#1644,#1649);
#1567=OVER_RIDING_STYLED_ITEM('',(#1721),#1645,#1649);
#1568=OVER_RIDING_STYLED_ITEM('',(#1722),#1646,#1649);
#1569=OVER_RIDING_STYLED_ITEM('',(#1723),#1647,#1649);
#1570=DRAUGHTING_PRE_DEFINED_COLOUR('black');
#1571=ADVANCED_FACE('Face appearance 9',(#1357),#1461,.F.);
#1572=ADVANCED_FACE('Face appearance 9',(#1358),#12,.F.);
#1573=ADVANCED_FACE('Face appearance 9',(#1359),#1462,.F.);
#1574=ADVANCED_FACE('Face appearance 9',(#1360),#13,.F.);
#1575=ADVANCED_FACE('Face appearance 9',(#1361),#1463,.F.);
#1576=ADVANCED_FACE('Face appearance 9',(#1362),#14,.T.);
#1577=ADVANCED_FACE('Face appearance 9',(#1363),#1464,.F.);
#1578=ADVANCED_FACE('Face appearance 9',(#1364),#1465,.F.);
#1579=ADVANCED_FACE('Face appearance 9',(#1365),#15,.F.);
#1580=ADVANCED_FACE('Face appearance 9',(#1366),#1466,.F.);
#1581=ADVANCED_FACE('Face appearance 9',(#1367),#16,.F.);
#1582=ADVANCED_FACE('Face appearance 9',(#1368),#1467,.F.);
#1583=ADVANCED_FACE('Face appearance 9',(#1369),#17,.T.);
#1584=ADVANCED_FACE('Face appearance 9',(#1370),#1468,.F.);
#1585=ADVANCED_FACE('Face appearance 9',(#1371),#1469,.F.);
#1586=ADVANCED_FACE('Face appearance 9',(#1372),#18,.F.);
#1587=ADVANCED_FACE('Face appearance 9',(#1373),#1470,.F.);
#1588=ADVANCED_FACE('Face appearance 9',(#1374),#19,.F.);
#1589=ADVANCED_FACE('Face appearance 9',(#1375),#1471,.F.);
#1590=ADVANCED_FACE('Face appearance 9',(#1376),#20,.T.);
#1591=ADVANCED_FACE('Face appearance 9',(#1377),#1472,.F.);
#1592=ADVANCED_FACE('Face appearance 9',(#1378),#1473,.F.);
#1593=ADVANCED_FACE('Face appearance 9',(#1379),#21,.F.);
#1594=ADVANCED_FACE('Face appearance 9',(#1380),#1474,.F.);
#1595=ADVANCED_FACE('Face appearance 9',(#1381),#22,.F.);
#1596=ADVANCED_FACE('Face appearance 9',(#1382),#1475,.F.);
#1597=ADVANCED_FACE('Face appearance 9',(#1383),#23,.T.);
#1598=ADVANCED_FACE('Face appearance 9',(#1384),#1476,.F.);
#1599=ADVANCED_FACE('Face appearance 9',(#1385),#1477,.F.);
#1600=ADVANCED_FACE('Face appearance 9',(#1386),#24,.F.);
#1601=ADVANCED_FACE('Face appearance 9',(#1387),#1478,.F.);
#1602=ADVANCED_FACE('Face appearance 9',(#1388),#25,.F.);
#1603=ADVANCED_FACE('Face appearance 9',(#1389),#1479,.F.);
#1604=ADVANCED_FACE('Face appearance 9',(#1390),#26,.T.);
#1605=ADVANCED_FACE('Face appearance 9',(#1391),#1480,.F.);
#1606=ADVANCED_FACE('Face appearance 9',(#1392),#1481,.F.);
#1607=ADVANCED_FACE('Face appearance 9',(#1393),#27,.F.);
#1608=ADVANCED_FACE('Face appearance 9',(#1394),#1482,.F.);
#1609=ADVANCED_FACE('Face appearance 9',(#1395),#28,.F.);
#1610=ADVANCED_FACE('Face appearance 9',(#1396),#1483,.F.);
#1611=ADVANCED_FACE('Face appearance 9',(#1397),#29,.T.);
#1612=ADVANCED_FACE('Face appearance 9',(#1398),#1484,.F.);
#1613=ADVANCED_FACE('Face appearance 9',(#1399),#30,.T.);
#1614=ADVANCED_FACE('Face appearance 9',(#1400),#31,.F.);
#1615=ADVANCED_FACE('Face appearance 9',(#1401),#32,.F.);
#1616=ADVANCED_FACE('Face appearance 9',(#1402),#33,.T.);
#1617=ADVANCED_FACE('Face appearance 9',(#1403),#34,.F.);
#1618=ADVANCED_FACE('Face appearance 9',(#1404),#35,.F.);
#1619=ADVANCED_FACE('Face appearance 9',(#1405),#36,.T.);
#1620=ADVANCED_FACE('Face appearance 9',(#1406),#37,.F.);
#1621=ADVANCED_FACE('Face appearance 9',(#1407),#38,.T.);
#1622=ADVANCED_FACE('Face appearance 9',(#1408),#39,.T.);
#1623=ADVANCED_FACE('Face appearance 9',(#1409),#40,.T.);
#1624=ADVANCED_FACE('Face appearance 9',(#1410),#41,.T.);
#1625=ADVANCED_FACE('Face appearance 9',(#1411),#42,.T.);
#1626=ADVANCED_FACE('Face appearance 9',(#1412),#43,.T.);
#1627=ADVANCED_FACE('Face appearance 9',(#1413),#44,.T.);
#1628=ADVANCED_FACE('Face appearance 9',(#1414),#45,.T.);
#1629=ADVANCED_FACE('Face appearance 9',(#1415),#46,.T.);
#1630=ADVANCED_FACE('Face appearance 9',(#1416),#47,.T.);
#1631=ADVANCED_FACE('Face appearance 9',(#1417,#1418,#1419,#1420,#1421,
#1422,#1423,#1424,#1425,#1426,#1427,#1428),#48,.T.);
#1632=ADVANCED_FACE('Face appearance 9',(#1429,#1430,#1431,#1432,#1433,
#1434,#1435,#1436,#1437,#1438,#1439,#1440,#1441),#49,.F.);
#1633=ADVANCED_FACE('Face appearance 22',(#1442),#50,.T.);
#1634=ADVANCED_FACE('Face appearance 22',(#1443),#51,.F.);
#1635=ADVANCED_FACE('Face appearance 22',(#1444),#1485,.F.);
#1636=ADVANCED_FACE('Face appearance 22',(#1445),#52,.T.);
#1637=ADVANCED_FACE('Face appearance 22',(#1446),#1486,.F.);
#1638=ADVANCED_FACE('Face appearance 22',(#1447),#1487,.F.);
#1639=ADVANCED_FACE('Face appearance 22',(#1448),#1488,.F.);
#1640=ADVANCED_FACE('',(#1449,#1450),#1489,.F.);
#1641=ADVANCED_FACE('',(#1451,#1452),#1490,.F.);
#1642=ADVANCED_FACE('',(#1453,#1454),#1491,.F.);
#1643=ADVANCED_FACE('',(#1455,#1456),#1492,.F.);
#1644=ADVANCED_FACE('Face appearance 23',(#1457),#1493,.T.);
#1645=ADVANCED_FACE('Face appearance 23',(#1458),#1494,.T.);
#1646=ADVANCED_FACE('Face appearance 23',(#1459),#1495,.T.);
#1647=ADVANCED_FACE('Face appearance 23',(#1460),#1496,.T.);
#1648=CLOSED_SHELL('',(#1571,#1572,#1573,#1574,#1575,#1576,#1577,#1578,
#1579,#1580,#1581,#1582,#1583,#1584,#1585,#1586,#1587,#1588,#1589,#1590,
#1591,#1592,#1593,#1594,#1595,#1596,#1597,#1598,#1599,#1600,#1601,#1602,
#1603,#1604,#1605,#1606,#1607,#1608,#1609,#1610,#1611,#1612,#1613,#1614,
#1615,#1616,#1617,#1618,#1619,#1620,#1621,#1622,#1623,#1624,#1625,#1626,
#1627,#1628,#1629,#1630,#1631,#1632,#1633,#1634,#1635,#1636,#1637,#1638,
#1639,#1640,#1641,#1642,#1643,#1644,#1645,#1646,#1647));
#1649=STYLED_ITEM('',(#1650),#2095);
#1650=PRESENTATION_STYLE_ASSIGNMENT((#1724));
#1651=PRESENTATION_STYLE_ASSIGNMENT((#1725));
#1652=PRESENTATION_STYLE_ASSIGNMENT((#1726));
#1653=PRESENTATION_STYLE_ASSIGNMENT((#1727));
#1654=PRESENTATION_STYLE_ASSIGNMENT((#1728));
#1655=PRESENTATION_STYLE_ASSIGNMENT((#1729));
#1656=PRESENTATION_STYLE_ASSIGNMENT((#1730));
#1657=PRESENTATION_STYLE_ASSIGNMENT((#1731));
#1658=PRESENTATION_STYLE_ASSIGNMENT((#1732));
#1659=PRESENTATION_STYLE_ASSIGNMENT((#1733));
#1660=PRESENTATION_STYLE_ASSIGNMENT((#1734));
#1661=PRESENTATION_STYLE_ASSIGNMENT((#1735));
#1662=PRESENTATION_STYLE_ASSIGNMENT((#1736));
#1663=PRESENTATION_STYLE_ASSIGNMENT((#1737));
#1664=PRESENTATION_STYLE_ASSIGNMENT((#1738));
#1665=PRESENTATION_STYLE_ASSIGNMENT((#1739));
#1666=PRESENTATION_STYLE_ASSIGNMENT((#1740));
#1667=PRESENTATION_STYLE_ASSIGNMENT((#1741));
#1668=PRESENTATION_STYLE_ASSIGNMENT((#1742));
#1669=PRESENTATION_STYLE_ASSIGNMENT((#1743));
#1670=PRESENTATION_STYLE_ASSIGNMENT((#1744));
#1671=PRESENTATION_STYLE_ASSIGNMENT((#1745));
#1672=PRESENTATION_STYLE_ASSIGNMENT((#1746));
#1673=PRESENTATION_STYLE_ASSIGNMENT((#1747));
#1674=PRESENTATION_STYLE_ASSIGNMENT((#1748));
#1675=PRESENTATION_STYLE_ASSIGNMENT((#1749));
#1676=PRESENTATION_STYLE_ASSIGNMENT((#1750));
#1677=PRESENTATION_STYLE_ASSIGNMENT((#1751));
#1678=PRESENTATION_STYLE_ASSIGNMENT((#1752));
#1679=PRESENTATION_STYLE_ASSIGNMENT((#1753));
#1680=PRESENTATION_STYLE_ASSIGNMENT((#1754));
#1681=PRESENTATION_STYLE_ASSIGNMENT((#1755));
#1682=PRESENTATION_STYLE_ASSIGNMENT((#1756));
#1683=PRESENTATION_STYLE_ASSIGNMENT((#1757));
#1684=PRESENTATION_STYLE_ASSIGNMENT((#1758));
#1685=PRESENTATION_STYLE_ASSIGNMENT((#1759));
#1686=PRESENTATION_STYLE_ASSIGNMENT((#1760));
#1687=PRESENTATION_STYLE_ASSIGNMENT((#1761));
#1688=PRESENTATION_STYLE_ASSIGNMENT((#1762));
#1689=PRESENTATION_STYLE_ASSIGNMENT((#1763));
#1690=PRESENTATION_STYLE_ASSIGNMENT((#1764));
#1691=PRESENTATION_STYLE_ASSIGNMENT((#1765));
#1692=PRESENTATION_STYLE_ASSIGNMENT((#1766));
#1693=PRESENTATION_STYLE_ASSIGNMENT((#1767));
#1694=PRESENTATION_STYLE_ASSIGNMENT((#1768));
#1695=PRESENTATION_STYLE_ASSIGNMENT((#1769));
#1696=PRESENTATION_STYLE_ASSIGNMENT((#1770));
#1697=PRESENTATION_STYLE_ASSIGNMENT((#1771));
#1698=PRESENTATION_STYLE_ASSIGNMENT((#1772));
#1699=PRESENTATION_STYLE_ASSIGNMENT((#1773));
#1700=PRESENTATION_STYLE_ASSIGNMENT((#1774));
#1701=PRESENTATION_STYLE_ASSIGNMENT((#1775));
#1702=PRESENTATION_STYLE_ASSIGNMENT((#1776));
#1703=PRESENTATION_STYLE_ASSIGNMENT((#1777));
#1704=PRESENTATION_STYLE_ASSIGNMENT((#1778));
#1705=PRESENTATION_STYLE_ASSIGNMENT((#1779));
#1706=PRESENTATION_STYLE_ASSIGNMENT((#1780));
#1707=PRESENTATION_STYLE_ASSIGNMENT((#1781));
#1708=PRESENTATION_STYLE_ASSIGNMENT((#1782));
#1709=PRESENTATION_STYLE_ASSIGNMENT((#1783));
#1710=PRESENTATION_STYLE_ASSIGNMENT((#1784));
#1711=PRESENTATION_STYLE_ASSIGNMENT((#1785));
#1712=PRESENTATION_STYLE_ASSIGNMENT((#1786));
#1713=PRESENTATION_STYLE_ASSIGNMENT((#1787));
#1714=PRESENTATION_STYLE_ASSIGNMENT((#1788));
#1715=PRESENTATION_STYLE_ASSIGNMENT((#1789));
#1716=PRESENTATION_STYLE_ASSIGNMENT((#1790));
#1717=PRESENTATION_STYLE_ASSIGNMENT((#1791));
#1718=PRESENTATION_STYLE_ASSIGNMENT((#1792));
#1719=PRESENTATION_STYLE_ASSIGNMENT((#1793));
#1720=PRESENTATION_STYLE_ASSIGNMENT((#1794));
#1721=PRESENTATION_STYLE_ASSIGNMENT((#1795));
#1722=PRESENTATION_STYLE_ASSIGNMENT((#1796));
#1723=PRESENTATION_STYLE_ASSIGNMENT((#1797));
#1724=SURFACE_STYLE_USAGE(.BOTH.,#1798);
#1725=SURFACE_STYLE_USAGE(.BOTH.,#1799);
#1726=SURFACE_STYLE_USAGE(.BOTH.,#1800);
#1727=SURFACE_STYLE_USAGE(.BOTH.,#1801);
#1728=SURFACE_STYLE_USAGE(.BOTH.,#1802);
#1729=SURFACE_STYLE_USAGE(.BOTH.,#1803);
#1730=SURFACE_STYLE_USAGE(.BOTH.,#1804);
#1731=SURFACE_STYLE_USAGE(.BOTH.,#1805);
#1732=SURFACE_STYLE_USAGE(.BOTH.,#1806);
#1733=SURFACE_STYLE_USAGE(.BOTH.,#1807);
#1734=SURFACE_STYLE_USAGE(.BOTH.,#1808);
#1735=SURFACE_STYLE_USAGE(.BOTH.,#1809);
#1736=SURFACE_STYLE_USAGE(.BOTH.,#1810);
#1737=SURFACE_STYLE_USAGE(.BOTH.,#1811);
#1738=SURFACE_STYLE_USAGE(.BOTH.,#1812);
#1739=SURFACE_STYLE_USAGE(.BOTH.,#1813);
#1740=SURFACE_STYLE_USAGE(.BOTH.,#1814);
#1741=SURFACE_STYLE_USAGE(.BOTH.,#1815);
#1742=SURFACE_STYLE_USAGE(.BOTH.,#1816);
#1743=SURFACE_STYLE_USAGE(.BOTH.,#1817);
#1744=SURFACE_STYLE_USAGE(.BOTH.,#1818);
#1745=SURFACE_STYLE_USAGE(.BOTH.,#1819);
#1746=SURFACE_STYLE_USAGE(.BOTH.,#1820);
#1747=SURFACE_STYLE_USAGE(.BOTH.,#1821);
#1748=SURFACE_STYLE_USAGE(.BOTH.,#1822);
#1749=SURFACE_STYLE_USAGE(.BOTH.,#1823);
#1750=SURFACE_STYLE_USAGE(.BOTH.,#1824);
#1751=SURFACE_STYLE_USAGE(.BOTH.,#1825);
#1752=SURFACE_STYLE_USAGE(.BOTH.,#1826);
#1753=SURFACE_STYLE_USAGE(.BOTH.,#1827);
#1754=SURFACE_STYLE_USAGE(.BOTH.,#1828);
#1755=SURFACE_STYLE_USAGE(.BOTH.,#1829);
#1756=SURFACE_STYLE_USAGE(.BOTH.,#1830);
#1757=SURFACE_STYLE_USAGE(.BOTH.,#1831);
#1758=SURFACE_STYLE_USAGE(.BOTH.,#1832);
#1759=SURFACE_STYLE_USAGE(.BOTH.,#1833);
#1760=SURFACE_STYLE_USAGE(.BOTH.,#1834);
#1761=SURFACE_STYLE_USAGE(.BOTH.,#1835);
#1762=SURFACE_STYLE_USAGE(.BOTH.,#1836);
#1763=SURFACE_STYLE_USAGE(.BOTH.,#1837);
#1764=SURFACE_STYLE_USAGE(.BOTH.,#1838);
#1765=SURFACE_STYLE_USAGE(.BOTH.,#1839);
#1766=SURFACE_STYLE_USAGE(.BOTH.,#1840);
#1767=SURFACE_STYLE_USAGE(.BOTH.,#1841);
#1768=SURFACE_STYLE_USAGE(.BOTH.,#1842);
#1769=SURFACE_STYLE_USAGE(.BOTH.,#1843);
#1770=SURFACE_STYLE_USAGE(.BOTH.,#1844);
#1771=SURFACE_STYLE_USAGE(.BOTH.,#1845);
#1772=SURFACE_STYLE_USAGE(.BOTH.,#1846);
#1773=SURFACE_STYLE_USAGE(.BOTH.,#1847);
#1774=SURFACE_STYLE_USAGE(.BOTH.,#1848);
#1775=SURFACE_STYLE_USAGE(.BOTH.,#1849);
#1776=SURFACE_STYLE_USAGE(.BOTH.,#1850);
#1777=SURFACE_STYLE_USAGE(.BOTH.,#1851);
#1778=SURFACE_STYLE_USAGE(.BOTH.,#1852);
#1779=SURFACE_STYLE_USAGE(.BOTH.,#1853);
#1780=SURFACE_STYLE_USAGE(.BOTH.,#1854);
#1781=SURFACE_STYLE_USAGE(.BOTH.,#1855);
#1782=SURFACE_STYLE_USAGE(.BOTH.,#1856);
#1783=SURFACE_STYLE_USAGE(.BOTH.,#1857);
#1784=SURFACE_STYLE_USAGE(.BOTH.,#1858);
#1785=SURFACE_STYLE_USAGE(.BOTH.,#1859);
#1786=SURFACE_STYLE_USAGE(.BOTH.,#1860);
#1787=SURFACE_STYLE_USAGE(.BOTH.,#1861);
#1788=SURFACE_STYLE_USAGE(.BOTH.,#1862);
#1789=SURFACE_STYLE_USAGE(.BOTH.,#1863);
#1790=SURFACE_STYLE_USAGE(.BOTH.,#1864);
#1791=SURFACE_STYLE_USAGE(.BOTH.,#1865);
#1792=SURFACE_STYLE_USAGE(.BOTH.,#1866);
#1793=SURFACE_STYLE_USAGE(.BOTH.,#1867);
#1794=SURFACE_STYLE_USAGE(.BOTH.,#1868);
#1795=SURFACE_STYLE_USAGE(.BOTH.,#1869);
#1796=SURFACE_STYLE_USAGE(.BOTH.,#1870);
#1797=SURFACE_STYLE_USAGE(.BOTH.,#1871);
#1798=SURFACE_SIDE_STYLE('',(#1872));
#1799=SURFACE_SIDE_STYLE('',(#1873));
#1800=SURFACE_SIDE_STYLE('',(#1874));
#1801=SURFACE_SIDE_STYLE('',(#1875));
#1802=SURFACE_SIDE_STYLE('',(#1876));
#1803=SURFACE_SIDE_STYLE('',(#1877));
#1804=SURFACE_SIDE_STYLE('',(#1878));
#1805=SURFACE_SIDE_STYLE('',(#1879));
#1806=SURFACE_SIDE_STYLE('',(#1880));
#1807=SURFACE_SIDE_STYLE('',(#1881));
#1808=SURFACE_SIDE_STYLE('',(#1882));
#1809=SURFACE_SIDE_STYLE('',(#1883));
#1810=SURFACE_SIDE_STYLE('',(#1884));
#1811=SURFACE_SIDE_STYLE('',(#1885));
#1812=SURFACE_SIDE_STYLE('',(#1886));
#1813=SURFACE_SIDE_STYLE('',(#1887));
#1814=SURFACE_SIDE_STYLE('',(#1888));
#1815=SURFACE_SIDE_STYLE('',(#1889));
#1816=SURFACE_SIDE_STYLE('',(#1890));
#1817=SURFACE_SIDE_STYLE('',(#1891));
#1818=SURFACE_SIDE_STYLE('',(#1892));
#1819=SURFACE_SIDE_STYLE('',(#1893));
#1820=SURFACE_SIDE_STYLE('',(#1894));
#1821=SURFACE_SIDE_STYLE('',(#1895));
#1822=SURFACE_SIDE_STYLE('',(#1896));
#1823=SURFACE_SIDE_STYLE('',(#1897));
#1824=SURFACE_SIDE_STYLE('',(#1898));
#1825=SURFACE_SIDE_STYLE('',(#1899));
#1826=SURFACE_SIDE_STYLE('',(#1900));
#1827=SURFACE_SIDE_STYLE('',(#1901));
#1828=SURFACE_SIDE_STYLE('',(#1902));
#1829=SURFACE_SIDE_STYLE('',(#1903));
#1830=SURFACE_SIDE_STYLE('',(#1904));
#1831=SURFACE_SIDE_STYLE('',(#1905));
#1832=SURFACE_SIDE_STYLE('',(#1906));
#1833=SURFACE_SIDE_STYLE('',(#1907));
#1834=SURFACE_SIDE_STYLE('',(#1908));
#1835=SURFACE_SIDE_STYLE('',(#1909));
#1836=SURFACE_SIDE_STYLE('',(#1910));
#1837=SURFACE_SIDE_STYLE('',(#1911));
#1838=SURFACE_SIDE_STYLE('',(#1912));
#1839=SURFACE_SIDE_STYLE('',(#1913));
#1840=SURFACE_SIDE_STYLE('',(#1914));
#1841=SURFACE_SIDE_STYLE('',(#1915));
#1842=SURFACE_SIDE_STYLE('',(#1916));
#1843=SURFACE_SIDE_STYLE('',(#1917));
#1844=SURFACE_SIDE_STYLE('',(#1918));
#1845=SURFACE_SIDE_STYLE('',(#1919));
#1846=SURFACE_SIDE_STYLE('',(#1920));
#1847=SURFACE_SIDE_STYLE('',(#1921));
#1848=SURFACE_SIDE_STYLE('',(#1922));
#1849=SURFACE_SIDE_STYLE('',(#1923));
#1850=SURFACE_SIDE_STYLE('',(#1924));
#1851=SURFACE_SIDE_STYLE('',(#1925));
#1852=SURFACE_SIDE_STYLE('',(#1926));
#1853=SURFACE_SIDE_STYLE('',(#1927));
#1854=SURFACE_SIDE_STYLE('',(#1928));
#1855=SURFACE_SIDE_STYLE('',(#1929));
#1856=SURFACE_SIDE_STYLE('',(#1930));
#1857=SURFACE_SIDE_STYLE('',(#1931));
#1858=SURFACE_SIDE_STYLE('',(#1932));
#1859=SURFACE_SIDE_STYLE('',(#1933));
#1860=SURFACE_SIDE_STYLE('',(#1934));
#1861=SURFACE_SIDE_STYLE('',(#1935));
#1862=SURFACE_SIDE_STYLE('',(#1936));
#1863=SURFACE_SIDE_STYLE('',(#1937));
#1864=SURFACE_SIDE_STYLE('',(#1938));
#1865=SURFACE_SIDE_STYLE('',(#1939));
#1866=SURFACE_SIDE_STYLE('',(#1940));
#1867=SURFACE_SIDE_STYLE('',(#1941));
#1868=SURFACE_SIDE_STYLE('',(#1942));
#1869=SURFACE_SIDE_STYLE('',(#1943));
#1870=SURFACE_SIDE_STYLE('',(#1944));
#1871=SURFACE_SIDE_STYLE('',(#1945));
#1872=SURFACE_STYLE_FILL_AREA(#1946);
#1873=SURFACE_STYLE_FILL_AREA(#1947);
#1874=SURFACE_STYLE_FILL_AREA(#1948);
#1875=SURFACE_STYLE_FILL_AREA(#1949);
#1876=SURFACE_STYLE_FILL_AREA(#1950);
#1877=SURFACE_STYLE_FILL_AREA(#1951);
#1878=SURFACE_STYLE_FILL_AREA(#1952);
#1879=SURFACE_STYLE_FILL_AREA(#1953);
#1880=SURFACE_STYLE_FILL_AREA(#1954);
#1881=SURFACE_STYLE_FILL_AREA(#1955);
#1882=SURFACE_STYLE_FILL_AREA(#1956);
#1883=SURFACE_STYLE_FILL_AREA(#1957);
#1884=SURFACE_STYLE_FILL_AREA(#1958);
#1885=SURFACE_STYLE_FILL_AREA(#1959);
#1886=SURFACE_STYLE_FILL_AREA(#1960);
#1887=SURFACE_STYLE_FILL_AREA(#1961);
#1888=SURFACE_STYLE_FILL_AREA(#1962);
#1889=SURFACE_STYLE_FILL_AREA(#1963);
#1890=SURFACE_STYLE_FILL_AREA(#1964);
#1891=SURFACE_STYLE_FILL_AREA(#1965);
#1892=SURFACE_STYLE_FILL_AREA(#1966);
#1893=SURFACE_STYLE_FILL_AREA(#1967);
#1894=SURFACE_STYLE_FILL_AREA(#1968);
#1895=SURFACE_STYLE_FILL_AREA(#1969);
#1896=SURFACE_STYLE_FILL_AREA(#1970);
#1897=SURFACE_STYLE_FILL_AREA(#1971);
#1898=SURFACE_STYLE_FILL_AREA(#1972);
#1899=SURFACE_STYLE_FILL_AREA(#1973);
#1900=SURFACE_STYLE_FILL_AREA(#1974);
#1901=SURFACE_STYLE_FILL_AREA(#1975);
#1902=SURFACE_STYLE_FILL_AREA(#1976);
#1903=SURFACE_STYLE_FILL_AREA(#1977);
#1904=SURFACE_STYLE_FILL_AREA(#1978);
#1905=SURFACE_STYLE_FILL_AREA(#1979);
#1906=SURFACE_STYLE_FILL_AREA(#1980);
#1907=SURFACE_STYLE_FILL_AREA(#1981);
#1908=SURFACE_STYLE_FILL_AREA(#1982);
#1909=SURFACE_STYLE_FILL_AREA(#1983);
#1910=SURFACE_STYLE_FILL_AREA(#1984);
#1911=SURFACE_STYLE_FILL_AREA(#1985);
#1912=SURFACE_STYLE_FILL_AREA(#1986);
#1913=SURFACE_STYLE_FILL_AREA(#1987);
#1914=SURFACE_STYLE_FILL_AREA(#1988);
#1915=SURFACE_STYLE_FILL_AREA(#1989);
#1916=SURFACE_STYLE_FILL_AREA(#1990);
#1917=SURFACE_STYLE_FILL_AREA(#1991);
#1918=SURFACE_STYLE_FILL_AREA(#1992);
#1919=SURFACE_STYLE_FILL_AREA(#1993);
#1920=SURFACE_STYLE_FILL_AREA(#1994);
#1921=SURFACE_STYLE_FILL_AREA(#1995);
#1922=SURFACE_STYLE_FILL_AREA(#1996);
#1923=SURFACE_STYLE_FILL_AREA(#1997);
#1924=SURFACE_STYLE_FILL_AREA(#1998);
#1925=SURFACE_STYLE_FILL_AREA(#1999);
#1926=SURFACE_STYLE_FILL_AREA(#2000);
#1927=SURFACE_STYLE_FILL_AREA(#2001);
#1928=SURFACE_STYLE_FILL_AREA(#2002);
#1929=SURFACE_STYLE_FILL_AREA(#2003);
#1930=SURFACE_STYLE_FILL_AREA(#2004);
#1931=SURFACE_STYLE_FILL_AREA(#2005);
#1932=SURFACE_STYLE_FILL_AREA(#2006);
#1933=SURFACE_STYLE_FILL_AREA(#2007);
#1934=SURFACE_STYLE_FILL_AREA(#2008);
#1935=SURFACE_STYLE_FILL_AREA(#2009);
#1936=SURFACE_STYLE_FILL_AREA(#2010);
#1937=SURFACE_STYLE_FILL_AREA(#2011);
#1938=SURFACE_STYLE_FILL_AREA(#2012);
#1939=SURFACE_STYLE_FILL_AREA(#2013);
#1940=SURFACE_STYLE_FILL_AREA(#2014);
#1941=SURFACE_STYLE_FILL_AREA(#2015);
#1942=SURFACE_STYLE_FILL_AREA(#2016);
#1943=SURFACE_STYLE_FILL_AREA(#2017);
#1944=SURFACE_STYLE_FILL_AREA(#2018);
#1945=SURFACE_STYLE_FILL_AREA(#2019);
#1946=FILL_AREA_STYLE('',(#2020));
#1947=FILL_AREA_STYLE('',(#2021));
#1948=FILL_AREA_STYLE('',(#2022));
#1949=FILL_AREA_STYLE('',(#2023));
#1950=FILL_AREA_STYLE('',(#2024));
#1951=FILL_AREA_STYLE('',(#2025));
#1952=FILL_AREA_STYLE('',(#2026));
#1953=FILL_AREA_STYLE('',(#2027));
#1954=FILL_AREA_STYLE('',(#2028));
#1955=FILL_AREA_STYLE('',(#2029));
#1956=FILL_AREA_STYLE('',(#2030));
#1957=FILL_AREA_STYLE('',(#2031));
#1958=FILL_AREA_STYLE('',(#2032));
#1959=FILL_AREA_STYLE('',(#2033));
#1960=FILL_AREA_STYLE('',(#2034));
#1961=FILL_AREA_STYLE('',(#2035));
#1962=FILL_AREA_STYLE('',(#2036));
#1963=FILL_AREA_STYLE('',(#2037));
#1964=FILL_AREA_STYLE('',(#2038));
#1965=FILL_AREA_STYLE('',(#2039));
#1966=FILL_AREA_STYLE('',(#2040));
#1967=FILL_AREA_STYLE('',(#2041));
#1968=FILL_AREA_STYLE('',(#2042));
#1969=FILL_AREA_STYLE('',(#2043));
#1970=FILL_AREA_STYLE('',(#2044));
#1971=FILL_AREA_STYLE('',(#2045));
#1972=FILL_AREA_STYLE('',(#2046));
#1973=FILL_AREA_STYLE('',(#2047));
#1974=FILL_AREA_STYLE('',(#2048));
#1975=FILL_AREA_STYLE('',(#2049));
#1976=FILL_AREA_STYLE('',(#2050));
#1977=FILL_AREA_STYLE('',(#2051));
#1978=FILL_AREA_STYLE('',(#2052));
#1979=FILL_AREA_STYLE('',(#2053));
#1980=FILL_AREA_STYLE('',(#2054));
#1981=FILL_AREA_STYLE('',(#2055));
#1982=FILL_AREA_STYLE('',(#2056));
#1983=FILL_AREA_STYLE('',(#2057));
#1984=FILL_AREA_STYLE('',(#2058));
#1985=FILL_AREA_STYLE('',(#2059));
#1986=FILL_AREA_STYLE('',(#2060));
#1987=FILL_AREA_STYLE('',(#2061));
#1988=FILL_AREA_STYLE('',(#2062));
#1989=FILL_AREA_STYLE('',(#2063));
#1990=FILL_AREA_STYLE('',(#2064));
#1991=FILL_AREA_STYLE('',(#2065));
#1992=FILL_AREA_STYLE('',(#2066));
#1993=FILL_AREA_STYLE('',(#2067));
#1994=FILL_AREA_STYLE('',(#2068));
#1995=FILL_AREA_STYLE('',(#2069));
#1996=FILL_AREA_STYLE('',(#2070));
#1997=FILL_AREA_STYLE('',(#2071));
#1998=FILL_AREA_STYLE('',(#2072));
#1999=FILL_AREA_STYLE('',(#2073));
#2000=FILL_AREA_STYLE('',(#2074));
#2001=FILL_AREA_STYLE('',(#2075));
#2002=FILL_AREA_STYLE('',(#2076));
#2003=FILL_AREA_STYLE('',(#2077));
#2004=FILL_AREA_STYLE('',(#2078));
#2005=FILL_AREA_STYLE('',(#2079));
#2006=FILL_AREA_STYLE('',(#2080));
#2007=FILL_AREA_STYLE('',(#2081));
#2008=FILL_AREA_STYLE('',(#2082));
#2009=FILL_AREA_STYLE('',(#2083));
#2010=FILL_AREA_STYLE('',(#2084));
#2011=FILL_AREA_STYLE('',(#2085));
#2012=FILL_AREA_STYLE('',(#2086));
#2013=FILL_AREA_STYLE('',(#2087));
#2014=FILL_AREA_STYLE('',(#2088));
#2015=FILL_AREA_STYLE('',(#2089));
#2016=FILL_AREA_STYLE('',(#2090));
#2017=FILL_AREA_STYLE('',(#2091));
#2018=FILL_AREA_STYLE('',(#2092));
#2019=FILL_AREA_STYLE('',(#2093));
#2020=FILL_AREA_STYLE_COLOUR('',#2094);
#2021=FILL_AREA_STYLE_COLOUR('',#1570);
#2022=FILL_AREA_STYLE_COLOUR('',#1570);
#2023=FILL_AREA_STYLE_COLOUR('',#1570);
#2024=FILL_AREA_STYLE_COLOUR('',#1570);
#2025=FILL_AREA_STYLE_COLOUR('',#1570);
#2026=FILL_AREA_STYLE_COLOUR('',#1570);
#2027=FILL_AREA_STYLE_COLOUR('',#1570);
#2028=FILL_AREA_STYLE_COLOUR('',#1570);
#2029=FILL_AREA_STYLE_COLOUR('',#1570);
#2030=FILL_AREA_STYLE_COLOUR('',#1570);
#2031=FILL_AREA_STYLE_COLOUR('',#1570);
#2032=FILL_AREA_STYLE_COLOUR('',#1570);
#2033=FILL_AREA_STYLE_COLOUR('',#1570);
#2034=FILL_AREA_STYLE_COLOUR('',#1570);
#2035=FILL_AREA_STYLE_COLOUR('',#1570);
#2036=FILL_AREA_STYLE_COLOUR('',#1570);
#2037=FILL_AREA_STYLE_COLOUR('',#1570);
#2038=FILL_AREA_STYLE_COLOUR('',#1570);
#2039=FILL_AREA_STYLE_COLOUR('',#1570);
#2040=FILL_AREA_STYLE_COLOUR('',#1570);
#2041=FILL_AREA_STYLE_COLOUR('',#1570);
#2042=FILL_AREA_STYLE_COLOUR('',#1570);
#2043=FILL_AREA_STYLE_COLOUR('',#1570);
#2044=FILL_AREA_STYLE_COLOUR('',#1570);
#2045=FILL_AREA_STYLE_COLOUR('',#1570);
#2046=FILL_AREA_STYLE_COLOUR('',#1570);
#2047=FILL_AREA_STYLE_COLOUR('',#1570);
#2048=FILL_AREA_STYLE_COLOUR('',#1570);
#2049=FILL_AREA_STYLE_COLOUR('',#1570);
#2050=FILL_AREA_STYLE_COLOUR('',#1570);
#2051=FILL_AREA_STYLE_COLOUR('',#1570);
#2052=FILL_AREA_STYLE_COLOUR('',#1570);
#2053=FILL_AREA_STYLE_COLOUR('',#1570);
#2054=FILL_AREA_STYLE_COLOUR('',#1570);
#2055=FILL_AREA_STYLE_COLOUR('',#1570);
#2056=FILL_AREA_STYLE_COLOUR('',#1570);
#2057=FILL_AREA_STYLE_COLOUR('',#1570);
#2058=FILL_AREA_STYLE_COLOUR('',#1570);
#2059=FILL_AREA_STYLE_COLOUR('',#1570);
#2060=FILL_AREA_STYLE_COLOUR('',#1570);
#2061=FILL_AREA_STYLE_COLOUR('',#1570);
#2062=FILL_AREA_STYLE_COLOUR('',#1570);
#2063=FILL_AREA_STYLE_COLOUR('',#1570);
#2064=FILL_AREA_STYLE_COLOUR('',#1570);
#2065=FILL_AREA_STYLE_COLOUR('',#1570);
#2066=FILL_AREA_STYLE_COLOUR('',#1570);
#2067=FILL_AREA_STYLE_COLOUR('',#1570);
#2068=FILL_AREA_STYLE_COLOUR('',#1570);
#2069=FILL_AREA_STYLE_COLOUR('',#1570);
#2070=FILL_AREA_STYLE_COLOUR('',#1570);
#2071=FILL_AREA_STYLE_COLOUR('',#1570);
#2072=FILL_AREA_STYLE_COLOUR('',#1570);
#2073=FILL_AREA_STYLE_COLOUR('',#1570);
#2074=FILL_AREA_STYLE_COLOUR('',#1570);
#2075=FILL_AREA_STYLE_COLOUR('',#1570);
#2076=FILL_AREA_STYLE_COLOUR('',#1570);
#2077=FILL_AREA_STYLE_COLOUR('',#1570);
#2078=FILL_AREA_STYLE_COLOUR('',#1570);
#2079=FILL_AREA_STYLE_COLOUR('',#1570);
#2080=FILL_AREA_STYLE_COLOUR('',#1570);
#2081=FILL_AREA_STYLE_COLOUR('',#1570);
#2082=FILL_AREA_STYLE_COLOUR('',#1570);
#2083=FILL_AREA_STYLE_COLOUR('',#1570);
#2084=FILL_AREA_STYLE_COLOUR('',#1570);
#2085=FILL_AREA_STYLE_COLOUR('',#1570);
#2086=FILL_AREA_STYLE_COLOUR('',#1570);
#2087=FILL_AREA_STYLE_COLOUR('',#1570);
#2088=FILL_AREA_STYLE_COLOUR('',#1570);
#2089=FILL_AREA_STYLE_COLOUR('',#1570);
#2090=FILL_AREA_STYLE_COLOUR('',#1570);
#2091=FILL_AREA_STYLE_COLOUR('',#1570);
#2092=FILL_AREA_STYLE_COLOUR('',#1570);
#2093=FILL_AREA_STYLE_COLOUR('',#1570);
#2094=COLOUR_RGB('',0.615686274509804,0.811764705882353,0.929411764705882);
#2095=MANIFOLD_SOLID_BREP('00 Middle Case',#1648);
#2096=SHAPE_DEFINITION_REPRESENTATION(#3160,#2097);
#2097=SHAPE_REPRESENTATION('00 Middle Case',(#2098),#3155);
#2098=AXIS2_PLACEMENT_3D('',#2700,#2248,#2249);
#2099=AXIS2_PLACEMENT_3D('',#2701,#2250,#2251);
#2100=AXIS2_PLACEMENT_3D('',#2702,#2252,#2253);
#2101=AXIS2_PLACEMENT_3D('',#2707,#2255,#2256);
#2102=AXIS2_PLACEMENT_3D('',#2710,#2258,#2259);
#2103=AXIS2_PLACEMENT_3D('',#2716,#2263,#2264);
#2104=AXIS2_PLACEMENT_3D('',#2717,#2265,#2266);
#2105=AXIS2_PLACEMENT_3D('',#2721,#2268,#2269);
#2106=AXIS2_PLACEMENT_3D('',#2722,#2270,#2271);
#2107=AXIS2_PLACEMENT_3D('',#2728,#2275,#2276);
#2108=AXIS2_PLACEMENT_3D('',#2729,#2277,#2278);
#2109=AXIS2_PLACEMENT_3D('',#2733,#2280,#2281);
#2110=AXIS2_PLACEMENT_3D('',#2734,#2282,#2283);
#2111=AXIS2_PLACEMENT_3D('',#2740,#2287,#2288);
#2112=AXIS2_PLACEMENT_3D('',#2741,#2289,#2290);
#2113=AXIS2_PLACEMENT_3D('',#2745,#2292,#2293);
#2114=AXIS2_PLACEMENT_3D('',#2746,#2294,#2295);
#2115=AXIS2_PLACEMENT_3D('',#2747,#2296,#2297);
#2116=AXIS2_PLACEMENT_3D('',#2752,#2299,#2300);
#2117=AXIS2_PLACEMENT_3D('',#2755,#2302,#2303);
#2118=AXIS2_PLACEMENT_3D('',#2761,#2307,#2308);
#2119=AXIS2_PLACEMENT_3D('',#2762,#2309,#2310);
#2120=AXIS2_PLACEMENT_3D('',#2766,#2312,#2313);
#2121=AXIS2_PLACEMENT_3D('',#2767,#2314,#2315);
#2122=AXIS2_PLACEMENT_3D('',#2773,#2319,#2320);
#2123=AXIS2_PLACEMENT_3D('',#2774,#2321,#2322);
#2124=AXIS2_PLACEMENT_3D('',#2778,#2324,#2325);
#2125=AXIS2_PLACEMENT_3D('',#2779,#2326,#2327);
#2126=AXIS2_PLACEMENT_3D('',#2785,#2331,#2332);
#2127=AXIS2_PLACEMENT_3D('',#2786,#2333,#2334);
#2128=AXIS2_PLACEMENT_3D('',#2790,#2336,#2337);
#2129=AXIS2_PLACEMENT_3D('',#2791,#2338,#2339);
#2130=AXIS2_PLACEMENT_3D('',#2792,#2340,#2341);
#2131=AXIS2_PLACEMENT_3D('',#2797,#2343,#2344);
#2132=AXIS2_PLACEMENT_3D('',#2800,#2346,#2347);
#2133=AXIS2_PLACEMENT_3D('',#2806,#2351,#2352);
#2134=AXIS2_PLACEMENT_3D('',#2807,#2353,#2354);
#2135=AXIS2_PLACEMENT_3D('',#2811,#2356,#2357);
#2136=AXIS2_PLACEMENT_3D('',#2812,#2358,#2359);
#2137=AXIS2_PLACEMENT_3D('',#2818,#2363,#2364);
#2138=AXIS2_PLACEMENT_3D('',#2819,#2365,#2366);
#2139=AXIS2_PLACEMENT_3D('',#2823,#2368,#2369);
#2140=AXIS2_PLACEMENT_3D('',#2824,#2370,#2371);
#2141=AXIS2_PLACEMENT_3D('',#2830,#2375,#2376);
#2142=AXIS2_PLACEMENT_3D('',#2831,#2377,#2378);
#2143=AXIS2_PLACEMENT_3D('',#2835,#2380,#2381);
#2144=AXIS2_PLACEMENT_3D('',#2836,#2382,#2383);
#2145=AXIS2_PLACEMENT_3D('',#2837,#2384,#2385);
#2146=AXIS2_PLACEMENT_3D('',#2842,#2387,#2388);
#2147=AXIS2_PLACEMENT_3D('',#2845,#2390,#2391);
#2148=AXIS2_PLACEMENT_3D('',#2851,#2395,#2396);
#2149=AXIS2_PLACEMENT_3D('',#2852,#2397,#2398);
#2150=AXIS2_PLACEMENT_3D('',#2856,#2400,#2401);
#2151=AXIS2_PLACEMENT_3D('',#2857,#2402,#2403);
#2152=AXIS2_PLACEMENT_3D('',#2863,#2407,#2408);
#2153=AXIS2_PLACEMENT_3D('',#2864,#2409,#2410);
#2154=AXIS2_PLACEMENT_3D('',#2868,#2412,#2413);
#2155=AXIS2_PLACEMENT_3D('',#2869,#2414,#2415);
#2156=AXIS2_PLACEMENT_3D('',#2875,#2419,#2420);
#2157=AXIS2_PLACEMENT_3D('',#2876,#2421,#2422);
#2158=AXIS2_PLACEMENT_3D('',#2880,#2424,#2425);
#2159=AXIS2_PLACEMENT_3D('',#2881,#2426,#2427);
#2160=AXIS2_PLACEMENT_3D('',#2882,#2428,#2429);
#2161=AXIS2_PLACEMENT_3D('',#2887,#2431,#2432);
#2162=AXIS2_PLACEMENT_3D('',#2890,#2434,#2435);
#2163=AXIS2_PLACEMENT_3D('',#2896,#2439,#2440);
#2164=AXIS2_PLACEMENT_3D('',#2897,#2441,#2442);
#2165=AXIS2_PLACEMENT_3D('',#2901,#2444,#2445);
#2166=AXIS2_PLACEMENT_3D('',#2902,#2446,#2447);
#2167=AXIS2_PLACEMENT_3D('',#2908,#2451,#2452);
#2168=AXIS2_PLACEMENT_3D('',#2909,#2453,#2454);
#2169=AXIS2_PLACEMENT_3D('',#2913,#2456,#2457);
#2170=AXIS2_PLACEMENT_3D('',#2914,#2458,#2459);
#2171=AXIS2_PLACEMENT_3D('',#2920,#2463,#2464);
#2172=AXIS2_PLACEMENT_3D('',#2921,#2465,#2466);
#2173=AXIS2_PLACEMENT_3D('',#2925,#2468,#2469);
#2174=AXIS2_PLACEMENT_3D('',#2926,#2470,#2471);
#2175=AXIS2_PLACEMENT_3D('',#2927,#2472,#2473);
#2176=AXIS2_PLACEMENT_3D('',#2932,#2475,#2476);
#2177=AXIS2_PLACEMENT_3D('',#2935,#2478,#2479);
#2178=AXIS2_PLACEMENT_3D('',#2941,#2483,#2484);
#2179=AXIS2_PLACEMENT_3D('',#2942,#2485,#2486);
#2180=AXIS2_PLACEMENT_3D('',#2946,#2488,#2489);
#2181=AXIS2_PLACEMENT_3D('',#2947,#2490,#2491);
#2182=AXIS2_PLACEMENT_3D('',#2953,#2495,#2496);
#2183=AXIS2_PLACEMENT_3D('',#2954,#2497,#2498);
#2184=AXIS2_PLACEMENT_3D('',#2958,#2500,#2501);
#2185=AXIS2_PLACEMENT_3D('',#2959,#2502,#2503);
#2186=AXIS2_PLACEMENT_3D('',#2965,#2507,#2508);
#2187=AXIS2_PLACEMENT_3D('',#2966,#2509,#2510);
#2188=AXIS2_PLACEMENT_3D('',#2970,#2512,#2513);
#2189=AXIS2_PLACEMENT_3D('',#2971,#2514,#2515);
#2190=AXIS2_PLACEMENT_3D('',#2980,#2520,#2521);
#2191=AXIS2_PLACEMENT_3D('',#2992,#2527,#2528);
#2192=AXIS2_PLACEMENT_3D('',#2996,#2530,#2531);
#2193=AXIS2_PLACEMENT_3D('',#3000,#2533,#2534);
#2194=AXIS2_PLACEMENT_3D('',#3004,#2536,#2537);
#2195=AXIS2_PLACEMENT_3D('',#3005,#2538,#2539);
#2196=AXIS2_PLACEMENT_3D('',#3014,#2544,#2545);
#2197=AXIS2_PLACEMENT_3D('',#3023,#2550,#2551);
#2198=AXIS2_PLACEMENT_3D('',#3029,#2555,#2556);
#2199=AXIS2_PLACEMENT_3D('',#3035,#2560,#2561);
#2200=AXIS2_PLACEMENT_3D('',#3044,#2566,#2567);
#2201=AXIS2_PLACEMENT_3D('',#3048,#2569,#2570);
#2202=AXIS2_PLACEMENT_3D('',#3052,#2572,#2573);
#2203=AXIS2_PLACEMENT_3D('',#3056,#2575,#2576);
#2204=AXIS2_PLACEMENT_3D('',#3060,#2578,#2579);
#2205=AXIS2_PLACEMENT_3D('',#3066,#2583,#2584);
#2206=AXIS2_PLACEMENT_3D('',#3072,#2588,#2589);
#2207=AXIS2_PLACEMENT_3D('',#3075,#2592,#2593);
#2208=AXIS2_PLACEMENT_3D('',#3078,#2596,#2597);
#2209=AXIS2_PLACEMENT_3D('',#3081,#2600,#2601);
#2210=AXIS2_PLACEMENT_3D('',#3084,#2604,#2605);
#2211=AXIS2_PLACEMENT_3D('',#3087,#2608,#2609);
#2212=AXIS2_PLACEMENT_3D('',#3096,#2614,#2615);
#2213=AXIS2_PLACEMENT_3D('',#3099,#2618,#2619);
#2214=AXIS2_PLACEMENT_3D('',#3102,#2622,#2623);
#2215=AXIS2_PLACEMENT_3D('',#3105,#2626,#2627);
#2216=AXIS2_PLACEMENT_3D('',#3106,#2628,#2629);
#2217=AXIS2_PLACEMENT_3D('',#3108,#2630,#2631);
#2218=AXIS2_PLACEMENT_3D('',#3110,#2632,#2633);
#2219=AXIS2_PLACEMENT_3D('',#3112,#2634,#2635);
#2220=AXIS2_PLACEMENT_3D('',#3114,#2636,#2637);
#2221=AXIS2_PLACEMENT_3D('',#3115,#2638,#2639);
#2222=AXIS2_PLACEMENT_3D('',#3118,#2642,#2643);
#2223=AXIS2_PLACEMENT_3D('',#3119,#2644,#2645);
#2224=AXIS2_PLACEMENT_3D('',#3120,#2646,#2647);
#2225=AXIS2_PLACEMENT_3D('',#3121,#2648,#2649);
#2226=AXIS2_PLACEMENT_3D('',#3123,#2650,#2651);
#2227=AXIS2_PLACEMENT_3D('',#3125,#2652,#2653);
#2228=AXIS2_PLACEMENT_3D('',#3127,#2654,#2655);
#2229=AXIS2_PLACEMENT_3D('',#3129,#2656,#2657);
#2230=AXIS2_PLACEMENT_3D('',#3130,#2658,#2659);
#2231=AXIS2_PLACEMENT_3D('',#3131,#2660,#2661);
#2232=AXIS2_PLACEMENT_3D('',#3132,#2662,#2663);
#2233=AXIS2_PLACEMENT_3D('',#3133,#2664,#2665);
#2234=AXIS2_PLACEMENT_3D('',#3136,#2668,#2669);
#2235=AXIS2_PLACEMENT_3D('',#3139,#2672,#2673);
#2236=AXIS2_PLACEMENT_3D('',#3141,#2675,#2676);
#2237=AXIS2_PLACEMENT_3D('',#3143,#2678,#2679);
#2238=AXIS2_PLACEMENT_3D('',#3144,#2680,#2681);
#2239=AXIS2_PLACEMENT_3D('',#3145,#2682,#2683);
#2240=AXIS2_PLACEMENT_3D('',#3146,#2684,#2685);
#2241=AXIS2_PLACEMENT_3D('',#3147,#2686,#2687);
#2242=AXIS2_PLACEMENT_3D('',#3148,#2688,#2689);
#2243=AXIS2_PLACEMENT_3D('',#3149,#2690,#2691);
#2244=AXIS2_PLACEMENT_3D('',#3150,#2692,#2693);
#2245=AXIS2_PLACEMENT_3D('',#3151,#2694,#2695);
#2246=AXIS2_PLACEMENT_3D('',#3152,#2696,#2697);
#2247=AXIS2_PLACEMENT_3D('',#3153,#2698,#2699);
#2248=DIRECTION('',(0.,0.,1.));
#2249=DIRECTION('',(1.,0.,0.));
#2250=DIRECTION('',(0.,0.,-1.));
#2251=DIRECTION('',(-1.,0.,0.));
#2252=DIRECTION('',(0.,0.,1.));
#2253=DIRECTION('',(1.,0.,0.));
#2254=DIRECTION('',(0.,0.,-1.));
#2255=DIRECTION('',(0.,0.,1.));
#2256=DIRECTION('',(1.,0.,0.));
#2257=DIRECTION('',(0.,0.,-1.));
#2258=DIRECTION('',(0.,1.,0.));
#2259=DIRECTION('',(0.,0.,1.));
#2260=DIRECTION('',(1.,0.,0.));
#2261=DIRECTION('',(0.,0.,-1.));
#2262=DIRECTION('',(1.,0.,0.));
#2263=DIRECTION('',(0.,0.,-1.));
#2264=DIRECTION('',(-1.,0.,0.));
#2265=DIRECTION('',(0.,0.,1.));
#2266=DIRECTION('',(1.,0.,0.));
#2267=DIRECTION('',(0.,0.,-1.));
#2268=DIRECTION('',(0.,0.,1.));
#2269=DIRECTION('',(1.,0.,0.));
#2270=DIRECTION('',(1.,0.,0.));
#2271=DIRECTION('',(0.,0.,-1.));
#2272=DIRECTION('',(0.,-1.,0.));
#2273=DIRECTION('',(0.,0.,-1.));
#2274=DIRECTION('',(0.,-1.,0.));
#2275=DIRECTION('',(0.,0.,-1.));
#2276=DIRECTION('',(-1.,0.,0.));
#2277=DIRECTION('',(0.,0.,1.));
#2278=DIRECTION('',(1.,0.,0.));
#2279=DIRECTION('',(0.,0.,-1.));
#2280=DIRECTION('',(0.,0.,1.));
#2281=DIRECTION('',(1.,0.,0.));
#2282=DIRECTION('',(0.,1.,0.));
#2283=DIRECTION('',(0.,0.,1.));
#2284=DIRECTION('',(1.,0.,0.));
#2285=DIRECTION('',(0.,0.,-1.));
#2286=DIRECTION('',(1.,0.,0.));
#2287=DIRECTION('',(0.,0.,-1.));
#2288=DIRECTION('',(-1.,0.,0.));
#2289=DIRECTION('',(0.,0.,1.));
#2290=DIRECTION('',(1.,0.,0.));
#2291=DIRECTION('',(0.,0.,-1.));
#2292=DIRECTION('',(0.,0.,1.));
#2293=DIRECTION('',(1.,0.,0.));
#2294=DIRECTION('',(0.,0.,-1.));
#2295=DIRECTION('',(-1.,0.,0.));
#2296=DIRECTION('',(0.,0.,1.));
#2297=DIRECTION('',(1.,0.,0.));
#2298=DIRECTION('',(0.,0.,-1.));
#2299=DIRECTION('',(0.,0.,1.));
#2300=DIRECTION('',(1.,0.,0.));
#2301=DIRECTION('',(0.,0.,-1.));
#2302=DIRECTION('',(0.,1.,0.));
#2303=DIRECTION('',(0.,0.,1.));
#2304=DIRECTION('',(1.,0.,0.));
#2305=DIRECTION('',(0.,0.,-1.));
#2306=DIRECTION('',(1.,0.,0.));
#2307=DIRECTION('',(0.,0.,-1.));
#2308=DIRECTION('',(-1.,0.,0.));
#2309=DIRECTION('',(0.,0.,1.));
#2310=DIRECTION('',(1.,0.,0.));
#2311=DIRECTION('',(0.,0.,-1.));
#2312=DIRECTION('',(0.,0.,1.));
#2313=DIRECTION('',(1.,0.,0.));
#2314=DIRECTION('',(1.,0.,0.));
#2315=DIRECTION('',(0.,0.,-1.));
#2316=DIRECTION('',(0.,-1.,0.));
#2317=DIRECTION('',(0.,0.,-1.));
#2318=DIRECTION('',(0.,-1.,0.));
#2319=DIRECTION('',(0.,0.,-1.));
#2320=DIRECTION('',(-1.,0.,0.));
#2321=DIRECTION('',(0.,0.,1.));
#2322=DIRECTION('',(1.,0.,0.));
#2323=DIRECTION('',(0.,0.,-1.));
#2324=DIRECTION('',(0.,0.,1.));
#2325=DIRECTION('',(1.,0.,0.));
#2326=DIRECTION('',(0.,1.,0.));
#2327=DIRECTION('',(0.,0.,1.));
#2328=DIRECTION('',(1.,0.,0.));
#2329=DIRECTION('',(0.,0.,-1.));
#2330=DIRECTION('',(1.,0.,0.));
#2331=DIRECTION('',(0.,0.,-1.));
#2332=DIRECTION('',(-1.,0.,0.));
#2333=DIRECTION('',(0.,0.,1.));
#2334=DIRECTION('',(1.,0.,0.));
#2335=DIRECTION('',(0.,0.,-1.));
#2336=DIRECTION('',(0.,0.,1.));
#2337=DIRECTION('',(1.,0.,0.));
#2338=DIRECTION('',(0.,0.,-1.));
#2339=DIRECTION('',(-1.,0.,0.));
#2340=DIRECTION('',(0.,0.,1.));
#2341=DIRECTION('',(1.,0.,0.));
#2342=DIRECTION('',(0.,0.,-1.));
#2343=DIRECTION('',(0.,0.,1.));
#2344=DIRECTION('',(1.,0.,0.));
#2345=DIRECTION('',(0.,0.,-1.));
#2346=DIRECTION('',(0.,1.,0.));
#2347=DIRECTION('',(0.,0.,1.));
#2348=DIRECTION('',(1.,0.,0.));
#2349=DIRECTION('',(0.,0.,-1.));
#2350=DIRECTION('',(1.,0.,0.));
#2351=DIRECTION('',(0.,0.,-1.));
#2352=DIRECTION('',(-1.,0.,0.));
#2353=DIRECTION('',(0.,0.,1.));
#2354=DIRECTION('',(1.,0.,0.));
#2355=DIRECTION('',(0.,0.,-1.));
#2356=DIRECTION('',(0.,0.,1.));
#2357=DIRECTION('',(1.,0.,0.));
#2358=DIRECTION('',(1.,0.,0.));
#2359=DIRECTION('',(0.,0.,-1.));
#2360=DIRECTION('',(0.,-1.,0.));
#2361=DIRECTION('',(0.,0.,-1.));
#2362=DIRECTION('',(0.,-1.,0.));
#2363=DIRECTION('',(0.,0.,-1.));
#2364=DIRECTION('',(-1.,0.,0.));
#2365=DIRECTION('',(0.,0.,1.));
#2366=DIRECTION('',(1.,0.,0.));
#2367=DIRECTION('',(0.,0.,-1.));
#2368=DIRECTION('',(0.,0.,1.));
#2369=DIRECTION('',(1.,0.,0.));
#2370=DIRECTION('',(0.,1.,0.));
#2371=DIRECTION('',(0.,0.,1.));
#2372=DIRECTION('',(1.,0.,0.));
#2373=DIRECTION('',(0.,0.,-1.));
#2374=DIRECTION('',(1.,0.,0.));
#2375=DIRECTION('',(0.,0.,-1.));
#2376=DIRECTION('',(-1.,0.,0.));
#2377=DIRECTION('',(0.,0.,1.));
#2378=DIRECTION('',(1.,0.,0.));
#2379=DIRECTION('',(0.,0.,-1.));
#2380=DIRECTION('',(0.,0.,1.));
#2381=DIRECTION('',(1.,0.,0.));
#2382=DIRECTION('',(0.,0.,-1.));
#2383=DIRECTION('',(-1.,0.,0.));
#2384=DIRECTION('',(0.,0.,1.));
#2385=DIRECTION('',(1.,0.,0.));
#2386=DIRECTION('',(0.,0.,-1.));
#2387=DIRECTION('',(0.,0.,1.));
#2388=DIRECTION('',(1.,0.,0.));
#2389=DIRECTION('',(0.,0.,-1.));
#2390=DIRECTION('',(0.,1.,0.));
#2391=DIRECTION('',(0.,0.,1.));
#2392=DIRECTION('',(1.,0.,0.));
#2393=DIRECTION('',(0.,0.,-1.));
#2394=DIRECTION('',(1.,0.,0.));
#2395=DIRECTION('',(0.,0.,-1.));
#2396=DIRECTION('',(-1.,0.,0.));
#2397=DIRECTION('',(0.,0.,1.));
#2398=DIRECTION('',(1.,0.,0.));
#2399=DIRECTION('',(0.,0.,-1.));
#2400=DIRECTION('',(0.,0.,1.));
#2401=DIRECTION('',(1.,0.,0.));
#2402=DIRECTION('',(1.,0.,0.));
#2403=DIRECTION('',(0.,0.,-1.));
#2404=DIRECTION('',(0.,-1.,0.));
#2405=DIRECTION('',(0.,0.,-1.));
#2406=DIRECTION('',(0.,-1.,0.));
#2407=DIRECTION('',(0.,0.,-1.));
#2408=DIRECTION('',(-1.,0.,0.));
#2409=DIRECTION('',(0.,0.,1.));
#2410=DIRECTION('',(1.,0.,0.));
#2411=DIRECTION('',(0.,0.,-1.));
#2412=DIRECTION('',(0.,0.,1.));
#2413=DIRECTION('',(1.,0.,0.));
#2414=DIRECTION('',(0.,1.,0.));
#2415=DIRECTION('',(0.,0.,1.));
#2416=DIRECTION('',(1.,0.,0.));
#2417=DIRECTION('',(0.,0.,-1.));
#2418=DIRECTION('',(1.,0.,0.));
#2419=DIRECTION('',(0.,0.,-1.));
#2420=DIRECTION('',(-1.,0.,0.));
#2421=DIRECTION('',(0.,0.,1.));
#2422=DIRECTION('',(1.,0.,0.));
#2423=DIRECTION('',(0.,0.,-1.));
#2424=DIRECTION('',(0.,0.,1.));
#2425=DIRECTION('',(1.,0.,0.));
#2426=DIRECTION('',(0.,0.,-1.));
#2427=DIRECTION('',(-1.,0.,0.));
#2428=DIRECTION('',(0.,0.,1.));
#2429=DIRECTION('',(1.,0.,0.));
#2430=DIRECTION('',(0.,0.,-1.));
#2431=DIRECTION('',(0.,0.,1.));
#2432=DIRECTION('',(1.,0.,0.));
#2433=DIRECTION('',(0.,0.,-1.));
#2434=DIRECTION('',(0.,1.,0.));
#2435=DIRECTION('',(0.,0.,1.));
#2436=DIRECTION('',(1.,0.,0.));
#2437=DIRECTION('',(0.,0.,-1.));
#2438=DIRECTION('',(1.,0.,0.));
#2439=DIRECTION('',(0.,0.,-1.));
#2440=DIRECTION('',(-1.,0.,0.));
#2441=DIRECTION('',(0.,0.,1.));
#2442=DIRECTION('',(1.,0.,0.));
#2443=DIRECTION('',(0.,0.,-1.));
#2444=DIRECTION('',(0.,0.,1.));
#2445=DIRECTION('',(1.,0.,0.));
#2446=DIRECTION('',(1.,0.,0.));
#2447=DIRECTION('',(0.,0.,-1.));
#2448=DIRECTION('',(0.,-1.,0.));
#2449=DIRECTION('',(0.,0.,-1.));
#2450=DIRECTION('',(0.,-1.,0.));
#2451=DIRECTION('',(0.,0.,-1.));
#2452=DIRECTION('',(-1.,0.,0.));
#2453=DIRECTION('',(0.,0.,1.));
#2454=DIRECTION('',(1.,0.,0.));
#2455=DIRECTION('',(0.,0.,-1.));
#2456=DIRECTION('',(0.,0.,1.));
#2457=DIRECTION('',(1.,0.,0.));
#2458=DIRECTION('',(0.,1.,0.));
#2459=DIRECTION('',(0.,0.,1.));
#2460=DIRECTION('',(1.,0.,0.));
#2461=DIRECTION('',(0.,0.,-1.));
#2462=DIRECTION('',(1.,0.,0.));
#2463=DIRECTION('',(0.,0.,-1.));
#2464=DIRECTION('',(-1.,0.,0.));
#2465=DIRECTION('',(0.,0.,1.));
#2466=DIRECTION('',(1.,0.,0.));
#2467=DIRECTION('',(0.,0.,-1.));
#2468=DIRECTION('',(0.,0.,1.));
#2469=DIRECTION('',(1.,0.,0.));
#2470=DIRECTION('',(0.,0.,-1.));
#2471=DIRECTION('',(-1.,0.,0.));
#2472=DIRECTION('',(0.,0.,1.));
#2473=DIRECTION('',(1.,0.,0.));
#2474=DIRECTION('',(0.,0.,-1.));
#2475=DIRECTION('',(0.,0.,1.));
#2476=DIRECTION('',(1.,0.,0.));
#2477=DIRECTION('',(0.,0.,-1.));
#2478=DIRECTION('',(0.,1.,0.));
#2479=DIRECTION('',(0.,0.,1.));
#2480=DIRECTION('',(1.,0.,0.));
#2481=DIRECTION('',(0.,0.,-1.));
#2482=DIRECTION('',(1.,0.,0.));
#2483=DIRECTION('',(0.,0.,-1.));
#2484=DIRECTION('',(-1.,0.,0.));
#2485=DIRECTION('',(0.,0.,1.));
#2486=DIRECTION('',(1.,0.,0.));
#2487=DIRECTION('',(0.,0.,-1.));
#2488=DIRECTION('',(0.,0.,1.));
#2489=DIRECTION('',(1.,0.,0.));
#2490=DIRECTION('',(1.,0.,0.));
#2491=DIRECTION('',(0.,0.,-1.));
#2492=DIRECTION('',(0.,-1.,0.));
#2493=DIRECTION('',(0.,0.,-1.));
#2494=DIRECTION('',(0.,-1.,0.));
#2495=DIRECTION('',(0.,0.,-1.));
#2496=DIRECTION('',(-1.,0.,0.));
#2497=DIRECTION('',(0.,0.,1.));
#2498=DIRECTION('',(1.,0.,0.));
#2499=DIRECTION('',(0.,0.,-1.));
#2500=DIRECTION('',(0.,0.,1.));
#2501=DIRECTION('',(1.,0.,0.));
#2502=DIRECTION('',(0.,1.,0.));
#2503=DIRECTION('',(0.,0.,1.));
#2504=DIRECTION('',(1.,0.,0.));
#2505=DIRECTION('',(0.,0.,-1.));
#2506=DIRECTION('',(1.,0.,0.));
#2507=DIRECTION('',(0.,0.,-1.));
#2508=DIRECTION('',(-1.,0.,0.));
#2509=DIRECTION('',(0.,0.,1.));
#2510=DIRECTION('',(1.,0.,0.));
#2511=DIRECTION('',(0.,0.,-1.));
#2512=DIRECTION('',(0.,0.,1.));
#2513=DIRECTION('',(1.,0.,0.));
#2514=DIRECTION('',(1.,-7.29028567336334E-17,0.));
#2515=DIRECTION('',(7.29028567336334E-17,1.,0.));
#2516=DIRECTION('',(-7.29028567336334E-17,-1.,0.));
#2517=DIRECTION('',(0.,0.,-1.));
#2518=DIRECTION('',(-7.29028567336334E-17,-1.,0.));
#2519=DIRECTION('',(0.,0.,-1.));
#2520=DIRECTION('',(-5.47922765627545E-17,-1.,0.));
#2521=DIRECTION('',(1.,-5.47922765627545E-17,0.));
#2522=DIRECTION('',(-1.,5.47922765627545E-17,0.));
#2523=DIRECTION('',(0.,0.,-1.));
#2524=DIRECTION('',(-1.,5.47922765627545E-17,0.));
#2525=DIRECTION('',(0.,0.,-1.));
#2526=DIRECTION('',(-1.,5.47922765627545E-17,0.));
#2527=DIRECTION('',(-5.47922765627545E-17,-1.,0.));
#2528=DIRECTION('',(1.,-5.47922765627545E-17,0.));
#2529=DIRECTION('',(0.,0.,-1.));
#2530=DIRECTION('',(-5.47922765627545E-17,-1.,0.));
#2531=DIRECTION('',(1.,-5.47922765627545E-17,0.));
#2532=DIRECTION('',(-1.,5.47922765627545E-17,-2.57377370322968E-16));
#2533=DIRECTION('',(-5.47922765627545E-17,-1.,0.));
#2534=DIRECTION('',(1.,-5.47922765627545E-17,0.));
#2535=DIRECTION('',(0.,0.,-1.));
#2536=DIRECTION('',(-5.47922765627545E-17,-1.,0.));
#2537=DIRECTION('',(1.,-5.47922765627545E-17,0.));
#2538=DIRECTION('',(1.,0.,0.));
#2539=DIRECTION('',(0.,0.,-1.));
#2540=DIRECTION('',(0.,-1.,0.));
#2541=DIRECTION('',(0.,0.,-1.));
#2542=DIRECTION('',(0.,-1.,0.));
#2543=DIRECTION('',(0.,0.,-1.));
#2544=DIRECTION('',(0.,-1.,0.));
#2545=DIRECTION('',(0.,0.,-1.));
#2546=DIRECTION('',(-1.,0.,0.));
#2547=DIRECTION('',(0.,0.,-1.));
#2548=DIRECTION('',(-1.,0.,0.));
#2549=DIRECTION('',(0.,0.,-1.));
#2550=DIRECTION('',(1.,2.84380897701116E-16,0.));
#2551=DIRECTION('',(-2.84380897701116E-16,1.,0.));
#2552=DIRECTION('',(2.84380897701116E-16,-1.,0.));
#2553=DIRECTION('',(0.,0.,-1.));
#2554=DIRECTION('',(2.84380897701116E-16,-1.,0.));
#2555=DIRECTION('',(9.03501810404587E-17,-1.,0.));
#2556=DIRECTION('',(1.,9.03501810404587E-17,0.));
#2557=DIRECTION('',(-1.,-9.03501810404587E-17,0.));
#2558=DIRECTION('',(0.,0.,-1.));
#2559=DIRECTION('',(-1.,-9.03501810404587E-17,0.));
#2560=DIRECTION('',(1.,3.08121398930161E-16,0.));
#2561=DIRECTION('',(-3.08121398930161E-16,1.,0.));
#2562=DIRECTION('',(3.08121398930161E-16,-1.,0.));
#2563=DIRECTION('',(0.,0.,-1.));
#2564=DIRECTION('',(3.08121398930161E-16,-1.,0.));
#2565=DIRECTION('',(0.,0.,-1.));
#2566=DIRECTION('',(0.,1.,0.));
#2567=DIRECTION('',(0.,0.,1.));
#2568=DIRECTION('',(1.,0.,0.));
#2569=DIRECTION('',(0.,1.,0.));
#2570=DIRECTION('',(0.,0.,1.));
#2571=DIRECTION('',(0.,0.,1.));
#2572=DIRECTION('',(0.,1.,0.));
#2573=DIRECTION('',(0.,0.,1.));
#2574=DIRECTION('',(1.,0.,2.57377370322968E-16));
#2575=DIRECTION('',(0.,1.,0.));
#2576=DIRECTION('',(0.,0.,1.));
#2577=DIRECTION('',(0.,0.,1.));
#2578=DIRECTION('',(0.,1.,0.));
#2579=DIRECTION('',(0.,0.,1.));
#2580=DIRECTION('',(1.,0.,0.));
#2581=DIRECTION('',(1.,0.,0.));
#2582=DIRECTION('',(0.,0.,-1.));
#2583=DIRECTION('',(-1.,0.,0.));
#2584=DIRECTION('',(0.,0.,1.));
#2585=DIRECTION('',(0.,1.,0.));
#2586=DIRECTION('',(0.,0.,-1.));
#2587=DIRECTION('',(0.,1.,0.));
#2588=DIRECTION('',(1.,0.,0.));
#2589=DIRECTION('',(0.,0.,-1.));
#2590=DIRECTION('',(0.,-1.,0.));
#2591=DIRECTION('',(0.,-1.,0.));
#2592=DIRECTION('',(1.,0.,0.));
#2593=DIRECTION('',(0.,0.,-1.));
#2594=DIRECTION('',(0.,-1.,0.));
#2595=DIRECTION('',(0.,-1.,0.));
#2596=DIRECTION('',(1.,0.,0.));
#2597=DIRECTION('',(0.,0.,-1.));
#2598=DIRECTION('',(0.,-1.,0.));
#2599=DIRECTION('',(0.,-1.,0.));
#2600=DIRECTION('',(1.,0.,0.));
#2601=DIRECTION('',(0.,0.,-1.));
#2602=DIRECTION('',(0.,-1.,0.));
#2603=DIRECTION('',(0.,-1.,0.));
#2604=DIRECTION('',(1.,0.,0.));
#2605=DIRECTION('',(0.,0.,-1.));
#2606=DIRECTION('',(0.,-1.,0.));
#2607=DIRECTION('',(0.,-1.,0.));
#2608=DIRECTION('',(-1.09584553125509E-16,-1.,0.));
#2609=DIRECTION('',(1.,-1.09584553125509E-16,0.));
#2610=DIRECTION('',(-1.,1.09584553125509E-16,0.));
#2611=DIRECTION('',(0.,0.,-1.));
#2612=DIRECTION('',(-1.,1.09584553125509E-16,0.));
#2613=DIRECTION('',(0.,0.,-1.));
#2614=DIRECTION('',(1.,2.84380897701116E-16,0.));
#2615=DIRECTION('',(-2.84380897701116E-16,1.,0.));
#2616=DIRECTION('',(2.84380897701116E-16,-1.,0.));
#2617=DIRECTION('',(2.84380897701116E-16,-1.,0.));
#2618=DIRECTION('',(-1.92693526906615E-16,1.,0.));
#2619=DIRECTION('',(-1.,-1.92693526906615E-16,0.));
#2620=DIRECTION('',(1.,1.92693526906615E-16,0.));
#2621=DIRECTION('',(1.,1.92693526906615E-16,0.));
#2622=DIRECTION('',(1.,0.,0.));
#2623=DIRECTION('',(0.,0.,-1.));
#2624=DIRECTION('',(0.,-1.,0.));
#2625=DIRECTION('',(0.,-1.,0.));
#2626=DIRECTION('',(0.,0.,1.));
#2627=DIRECTION('',(1.,0.,0.));
#2628=DIRECTION('',(0.,0.,1.));
#2629=DIRECTION('',(1.,0.,0.));
#2630=DIRECTION('',(0.,0.,1.));
#2631=DIRECTION('',(1.,0.,0.));
#2632=DIRECTION('',(0.,0.,1.));
#2633=DIRECTION('',(1.,0.,0.));
#2634=DIRECTION('',(0.,0.,1.));
#2635=DIRECTION('',(1.,0.,0.));
#2636=DIRECTION('',(0.,0.,1.));
#2637=DIRECTION('',(1.,0.,0.));
#2638=DIRECTION('',(0.,0.,1.));
#2639=DIRECTION('',(1.,0.,0.));
#2640=DIRECTION('',(0.,-1.,0.));
#2641=DIRECTION('',(0.,-1.,0.));
#2642=DIRECTION('',(0.,0.,1.));
#2643=DIRECTION('',(1.,0.,0.));
#2644=DIRECTION('',(0.,0.,1.));
#2645=DIRECTION('',(1.,0.,0.));
#2646=DIRECTION('',(0.,0.,1.));
#2647=DIRECTION('',(1.,0.,0.));
#2648=DIRECTION('',(0.,0.,1.));
#2649=DIRECTION('',(1.,0.,0.));
#2650=DIRECTION('',(0.,0.,1.));
#2651=DIRECTION('',(1.,0.,0.));
#2652=DIRECTION('',(0.,0.,1.));
#2653=DIRECTION('',(1.,0.,0.));
#2654=DIRECTION('',(0.,0.,1.));
#2655=DIRECTION('',(1.,0.,0.));
#2656=DIRECTION('',(0.,0.,1.));
#2657=DIRECTION('',(1.,0.,0.));
#2658=DIRECTION('',(0.,0.,1.));
#2659=DIRECTION('',(1.,0.,0.));
#2660=DIRECTION('',(0.,0.,1.));
#2661=DIRECTION('',(1.,0.,0.));
#2662=DIRECTION('',(0.,0.,1.));
#2663=DIRECTION('',(1.,0.,0.));
#2664=DIRECTION('',(-1.,0.,0.));
#2665=DIRECTION('',(0.,0.,1.));
#2666=DIRECTION('',(0.,-1.,0.));
#2667=DIRECTION('',(0.,-1.,0.));
#2668=DIRECTION('',(-1.,0.,0.));
#2669=DIRECTION('',(0.,0.,1.));
#2670=DIRECTION('',(0.,-1.,0.));
#2671=DIRECTION('',(0.,-1.,0.));
#2672=DIRECTION('',(0.,-1.,0.));
#2673=DIRECTION('',(0.,0.,-1.));
#2674=DIRECTION('',(0.,-1.,0.));
#2675=DIRECTION('',(-2.57377370322968E-16,0.,1.));
#2676=DIRECTION('',(1.,0.,2.57377370322968E-16));
#2677=DIRECTION('',(0.,-1.,0.));
#2678=DIRECTION('',(0.,-1.,0.));
#2679=DIRECTION('',(0.,0.,-1.));
#2680=DIRECTION('',(0.,-1.,0.));
#2681=DIRECTION('',(0.,0.,-1.));
#2682=DIRECTION('',(0.,-1.,0.));
#2683=DIRECTION('',(0.,0.,-1.));
#2684=DIRECTION('',(0.,0.,-1.));
#2685=DIRECTION('',(-1.,0.,0.));
#2686=DIRECTION('',(0.,0.,-1.));
#2687=DIRECTION('',(-1.,0.,0.));
#2688=DIRECTION('',(0.,0.,-1.));
#2689=DIRECTION('',(-1.,0.,0.));
#2690=DIRECTION('',(0.,0.,-1.));
#2691=DIRECTION('',(-1.,0.,0.));
#2692=DIRECTION('',(0.,0.,-1.));
#2693=DIRECTION('',(-1.,0.,0.));
#2694=DIRECTION('',(0.,0.,1.));
#2695=DIRECTION('',(1.,0.,0.));
#2696=DIRECTION('',(0.,0.,-1.));
#2697=DIRECTION('',(-1.,0.,0.));
#2698=DIRECTION('',(0.,0.,1.));
#2699=DIRECTION('',(1.,0.,0.));
#2700=CARTESIAN_POINT('',(0.,0.,0.));
#2701=CARTESIAN_POINT('',(0.027095,-0.011365,0.011));
#2702=CARTESIAN_POINT('',(0.027095,-0.011365,0.008));
#2703=CARTESIAN_POINT('',(0.027095,-0.010865,0.008));
#2704=CARTESIAN_POINT('',(0.026595,-0.011365,0.008));
#2705=CARTESIAN_POINT('',(0.027095,-0.010865,0.011));
#2706=CARTESIAN_POINT('',(0.027095,-0.010865,0.011));
#2707=CARTESIAN_POINT('',(0.027095,-0.011365,0.011));
#2708=CARTESIAN_POINT('',(0.026595,-0.011365,0.011));
#2709=CARTESIAN_POINT('',(0.026595,-0.011365,0.011));
#2710=CARTESIAN_POINT('',(0.033595,-0.010865,0.011));
#2711=CARTESIAN_POINT('',(0.033595,-0.010865,0.008));
#2712=CARTESIAN_POINT('',(0.040095,-0.010865,0.008));
#2713=CARTESIAN_POINT('',(0.040095,-0.010865,0.011));
#2714=CARTESIAN_POINT('',(0.040095,-0.010865,0.011));
#2715=CARTESIAN_POINT('',(0.033595,-0.010865,0.011));
#2716=CARTESIAN_POINT('',(0.040095,-0.011365,0.011));
#2717=CARTESIAN_POINT('',(0.040095,-0.011365,0.008));
#2718=CARTESIAN_POINT('',(0.040595,-0.011365,0.008));
#2719=CARTESIAN_POINT('',(0.040595,-0.011365,0.011));
#2720=CARTESIAN_POINT('',(0.040595,-0.011365,0.011));
#2721=CARTESIAN_POINT('',(0.040095,-0.011365,0.011));
#2722=CARTESIAN_POINT('',(0.040595,-0.017865,0.011));
#2723=CARTESIAN_POINT('',(0.040595,-0.017865,0.008));
#2724=CARTESIAN_POINT('',(0.040595,-0.024365,0.008));
#2725=CARTESIAN_POINT('',(0.040595,-0.024365,0.011));
#2726=CARTESIAN_POINT('',(0.040595,-0.024365,0.011));
#2727=CARTESIAN_POINT('',(0.040595,-0.017865,0.011));
#2728=CARTESIAN_POINT('',(0.040095,-0.024365,0.011));
#2729=CARTESIAN_POINT('',(0.040095,-0.024365,0.008));
#2730=CARTESIAN_POINT('',(0.040095,-0.024865,0.008));
#2731=CARTESIAN_POINT('',(0.040095,-0.024865,0.011));
#2732=CARTESIAN_POINT('',(0.040095,-0.024865,0.011));
#2733=CARTESIAN_POINT('',(0.040095,-0.024365,0.011));
#2734=CARTESIAN_POINT('',(0.033595,-0.024865,0.011));
#2735=CARTESIAN_POINT('',(0.033595,-0.024865,0.008));
#2736=CARTESIAN_POINT('',(0.027095,-0.024865,0.008));
#2737=CARTESIAN_POINT('',(0.027095,-0.024865,0.011));
#2738=CARTESIAN_POINT('',(0.027095,-0.024865,0.011));
#2739=CARTESIAN_POINT('',(0.033595,-0.024865,0.011));
#2740=CARTESIAN_POINT('',(0.027095,-0.024365,0.011));
#2741=CARTESIAN_POINT('',(0.027095,-0.024365,0.008));
#2742=CARTESIAN_POINT('',(0.026595,-0.024365,0.008));
#2743=CARTESIAN_POINT('',(0.026595,-0.024365,0.011));
#2744=CARTESIAN_POINT('',(0.026595,-0.024365,0.011));
#2745=CARTESIAN_POINT('',(0.027095,-0.024365,0.011));
#2746=CARTESIAN_POINT('',(0.008045,-0.011365,0.011));
#2747=CARTESIAN_POINT('',(0.008045,-0.011365,0.008));
#2748=CARTESIAN_POINT('',(0.008045,-0.010865,0.008));
#2749=CARTESIAN_POINT('',(0.007545,-0.011365,0.008));
#2750=CARTESIAN_POINT('',(0.008045,-0.010865,0.011));
#2751=CARTESIAN_POINT('',(0.008045,-0.010865,0.011));
#2752=CARTESIAN_POINT('',(0.008045,-0.011365,0.011));
#2753=CARTESIAN_POINT('',(0.007545,-0.011365,0.011));
#2754=CARTESIAN_POINT('',(0.007545,-0.011365,0.011));
#2755=CARTESIAN_POINT('',(0.014545,-0.010865,0.011));
#2756=CARTESIAN_POINT('',(0.014545,-0.010865,0.008));
#2757=CARTESIAN_POINT('',(0.021045,-0.010865,0.008));
#2758=CARTESIAN_POINT('',(0.021045,-0.010865,0.011));
#2759=CARTESIAN_POINT('',(0.021045,-0.010865,0.011));
#2760=CARTESIAN_POINT('',(0.014545,-0.010865,0.011));
#2761=CARTESIAN_POINT('',(0.021045,-0.011365,0.011));
#2762=CARTESIAN_POINT('',(0.021045,-0.011365,0.008));
#2763=CARTESIAN_POINT('',(0.021545,-0.011365,0.008));
#2764=CARTESIAN_POINT('',(0.021545,-0.011365,0.011));
#2765=CARTESIAN_POINT('',(0.021545,-0.011365,0.011));
#2766=CARTESIAN_POINT('',(0.021045,-0.011365,0.011));
#2767=CARTESIAN_POINT('',(0.021545,-0.017865,0.011));
#2768=CARTESIAN_POINT('',(0.021545,-0.017865,0.008));
#2769=CARTESIAN_POINT('',(0.021545,-0.024365,0.008));
#2770=CARTESIAN_POINT('',(0.021545,-0.024365,0.011));
#2771=CARTESIAN_POINT('',(0.021545,-0.024365,0.011));
#2772=CARTESIAN_POINT('',(0.021545,-0.017865,0.011));
#2773=CARTESIAN_POINT('',(0.021045,-0.024365,0.011));
#2774=CARTESIAN_POINT('',(0.021045,-0.024365,0.008));
#2775=CARTESIAN_POINT('',(0.021045,-0.024865,0.008));
#2776=CARTESIAN_POINT('',(0.021045,-0.024865,0.011));
#2777=CARTESIAN_POINT('',(0.021045,-0.024865,0.011));
#2778=CARTESIAN_POINT('',(0.021045,-0.024365,0.011));
#2779=CARTESIAN_POINT('',(0.014545,-0.024865,0.011));
#2780=CARTESIAN_POINT('',(0.014545,-0.024865,0.008));
#2781=CARTESIAN_POINT('',(0.008045,-0.024865,0.008));
#2782=CARTESIAN_POINT('',(0.008045,-0.024865,0.011));
#2783=CARTESIAN_POINT('',(0.008045,-0.024865,0.011));
#2784=CARTESIAN_POINT('',(0.014545,-0.024865,0.011));
#2785=CARTESIAN_POINT('',(0.008045,-0.024365,0.011));
#2786=CARTESIAN_POINT('',(0.008045,-0.024365,0.008));
#2787=CARTESIAN_POINT('',(0.007545,-0.024365,0.008));
#2788=CARTESIAN_POINT('',(0.007545,-0.024365,0.011));
#2789=CARTESIAN_POINT('',(0.007545,-0.024365,0.011));
#2790=CARTESIAN_POINT('',(0.008045,-0.024365,0.011));
#2791=CARTESIAN_POINT('',(-0.011005,-0.011365,0.011));
#2792=CARTESIAN_POINT('',(-0.011005,-0.011365,0.008));
#2793=CARTESIAN_POINT('',(-0.011005,-0.010865,0.008));
#2794=CARTESIAN_POINT('',(-0.011505,-0.011365,0.008));
#2795=CARTESIAN_POINT('',(-0.011005,-0.010865,0.011));
#2796=CARTESIAN_POINT('',(-0.011005,-0.010865,0.011));
#2797=CARTESIAN_POINT('',(-0.011005,-0.011365,0.011));
#2798=CARTESIAN_POINT('',(-0.011505,-0.011365,0.011));
#2799=CARTESIAN_POINT('',(-0.011505,-0.011365,0.011));
#2800=CARTESIAN_POINT('',(-0.004505,-0.010865,0.011));
#2801=CARTESIAN_POINT('',(-0.004505,-0.010865,0.008));
#2802=CARTESIAN_POINT('',(0.001995,-0.010865,0.008));
#2803=CARTESIAN_POINT('',(0.001995,-0.010865,0.011));
#2804=CARTESIAN_POINT('',(0.001995,-0.010865,0.011));
#2805=CARTESIAN_POINT('',(-0.004505,-0.010865,0.011));
#2806=CARTESIAN_POINT('',(0.001995,-0.011365,0.011));
#2807=CARTESIAN_POINT('',(0.001995,-0.011365,0.008));
#2808=CARTESIAN_POINT('',(0.002495,-0.011365,0.008));
#2809=CARTESIAN_POINT('',(0.002495,-0.011365,0.011));
#2810=CARTESIAN_POINT('',(0.002495,-0.011365,0.011));
#2811=CARTESIAN_POINT('',(0.001995,-0.011365,0.011));
#2812=CARTESIAN_POINT('',(0.002495,-0.017865,0.011));
#2813=CARTESIAN_POINT('',(0.002495,-0.017865,0.008));
#2814=CARTESIAN_POINT('',(0.002495,-0.024365,0.008));
#2815=CARTESIAN_POINT('',(0.002495,-0.024365,0.011));
#2816=CARTESIAN_POINT('',(0.002495,-0.024365,0.011));
#2817=CARTESIAN_POINT('',(0.002495,-0.017865,0.011));
#2818=CARTESIAN_POINT('',(0.001995,-0.024365,0.011));
#2819=CARTESIAN_POINT('',(0.001995,-0.024365,0.008));
#2820=CARTESIAN_POINT('',(0.001995,-0.024865,0.008));
#2821=CARTESIAN_POINT('',(0.001995,-0.024865,0.011));
#2822=CARTESIAN_POINT('',(0.001995,-0.024865,0.011));
#2823=CARTESIAN_POINT('',(0.001995,-0.024365,0.011));
#2824=CARTESIAN_POINT('',(-0.004505,-0.024865,0.011));
#2825=CARTESIAN_POINT('',(-0.004505,-0.024865,0.008));
#2826=CARTESIAN_POINT('',(-0.011005,-0.024865,0.008));
#2827=CARTESIAN_POINT('',(-0.011005,-0.024865,0.011));
#2828=CARTESIAN_POINT('',(-0.011005,-0.024865,0.011));
#2829=CARTESIAN_POINT('',(-0.004505,-0.024865,0.011));
#2830=CARTESIAN_POINT('',(-0.011005,-0.024365,0.011));
#2831=CARTESIAN_POINT('',(-0.011005,-0.024365,0.008));
#2832=CARTESIAN_POINT('',(-0.011505,-0.024365,0.008));
#2833=CARTESIAN_POINT('',(-0.011505,-0.024365,0.011));
#2834=CARTESIAN_POINT('',(-0.011505,-0.024365,0.011));
#2835=CARTESIAN_POINT('',(-0.011005,-0.024365,0.011));
#2836=CARTESIAN_POINT('',(0.027095,0.007685,0.011));
#2837=CARTESIAN_POINT('',(0.027095,0.007685,0.008));
#2838=CARTESIAN_POINT('',(0.027095,0.008185,0.008));
#2839=CARTESIAN_POINT('',(0.026595,0.007685,0.008));
#2840=CARTESIAN_POINT('',(0.027095,0.008185,0.011));
#2841=CARTESIAN_POINT('',(0.027095,0.008185,0.011));
#2842=CARTESIAN_POINT('',(0.027095,0.007685,0.011));
#2843=CARTESIAN_POINT('',(0.026595,0.007685,0.011));
#2844=CARTESIAN_POINT('',(0.026595,0.007685,0.011));
#2845=CARTESIAN_POINT('',(0.033595,0.008185,0.011));
#2846=CARTESIAN_POINT('',(0.033595,0.008185,0.008));
#2847=CARTESIAN_POINT('',(0.040095,0.008185,0.008));
#2848=CARTESIAN_POINT('',(0.040095,0.008185,0.011));
#2849=CARTESIAN_POINT('',(0.040095,0.008185,0.011));
#2850=CARTESIAN_POINT('',(0.033595,0.008185,0.011));
#2851=CARTESIAN_POINT('',(0.040095,0.007685,0.011));
#2852=CARTESIAN_POINT('',(0.040095,0.007685,0.008));
#2853=CARTESIAN_POINT('',(0.040595,0.007685,0.008));
#2854=CARTESIAN_POINT('',(0.040595,0.007685,0.011));
#2855=CARTESIAN_POINT('',(0.040595,0.007685,0.011));
#2856=CARTESIAN_POINT('',(0.040095,0.007685,0.011));
#2857=CARTESIAN_POINT('',(0.040595,0.001185,0.011));
#2858=CARTESIAN_POINT('',(0.040595,0.001185,0.008));
#2859=CARTESIAN_POINT('',(0.040595,-0.005315,0.008));
#2860=CARTESIAN_POINT('',(0.040595,-0.005315,0.011));
#2861=CARTESIAN_POINT('',(0.040595,-0.005315,0.011));
#2862=CARTESIAN_POINT('',(0.040595,0.001185,0.011));
#2863=CARTESIAN_POINT('',(0.040095,-0.005315,0.011));
#2864=CARTESIAN_POINT('',(0.040095,-0.005315,0.008));
#2865=CARTESIAN_POINT('',(0.040095,-0.005815,0.008));
#2866=CARTESIAN_POINT('',(0.040095,-0.005815,0.011));
#2867=CARTESIAN_POINT('',(0.040095,-0.005815,0.011));
#2868=CARTESIAN_POINT('',(0.040095,-0.005315,0.011));
#2869=CARTESIAN_POINT('',(0.033595,-0.005815,0.011));
#2870=CARTESIAN_POINT('',(0.033595,-0.005815,0.008));
#2871=CARTESIAN_POINT('',(0.027095,-0.005815,0.008));
#2872=CARTESIAN_POINT('',(0.027095,-0.005815,0.011));
#2873=CARTESIAN_POINT('',(0.027095,-0.005815,0.011));
#2874=CARTESIAN_POINT('',(0.033595,-0.005815,0.011));
#2875=CARTESIAN_POINT('',(0.027095,-0.005315,0.011));
#2876=CARTESIAN_POINT('',(0.027095,-0.005315,0.008));
#2877=CARTESIAN_POINT('',(0.026595,-0.005315,0.008));
#2878=CARTESIAN_POINT('',(0.026595,-0.005315,0.011));
#2879=CARTESIAN_POINT('',(0.026595,-0.005315,0.011));
#2880=CARTESIAN_POINT('',(0.027095,-0.005315,0.011));
#2881=CARTESIAN_POINT('',(0.008045,0.007685,0.011));
#2882=CARTESIAN_POINT('',(0.008045,0.007685,0.008));
#2883=CARTESIAN_POINT('',(0.008045,0.008185,0.008));
#2884=CARTESIAN_POINT('',(0.007545,0.007685,0.008));
#2885=CARTESIAN_POINT('',(0.008045,0.008185,0.011));
#2886=CARTESIAN_POINT('',(0.008045,0.008185,0.011));
#2887=CARTESIAN_POINT('',(0.008045,0.007685,0.011));
#2888=CARTESIAN_POINT('',(0.007545,0.007685,0.011));
#2889=CARTESIAN_POINT('',(0.007545,0.007685,0.011));
#2890=CARTESIAN_POINT('',(0.014545,0.008185,0.011));
#2891=CARTESIAN_POINT('',(0.014545,0.008185,0.008));
#2892=CARTESIAN_POINT('',(0.021045,0.008185,0.008));
#2893=CARTESIAN_POINT('',(0.021045,0.008185,0.011));
#2894=CARTESIAN_POINT('',(0.021045,0.008185,0.011));
#2895=CARTESIAN_POINT('',(0.014545,0.008185,0.011));
#2896=CARTESIAN_POINT('',(0.021045,0.007685,0.011));
#2897=CARTESIAN_POINT('',(0.021045,0.007685,0.008));
#2898=CARTESIAN_POINT('',(0.021545,0.007685,0.008));
#2899=CARTESIAN_POINT('',(0.021545,0.007685,0.011));
#2900=CARTESIAN_POINT('',(0.021545,0.007685,0.011));
#2901=CARTESIAN_POINT('',(0.021045,0.007685,0.011));
#2902=CARTESIAN_POINT('',(0.021545,0.001185,0.011));
#2903=CARTESIAN_POINT('',(0.021545,0.001185,0.008));
#2904=CARTESIAN_POINT('',(0.021545,-0.005315,0.008));
#2905=CARTESIAN_POINT('',(0.021545,-0.005315,0.011));
#2906=CARTESIAN_POINT('',(0.021545,-0.005315,0.011));
#2907=CARTESIAN_POINT('',(0.021545,0.001185,0.011));
#2908=CARTESIAN_POINT('',(0.021045,-0.005315,0.011));
#2909=CARTESIAN_POINT('',(0.021045,-0.005315,0.008));
#2910=CARTESIAN_POINT('',(0.021045,-0.005815,0.008));
#2911=CARTESIAN_POINT('',(0.021045,-0.005815,0.011));
#2912=CARTESIAN_POINT('',(0.021045,-0.005815,0.011));
#2913=CARTESIAN_POINT('',(0.021045,-0.005315,0.011));
#2914=CARTESIAN_POINT('',(0.014545,-0.005815,0.011));
#2915=CARTESIAN_POINT('',(0.014545,-0.005815,0.008));
#2916=CARTESIAN_POINT('',(0.008045,-0.005815,0.008));
#2917=CARTESIAN_POINT('',(0.008045,-0.005815,0.011));
#2918=CARTESIAN_POINT('',(0.008045,-0.005815,0.011));
#2919=CARTESIAN_POINT('',(0.014545,-0.005815,0.011));
#2920=CARTESIAN_POINT('',(0.008045,-0.005315,0.011));
#2921=CARTESIAN_POINT('',(0.008045,-0.005315,0.008));
#2922=CARTESIAN_POINT('',(0.007545,-0.005315,0.008));
#2923=CARTESIAN_POINT('',(0.007545,-0.005315,0.011));
#2924=CARTESIAN_POINT('',(0.007545,-0.005315,0.011));
#2925=CARTESIAN_POINT('',(0.008045,-0.005315,0.011));
#2926=CARTESIAN_POINT('',(-0.011005,0.007685,0.011));
#2927=CARTESIAN_POINT('',(-0.011005,0.007685,0.008));
#2928=CARTESIAN_POINT('',(-0.011005,0.008185,0.008));
#2929=CARTESIAN_POINT('',(-0.011505,0.007685,0.008));
#2930=CARTESIAN_POINT('',(-0.011005,0.008185,0.011));
#2931=CARTESIAN_POINT('',(-0.011005,0.008185,0.011));
#2932=CARTESIAN_POINT('',(-0.011005,0.007685,0.011));
#2933=CARTESIAN_POINT('',(-0.011505,0.007685,0.011));
#2934=CARTESIAN_POINT('',(-0.011505,0.007685,0.011));
#2935=CARTESIAN_POINT('',(-0.004505,0.008185,0.011));
#2936=CARTESIAN_POINT('',(-0.004505,0.008185,0.008));
#2937=CARTESIAN_POINT('',(0.001995,0.008185,0.008));
#2938=CARTESIAN_POINT('',(0.001995,0.008185,0.011));
#2939=CARTESIAN_POINT('',(0.001995,0.008185,0.011));
#2940=CARTESIAN_POINT('',(-0.004505,0.008185,0.011));
#2941=CARTESIAN_POINT('',(0.001995,0.007685,0.011));
#2942=CARTESIAN_POINT('',(0.001995,0.007685,0.008));
#2943=CARTESIAN_POINT('',(0.002495,0.007685,0.008));
#2944=CARTESIAN_POINT('',(0.002495,0.007685,0.011));
#2945=CARTESIAN_POINT('',(0.002495,0.007685,0.011));
#2946=CARTESIAN_POINT('',(0.001995,0.007685,0.011));
#2947=CARTESIAN_POINT('',(0.002495,0.001185,0.011));
#2948=CARTESIAN_POINT('',(0.002495,0.001185,0.008));
#2949=CARTESIAN_POINT('',(0.002495,-0.005315,0.008));
#2950=CARTESIAN_POINT('',(0.002495,-0.005315,0.011));
#2951=CARTESIAN_POINT('',(0.002495,-0.005315,0.011));
#2952=CARTESIAN_POINT('',(0.002495,0.001185,0.011));
#2953=CARTESIAN_POINT('',(0.001995,-0.005315,0.011));
#2954=CARTESIAN_POINT('',(0.001995,-0.005315,0.008));
#2955=CARTESIAN_POINT('',(0.001995,-0.005815,0.008));
#2956=CARTESIAN_POINT('',(0.001995,-0.005815,0.011));
#2957=CARTESIAN_POINT('',(0.001995,-0.005815,0.011));
#2958=CARTESIAN_POINT('',(0.001995,-0.005315,0.011));
#2959=CARTESIAN_POINT('',(-0.004505,-0.005815,0.011));
#2960=CARTESIAN_POINT('',(-0.004505,-0.005815,0.008));
#2961=CARTESIAN_POINT('',(-0.011005,-0.005815,0.008));
#2962=CARTESIAN_POINT('',(-0.011005,-0.005815,0.011));
#2963=CARTESIAN_POINT('',(-0.011005,-0.005815,0.011));
#2964=CARTESIAN_POINT('',(-0.004505,-0.005815,0.011));
#2965=CARTESIAN_POINT('',(-0.011005,-0.005315,0.011));
#2966=CARTESIAN_POINT('',(-0.011005,-0.005315,0.008));
#2967=CARTESIAN_POINT('',(-0.011505,-0.005315,0.008));
#2968=CARTESIAN_POINT('',(-0.011505,-0.005315,0.011));
#2969=CARTESIAN_POINT('',(-0.011505,-0.005315,0.011));
#2970=CARTESIAN_POINT('',(-0.011005,-0.005315,0.011));
#2971=CARTESIAN_POINT('',(0.06332,-6.93889390390723E-18,0.011));
#2972=CARTESIAN_POINT('',(0.06332,-6.93889390390723E-18,0.011));
#2973=CARTESIAN_POINT('',(0.06332,0.04059,0.011));
#2974=CARTESIAN_POINT('',(0.06332,-0.04059,0.011));
#2975=CARTESIAN_POINT('',(0.06332,-0.04059,0.011));
#2976=CARTESIAN_POINT('',(0.06332,-0.04059,0.008));
#2977=CARTESIAN_POINT('',(0.06332,-6.93889390390723E-18,0.008));
#2978=CARTESIAN_POINT('',(0.06332,0.04059,0.008));
#2979=CARTESIAN_POINT('',(0.06332,0.04059,0.011));
#2980=CARTESIAN_POINT('',(-1.56125112837912E-17,0.04759,0.011));
#2981=CARTESIAN_POINT('',(-1.56125112837912E-17,0.04759,0.011));
#2982=CARTESIAN_POINT('',(0.05632,0.04759,0.011));
#2983=CARTESIAN_POINT('',(-0.0233334743351557,0.04759,0.011));
#2984=CARTESIAN_POINT('',(0.05632,0.04759,0.008));
#2985=CARTESIAN_POINT('',(0.05632,0.04759,0.008));
#2986=CARTESIAN_POINT('',(-1.56125112837912E-17,0.04759,0.008));
#2987=CARTESIAN_POINT('',(-0.05632,0.04759,0.008));
#2988=CARTESIAN_POINT('',(-0.05632,0.04759,0.011));
#2989=CARTESIAN_POINT('',(-0.05632,0.04759,0.011));
#2990=CARTESIAN_POINT('',(-1.56125112837912E-17,0.04759,0.011));
#2991=CARTESIAN_POINT('',(-0.0326665256648444,0.04759,0.011));
#2992=CARTESIAN_POINT('',(-0.03137,0.04759,0.01090502));
#2993=CARTESIAN_POINT('',(-0.03267,0.04759,0.01090502));
#2994=CARTESIAN_POINT('',(-0.03267,0.04759,0.011));
#2995=CARTESIAN_POINT('',(-0.03267,0.04759,0.00989502));
#2996=CARTESIAN_POINT('',(-0.03137,0.04759,0.00989502));
#2997=CARTESIAN_POINT('',(-0.03137,0.04759,0.00859502));
#2998=CARTESIAN_POINT('',(-1.49935238557119E-17,0.04759,0.00859502));
#2999=CARTESIAN_POINT('',(-0.02463,0.04759,0.00859502));
#3000=CARTESIAN_POINT('',(-0.02463,0.04759,0.00989502));
#3001=CARTESIAN_POINT('',(-0.02333,0.04759,0.00989502));
#3002=CARTESIAN_POINT('',(-0.02333,0.04759,0.011));
#3003=CARTESIAN_POINT('',(-0.02333,0.04759,0.01090502));
#3004=CARTESIAN_POINT('',(-0.02463,0.04759,0.01090502));
#3005=CARTESIAN_POINT('',(-0.06332,0.,0.011));
#3006=CARTESIAN_POINT('',(-0.06332,0.,0.011));
#3007=CARTESIAN_POINT('',(-0.06332,0.04059,0.011));
#3008=CARTESIAN_POINT('',(-0.06332,-0.04059,0.011));
#3009=CARTESIAN_POINT('',(-0.06332,0.04059,0.011));
#3010=CARTESIAN_POINT('',(-0.06332,0.04059,0.008));
#3011=CARTESIAN_POINT('',(-0.06332,0.,0.008));
#3012=CARTESIAN_POINT('',(-0.06332,-0.04059,0.008));
#3013=CARTESIAN_POINT('',(-0.06332,-0.04059,0.011));
#3014=CARTESIAN_POINT('',(0.02156,0.02616,0.011));
#3015=CARTESIAN_POINT('',(0.02156,0.02616,0.008));
#3016=CARTESIAN_POINT('',(0.04076,0.02616,0.008));
#3017=CARTESIAN_POINT('',(0.00236,0.02616,0.008));
#3018=CARTESIAN_POINT('',(0.04076,0.02616,0.011));
#3019=CARTESIAN_POINT('',(0.04076,0.02616,0.011));
#3020=CARTESIAN_POINT('',(0.02156,0.02616,0.011));
#3021=CARTESIAN_POINT('',(0.00236,0.02616,0.011));
#3022=CARTESIAN_POINT('',(0.00236,0.02616,0.011));
#3023=CARTESIAN_POINT('',(0.04076,0.02006,0.011));
#3024=CARTESIAN_POINT('',(0.04076,0.02006,0.008));
#3025=CARTESIAN_POINT('',(0.04076,0.01396,0.008));
#3026=CARTESIAN_POINT('',(0.04076,0.01396,0.011));
#3027=CARTESIAN_POINT('',(0.04076,0.01396,0.011));
#3028=CARTESIAN_POINT('',(0.04076,0.02006,0.011));
#3029=CARTESIAN_POINT('',(0.02156,0.01396,0.011));
#3030=CARTESIAN_POINT('',(0.02156,0.01396,0.008));
#3031=CARTESIAN_POINT('',(0.00236,0.01396,0.008));
#3032=CARTESIAN_POINT('',(0.00236,0.01396,0.011));
#3033=CARTESIAN_POINT('',(0.00236,0.01396,0.011));
#3034=CARTESIAN_POINT('',(0.02156,0.01396,0.011));
#3035=CARTESIAN_POINT('',(-0.03694,0.01613,0.011));
#3036=CARTESIAN_POINT('',(-0.03694,0.01613,0.008));
#3037=CARTESIAN_POINT('',(-0.03694,0.02739,0.008));
#3038=CARTESIAN_POINT('',(-0.03694,0.00487,0.008));
#3039=CARTESIAN_POINT('',(-0.03694,0.02739,0.011));
#3040=CARTESIAN_POINT('',(-0.03694,0.02739,0.011));
#3041=CARTESIAN_POINT('',(-0.03694,0.01613,0.011));
#3042=CARTESIAN_POINT('',(-0.03694,0.00487,0.011));
#3043=CARTESIAN_POINT('',(-0.03694,0.00487,0.011));
#3044=CARTESIAN_POINT('',(-0.0279375,0.02739,0.011));
#3045=CARTESIAN_POINT('',(-0.0279375,0.02739,0.011));
#3046=CARTESIAN_POINT('',(-0.0233334743351557,0.02739,0.011));
#3047=CARTESIAN_POINT('',(-0.018935,0.02739,0.011));
#3048=CARTESIAN_POINT('',(-0.02463,0.02739,0.01090502));
#3049=CARTESIAN_POINT('',(-0.02333,0.02739,0.01090502));
#3050=CARTESIAN_POINT('',(-0.02333,0.02739,0.011));
#3051=CARTESIAN_POINT('',(-0.02333,0.02739,0.00989502));
#3052=CARTESIAN_POINT('',(-0.02463,0.02739,0.00989502));
#3053=CARTESIAN_POINT('',(-0.02463,0.02739,0.00859502));
#3054=CARTESIAN_POINT('',(-0.0279375,0.02739,0.00859502));
#3055=CARTESIAN_POINT('',(-0.03137,0.02739,0.00859502));
#3056=CARTESIAN_POINT('',(-0.03137,0.02739,0.00989502));
#3057=CARTESIAN_POINT('',(-0.03267,0.02739,0.00989502));
#3058=CARTESIAN_POINT('',(-0.03267,0.02739,0.011));
#3059=CARTESIAN_POINT('',(-0.03267,0.02739,0.01090502));
#3060=CARTESIAN_POINT('',(-0.03137,0.02739,0.01090502));
#3061=CARTESIAN_POINT('',(-0.0326665256648444,0.02739,0.011));
#3062=CARTESIAN_POINT('',(-0.0279375,0.02739,0.011));
#3063=CARTESIAN_POINT('',(-0.0279375,0.02739,0.008));
#3064=CARTESIAN_POINT('',(-0.018935,0.02739,0.008));
#3065=CARTESIAN_POINT('',(-0.018935,0.02739,0.011));
#3066=CARTESIAN_POINT('',(-0.018935,0.01613,0.011));
#3067=CARTESIAN_POINT('',(-0.018935,0.01613,0.008));
#3068=CARTESIAN_POINT('',(-0.018935,0.00487,0.008));
#3069=CARTESIAN_POINT('',(-0.018935,0.00487,0.011));
#3070=CARTESIAN_POINT('',(-0.018935,0.00487,0.011));
#3071=CARTESIAN_POINT('',(-0.018935,0.01613,0.011));
#3072=CARTESIAN_POINT('',(0.007545,-0.017865,0.011));
#3073=CARTESIAN_POINT('',(0.007545,-0.017865,0.008));
#3074=CARTESIAN_POINT('',(0.007545,-0.017865,0.011));
#3075=CARTESIAN_POINT('',(-0.011505,-0.017865,0.011));
#3076=CARTESIAN_POINT('',(-0.011505,-0.017865,0.008));
#3077=CARTESIAN_POINT('',(-0.011505,-0.017865,0.011));
#3078=CARTESIAN_POINT('',(0.026595,0.001185,0.011));
#3079=CARTESIAN_POINT('',(0.026595,0.001185,0.008));
#3080=CARTESIAN_POINT('',(0.026595,0.001185,0.011));
#3081=CARTESIAN_POINT('',(0.007545,0.001185,0.011));
#3082=CARTESIAN_POINT('',(0.007545,0.001185,0.008));
#3083=CARTESIAN_POINT('',(0.007545,0.001185,0.011));
#3084=CARTESIAN_POINT('',(-0.011505,0.001185,0.011));
#3085=CARTESIAN_POINT('',(-0.011505,0.001185,0.008));
#3086=CARTESIAN_POINT('',(-0.011505,0.001185,0.011));
#3087=CARTESIAN_POINT('',(-1.56125112837912E-17,-0.04759,0.011));
#3088=CARTESIAN_POINT('',(-1.56125112837912E-17,-0.04759,0.008));
#3089=CARTESIAN_POINT('',(0.05632,-0.04759,0.008));
#3090=CARTESIAN_POINT('',(-0.05632,-0.04759,0.008));
#3091=CARTESIAN_POINT('',(0.05632,-0.04759,0.011));
#3092=CARTESIAN_POINT('',(0.05632,-0.04759,0.011));
#3093=CARTESIAN_POINT('',(-1.56125112837912E-17,-0.04759,0.011));
#3094=CARTESIAN_POINT('',(-0.05632,-0.04759,0.011));
#3095=CARTESIAN_POINT('',(-0.05632,-0.04759,0.008));
#3096=CARTESIAN_POINT('',(0.00236,0.02006,0.011));
#3097=CARTESIAN_POINT('',(0.00236,0.02006,0.008));
#3098=CARTESIAN_POINT('',(0.00236,0.02006,0.011));
#3099=CARTESIAN_POINT('',(-0.0279375,0.00487,0.011));
#3100=CARTESIAN_POINT('',(-0.0279375,0.00487,0.008));
#3101=CARTESIAN_POINT('',(-0.0279375,0.00487,0.011));
#3102=CARTESIAN_POINT('',(0.026595,-0.017865,0.011));
#3103=CARTESIAN_POINT('',(0.026595,-0.017865,0.008));
#3104=CARTESIAN_POINT('',(0.026595,-0.017865,0.011));
#3105=CARTESIAN_POINT('',(-1.7347234759768E-18,-1.04083408558608E-17,0.011));
#3106=CARTESIAN_POINT('',(0.05332,0.03759,0.011));
#3107=CARTESIAN_POINT('',(0.05502,0.03759,0.011));
#3108=CARTESIAN_POINT('',(0.05332,-0.03759,0.011));
#3109=CARTESIAN_POINT('',(0.05502,-0.03759,0.011));
#3110=CARTESIAN_POINT('',(-0.05332,-0.03759,0.011));
#3111=CARTESIAN_POINT('',(-0.05162,-0.03759,0.011));
#3112=CARTESIAN_POINT('',(-0.05332,0.03759,0.011));
#3113=CARTESIAN_POINT('',(-0.05162,0.03759,0.011));
#3114=CARTESIAN_POINT('',(0.05632,-0.04059,0.011));
#3115=CARTESIAN_POINT('',(0.05632,0.04059,0.011));
#3116=CARTESIAN_POINT('',(-0.0233334743351557,0.189966630699705,0.011));
#3117=CARTESIAN_POINT('',(-0.0326665256648444,0.189966630699705,0.011));
#3118=CARTESIAN_POINT('',(-0.05632,0.04059,0.011));
#3119=CARTESIAN_POINT('',(-0.05632,-0.04059,0.011));
#3120=CARTESIAN_POINT('',(-1.7347234759768E-18,-1.04083408558608E-17,0.008));
#3121=CARTESIAN_POINT('',(0.05332,0.03759,0.008));
#3122=CARTESIAN_POINT('',(0.05502,0.03759,0.008));
#3123=CARTESIAN_POINT('',(0.05332,-0.03759,0.008));
#3124=CARTESIAN_POINT('',(0.05502,-0.03759,0.008));
#3125=CARTESIAN_POINT('',(-0.05332,-0.03759,0.008));
#3126=CARTESIAN_POINT('',(-0.05162,-0.03759,0.008));
#3127=CARTESIAN_POINT('',(-0.05332,0.03759,0.008));
#3128=CARTESIAN_POINT('',(-0.05162,0.03759,0.008));
#3129=CARTESIAN_POINT('',(0.05632,-0.04059,0.008));
#3130=CARTESIAN_POINT('',(-0.05632,-0.04059,0.008));
#3131=CARTESIAN_POINT('',(-0.05632,0.04059,0.008));
#3132=CARTESIAN_POINT('',(0.05632,0.04059,0.008));
#3133=CARTESIAN_POINT('',(-0.02333,0.189966630699705,0.01040002));
#3134=CARTESIAN_POINT('',(-0.02333,0.189966630699705,0.00989502));
#3135=CARTESIAN_POINT('',(-0.02333,0.189966630699705,0.01090502));
#3136=CARTESIAN_POINT('',(-0.03267,0.189966630699705,0.01040002));
#3137=CARTESIAN_POINT('',(-0.03267,0.189966630699705,0.01090502));
#3138=CARTESIAN_POINT('',(-0.03267,0.189966630699705,0.00989502));
#3139=CARTESIAN_POINT('',(-0.03137,0.189966630699705,0.00989502));
#3140=CARTESIAN_POINT('',(-0.03137,0.189966630699705,0.00859502));
#3141=CARTESIAN_POINT('',(-0.028,0.189966630699705,0.00859502));
#3142=CARTESIAN_POINT('',(-0.02463,0.189966630699705,0.00859502));
#3143=CARTESIAN_POINT('',(-0.02463,0.189966630699705,0.00989502));
#3144=CARTESIAN_POINT('',(-0.02463,0.189966630699705,0.01090502));
#3145=CARTESIAN_POINT('',(-0.03137,0.189966630699705,0.01090502));
#3146=CARTESIAN_POINT('',(-0.05332,0.03759,0.162966630699705));
#3147=CARTESIAN_POINT('',(-0.05332,-0.03759,0.162966630699705));
#3148=CARTESIAN_POINT('',(0.05332,-0.03759,0.162966630699705));
#3149=CARTESIAN_POINT('',(0.05332,0.03759,0.162966630699705));
#3150=CARTESIAN_POINT('',(0.05632,-0.04059,0.011));
#3151=CARTESIAN_POINT('',(0.05632,0.04059,0.011));
#3152=CARTESIAN_POINT('',(-0.05632,0.04059,0.011));
#3153=CARTESIAN_POINT('',(-0.05632,-0.04059,0.011));
#3154=MECHANICAL_DESIGN_GEOMETRIC_PRESENTATION_REPRESENTATION('',(#1649,
#1497,#1498,#1499,#1500,#1501,#1502,#1503,#1504,#1505,#1506,#1507,#1508,
#1509,#1510,#1511,#1512,#1513,#1514,#1515,#1516,#1517,#1518,#1519,#1520,
#1521,#1522,#1523,#1524,#1525,#1526,#1527,#1528,#1529,#1530,#1531,#1532,
#1533,#1534,#1535,#1536,#1537,#1538,#1539,#1540,#1541,#1542,#1543,#1544,
#1545,#1546,#1547,#1548,#1549,#1550,#1551,#1552,#1553,#1554,#1555,#1556,
#1557,#1558,#1559,#1560,#1561,#1562,#1563,#1564,#1565,#1566,#1567,#1568,
#1569),#3155);
#3155=(
GEOMETRIC_REPRESENTATION_CONTEXT(3)
GLOBAL_UNCERTAINTY_ASSIGNED_CONTEXT((#3156))
GLOBAL_UNIT_ASSIGNED_CONTEXT((#3159,#3158,#3157))
REPRESENTATION_CONTEXT('00 Middle Case','TOP_LEVEL_ASSEMBLY_PART')
);
#3156=UNCERTAINTY_MEASURE_WITH_UNIT(LENGTH_MEASURE(1.E-8),#3159,
'DISTANCE_ACCURACY_VALUE','Maximum Tolerance applied to model');
#3157=(
NAMED_UNIT(*)
SI_UNIT($,.STERADIAN.)
SOLID_ANGLE_UNIT()
);
#3158=(
NAMED_UNIT(*)
PLANE_ANGLE_UNIT()
SI_UNIT($,.RADIAN.)
);
#3159=(
LENGTH_UNIT()
NAMED_UNIT(*)
SI_UNIT($,.METRE.)
);
#3160=PRODUCT_DEFINITION_SHAPE('','',#3161);
#3161=PRODUCT_DEFINITION('','',#3163,#3162);
#3162=PRODUCT_DEFINITION_CONTEXT('',#3169,'design');
#3163=PRODUCT_DEFINITION_FORMATION_WITH_SPECIFIED_SOURCE('','',#3165,
 .NOT_KNOWN.);
#3164=PRODUCT_RELATED_PRODUCT_CATEGORY('','',(#3165));
#3165=PRODUCT('00 Middle Case','00 Middle Case','00 Middle Case',(#3167));
#3166=PRODUCT_CATEGORY('','');
#3167=PRODUCT_CONTEXT('',#3169,'mechanical');
#3168=APPLICATION_PROTOCOL_DEFINITION('international standard',
'ap242_managed_model_based_3d_engineering',2020,#3169);
#3169=APPLICATION_CONTEXT('managed model based 3d engineering');
ENDSEC;
END-ISO-10303-21;
