  0
SECTION
  2
HEADER
  9
$ACADVER
  1
AC1021
  9
$ACADMAINTVER
 70
    25
  9
$DWGCODEPAGE
  3
ANSI_1252
  9
$LASTSAVEDBY
  1
Admin
  9
$INSBASE
 10
0.0
 20
0.0
 30
0.0
  9
$EXTMIN
 10
-338.088
 20
-394.9632
 30
0.0
  9
$EXTMAX
 10
402.7935
 20
403.2574
 30
0.0
  9
$LIMMIN
 10
0.0
 20
0.0
  9
$LIMMAX
 10
12.0
 20
9.0
  9
$ORTHOMODE
 70
     0
  9
$REGENMODE
 70
     1
  9
$FILLMODE
 70
     1
  9
$QTEXTMODE
 70
     0
  9
$MIRRTEXT
 70
     1
  9
$LTSCALE
 40
1.0
  9
$ATTMODE
 70
     1
  9
$TEXTSIZE
 40
0.2
  9
$TRACEWID
 40
0.05
  9
$TEXTSTYLE
  7
Standard
  9
$CLAYER
  8
0
  9
$CELTYPE
  6
ByLayer
  9
$CECOLOR
 62
   256
  9
$CELTSCALE
 40
1.0
  9
$DISPSILH
 70
     0
  9
$DIMSCALE
 40
1.0
  9
$DIMASZ
 40
0.18
  9
$DIMEXO
 40
0.0625
  9
$DIMDLI
 40
0.38
  9
$DIMRND
 40
0.0
  9
$DIMDLE
 40
0.0
  9
$DIMEXE
 40
0.18
  9
$DIMTP
 40
0.0
  9
$DIMTM
 40
0.0
  9
$DIMTXT
 40
0.18
  9
$DIMCEN
 40
0.09
  9
$DIMTSZ
 40
0.0
  9
$DIMTOL
 70
     0
  9
$DIMLIM
 70
     0
  9
$DIMTIH
 70
     1
  9
$DIMTOH
 70
     1
  9
$DIMSE1
 70
     0
  9
$DIMSE2
 70
     0
  9
$DIMTAD
 70
     0
  9
$DIMZIN
 70
     0
  9
$DIMBLK
  1

  9
$DIMASO
 70
     1
  9
$DIMSHO
 70
     1
  9
$DIMPOST
  1

  9
$DIMAPOST
  1

  9
$DIMALT
 70
     0
  9
$DIMALTD
 70
     2
  9
$DIMALTF
 40
25.4
  9
$DIMLFAC
 40
1.0
  9
$DIMTOFL
 70
     0
  9
$DIMTVP
 40
0.0
  9
$DIMTIX
 70
     0
  9
$DIMSOXD
 70
     0
  9
$DIMSAH
 70
     0
  9
$DIMBLK1
  1

  9
$DIMBLK2
  1

  9
$DIMSTYLE
  2
Standard
  9
$DIMCLRD
 70
     0
  9
$DIMCLRE
 70
     0
  9
$DIMCLRT
 70
     0
  9
$DIMTFAC
 40
1.0
  9
$DIMGAP
 40
0.09
  9
$DIMJUST
 70
     0
  9
$DIMSD1
 70
     0
  9
$DIMSD2
 70
     0
  9
$DIMTOLJ
 70
     1
  9
$DIMTZIN
 70
     0
  9
$DIMALTZ
 70
     0
  9
$DIMALTTZ
 70
     0
  9
$DIMUPT
 70
     0
  9
$DIMDEC
 70
     4
  9
$DIMTDEC
 70
     4
  9
$DIMALTU
 70
     2
  9
$DIMALTTD
 70
     2
  9
$DIMTXSTY
  7
Standard
  9
$DIMAUNIT
 70
     0
  9
$DIMADEC
 70
     0
  9
$DIMALTRND
 40
0.0
  9
$DIMAZIN
 70
     0
  9
$DIMDSEP
 70
    46
  9
$DIMATFIT
 70
     3
  9
$DIMFRAC
 70
     0
  9
$DIMLDRBLK
  1

  9
$DIMLUNIT
 70
     2
  9
$DIMLWD
 70
    -2
  9
$DIMLWE
 70
    -2
  9
$DIMTMOVE
 70
     0
  9
$DIMFXL
 40
1.0
  9
$DIMFXLON
 70
     0
  9
$DIMJOGANG
 40
0.7853981633974483
  9
$DIMTFILL
 70
     0
  9
$DIMTFILLCLR
 70
     0
  9
$DIMARCSYM
 70
     0
  9
$DIMLTYPE
  6

  9
$DIMLTEX1
  6

  9
$DIMLTEX2
  6

  9
$LUNITS
 70
     2
  9
$LUPREC
 70
     4
  9
$SKETCHINC
 40
0.1
  9
$FILLETRAD
 40
0.0
  9
$AUNITS
 70
     0
  9
$AUPREC
 70
     0
  9
$MENU
  1
.
  9
$ELEVATION
 40
0.0
  9
$PELEVATION
 40
0.0
  9
$THICKNESS
 40
0.0
  9
$LIMCHECK
 70
     0
  9
$CHAMFERA
 40
0.0
  9
$CHAMFERB
 40
0.0
  9
$CHAMFERC
 40
0.0
  9
$CHAMFERD
 40
0.0
  9
$SKPOLY
 70
     0
  9
$TDCREATE
 40
2460210.652845324
  9
$TDUCREATE
 40
2460210.361178658
  9
$TDUPDATE
 40
2460210.652845683
  9
$TDUUPDATE
 40
2460210.361179016
  9
$TDINDWG
 40
0.0000000116
  9
$TDUSRTIMER
 40
0.0000000116
  9
$USRTIMER
 70
     1
  9
$ANGBASE
 50
0.0
  9
$ANGDIR
 70
     0
  9
$PDMODE
 70
     0
  9
$PDSIZE
 40
0.0
  9
$PLINEWID
 40
0.0
  9
$SPLFRAME
 70
     0
  9
$SPLINETYPE
 70
     6
  9
$SPLINESEGS
 70
     8
  9
$HANDSEED
  5
10A
  9
$SURFTAB1
 70
     6
  9
$SURFTAB2
 70
     6
  9
$SURFTYPE
 70
     6
  9
$SURFU
 70
     6
  9
$SURFV
 70
     6
  9
$UCSBASE
  2

  9
$UCSNAME
  2

  9
$UCSORG
 10
0.0
 20
0.0
 30
0.0
  9
$UCSXDIR
 10
1.0
 20
0.0
 30
0.0
  9
$UCSYDIR
 10
0.0
 20
1.0
 30
0.0
  9
$UCSORTHOREF
  2

  9
$UCSORTHOVIEW
 70
     0
  9
$UCSORGTOP
 10
0.0
 20
0.0
 30
0.0
  9
$UCSORGBOTTOM
 10
0.0
 20
0.0
 30
0.0
  9
$UCSORGLEFT
 10
0.0
 20
0.0
 30
0.0
  9
$UCSORGRIGHT
 10
0.0
 20
0.0
 30
0.0
  9
$UCSORGFRONT
 10
0.0
 20
0.0
 30
0.0
  9
$UCSORGBACK
 10
0.0
 20
0.0
 30
0.0
  9
$PUCSBASE
  2

  9
$PUCSNAME
  2

  9
$PUCSORG
 10
0.0
 20
0.0
 30
0.0
  9
$PUCSXDIR
 10
1.0
 20
0.0
 30
0.0
  9
$PUCSYDIR
 10
0.0
 20
1.0
 30
0.0
  9
$PUCSORTHOREF
  2

  9
$PUCSORTHOVIEW
 70
     0
  9
$PUCSORGTOP
 10
0.0
 20
0.0
 30
0.0
  9
$PUCSORGBOTTOM
 10
0.0
 20
0.0
 30
0.0
  9
$PUCSORGLEFT
 10
0.0
 20
0.0
 30
0.0
  9
$PUCSORGRIGHT
 10
0.0
 20
0.0
 30
0.0
  9
$PUCSORGFRONT
 10
0.0
 20
0.0
 30
0.0
  9
$PUCSORGBACK
 10
0.0
 20
0.0
 30
0.0
  9
$USERI1
 70
     0
  9
$USERI2
 70
     0
  9
$USERI3
 70
     0
  9
$USERI4
 70
     0
  9
$USERI5
 70
     0
  9
$USERR1
 40
0.0
  9
$USERR2
 40
0.0
  9
$USERR3
 40
0.0
  9
$USERR4
 40
0.0
  9
$USERR5
 40
0.0
  9
$WORLDVIEW
 70
     1
  9
$SHADEDGE
 70
     3
  9
$SHADEDIF
 70
    70
  9
$TILEMODE
 70
     1
  9
$MAXACTVP
 70
    64
  9
$PINSBASE
 10
0.0
 20
0.0
 30
0.0
  9
$PLIMCHECK
 70
     0
  9
$PEXTMIN
 10
1.000000000000000E+20
 20
1.000000000000000E+20
 30
1.000000000000000E+20
  9
$PEXTMAX
 10
-1.000000000000000E+20
 20
-1.000000000000000E+20
 30
-1.000000000000000E+20
  9
$PLIMMIN
 10
0.0
 20
0.0
  9
$PLIMMAX
 10
12.0
 20
9.0
  9
$UNITMODE
 70
     0
  9
$VISRETAIN
 70
     1
  9
$PLINEGEN
 70
     0
  9
$PSLTSCALE
 70
     1
  9
$TREEDEPTH
 70
  3020
  9
$CMLSTYLE
  2
Standard
  9
$CMLJUST
 70
     0
  9
$CMLSCALE
 40
1.0
  9
$PROXYGRAPHICS
 70
     1
  9
$MEASUREMENT
 70
     0
  9
$CELWEIGHT
370
    -1
  9
$ENDCAPS
280
     0
  9
$JOINSTYLE
280
     0
  9
$LWDISPLAY
290
     0
  9
$INSUNITS
 70
     4
  9
$HYPERLINKBASE
  1

  9
$STYLESHEET
  1

  9
$XEDIT
290
     1
  9
$CEPSNTYPE
380
     0
  9
$PSTYLEMODE
290
     1
  9
$FINGERPRINTGUID
  2
{74e1176f-efde-45e9-b8d9-2ee0ac8b433e}
  9
$VERSIONGUID
  2
{FAEB1C32-E019-11D5-929B-00C0DF256EC4}
  9
$EXTNAMES
290
     1
  9
$PSVPSCALE
 40
0.0
  9
$OLESTARTUP
290
     0
  9
$SORTENTS
280
   127
  9
$INDEXCTL
280
     0
  9
$HIDETEXT
280
     1
  9
$XCLIPFRAME
290
     0
  9
$HALOGAP
280
     0
  9
$OBSCOLOR
 70
   257
  9
$OBSLTYPE
280
     0
  9
$INTERSECTIONDISPLAY
280
     0
  9
$INTERSECTIONCOLOR
 70
   257
  9
$DIMASSOC
280
     2
  9
$PROJECTNAME
  1

  9
$CAMERADISPLAY
290
     0
  9
$LENSLENGTH
 40
50.0
  9
$CAMERAHEIGHT
 40
0.0
  9
$STEPSPERSEC
 40
2.0
  9
$STEPSIZE
 40
6.0
  9
$3DDWFPREC
 40
2.0
  9
$PSOLWIDTH
 40
0.25
  9
$PSOLHEIGHT
 40
4.0
  9
$LOFTANG1
 40
1.570796326794897
  9
$LOFTANG2
 40
1.570796326794897
  9
$LOFTMAG1
 40
0.0
  9
$LOFTMAG2
 40
0.0
  9
$LOFTPARAM
 70
     7
  9
$LOFTNORMALS
280
     1
  9
$LATITUDE
 40
37.795
  9
$LONGITUDE
 40
-122.394
  9
$NORTHDIRECTION
 40
0.0
  9
$TIMEZONE
 70
 -8000
  9
$LIGHTGLYPHDISPLAY
280
     1
  9
$TILEMODELIGHTSYNCH
280
     1
  9
$CMATERIAL
347
44
  9
$SOLIDHIST
280
     0
  9
$SHOWHIST
280
     1
  9
$DWFFRAME
280
     2
  9
$DGNFRAME
280
     2
  9
$REALWORLDSCALE
290
     1
  9
$INTERFERECOLOR
 62
   256
  9
$CSHADOW
280
     0
  9
$SHADOWPLANELOCATION
 40
0.0
  0
ENDSEC
  0
SECTION
  2
CLASSES
  0
CLASS
  1
ACDBDICTIONARYWDFLT
  2
AcDbDictionaryWithDefault
  3
ObjectDBX Classes
 90
        0
 91
        3
280
     0
281
     0
  0
CLASS
  1
VISUALSTYLE
  2
AcDbVisualStyle
  3
ObjectDBX Classes
 90
     4095
 91
        3
280
     0
281
     0
  0
CLASS
  1
MATERIAL
  2
AcDbMaterial
  3
ObjectDBX Classes
 90
     1153
 91
        3
280
     0
281
     0
  0
CLASS
  1
SCALE
  2
AcDbScale
  3
ObjectDBX Classes
 90
     1153
 91
        3
280
     0
281
     0
  0
CLASS
  1
TABLESTYLE
  2
AcDbTableStyle
  3
ObjectDBX Classes
 90
     4095
 91
        3
280
     0
281
     0
  0
CLASS
  1
MLEADERSTYLE
  2
AcDbMLeaderStyle
  3
ACDB_MLEADERSTYLE_CLASS
 90
     4095
 91
        3
280
     0
281
     0
  0
CLASS
  1
SUN
  2
AcDbSun
  3
SCENEOE
 90
     1153
 91
        3
280
     0
281
     0
  0
CLASS
  1
DICTIONARYVAR
  2
AcDbDictionaryVar
  3
ObjectDBX Classes
 90
        0
 91
        3
280
     0
281
     0
  0
CLASS
  1
CELLSTYLEMAP
  2
AcDbCellStyleMap
  3
ObjectDBX Classes
 90
     1152
 91
        3
280
     0
281
     0
  0
ENDSEC
  0
SECTION
  2
TABLES
  0
TABLE
  2
VPORT
  5
8
330
0
100
AcDbSymbolTable
 70
     1
  0
VPORT
  5
29
330
8
100
AcDbSymbolTableRecord
100
AcDbViewportTableRecord
  2
*Active
 70
     0
 10
0.0
 20
0.0
 11
1.0
 21
1.0
 12
10.42990654205607
 22
4.5
 13
0.0
 23
0.0
 14
0.5
 24
0.5
 15
0.5
 25
0.5
 16
0.0
 26
0.0
 36
1.0
 17
0.0
 27
0.0
 37
0.0
 40
9.0
 41
1.972972972850329
 42
50.0
 43
0.0
 44
0.0
 50
0.0
 51
0.0
 71
     0
 72
   100
 73
     1
 74
     3
 75
     0
 76
     0
 77
     0
 78
     0
281
     0
 65
     1
110
0.0
120
0.0
130
0.0
111
1.0
121
0.0
131
0.0
112
0.0
122
1.0
132
0.0
 79
     0
146
0.0
348
2F
 60
     3
 61
     5
292
     1
282
     1
141
0.0
142
0.0
 63
   250
361
5D
  0
ENDTAB
  0
TABLE
  2
LTYPE
  5
5
330
0
100
AcDbSymbolTable
 70
     1
  0
LTYPE
  5
14
330
5
100
AcDbSymbolTableRecord
100
AcDbLinetypeTableRecord
  2
ByBlock
 70
     0
  3

 72
    65
 73
     0
 40
0.0
  0
LTYPE
  5
15
330
5
100
AcDbSymbolTableRecord
100
AcDbLinetypeTableRecord
  2
ByLayer
 70
     0
  3

 72
    65
 73
     0
 40
0.0
  0
LTYPE
  5
16
330
5
100
AcDbSymbolTableRecord
100
AcDbLinetypeTableRecord
  2
Continuous
 70
     0
  3
Solid line
 72
    65
 73
     0
 40
0.0
  0
ENDTAB
  0
TABLE
  2
LAYER
  5
2
330
0
100
AcDbSymbolTable
 70
     2
  0
LAYER
  5
10
330
2
100
AcDbSymbolTableRecord
100
AcDbLayerTableRecord
  2
0
 70
     0
 62
     7
  6
Continuous
370
    -3
390
F
347
46
  0
LAYER
  5
5F
330
2
100
AcDbSymbolTableRecord
100
AcDbLayerTableRecord
  2
Layer 1
 70
     0
 62
     7
  6
Continuous
370
    -3
390
F
347
46
  0
ENDTAB
  0
TABLE
  2
STYLE
  5
3
330
0
100
AcDbSymbolTable
 70
     1
  0
STYLE
  5
11
330
3
100
AcDbSymbolTableRecord
100
AcDbTextStyleTableRecord
  2
Standard
 70
     0
 40
0.0
 41
1.0
 50
0.0
 71
     0
 42
0.2
  3
txt
  4

  0
ENDTAB
  0
TABLE
  2
VIEW
  5
6
330
0
100
AcDbSymbolTable
 70
     0
  0
ENDTAB
  0
TABLE
  2
UCS
  5
7
330
0
100
AcDbSymbolTable
 70
     0
  0
ENDTAB
  0
TABLE
  2
APPID
  5
9
330
0
100
AcDbSymbolTable
 70
     3
  0
APPID
  5
12
330
9
100
AcDbSymbolTableRecord
100
AcDbRegAppTableRecord
  2
ACAD
 70
     0
  0
APPID
  5
5E
330
9
100
AcDbSymbolTableRecord
100
AcDbRegAppTableRecord
  2
ODA
 70
     0
  0
APPID
  5
102
330
9
100
AcDbSymbolTableRecord
100
AcDbRegAppTableRecord
  2
ACAD_MLEADERVER
 70
     0
  0
ENDTAB
  0
TABLE
  2
DIMSTYLE
  5
A
330
0
100
AcDbSymbolTable
 70
     1
100
AcDbDimStyleTable
  0
DIMSTYLE
105
27
330
A
100
AcDbSymbolTableRecord
100
AcDbDimStyleTableRecord
  2
Standard
 70
     0
178
     0
340
11
  0
ENDTAB
  0
TABLE
  2
BLOCK_RECORD
  5
1
330
0
100
AcDbSymbolTable
 70
     1
  0
BLOCK_RECORD
  5
1F
330
1
100
AcDbSymbolTableRecord
100
AcDbBlockTableRecord
  2
*Model_Space
340
22
 70
     0
280
     1
281
     0
  0
BLOCK_RECORD
  5
1B
330
1
100
AcDbSymbolTableRecord
100
AcDbBlockTableRecord
  2
*Paper_Space
340
1E
 70
     0
280
     1
281
     0
  0
BLOCK_RECORD
  5
23
330
1
100
AcDbSymbolTableRecord
100
AcDbBlockTableRecord
  2
*Paper_Space0
340
26
 70
     0
280
     1
281
     0
  0
ENDTAB
  0
ENDSEC
  0
SECTION
  2
BLOCKS
  0
BLOCK
  5
20
330
1F
100
AcDbEntity
  8
0
100
AcDbBlockBegin
  2
*Model_Space
 70
     0
 10
0.0
 20
0.0
 30
0.0
  3
*Model_Space
  1

  0
ENDBLK
  5
21
330
1F
100
AcDbEntity
  8
0
100
AcDbBlockEnd
  0
BLOCK
  5
1C
330
1B
100
AcDbEntity
 67
     1
  8
0
100
AcDbBlockBegin
  2
*Paper_Space
 70
     0
 10
0.0
 20
0.0
 30
0.0
  3
*Paper_Space
  1

  0
ENDBLK
  5
1D
330
1B
100
AcDbEntity
 67
     1
  8
0
100
AcDbBlockEnd
  0
BLOCK
  5
24
330
23
100
AcDbEntity
  8
0
100
AcDbBlockBegin
  2
*Paper_Space0
 70
     0
 10
0.0
 20
0.0
 30
0.0
  3
*Paper_Space0
  1

  0
ENDBLK
  5
25
330
23
100
AcDbEntity
  8
0
100
AcDbBlockEnd
  0
ENDSEC
  0
SECTION
  2
ENTITIES
  0
SPLINE
  5
60
330
1F
100
AcDbEntity
  8
Layer 1
100
AcDbSpline
210
0.0
220
0.0
230
1.0
 70
    11
 71
     3
 72
    17
 73
    13
 74
     0
 42
0.0000000001
 43
0.0000000001
 40
0.0
 40
0.0
 40
0.0
 40
0.0
 40
0.25
 40
0.25
 40
0.25
 40
0.5
 40
0.5
 40
0.5
 40
0.75
 40
0.75
 40
0.75
 40
1.0
 40
1.0
 40
1.0
 40
1.0
 10
-224.8529
 20
-250.9889
 30
0.0
 10
-226.7771
 20
-252.1892
 30
0.0
 10
-230.4523
 20
-250.6392
 30
0.0
 10
-232.2433
 20
-249.8477
 30
0.0
 10
-234.1172
 20
-249.0196
 30
0.0
 10
-237.3399
 20
-248.0506
 30
0.0
 10
-237.9229
 20
-246.4929
 30
0.0
 10
-234.873
 20
-246.1694
 30
0.0
 10
-229.6774
 20
-247.6106
 30
0.0
 10
-227.0561
 20
-248.9062
 30
0.0
 10
-225.6682
 20
-249.5922
 30
0.0
 10
-225.1756
 20
-249.6096
 30
0.0
 10
-224.8529
 20
-250.9889
 30
0.0
  0
SPLINE
  5
61
330
1F
100
AcDbEntity
  8
Layer 1
100
AcDbSpline
210
0.0
220
0.0
230
1.0
 70
    11
 71
     3
 72
    17
 73
    13
 74
     0
 42
0.0000000001
 43
0.0000000001
 40
0.0
 40
0.0
 40
0.0
 40
0.0
 40
0.25
 40
0.25
 40
0.25
 40
0.5
 40
0.5
 40
0.5
 40
0.75
 40
0.75
 40
0.75
 40
1.0
 40
1.0
 40
1.0
 40
1.0
 10
-129.9316
 20
-243.9343
 30
0.0
 10
-130.4873
 20
-236.7749
 30
0.0
 10
-94.396
 20
-233.8711
 30
0.0
 10
-88.0515
 20
-238.9767
 30
0.0
 10
-86.9432
 20
-239.8685
 30
0.0
 10
-85.9306
 20
-242.1298
 30
0.0
 10
-87.3766
 20
-243.5682
 30
0.0
 10
-88.5065
 20
-244.6922
 30
0.0
 10
-90.8786
 20
-244.6152
 30
0.0
 10
-92.4489
 20
-244.734
 30
0.0
 10
-97.5997
 20
-245.1237
 30
0.0
 10
-127.9088
 20
-245.1357
 30
0.0
 10
-129.9316
 20
-243.9343
 30
0.0
  0
SPLINE
  5
62
330
1F
100
AcDbEntity
  8
Layer 1
100
AcDbSpline
210
0.0
220
0.0
230
1.0
 70
    11
 71
     3
 72
    17
 73
    13
 74
     0
 42
0.0000000001
 43
0.0000000001
 40
0.0
 40
0.0
 40
0.0
 40
0.0
 40
0.25
 40
0.25
 40
0.25
 40
0.5
 40
0.5
 40
0.5
 40
0.75
 40
0.75
 40
0.75
 40
1.0
 40
1.0
 40
1.0
 40
1.0
 10
-251.8236
 20
-235.9067
 30
0.0
 10
-248.9848
 20
-237.9299
 30
0.0
 10
-247.2115
 20
-238.6571
 30
0.0
 10
-247.6444
 20
-240.6046
 30
0.0
 10
-249.2723
 20
-241.1313
 30
0.0
 10
-250.1598
 20
-240.4635
 30
0.0
 10
-251.0215
 20
-239.6864
 30
0.0
 10
-252.9894
 20
-237.9119
 30
0.0
 10
-256.7396
 20
-234.5686
 30
0.0
 10
-257.0921
 20
-231.8931
 30
0.0
 10
-255.8281
 20
-232.2905
 30
0.0
 10
-253.2469
 20
-234.8923
 30
0.0
 10
-251.8236
 20
-235.9067
 30
0.0
  0
SPLINE
  5
63
330
1F
100
AcDbEntity
  8
Layer 1
100
AcDbSpline
210
0.0
220
0.0
230
1.0
 70
    11
 71
     3
 72
    11
 73
     7
 74
     0
 42
0.0000000001
 43
0.0000000001
 40
0.0
 40
0.0
 40
0.0
 40
0.0
 40
0.5
 40
0.5
 40
0.5
 40
1.0
 40
1.0
 40
1.0
 40
1.0
 10
-219.8834
 20
-239.0598
 30
0.0
 10
-226.3506
 20
-240.7956
 30
0.0
 10
-239.8495
 20
-231.9926
 30
0.0
 10
-234.969
 20
-228.9544
 30
0.0
 10
-231.4918
 20
-226.7897
 30
0.0
 10
-217.11
 20
-232.7999
 30
0.0
 10
-219.8834
 20
-239.0598
 30
0.0
  0
SPLINE
  5
64
330
1F
100
AcDbEntity
  8
Layer 1
100
AcDbSpline
210
0.0
220
0.0
230
1.0
 70
    11
 71
     3
 72
    26
 73
    22
 74
     0
 42
0.0000000001
 43
0.0000000001
 40
0.0
 40
0.0
 40
0.0
 40
0.0
 40
0.1428571428571428
 40
0.1428571428571428
 40
0.1428571428571428
 40
0.2857142857142857
 40
0.2857142857142857
 40
0.2857142857142857
 40
0.4285714285714285
 40
0.4285714285714285
 40
0.4285714285714285
 40
0.5714285714285714
 40
0.5714285714285714
 40
0.5714285714285714
 40
0.7142857142857142
 40
0.7142857142857142
 40
0.7142857142857142
 40
0.8571428571428571
 40
0.8571428571428571
 40
0.8571428571428571
 40
1.0
 40
1.0
 40
1.0
 40
1.0
 10
-253.3014
 20
-204.1699
 30
0.0
 10
-249.9077
 20
-202.534
 30
0.0
 10
-249.1568
 20
-206.6294
 30
0.0
 10
-247.9179
 20
-209.0734
 30
0.0
 10
-246.5329
 20
-211.8054
 30
0.0
 10
-245.0092
 20
-213.3469
 30
0.0
 10
-243.3369
 20
-215.4247
 30
0.0
 10
-242.1835
 20
-216.8579
 30
0.0
 10
-238.2092
 20
-219.986
 30
0.0
 10
-237.8836
 20
-220.9316
 30
0.0
 10
-237.062
 20
-223.3174
 30
0.0
 10
-240.5098
 20
-223.0419
 30
0.0
 10
-243.0259
 20
-226.1928
 30
0.0
 10
-244.8272
 20
-228.4486
 30
0.0
 10
-245.1589
 20
-230.2401
 30
0.0
 10
-249.436
 20
-225.7584
 30
0.0
 10
-250.8674
 20
-224.2585
 30
0.0
 10
-253.0128
 20
-221.8033
 30
0.0
 10
-254.3447
 20
-219.7325
 30
0.0
 10
-257.5075
 20
-214.8146
 30
0.0
 10
-259.2339
 20
-207.0295
 30
0.0
 10
-253.3014
 20
-204.1699
 30
0.0
  0
SPLINE
  5
65
330
1F
100
AcDbEntity
  8
Layer 1
100
AcDbSpline
210
0.0
220
0.0
230
1.0
 70
    11
 71
     3
 72
    14
 73
    10
 74
     0
 42
0.0000000001
 43
0.0000000001
 40
0.0
 40
0.0
 40
0.0
 40
0.0
 40
0.3333333333333333
 40
0.3333333333333333
 40
0.3333333333333333
 40
0.6666666666666666
 40
0.6666666666666666
 40
0.6666666666666666
 40
1.0
 40
1.0
 40
1.0
 40
1.0
 10
-225.4671
 20
-209.7971
 30
0.0
 10
-219.5562
 20
-206.4215
 30
0.0
 10
-202.3557
 20
-219.1958
 30
0.0
 10
-208.1557
 20
-221.9189
 30
0.0
 10
-211.4613
 20
-223.4708
 30
0.0
 10
-226.7374
 20
-218.1845
 30
0.0
 10
-226.925
 20
-212.1534
 30
0.0
 10
-226.9796
 20
-210.4
 30
0.0
 10
-226.3334
 20
-210.2918
 30
0.0
 10
-225.4671
 20
-209.7971
 30
0.0
  0
SPLINE
  5
66
330
1F
100
AcDbEntity
  8
Layer 1
100
AcDbSpline
210
0.0
220
0.0
230
1.0
 70
    11
 71
     3
 72
    50
 73
    46
 74
     0
 42
0.0000000001
 43
0.0000000001
 40
0.0
 40
0.0
 40
0.0
 40
0.0
 40
0.0666666666666667
 40
0.0666666666666667
 40
0.0666666666666667
 40
0.1333333333333333
 40
0.1333333333333333
 40
0.1333333333333333
 40
0.2
 40
0.2
 40
0.2
 40
0.2666666666666667
 40
0.2666666666666667
 40
0.2666666666666667
 40
0.3333333333333333
 40
0.3333333333333333
 40
0.3333333333333333
 40
0.4
 40
0.4
 40
0.4
 40
0.4666666666666667
 40
0.4666666666666667
 40
0.4666666666666667
 40
0.5333333333333333
 40
0.5333333333333333
 40
0.5333333333333333
 40
0.6
 40
0.6
 40
0.6
 40
0.6666666666666666
 40
0.6666666666666666
 40
0.6666666666666666
 40
0.7333333333333333
 40
0.7333333333333333
 40
0.7333333333333333
 40
0.8
 40
0.8
 40
0.8
 40
0.8666666666666667
 40
0.8666666666666667
 40
0.8666666666666667
 40
0.9333333333333333
 40
0.9333333333333333
 40
0.9333333333333333
 40
1.0
 40
1.0
 40
1.0
 40
1.0
 10
-210.8216
 20
-230.2313
 30
0.0
 10
-209.6459
 20
-229.3265
 30
0.0
 10
-204.9002
 20
-228.6201
 30
0.0
 10
-202.708
 20
-227.3645
 30
0.0
 10
-189.9153
 20
-220.0374
 30
0.0
 10
-205.4841
 20
-201.9733
 30
0.0
 10
-223.1746
 20
-202.4972
 30
0.0
 10
-234.5099
 20
-202.8329
 30
0.0
 10
-234.3643
 20
-211.3554
 30
0.0
 10
-237.3304
 20
-208.7503
 30
0.0
 10
-238.569
 20
-207.6625
 30
0.0
 10
-240.4997
 20
-203.7054
 30
0.0
 10
-241.2119
 20
-201.6697
 30
0.0
 10
-244.684
 20
-191.7445
 30
0.0
 10
-235.6971
 20
-184.3532
 30
0.0
 10
-227.7651
 20
-183.836
 30
0.0
 10
-216.1753
 20
-183.0804
 30
0.0
 10
-215.7297
 20
-192.1582
 30
0.0
 10
-197.063
 20
-196.3365
 30
0.0
 10
-190.2592
 20
-197.8594
 30
0.0
 10
-165.5594
 20
-201.106
 30
0.0
 10
-158.6476
 20
-201.4211
 30
0.0
 10
-155.2078
 20
-201.5779
 30
0.0
 10
-152.2166
 20
-202.3475
 30
0.0
 10
-148.7286
 20
-202.4772
 30
0.0
 10
-144.0503
 20
-202.651
 30
0.0
 10
-144.2971
 20
-204.1112
 30
0.0
 10
-144.6308
 20
-208.6689
 30
0.0
 10
-145.3963
 20
-219.1247
 30
0.0
 10
-153.4675
 20
-229.9161
 30
0.0
 10
-159.1369
 20
-237.4198
 30
0.0
 10
-164.7627
 20
-244.866
 30
0.0
 10
-166.1175
 20
-244.3109
 30
0.0
 10
-173.7784
 20
-243.6432
 30
0.0
 10
-180.803
 20
-243.031
 30
0.0
 10
-187.8629
 20
-243.0617
 30
0.0
 10
-194.9485
 20
-243.0613
 30
0.0
 10
-208.2606
 20
-243.0607
 30
0.0
 10
-210.558
 20
-245.9476
 30
0.0
 10
-214.1673
 20
-245.8379
 30
0.0
 10
-214.0722
 20
-243.4302
 30
0.0
 10
-213.2486
 20
-243.7982
 30
0.0
 10
-212.0961
 20
-242.3072
 30
0.0
 10
-208.1706
 20
-237.2286
 30
0.0
 10
-211.6075
 20
-232.3889
 30
0.0
 10
-210.8216
 20
-230.2313
 30
0.0
  0
SPLINE
  5
67
330
1F
100
AcDbEntity
  8
Layer 1
100
AcDbSpline
210
0.0
220
0.0
230
1.0
 70
    11
 71
     3
 72
    62
 73
    58
 74
     0
 42
0.0000000001
 43
0.0000000001
 40
0.0
 40
0.0
 40
0.0
 40
0.0
 40
0.0526315789473684
 40
0.0526315789473684
 40
0.0526315789473684
 40
0.1052631578947368
 40
0.1052631578947368
 40
0.1052631578947368
 40
0.1578947368421053
 40
0.1578947368421053
 40
0.1578947368421053
 40
0.2105263157894737
 40
0.2105263157894737
 40
0.2105263157894737
 40
0.2631578947368421
 40
0.2631578947368421
 40
0.2631578947368421
 40
0.3157894736842105
 40
0.3157894736842105
 40
0.3157894736842105
 40
0.3684210526315789
 40
0.3684210526315789
 40
0.3684210526315789
 40
0.4210526315789473
 40
0.4210526315789473
 40
0.4210526315789473
 40
0.4736842105263158
 40
0.4736842105263158
 40
0.4736842105263158
 40
0.5263157894736842
 40
0.5263157894736842
 40
0.5263157894736842
 40
0.5789473684210527
 40
0.5789473684210527
 40
0.5789473684210527
 40
0.631578947368421
 40
0.631578947368421
 40
0.631578947368421
 40
0.6842105263157894
 40
0.6842105263157894
 40
0.6842105263157894
 40
0.7368421052631579
 40
0.7368421052631579
 40
0.7368421052631579
 40
0.7894736842105263
 40
0.7894736842105263
 40
0.7894736842105263
 40
0.8421052631578947
 40
0.8421052631578947
 40
0.8421052631578947
 40
0.894736842105263
 40
0.894736842105263
 40
0.894736842105263
 40
0.9473684210526315
 40
0.9473684210526315
 40
0.9473684210526315
 40
1.0
 40
1.0
 40
1.0
 40
1.0
 10
67.7426
 20
-182.3893
 30
0.0
 10
70.2883
 20
-181.3215
 30
0.0
 10
70.9565
 20
-183.1055
 30
0.0
 10
71.95
 20
-184.7927
 30
0.0
 10
77.5657
 20
-194.3298
 30
0.0
 10
85.1971
 20
-204.9326
 30
0.0
 10
92.8147
 20
-212.2563
 30
0.0
 10
93.8459
 20
-213.2478
 30
0.0
 10
95.2811
 20
-214.7191
 30
0.0
 10
96.4589
 20
-215.6664
 30
0.0
 10
97.8317
 20
-216.7705
 30
0.0
 10
98.7887
 20
-217.8476
 30
0.0
 10
100.2808
 20
-218.9011
 30
0.0
 10
118.7794
 20
-231.9609
 30
0.0
 10
127.8201
 20
-234.5841
 30
0.0
 10
150.763
 20
-237.6214
 30
0.0
 10
155.1365
 20
-238.2004
 30
0.0
 10
159.6667
 20
-238.1317
 30
0.0
 10
164.1343
 20
-238.1027
 30
0.0
 10
168.965
 20
-238.0715
 30
0.0
 10
172.4644
 20
-237.288
 30
0.0
 10
175.5608
 20
-240.2662
 30
0.0
 10
181.2787
 20
-245.7658
 30
0.0
 10
182.6516
 20
-254.2823
 30
0.0
 10
180.2418
 20
-261.4774
 30
0.0
 10
178.8841
 20
-265.531
 30
0.0
 10
177.9364
 20
-265.7575
 30
0.0
 10
171.3775
 20
-266.2809
 30
0.0
 10
167.2817
 20
-266.6077
 30
0.0
 10
161.99
 20
-266.3616
 30
0.0
 10
157.7776
 20
-266.3432
 30
0.0
 10
136.6548
 20
-266.2506
 30
0.0
 10
110.6788
 20
-258.49
 30
0.0
 10
93.6205
 20
-247.4251
 30
0.0
 10
89.5026
 20
-244.7541
 30
0.0
 10
85.0851
 20
-241.7048
 30
0.0
 10
81.5751
 20
-238.663
 30
0.0
 10
80.4175
 20
-237.6598
 30
0.0
 10
79.1788
 20
-236.4616
 30
0.0
 10
77.9846
 20
-235.5497
 30
0.0
 10
74.7217
 20
-233.0579
 30
0.0
 10
70.5089
 20
-228.3059
 30
0.0
 10
67.2831
 20
-225.0895
 30
0.0
 10
67.2831
 20
-225.0895
 30
0.0
 10
54.8053
 20
-210.0566
 30
0.0
 10
54.8053
 20
-210.0566
 30
0.0
 10
53.7718
 20
-208.6881
 30
0.0
 10
53.1331
 20
-207.6171
 30
0.0
 10
52.0468
 20
-206.1116
 30
0.0
 10
50.1539
 20
-203.4881
 30
0.0
 10
48.3993
 20
-200.7577
 30
0.0
 10
46.4948
 20
-197.9063
 30
0.0
 10
41.961
 20
-191.1183
 30
0.0
 10
42.6361
 20
-193.6993
 30
0.0
 10
58.5528
 20
-187.0538
 30
0.0
 10
61.9165
 20
-185.6494
 30
0.0
 10
64.6362
 20
-183.6923
 30
0.0
 10
67.7426
 20
-182.3893
 30
0.0
  0
SPLINE
  5
68
330
1F
100
AcDbEntity
  8
Layer 1
100
AcDbSpline
210
0.0
220
0.0
230
1.0
 70
    11
 71
     3
 72
    80
 73
    76
 74
     0
 42
0.0000000001
 43
0.0000000001
 40
0.0
 40
0.0
 40
0.0
 40
0.0
 40
0.04
 40
0.04
 40
0.04
 40
0.08
 40
0.08
 40
0.08
 40
0.12
 40
0.12
 40
0.12
 40
0.16
 40
0.16
 40
0.16
 40
0.2
 40
0.2
 40
0.2
 40
0.24
 40
0.24
 40
0.24
 40
0.28
 40
0.28
 40
0.28
 40
0.32
 40
0.32
 40
0.32
 40
0.36
 40
0.36
 40
0.36
 40
0.4
 40
0.4
 40
0.4
 40
0.44
 40
0.44
 40
0.44
 40
0.48
 40
0.48
 40
0.48
 40
0.52
 40
0.52
 40
0.52
 40
0.56
 40
0.56
 40
0.56
 40
0.6
 40
0.6
 40
0.6
 40
0.64
 40
0.64
 40
0.64
 40
0.68
 40
0.68
 40
0.68
 40
0.72
 40
0.72
 40
0.72
 40
0.76
 40
0.76
 40
0.76
 40
0.8
 40
0.8
 40
0.8
 40
0.84
 40
0.84
 40
0.84
 40
0.88
 40
0.88
 40
0.88
 40
0.92
 40
0.92
 40
0.92
 40
0.96
 40
0.96
 40
0.96
 40
1.0
 40
1.0
 40
1.0
 40
1.0
 10
133.0327
 20
-125.6157
 30
0.0
 10
135.0739
 20
-124.5423
 30
0.0
 10
137.2426
 20
-126.3605
 30
0.0
 10
138.6183
 20
-127.3015
 30
0.0
 10
143.0676
 20
-130.3447
 30
0.0
 10
147.6007
 20
-132.7888
 30
0.0
 10
152.1784
 20
-135.9628
 30
0.0
 10
158.4034
 20
-140.2789
 30
0.0
 10
163.0261
 20
-144.3628
 30
0.0
 10
162.6486
 20
-155.3981
 30
0.0
 10
162.0798
 20
-172.0245
 30
0.0
 10
171.4252
 20
-188.3607
 30
0.0
 10
188.4812
 20
-189.3628
 30
0.0
 10
191.7896
 20
-189.5572
 30
0.0
 10
192.4787
 20
-189.4198
 30
0.0
 10
193.6276
 20
-191.8503
 30
0.0
 10
198.5038
 20
-202.165
 30
0.0
 10
199.3733
 20
-206.4599
 30
0.0
 10
209.2292
 20
-213.3069
 30
0.0
 10
211.5084
 20
-214.8903
 30
0.0
 10
210.6292
 20
-216.3588
 30
0.0
 10
209.085
 20
-217.6288
 30
0.0
 10
201.8054
 20
-223.6158
 30
0.0
 10
193.002
 20
-226.8341
 30
0.0
 10
183.1125
 20
-229.087
 30
0.0
 10
173.5958
 20
-231.2548
 30
0.0
 10
165.2375
 20
-230.7863
 30
0.0
 10
155.3095
 20
-230.7204
 30
0.0
 10
144.313
 20
-230.6474
 30
0.0
 10
128.9396
 20
-226.719
 30
0.0
 10
119.2855
 20
-221.7545
 30
0.0
 10
117.5395
 20
-220.8567
 30
0.0
 10
115.9516
 20
-220.2264
 30
0.0
 10
114.4113
 20
-219.2299
 30
0.0
 10
112.8844
 20
-218.2421
 30
0.0
 10
111.5535
 20
-217.3404
 30
0.0
 10
109.9257
 20
-216.3053
 30
0.0
 10
106.9084
 20
-214.3866
 30
0.0
 10
103.5958
 20
-211.8239
 30
0.0
 10
101.3236
 20
-209.7431
 30
0.0
 10
101.3236
 20
-209.7431
 30
0.0
 10
95.7386
 20
-204.0386
 30
0.0
 10
95.7386
 20
-204.0386
 30
0.0
 10
95.0168
 20
-203.3135
 30
0.0
 10
94.584
 20
-203.0785
 30
0.0
 10
93.9379
 20
-202.3157
 30
0.0
 10
90.4563
 20
-198.2046
 30
0.0
 10
84.0486
 20
-189.7938
 30
0.0
 10
81.3864
 20
-185.2397
 30
0.0
 10
76.2956
 20
-176.531
 30
0.0
 10
75.3996
 20
-177.897
 30
0.0
 10
83.5042
 20
-172.8304
 30
0.0
 10
85.1721
 20
-171.7878
 30
0.0
 10
86.2511
 20
-170.7867
 30
0.0
 10
87.84
 20
-169.757
 30
0.0
 10
91.0348
 20
-167.6866
 30
0.0
 10
93.3971
 20
-165.5872
 30
0.0
 10
96.3432
 20
-163.4461
 30
0.0
 10
98.9138
 20
-161.578
 30
0.0
 10
106.6644
 20
-155.1351
 30
0.0
 10
108.555
 20
-153.0806
 30
0.0
 10
109.8
 20
-151.7278
 30
0.0
 10
110.9819
 20
-150.7568
 30
0.0
 10
112.4699
 20
-149.589
 30
0.0
 10
114.2518
 20
-148.1906
 30
0.0
 10
114.4145
 20
-147.3274
 30
0.0
 10
116.0091
 20
-145.7213
 30
0.0
 10
117.3168
 20
-144.404
 30
0.0
 10
118.0526
 20
-143.3148
 30
0.0
 10
119.5265
 20
-141.8336
 30
0.0
 10
119.5265
 20
-141.8336
 30
0.0
 10
126.162
 20
-133.6495
 30
0.0
 10
126.162
 20
-133.6495
 30
0.0
 10
127.6326
 20
-131.4968
 30
0.0
 10
131.2393
 20
-126.5588
 30
0.0
 10
133.0327
 20
-125.6157
 30
0.0
  0
SPLINE
  5
69
330
1F
100
AcDbEntity
  8
Layer 1
100
AcDbSpline
210
0.0
220
0.0
230
1.0
 70
    11
 71
     3
 72
    80
 73
    76
 74
     0
 42
0.0000000001
 43
0.0000000001
 40
0.0
 40
0.0
 40
0.0
 40
0.0
 40
0.04
 40
0.04
 40
0.04
 40
0.08
 40
0.08
 40
0.08
 40
0.12
 40
0.12
 40
0.12
 40
0.16
 40
0.16
 40
0.16
 40
0.2
 40
0.2
 40
0.2
 40
0.24
 40
0.24
 40
0.24
 40
0.28
 40
0.28
 40
0.28
 40
0.32
 40
0.32
 40
0.32
 40
0.36
 40
0.36
 40
0.36
 40
0.4
 40
0.4
 40
0.4
 40
0.44
 40
0.44
 40
0.44
 40
0.48
 40
0.48
 40
0.48
 40
0.52
 40
0.52
 40
0.52
 40
0.56
 40
0.56
 40
0.56
 40
0.6
 40
0.6
 40
0.6
 40
0.64
 40
0.64
 40
0.64
 40
0.68
 40
0.68
 40
0.68
 40
0.72
 40
0.72
 40
0.72
 40
0.76
 40
0.76
 40
0.76
 40
0.8
 40
0.8
 40
0.8
 40
0.84
 40
0.84
 40
0.84
 40
0.88
 40
0.88
 40
0.88
 40
0.92
 40
0.92
 40
0.92
 40
0.96
 40
0.96
 40
0.96
 40
1.0
 40
1.0
 40
1.0
 40
1.0
 10
223.5301
 20
-167.6374
 30
0.0
 10
226.3808
 20
-168.5676
 30
0.0
 10
228.0095
 20
-165.5609
 30
0.0
 10
229.3403
 20
-164.1669
 30
0.0
 10
234.3722
 20
-158.8958
 30
0.0
 10
243.4482
 20
-156.6211
 30
0.0
 10
250.6572
 20
-159.1719
 30
0.0
 10
266.0162
 20
-164.6064
 30
0.0
 10
267.7751
 20
-185.0052
 30
0.0
 10
258.2667
 20
-196.9749
 30
0.0
 10
249.2052
 20
-208.382
 30
0.0
 10
230.3458
 20
-213.5199
 30
0.0
 10
216.966
 20
-208.7105
 30
0.0
 10
204.9474
 20
-204.3904
 30
0.0
 10
200.0986
 20
-189.3874
 30
0.0
 10
201.2632
 20
-187.5982
 30
0.0
 10
201.9939
 20
-186.4756
 30
0.0
 10
207.2382
 20
-184.4403
 30
0.0
 10
211.7418
 20
-179.0196
 30
0.0
 10
219.5543
 20
-169.6158
 30
0.0
 10
223.7289
 20
-151.5756
 30
0.0
 10
228.0156
 20
-138.8788
 30
0.0
 10
228.8816
 20
-136.314
 30
0.0
 10
229.3478
 20
-133.949
 30
0.0
 10
231.423
 20
-132.7449
 30
0.0
 10
237.1537
 20
-129.4199
 30
0.0
 10
249.2087
 20
-128.9247
 30
0.0
 10
255.5676
 20
-130.6807
 30
0.0
 10
269.7559
 20
-134.5988
 30
0.0
 10
281.149
 20
-142.6527
 30
0.0
 10
286.4324
 20
-156.5456
 30
0.0
 10
293.5954
 20
-175.3808
 30
0.0
 10
284.8441
 20
-199.1691
 30
0.0
 10
273.1359
 20
-213.606
 30
0.0
 10
270.1235
 20
-217.3205
 30
0.0
 10
267.7293
 20
-220.5472
 30
0.0
 10
264.5913
 20
-223.7566
 30
0.0
 10
262.9796
 20
-225.4048
 30
0.0
 10
261.1521
 20
-226.6271
 30
0.0
 10
259.6833
 20
-228.3745
 30
0.0
 10
259.6833
 20
-228.3745
 30
0.0
 10
254.7811
 20
-232.9928
 30
0.0
 10
254.7811
 20
-232.9928
 30
0.0
 10
251.4661
 20
-235.795
 30
0.0
 10
248.05
 20
-238.1749
 30
0.0
 10
244.1446
 20
-241.0537
 30
0.0
 10
242.2819
 20
-242.4268
 30
0.0
 10
240.3816
 20
-243.4886
 30
0.0
 10
238.329
 20
-244.7583
 30
0.0
 10
223.8151
 20
-253.7359
 30
0.0
 10
208.7967
 20
-260.8403
 30
0.0
 10
190.9874
 20
-263.3179
 30
0.0
 10
186.1591
 20
-263.9896
 30
0.0
 10
186.9022
 20
-263.2655
 30
0.0
 10
187.7007
 20
-259.056
 30
0.0
 10
188.7369
 20
-253.5939
 30
0.0
 10
188.712
 20
-247.7638
 30
0.0
 10
186.6181
 20
-242.6211
 30
0.0
 10
183.1207
 20
-234.0311
 30
0.0
 10
180.6661
 20
-237.6788
 30
0.0
 10
195.1313
 20
-232.6089
 30
0.0
 10
198.8635
 20
-231.3007
 30
0.0
 10
202.1183
 20
-229.7542
 30
0.0
 10
205.2484
 20
-227.907
 30
0.0
 10
217.6538
 20
-220.5859
 30
0.0
 10
215.7754
 20
-217.0667
 30
0.0
 10
224.0989
 20
-217.3587
 30
0.0
 10
251.6549
 20
-218.3257
 30
0.0
 10
272.685
 20
-199.1242
 30
0.0
 10
270.7555
 20
-175.8417
 30
0.0
 10
269.7196
 20
-163.3409
 30
0.0
 10
261.2217
 20
-154.168
 30
0.0
 10
250.4892
 20
-151.9152
 30
0.0
 10
234.3287
 20
-148.523
 30
0.0
 10
222.24
 20
-161.8481
 30
0.0
 10
223.5301
 20
-167.6374
 30
0.0
  0
SPLINE
  5
6A
330
1F
100
AcDbEntity
  8
Layer 1
100
AcDbSpline
210
0.0
220
0.0
230
1.0
 70
    11
 71
     3
 72
    14
 73
    10
 74
     0
 42
0.0000000001
 43
0.0000000001
 40
0.0
 40
0.0
 40
0.0
 40
0.0
 40
0.3333333333333333
 40
0.3333333333333333
 40
0.3333333333333333
 40
0.6666666666666666
 40
0.6666666666666666
 40
0.6666666666666666
 40
1.0
 40
1.0
 40
1.0
 40
1.0
 10
217.5512
 20
-106.736
 30
0.0
 10
225.4169
 20
-103.4807
 30
0.0
 10
225.106
 20
-120.3874
 30
0.0
 10
223.9011
 20
-125.563
 30
0.0
 10
220.5845
 20
-139.8089
 30
0.0
 10
208.1944
 20
-147.1838
 30
0.0
 10
205.3453
 20
-134.3339
 30
0.0
 10
202.8855
 20
-123.2399
 30
0.0
 10
210.3474
 20
-109.7174
 30
0.0
 10
217.5512
 20
-106.736
 30
0.0
  0
SPLINE
  5
6B
330
1F
100
AcDbEntity
  8
Layer 1
100
AcDbSpline
210
0.0
220
0.0
230
1.0
 70
    11
 71
     3
 72
   221
 73
   217
 74
     0
 42
0.0000000001
 43
0.0000000001
 40
0.0
 40
0.0
 40
0.0
 40
0.0
 40
0.0138888888888889
 40
0.0138888888888889
 40
0.0138888888888889
 40
0.0277777777777778
 40
0.0277777777777778
 40
0.0277777777777778
 40
0.0416666666666667
 40
0.0416666666666667
 40
0.0416666666666667
 40
0.0555555555555556
 40
0.0555555555555556
 40
0.0555555555555556
 40
0.0694444444444444
 40
0.0694444444444444
 40
0.0694444444444444
 40
0.0833333333333333
 40
0.0833333333333333
 40
0.0833333333333333
 40
0.0972222222222222
 40
0.0972222222222222
 40
0.0972222222222222
 40
0.1111111111111111
 40
0.1111111111111111
 40
0.1111111111111111
 40
0.125
 40
0.125
 40
0.125
 40
0.1388888888888889
 40
0.1388888888888889
 40
0.1388888888888889
 40
0.1527777777777778
 40
0.1527777777777778
 40
0.1527777777777778
 40
0.1666666666666667
 40
0.1666666666666667
 40
0.1666666666666667
 40
0.1805555555555556
 40
0.1805555555555556
 40
0.1805555555555556
 40
0.1944444444444444
 40
0.1944444444444444
 40
0.1944444444444444
 40
0.2083333333333333
 40
0.2083333333333333
 40
0.2083333333333333
 40
0.2222222222222222
 40
0.2222222222222222
 40
0.2222222222222222
 40
0.2361111111111111
 40
0.2361111111111111
 40
0.2361111111111111
 40
0.25
 40
0.25
 40
0.25
 40
0.2638888888888889
 40
0.2638888888888889
 40
0.2638888888888889
 40
0.2777777777777778
 40
0.2777777777777778
 40
0.2777777777777778
 40
0.2916666666666666
 40
0.2916666666666666
 40
0.2916666666666666
 40
0.3055555555555555
 40
0.3055555555555555
 40
0.3055555555555555
 40
0.3194444444444444
 40
0.3194444444444444
 40
0.3194444444444444
 40
0.3333333333333333
 40
0.3333333333333333
 40
0.3333333333333333
 40
0.3472222222222222
 40
0.3472222222222222
 40
0.3472222222222222
 40
0.3611111111111111
 40
0.3611111111111111
 40
0.3611111111111111
 40
0.375
 40
0.375
 40
0.375
 40
0.3888888888888888
 40
0.3888888888888888
 40
0.3888888888888888
 40
0.4027777777777777
 40
0.4027777777777777
 40
0.4027777777777777
 40
0.4166666666666666
 40
0.4166666666666666
 40
0.4166666666666666
 40
0.4305555555555555
 40
0.4305555555555555
 40
0.4305555555555555
 40
0.4444444444444444
 40
0.4444444444444444
 40
0.4444444444444444
 40
0.4583333333333333
 40
0.4583333333333333
 40
0.4583333333333333
 40
0.4722222222222222
 40
0.4722222222222222
 40
0.4722222222222222
 40
0.4861111111111111
 40
0.4861111111111111
 40
0.4861111111111111
 40
0.5
 40
0.5
 40
0.5
 40
0.5138888888888888
 40
0.5138888888888888
 40
0.5138888888888888
 40
0.5277777777777778
 40
0.5277777777777778
 40
0.5277777777777778
 40
0.5416666666666666
 40
0.5416666666666666
 40
0.5416666666666666
 40
0.5555555555555556
 40
0.5555555555555556
 40
0.5555555555555556
 40
0.5694444444444444
 40
0.5694444444444444
 40
0.5694444444444444
 40
0.5833333333333333
 40
0.5833333333333333
 40
0.5833333333333333
 40
0.5972222222222222
 40
0.5972222222222222
 40
0.5972222222222222
 40
0.611111111111111
 40
0.611111111111111
 40
0.611111111111111
 40
0.625
 40
0.625
 40
0.625
 40
0.6388888888888888
 40
0.6388888888888888
 40
0.6388888888888888
 40
0.6527777777777778
 40
0.6527777777777778
 40
0.6527777777777778
 40
0.6666666666666666
 40
0.6666666666666666
 40
0.6666666666666666
 40
0.6805555555555555
 40
0.6805555555555555
 40
0.6805555555555555
 40
0.6944444444444444
 40
0.6944444444444444
 40
0.6944444444444444
 40
0.7083333333333333
 40
0.7083333333333333
 40
0.7083333333333333
 40
0.7222222222222222
 40
0.7222222222222222
 40
0.7222222222222222
 40
0.736111111111111
 40
0.736111111111111
 40
0.736111111111111
 40
0.75
 40
0.75
 40
0.75
 40
0.7638888888888888
 40
0.7638888888888888
 40
0.7638888888888888
 40
0.7777777777777777
 40
0.7777777777777777
 40
0.7777777777777777
 40
0.7916666666666666
 40
0.7916666666666666
 40
0.7916666666666666
 40
0.8055555555555555
 40
0.8055555555555555
 40
0.8055555555555555
 40
0.8194444444444444
 40
0.8194444444444444
 40
0.8194444444444444
 40
0.8333333333333333
 40
0.8333333333333333
 40
0.8333333333333333
 40
0.8472222222222222
 40
0.8472222222222222
 40
0.8472222222222222
 40
0.861111111111111
 40
0.861111111111111
 40
0.861111111111111
 40
0.875
 40
0.875
 40
0.875
 40
0.8888888888888888
 40
0.8888888888888888
 40
0.8888888888888888
 40
0.9027777777777777
 40
0.9027777777777777
 40
0.9027777777777777
 40
0.9166666666666666
 40
0.9166666666666666
 40
0.9166666666666666
 40
0.9305555555555555
 40
0.9305555555555555
 40
0.9305555555555555
 40
0.9444444444444444
 40
0.9444444444444444
 40
0.9444444444444444
 40
0.9583333333333333
 40
0.9583333333333333
 40
0.9583333333333333
 40
0.9722222222222222
 40
0.9722222222222222
 40
0.9722222222222222
 40
0.986111111111111
 40
0.986111111111111
 40
0.986111111111111
 40
1.0
 40
1.0
 40
1.0
 40
1.0
 10
0.1131
 20
-72.9947
 30
0.0
 10
11.39
 20
-72.9947
 30
0.0
 10
20.5195
 20
-69.3263
 30
0.0
 10
28.3039
 20
-64.3676
 30
0.0
 10
30.3694
 20
-63.0519
 30
0.0
 10
31.8375
 20
-62.0651
 30
0.0
 10
33.7138
 20
-60.6053
 30
0.0
 10
36.6773
 20
-58.2997
 30
0.0
 10
36.8889
 20
-57.7068
 30
0.0
 10
38.555
 20
-56.2745
 30
0.0
 10
39.4599
 20
-55.4966
 30
0.0
 10
40.2483
 20
-55.0755
 30
0.0
 10
41.1137
 20
-54.2456
 30
0.0
 10
41.1137
 20
-54.2456
 30
0.0
 10
47.3945
 20
-46.7675
 30
0.0
 10
47.3945
 20
-46.7675
 30
0.0
 10
52.6807
 20
-39.9817
 30
0.0
 10
57.1655
 20
-32.9102
 30
0.0
 10
61.5652
 20
-24.2503
 30
0.0
 10
63.7558
 20
-19.9384
 30
0.0
 10
64.7552
 20
-15.4684
 30
0.0
 10
68.8215
 20
-13.1756
 30
0.0
 10
70.5167
 20
-12.2197
 30
0.0
 10
73.4578
 20
-9.9116
 30
0.0
 10
75.3384
 20
-10.968
 30
0.0
 10
76.0785
 20
-11.3837
 30
0.0
 10
78.7928
 20
-15.1544
 30
0.0
 10
79.4772
 20
-16.0691
 30
0.0
 10
87.2432
 20
-26.4475
 30
0.0
 10
93.9734
 20
-38.9591
 30
0.0
 10
98.9381
 20
-51.6174
 30
0.0
 10
100.5437
 20
-55.711
 30
0.0
 10
108.0827
 20
-77.0213
 30
0.0
 10
106.3441
 20
-80.3108
 30
0.0
 10
106.3441
 20
-80.3108
 30
0.0
 10
96.8049
 20
-89.1236
 30
0.0
 10
96.8049
 20
-89.1236
 30
0.0
 10
94.6946
 20
-91.0391
 30
0.0
 10
81.1374
 20
-106.7371
 30
0.0
 10
83.5279
 20
-111.8422
 30
0.0
 10
83.5279
 20
-111.8422
 30
0.0
 10
84.1269
 20
-111.9977
 30
0.0
 10
84.1269
 20
-111.9977
 30
0.0
 10
86.1664
 20
-112.1523
 30
0.0
 10
82.7959
 20
-112.2994
 30
0.0
 10
84.7028
 20
-112.0114
 30
0.0
 10
85.7079
 20
-111.8597
 30
0.0
 10
86.3216
 20
-110.8028
 30
0.0
 10
86.9697
 20
-109.9815
 30
0.0
 10
87.9027
 20
-108.799
 30
0.0
 10
88.4869
 20
-107.9683
 30
0.0
 10
89.4388
 20
-106.805
 30
0.0
 10
89.4388
 20
-106.805
 30
0.0
 10
94.4682
 20
-100.8996
 30
0.0
 10
94.4682
 20
-100.8996
 30
0.0
 10
99.4588
 20
-94.7922
 30
0.0
 10
105.5423
 20
-89.5482
 30
0.0
 10
111.7724
 20
-84.6934
 30
0.0
 10
111.7724
 20
-84.6934
 30
0.0
 10
124.1647
 20
-75.2171
 30
0.0
 10
124.1647
 20
-75.2171
 30
0.0
 10
138.6438
 20
-64.6201
 30
0.0
 10
148.4479
 20
-63.2401
 30
0.0
 10
163.8006
 20
-73.5464
 30
0.0
 10
166.5917
 20
-75.4201
 30
0.0
 10
174.2003
 20
-81.7587
 30
0.0
 10
174.9603
 20
-84.6127
 30
0.0
 10
176.2134
 20
-89.318
 30
0.0
 10
171.2008
 20
-99.6477
 30
0.0
 10
173.415
 20
-103.7591
 30
0.0
 10
179.204
 20
-104.243
 30
0.0
 10
181.9425
 20
-83.254
 30
0.0
 10
184.2401
 20
-80.6558
 30
0.0
 10
185.8506
 20
-80.6136
 30
0.0
 10
188.128
 20
-82.21
 30
0.0
 10
189.9592
 20
-83.0307
 30
0.0
 10
195.5619
 20
-85.5416
 30
0.0
 10
202.9441
 20
-87.4248
 30
0.0
 10
209.2841
 20
-87.5294
 30
0.0
 10
214.5839
 20
-87.6168
 30
0.0
 10
219.1341
 20
-87.3013
 30
0.0
 10
224.0615
 20
-86.219
 30
0.0
 10
226.4002
 20
-85.7054
 30
0.0
 10
234.8002
 20
-82.9021
 30
0.0
 10
236.0781
 20
-83.4405
 30
0.0
 10
236.4065
 20
-84.9066
 30
0.0
 10
232.2705
 20
-104.7629
 30
0.0
 10
230.0954
 20
-105.9088
 30
0.0
 10
227.6103
 20
-103.8878
 30
0.0
 10
227.4482
 20
-100.9528
 30
0.0
 10
222.7607
 20
-99.6451
 30
0.0
 10
211.1215
 20
-96.3981
 30
0.0
 10
191.7264
 20
-121.2647
 30
0.0
 10
199.6188
 20
-139.9943
 30
0.0
 10
204.8095
 20
-152.3123
 30
0.0
 10
214.7877
 20
-146.7723
 30
0.0
 10
217.1961
 20
-147.0853
 30
0.0
 10
217.3137
 20
-149.7895
 30
0.0
 10
214.3018
 20
-160.0515
 30
0.0
 10
213.268
 20
-162.9073
 30
0.0
 10
211.4885
 20
-167.8234
 30
0.0
 10
209.168
 20
-172.453
 30
0.0
 10
206.4467
 20
-175.8425
 30
0.0
 10
203.5666
 20
-179.4298
 30
0.0
 10
197.9336
 20
-182.0638
 30
0.0
 10
193.3661
 20
-182.4626
 30
0.0
 10
182.6818
 20
-183.3955
 30
0.0
 10
173.7822
 20
-175.7486
 30
0.0
 10
170.8173
 20
-165.3291
 30
0.0
 10
168.8503
 20
-158.4166
 30
0.0
 10
170.3971
 20
-153.3442
 30
0.0
 10
169.4687
 20
-146.8082
 30
0.0
 10
167.7938
 20
-135.0166
 30
0.0
 10
153.1081
 20
-128.1098
 30
0.0
 10
144.2954
 20
-122.3245
 30
0.0
 10
142.5069
 20
-121.1504
 30
0.0
 10
140.1887
 20
-119.5764
 30
0.0
 10
137.8299
 20
-118.9335
 30
0.0
 10
128.8269
 20
-116.4795
 30
0.0
 10
123.4565
 20
-126.8113
 30
0.0
 10
118.1678
 20
-133.4173
 30
0.0
 10
110.0393
 20
-143.5702
 30
0.0
 10
105.2333
 20
-147.6567
 30
0.0
 10
96.0758
 20
-155.7697
 30
0.0
 10
96.0758
 20
-155.7697
 30
0.0
 10
84.9048
 20
-164.3498
 30
0.0
 10
84.9048
 20
-164.3498
 30
0.0
 10
69.7339
 20
-175.4862
 30
0.0
 10
48.6208
 20
-186.9696
 30
0.0
 10
29.6176
 20
-188.3326
 30
0.0
 10
16.717
 20
-189.2579
 30
0.0
 10
5.6526
 20
-187.6758
 30
0.0
 10
-6.1913
 20
-185.0061
 30
0.0
 10
-11.6867
 20
-183.7675
 30
0.0
 10
-16.5453
 20
-182.3463
 30
0.0
 10
-21.6142
 20
-180.6745
 30
0.0
 10
-26.7276
 20
-178.9879
 30
0.0
 10
-31.0436
 20
-176.9512
 30
0.0
 10
-35.8845
 20
-175.1807
 30
0.0
 10
-43.7482
 20
-172.3047
 30
0.0
 10
-56.5259
 20
-165.3794
 30
0.0
 10
-65.851
 20
-165.5092
 30
0.0
 10
-89.9156
 20
-165.8442
 30
0.0
 10
-88.7583
 20
-196.5442
 30
0.0
 10
-65.9297
 20
-209.7989
 30
0.0
 10
-61.7902
 20
-212.2024
 30
0.0
 10
-56.3029
 20
-214.0194
 30
0.0
 10
-52.8648
 20
-216.4877
 30
0.0
 10
-45.0134
 20
-222.1244
 30
0.0
 10
-47.0259
 20
-233.4118
 30
0.0
 10
-61.2694
 20
-238.9853
 30
0.0
 10
-63.6703
 20
-239.9247
 30
0.0
 10
-74.9132
 20
-243.3351
 30
0.0
 10
-77.0763
 20
-242.1889
 30
0.0
 10
-79.5892
 20
-240.7205
 30
0.0
 10
-76.7255
 20
-234.967
 30
0.0
 10
-84.6592
 20
-231.6914
 30
0.0
 10
-96.7342
 20
-226.7061
 30
0.0
 10
-118.7153
 20
-230.0492
 30
0.0
 10
-129.551
 20
-234.9048
 30
0.0
 10
-135.5539
 20
-237.5947
 30
0.0
 10
-136.0301
 20
-239.067
 30
0.0
 10
-138.8256
 20
-242.9136
 30
0.0
 10
-140.5136
 20
-245.2362
 30
0.0
 10
-143.0576
 20
-244.3019
 30
0.0
 10
-146.2713
 20
-244.1681
 30
0.0
 10
-148.7423
 20
-244.0652
 30
0.0
 10
-151.9596
 20
-244.6106
 30
0.0
 10
-153.9787
 20
-243.5815
 30
0.0
 10
-154.1304
 20
-241.7396
 30
0.0
 10
-149.8352
 20
-237.0815
 30
0.0
 10
-147.8713
 20
-234.2204
 30
0.0
 10
-143.0266
 20
-227.1626
 30
0.0
 10
-140.1119
 20
-221.9434
 30
0.0
 10
-137.4042
 20
-213.6391
 30
0.0
 10
-134.8136
 20
-205.694
 30
0.0
 10
-137.2906
 20
-203.3767
 30
0.0
 10
-133.0288
 20
-202.8802
 30
0.0
 10
-127.7177
 20
-202.2615
 30
0.0
 10
-124.7234
 20
-202.2348
 30
0.0
 10
-120.5239
 20
-199.8457
 30
0.0
 10
-117.3515
 20
-198.0408
 30
0.0
 10
-115.3253
 20
-193.946
 30
0.0
 10
-117.0293
 20
-189.3058
 30
0.0
 10
-117.6942
 20
-187.4955
 30
0.0
 10
-118.8841
 20
-185.653
 30
0.0
 10
-119.6413
 20
-184.1503
 30
0.0
 10
-126.4005
 20
-170.7376
 30
0.0
 10
-128.7628
 20
-153.3242
 30
0.0
 10
-120.1642
 20
-141.293
 30
0.0
 10
-115.8166
 20
-135.21
 30
0.0
 10
-109.5606
 20
-132.2551
 30
0.0
 10
-99.3722
 20
-131.4553
 30
0.0
 10
-93.7966
 20
-131.0175
 30
0.0
 10
-77.2288
 20
-133.1721
 30
0.0
 10
-70.8872
 20
-134.0013
 30
0.0
 10
-60.1797
 20
-135.4012
 30
0.0
 10
-65.1173
 20
-134.1399
 30
0.0
 10
-58.9175
 20
-145.2791
 30
0.0
 10
-57.9797
 20
-146.9643
 30
0.0
 10
-56.9936
 20
-149.3273
 30
0.0
 10
-54.7908
 20
-148.1284
 30
0.0
 10
-52.8697
 20
-146.1042
 30
0.0
 10
-57.7116
 20
-125.8895
 30
0.0
 10
-58.4717
 20
-122.2863
 30
0.0
 10
-62.4979
 20
-103.2003
 30
0.0
 10
-62.2642
 20
-80.1255
 30
0.0
 10
-59.5749
 20
-60.7413
 30
0.0
 10
-58.4729
 20
-52.7979
 30
0.0
 10
-58.6656
 20
-52.0576
 30
0.0
 10
-53.4718
 20
-52.6463
 30
0.0
 10
-46.4033
 20
-53.4473
 30
0.0
 10
-47.5842
 20
-53.5331
 30
0.0
 10
-42.5436
 20
-56.6117
 30
0.0
 10
-30.7746
 20
-63.7996
 30
0.0
 10
-17.5059
 20
-72.9947
 30
0.0
 10
0.1131
 20
-72.9947
 30
0.0
  0
SPLINE
  5
6C
330
1F
100
AcDbEntity
  8
Layer 1
100
AcDbSpline
210
0.0
220
0.0
230
1.0
 70
    11
 71
     3
 72
    17
 73
    13
 74
     0
 42
0.0000000001
 43
0.0000000001
 40
0.0
 40
0.0
 40
0.0
 40
0.0
 40
0.25
 40
0.25
 40
0.25
 40
0.5
 40
0.5
 40
0.5
 40
0.75
 40
0.75
 40
0.75
 40
1.0
 40
1.0
 40
1.0
 40
1.0
 10
261.2585
 20
4.0852
 30
0.0
 10
266.0522
 20
5.5748
 30
0.0
 10
269.7304
 20
0.5041
 30
0.0
 10
269.4902
 20
-4.3737
 30
0.0
 10
269.2687
 20
-8.8705
 30
0.0
 10
266.5076
 20
-13.9915
 30
0.0
 10
263.6692
 20
-15.7823
 30
0.0
 10
256.4138
 20
-20.3598
 30
0.0
 10
254.5631
 20
-8.5819
 30
0.0
 10
257.1011
 20
-0.3768
 30
0.0
 10
257.9394
 20
2.3334
 30
0.0
 10
258.7498
 20
3.3056
 30
0.0
 10
261.2585
 20
4.0852
 30
0.0
  0
SPLINE
  5
6D
330
1F
100
AcDbEntity
  8
Layer 1
100
AcDbSpline
210
0.0
220
0.0
230
1.0
 70
    11
 71
     3
 72
    14
 73
    10
 74
     0
 42
0.0000000001
 43
0.0000000001
 40
0.0
 40
0.0
 40
0.0
 40
0.0
 40
0.3333333333333333
 40
0.3333333333333333
 40
0.3333333333333333
 40
0.6666666666666666
 40
0.6666666666666666
 40
0.6666666666666666
 40
1.0
 40
1.0
 40
1.0
 40
1.0
 10
232.4555
 20
8.1785
 30
0.0
 10
236.5996
 20
9.6874
 30
0.0
 10
241.2527
 20
5.949
 30
0.0
 10
241.8472
 20
-0.1784
 30
0.0
 10
243.2167
 20
-14.2947
 30
0.0
 10
228.9276
 20
-20.4421
 30
0.0
 10
226.9265
 20
-5.0867
 30
0.0
 10
226.2679
 20
-0.0332
 30
0.0
 10
227.4117
 20
6.342
 30
0.0
 10
232.4555
 20
8.1785
 30
0.0
  0
SPLINE
  5
6E
330
1F
100
AcDbEntity
  8
Layer 1
100
AcDbSpline
210
0.0
220
0.0
230
1.0
 70
    11
 71
     3
 72
    14
 73
    10
 74
     0
 42
0.0000000001
 43
0.0000000001
 40
0.0
 40
0.0
 40
0.0
 40
0.0
 40
0.3333333333333333
 40
0.3333333333333333
 40
0.3333333333333333
 40
0.6666666666666666
 40
0.6666666666666666
 40
0.6666666666666666
 40
1.0
 40
1.0
 40
1.0
 40
1.0
 10
203.7005
 20
6.9667
 30
0.0
 10
206.5763
 20
7.8949
 30
0.0
 10
209.5845
 20
6.8412
 30
0.0
 10
210.9028
 20
5.3046
 30
0.0
 10
217.4331
 20
-2.3074
 30
0.0
 10
207.5528
 20
-19.7795
 30
0.0
 10
198.6506
 20
-10.8291
 30
0.0
 10
194.4085
 20
-6.564
 30
0.0
 10
194.8586
 20
4.1129
 30
0.0
 10
203.7005
 20
6.9667
 30
0.0
  0
SPLINE
  5
6F
330
1F
100
AcDbEntity
  8
Layer 1
100
AcDbSpline
210
0.0
220
0.0
230
1.0
 70
    11
 71
     3
 72
    29
 73
    25
 74
     0
 42
0.0000000001
 43
0.0000000001
 40
0.0
 40
0.0
 40
0.0
 40
0.0
 40
0.125
 40
0.125
 40
0.125
 40
0.25
 40
0.25
 40
0.25
 40
0.375
 40
0.375
 40
0.375
 40
0.5
 40
0.5
 40
0.5
 40
0.625
 40
0.625
 40
0.625
 40
0.75
 40
0.75
 40
0.75
 40
0.875
 40
0.875
 40
0.875
 40
1.0
 40
1.0
 40
1.0
 40
1.0
 10
-222.109
 20
-34.1516
 30
0.0
 10
-222.8315
 20
-32.3649
 30
0.0
 10
-222.0955
 20
-27.8472
 30
0.0
 10
-223.4767
 20
-24.51
 30
0.0
 10
-226.2083
 20
-17.9102
 30
0.0
 10
-231.0532
 20
-14.3228
 30
0.0
 10
-229.6091
 20
-9.951
 30
0.0
 10
-226.9346
 20
-1.8543
 30
0.0
 10
-197.4037
 20
4.2111
 30
0.0
 10
-191.0402
 20
4.5978
 30
0.0
 10
-187.3567
 20
4.8217
 30
0.0
 10
-186.0591
 20
2.3525
 30
0.0
 10
-184.5003
 20
0.3755
 30
0.0
 10
-181.9077
 20
-2.9128
 30
0.0
 10
-184.3723
 20
-4.0123
 30
0.0
 10
-186.4931
 20
-5.8293
 30
0.0
 10
-186.4931
 20
-5.8293
 30
0.0
 10
-198.1806
 20
-15.3047
 30
0.0
 10
-198.1806
 20
-15.3047
 30
0.0
 10
-200.276
 20
-16.992
 30
0.0
 10
-202.022
 20
-18.5004
 30
0.0
 10
-204.1623
 20
-20.2579
 30
0.0
 10
-206.6817
 20
-22.3268
 30
0.0
 10
-219.6846
 20
-34.1046
 30
0.0
 10
-222.109
 20
-34.1516
 30
0.0
  0
SPLINE
  5
70
330
1F
100
AcDbEntity
  8
Layer 1
100
AcDbSpline
210
0.0
220
0.0
230
1.0
 70
    11
 71
     3
 72
    77
 73
    73
 74
     0
 42
0.0000000001
 43
0.0000000001
 40
0.0
 40
0.0
 40
0.0
 40
0.0
 40
0.0416666666666667
 40
0.0416666666666667
 40
0.0416666666666667
 40
0.0833333333333333
 40
0.0833333333333333
 40
0.0833333333333333
 40
0.125
 40
0.125
 40
0.125
 40
0.1666666666666667
 40
0.1666666666666667
 40
0.1666666666666667
 40
0.2083333333333333
 40
0.2083333333333333
 40
0.2083333333333333
 40
0.25
 40
0.25
 40
0.25
 40
0.2916666666666666
 40
0.2916666666666666
 40
0.2916666666666666
 40
0.3333333333333333
 40
0.3333333333333333
 40
0.3333333333333333
 40
0.375
 40
0.375
 40
0.375
 40
0.4166666666666666
 40
0.4166666666666666
 40
0.4166666666666666
 40
0.4583333333333333
 40
0.4583333333333333
 40
0.4583333333333333
 40
0.5
 40
0.5
 40
0.5
 40
0.5416666666666666
 40
0.5416666666666666
 40
0.5416666666666666
 40
0.5833333333333333
 40
0.5833333333333333
 40
0.5833333333333333
 40
0.625
 40
0.625
 40
0.625
 40
0.6666666666666666
 40
0.6666666666666666
 40
0.6666666666666666
 40
0.7083333333333333
 40
0.7083333333333333
 40
0.7083333333333333
 40
0.75
 40
0.75
 40
0.75
 40
0.7916666666666666
 40
0.7916666666666666
 40
0.7916666666666666
 40
0.8333333333333333
 40
0.8333333333333333
 40
0.8333333333333333
 40
0.875
 40
0.875
 40
0.875
 40
0.9166666666666666
 40
0.9166666666666666
 40
0.9166666666666666
 40
0.9583333333333333
 40
0.9583333333333333
 40
0.9583333333333333
 40
1.0
 40
1.0
 40
1.0
 40
1.0
 10
-286.1386
 20
-23.4001
 30
0.0
 10
-288.9543
 20
-23.5041
 30
0.0
 10
-289.5335
 20
-25.872
 30
0.0
 10
-290.1613
 20
-29.4848
 30
0.0
 10
-290.6963
 20
-32.5637
 30
0.0
 10
-290.9114
 20
-35.1338
 30
0.0
 10
-289.9626
 20
-38.0959
 30
0.0
 10
-286.5769
 20
-48.6655
 30
0.0
 10
-276.0143
 20
-52.3051
 30
0.0
 10
-279.0139
 20
-55.0864
 30
0.0
 10
-283.9152
 20
-59.6308
 30
0.0
 10
-308.7956
 20
-33.7973
 30
0.0
 10
-298.1335
 20
-13.4085
 30
0.0
 10
-294.9151
 20
-7.254
 30
0.0
 10
-289.9946
 20
-2.3001
 30
0.0
 10
-285.1772
 20
2.5556
 30
0.0
 10
-281.0004
 20
6.7655
 30
0.0
 10
-274.3434
 20
12.3729
 30
0.0
 10
-269.6118
 20
15.9145
 30
0.0
 10
-266.003
 20
18.6156
 30
0.0
 10
-262.5304
 20
21.1596
 30
0.0
 10
-258.3876
 20
23.7353
 30
0.0
 10
-250.0111
 20
28.9433
 30
0.0
 10
-242.2324
 20
32.5957
 30
0.0
 10
-232.5087
 20
36.2935
 30
0.0
 10
-228.0864
 20
37.9752
 30
0.0
 10
-222.3832
 20
39.8515
 30
0.0
 10
-217.606
 20
40.7746
 30
0.0
 10
-206.5633
 20
42.9086
 30
0.0
 10
-205.8331
 20
44.0646
 30
0.0
 10
-204.165
 20
38.5504
 30
0.0
 10
-202.3498
 20
32.5497
 30
0.0
 10
-198.8339
 20
23.7383
 30
0.0
 10
-195.9525
 20
18.2039
 30
0.0
 10
-194.868
 20
16.1207
 30
0.0
 10
-192.7696
 20
13.9243
 30
0.0
 10
-193.1844
 20
11.4141
 30
0.0
 10
-195.3862
 20
10.3312
 30
0.0
 10
-199.0593
 20
9.7445
 30
0.0
 10
-201.9759
 20
9.2508
 30
0.0
 10
-205.1274
 20
8.7173
 30
0.0
 10
-207.7359
 20
8.0132
 30
0.0
 10
-210.8078
 20
7.2067
 30
0.0
 10
-220.0332
 20
4.7846
 30
0.0
 10
-234.7351
 20
1.0374
 30
0.0
 10
-237.9255
 20
-8.7048
 30
0.0
 10
-240.9547
 20
-17.9549
 30
0.0
 10
-229.1639
 20
-24.4938
 30
0.0
 10
-231.1863
 20
-33.1511
 30
0.0
 10
-232.9334
 20
-40.6305
 30
0.0
 10
-245.2924
 20
-47.9233
 30
0.0
 10
-249.2153
 20
-47.4181
 30
0.0
 10
-254.1777
 20
-46.7789
 30
0.0
 10
-263.1459
 20
-36.074
 30
0.0
 10
-265.0997
 20
-30.8331
 30
0.0
 10
-265.9557
 20
-28.5369
 30
0.0
 10
-265.325
 20
-24.0426
 30
0.0
 10
-267.4438
 20
-22.5418
 30
0.0
 10
-270.9188
 20
-20.8531
 30
0.0
 10
-276.5481
 20
-32.2913
 30
0.0
 10
-265.8259
 20
-44.9692
 30
0.0
 10
-264.3385
 20
-46.728
 30
0.0
 10
-261.0059
 20
-48.8359
 30
0.0
 10
-263.8073
 20
-51.543
 30
0.0
 10
-267.2407
 20
-53.3464
 30
0.0
 10
-276.9145
 20
-43.0174
 30
0.0
 10
-278.5461
 20
-41.1122
 30
0.0
 10
-280.522
 20
-38.805
 30
0.0
 10
-282.1065
 20
-36.746
 30
0.0
 10
-283.3207
 20
-33.188
 30
0.0
 10
-284.2886
 20
-30.3517
 30
0.0
 10
-284.1509
 20
-25.6773
 30
0.0
 10
-286.1386
 20
-23.4001
 30
0.0
  0
SPLINE
  5
71
330
1F
100
AcDbEntity
  8
Layer 1
100
AcDbSpline
210
0.0
220
0.0
230
1.0
 70
    11
 71
     3
 72
    56
 73
    52
 74
     0
 42
0.0000000001
 43
0.0000000001
 40
0.0
 40
0.0
 40
0.0
 40
0.0
 40
0.0588235294117647
 40
0.0588235294117647
 40
0.0588235294117647
 40
0.1176470588235294
 40
0.1176470588235294
 40
0.1176470588235294
 40
0.1764705882352941
 40
0.1764705882352941
 40
0.1764705882352941
 40
0.2352941176470588
 40
0.2352941176470588
 40
0.2352941176470588
 40
0.2941176470588235
 40
0.2941176470588235
 40
0.2941176470588235
 40
0.3529411764705882
 40
0.3529411764705882
 40
0.3529411764705882
 40
0.4117647058823529
 40
0.4117647058823529
 40
0.4117647058823529
 40
0.4705882352941176
 40
0.4705882352941176
 40
0.4705882352941176
 40
0.5294117647058824
 40
0.5294117647058824
 40
0.5294117647058824
 40
0.5882352941176471
 40
0.5882352941176471
 40
0.5882352941176471
 40
0.6470588235294118
 40
0.6470588235294118
 40
0.6470588235294118
 40
0.7058823529411764
 40
0.7058823529411764
 40
0.7058823529411764
 40
0.7647058823529411
 40
0.7647058823529411
 40
0.7647058823529411
 40
0.8235294117647058
 40
0.8235294117647058
 40
0.8235294117647058
 40
0.8823529411764706
 40
0.8823529411764706
 40
0.8823529411764706
 40
0.9411764705882353
 40
0.9411764705882353
 40
0.9411764705882353
 40
1.0
 40
1.0
 40
1.0
 40
1.0
 10
2.8414
 20
39.8783
 30
0.0
 10
21.959
 20
40.749
 30
0.0
 10
38.5678
 20
35.2862
 30
0.0
 10
52.7586
 20
27.4015
 30
0.0
 10
56.113
 20
25.5377
 30
0.0
 10
59.6522
 20
23.4156
 30
0.0
 10
62.5774
 20
21.3504
 30
0.0
 10
68.9102
 20
16.8792
 30
0.0
 10
69.0014
 20
16.6832
 30
0.0
 10
67.737
 20
11.8484
 30
0.0
 10
65.6149
 20
3.7335
 30
0.0
 10
62.6878
 20
-4.0559
 30
0.0
 10
59.5765
 20
-11.3407
 30
0.0
 10
51.7593
 20
-29.6435
 30
0.0
 10
49.357
 20
-32.1695
 30
0.0
 10
39.1941
 20
-45.9797
 30
0.0
 10
38.3068
 20
-47.1854
 30
0.0
 10
36.4344
 20
-48.8922
 30
0.0
 10
35.3792
 20
-49.9228
 30
0.0
 10
29.8637
 20
-55.3097
 30
0.0
 10
24.9595
 20
-59.8548
 30
0.0
 10
17.2111
 20
-63.1364
 30
0.0
 10
8.4479
 20
-66.8477
 30
0.0
 10
0.4093
 20
-67.5512
 30
0.0
 10
-9.4718
 20
-64.8442
 30
0.0
 10
-27.8419
 20
-59.8116
 30
0.0
 10
-44.0052
 20
-46.4888
 30
0.0
 10
-58.5206
 20
-35.1941
 30
0.0
 10
-59.4369
 20
-34.4811
 30
0.0
 10
-59.6796
 20
-34.1195
 30
0.0
 10
-60.554
 20
-33.3498
 30
0.0
 10
-60.554
 20
-33.3498
 30
0.0
 10
-66.773
 20
-27.9264
 30
0.0
 10
-66.773
 20
-27.9264
 30
0.0
 10
-70.0989
 20
-25.1165
 30
0.0
 10
-71.6878
 20
-22.7836
 30
0.0
 10
-74.6094
 20
-19.8915
 30
0.0
 10
-76.4056
 20
-18.1135
 30
0.0
 10
-77.0886
 20
-17.6349
 30
0.0
 10
-76.199
 20
-14.1857
 30
0.0
 10
-75.6721
 20
-12.1429
 30
0.0
 10
-75.0593
 20
-10.1245
 30
0.0
 10
-74.2451
 20
-8.3773
 30
0.0
 10
-72.3262
 20
-4.2595
 30
0.0
 10
-71.1161
 20
-1.5286
 30
0.0
 10
-68.8313
 20
2.0851
 30
0.0
 10
-63.8895
 20
9.901
 30
0.0
 10
-53.246
 20
20.37
 30
0.0
 10
-45.0295
 20
25.1909
 30
0.0
 10
-30.9463
 20
33.454
 30
0.0
 10
-16.6817
 20
38.989
 30
0.0
 10
2.8414
 20
39.8783
 30
0.0
  0
SPLINE
  5
72
330
1F
100
AcDbEntity
  8
Layer 1
100
AcDbSpline
210
0.0
220
0.0
230
1.0
 70
    11
 71
     3
 72
    65
 73
    61
 74
     0
 42
0.0000000001
 43
0.0000000001
 40
0.0
 40
0.0
 40
0.0
 40
0.0
 40
0.05
 40
0.05
 40
0.05
 40
0.1
 40
0.1
 40
0.1
 40
0.15
 40
0.15
 40
0.15
 40
0.2
 40
0.2
 40
0.2
 40
0.25
 40
0.25
 40
0.25
 40
0.3
 40
0.3
 40
0.3
 40
0.35
 40
0.35
 40
0.35
 40
0.4
 40
0.4
 40
0.4
 40
0.45
 40
0.45
 40
0.45
 40
0.5
 40
0.5
 40
0.5
 40
0.55
 40
0.55
 40
0.55
 40
0.6000000000000001
 40
0.6000000000000001
 40
0.6000000000000001
 40
0.65
 40
0.65
 40
0.65
 40
0.7000000000000001
 40
0.7000000000000001
 40
0.7000000000000001
 40
0.75
 40
0.75
 40
0.75
 40
0.8
 40
0.8
 40
0.8
 40
0.8500000000000001
 40
0.8500000000000001
 40
0.8500000000000001
 40
0.9
 40
0.9
 40
0.9
 40
0.9500000000000001
 40
0.9500000000000001
 40
0.9500000000000001
 40
1.0
 40
1.0
 40
1.0
 40
1.0
 10
257.9302
 20
-23.828
 30
0.0
 10
258.1498
 20
-26.0396
 30
0.0
 10
253.2722
 20
-33.0029
 30
0.0
 10
251.9033
 20
-35.7687
 30
0.0
 10
248.179
 20
-43.2934
 30
0.0
 10
244.9647
 20
-54.294
 30
0.0
 10
242.7363
 20
-62.6056
 30
0.0
 10
241.6577
 20
-66.6283
 30
0.0
 10
240.8116
 20
-73.2056
 30
0.0
 10
237.5516
 20
-75.0296
 30
0.0
 10
224.4575
 20
-82.3556
 30
0.0
 10
201.4896
 20
-83.9931
 30
0.0
 10
188.628
 20
-73.4075
 30
0.0
 10
187.0365
 20
-72.0976
 30
0.0
 10
185.3814
 20
-71.1362
 30
0.0
 10
185.4082
 20
-67.9262
 30
0.0
 10
185.4715
 20
-60.3491
 30
0.0
 10
190.0663
 20
-46.6584
 30
0.0
 10
190.079
 20
-36.8796
 30
0.0
 10
190.1001
 20
-20.6685
 30
0.0
 10
182.6445
 20
-29.5391
 30
0.0
 10
182.6276
 20
-8.661
 30
0.0
 10
182.6189
 20
1.9741
 30
0.0
 10
180.4618
 20
13.5023
 30
0.0
 10
189.6242
 20
19.8152
 30
0.0
 10
200.429
 20
27.2597
 30
0.0
 10
213.0726
 20
19.4823
 30
0.0
 10
212.7509
 20
13.2374
 30
0.0
 10
209.2719
 20
12.5436
 30
0.0
 10
203.2808
 20
15.8708
 30
0.0
 10
195.8167
 20
10.0988
 30
0.0
 10
182.9804
 20
0.1726
 30
0.0
 10
189.458
 20
-20.5865
 30
0.0
 10
204.3442
 20
-19.826
 30
0.0
 10
207.7426
 20
-19.6524
 30
0.0
 10
210.1594
 20
-17.8215
 30
0.0
 10
212.4601
 20
-17.8458
 30
0.0
 10
213.0746
 20
-19.4537
 30
0.0
 10
212.7291
 20
-20.0531
 30
0.0
 10
214.2224
 20
-21.0986
 30
0.0
 10
216.6507
 20
-21.9151
 30
0.0
 10
218.1138
 20
-17.5879
 30
0.0
 10
218.9796
 20
-15.8784
 30
0.0
 10
219.6143
 20
-14.625
 30
0.0
 10
219.4471
 20
-14.636
 30
0.0
 10
220.5716
 20
-14.1641
 30
0.0
 10
222.0779
 20
-14.8624
 30
0.0
 10
222.2426
 20
-15.9552
 30
0.0
 10
223.5082
 20
-17.0125
 30
0.0
 10
231.4846
 20
-23.676
 30
0.0
 10
235.5253
 20
-19.0146
 30
0.0
 10
239.3097
 20
-20.9906
 30
0.0
 10
244.1556
 20
-23.5209
 30
0.0
 10
245.8759
 20
-16.4157
 30
0.0
 10
248.4376
 20
-15.7608
 30
0.0
 10
250.0632
 20
-17.1971
 30
0.0
 10
250.5327
 20
-19.2707
 30
0.0
 10
252.3009
 20
-20.6733
 30
0.0
 10
253.9591
 20
-21.9886
 30
0.0
 10
256.1322
 20
-22.7978
 30
0.0
 10
257.9302
 20
-23.828
 30
0.0
  0
SPLINE
  5
73
330
1F
100
AcDbEntity
  8
Layer 1
100
AcDbSpline
210
0.0
220
0.0
230
1.0
 70
    11
 71
     3
 72
    20
 73
    16
 74
     0
 42
0.0000000001
 43
0.0000000001
 40
0.0
 40
0.0
 40
0.0
 40
0.0
 40
0.2
 40
0.2
 40
0.2
 40
0.4
 40
0.4
 40
0.4
 40
0.6000000000000001
 40
0.6000000000000001
 40
0.6000000000000001
 40
0.8
 40
0.8
 40
0.8
 40
1.0
 40
1.0
 40
1.0
 40
1.0
 10
253.7286
 20
8.92
 30
0.0
 10
253.1167
 20
9.8066
 30
0.0
 10
251.5478
 20
16.9695
 30
0.0
 10
251.5891
 20
18.5216
 30
0.0
 10
251.6999
 20
22.6831
 30
0.0
 10
262.7752
 20
23.1661
 30
0.0
 10
267.1934
 20
16.7984
 30
0.0
 10
268.2586
 20
15.2632
 30
0.0
 10
271.1476
 20
11.6105
 30
0.0
 10
270.401
 20
9.2345
 30
0.0
 10
268.3993
 20
9.0726
 30
0.0
 10
265.5957
 20
10.853
 30
0.0
 10
262.1932
 20
10.7412
 30
0.0
 10
258.8966
 20
10.6329
 30
0.0
 10
255.4205
 20
8.7431
 30
0.0
 10
253.7286
 20
8.92
 30
0.0
  0
SPLINE
  5
74
330
1F
100
AcDbEntity
  8
Layer 1
100
AcDbSpline
210
0.0
220
0.0
230
1.0
 70
    11
 71
     3
 72
    26
 73
    22
 74
     0
 42
0.0000000001
 43
0.0000000001
 40
0.0
 40
0.0
 40
0.0
 40
0.0
 40
0.1428571428571428
 40
0.1428571428571428
 40
0.1428571428571428
 40
0.2857142857142857
 40
0.2857142857142857
 40
0.2857142857142857
 40
0.4285714285714285
 40
0.4285714285714285
 40
0.4285714285714285
 40
0.5714285714285714
 40
0.5714285714285714
 40
0.5714285714285714
 40
0.7142857142857142
 40
0.7142857142857142
 40
0.7142857142857142
 40
0.8571428571428571
 40
0.8571428571428571
 40
0.8571428571428571
 40
1.0
 40
1.0
 40
1.0
 40
1.0
 10
222.3353
 20
10.4011
 30
0.0
 10
221.0375
 20
11.8127
 30
0.0
 10
220.8676
 20
14.255
 30
0.0
 10
220.0246
 20
16.1821
 30
0.0
 10
219.1942
 20
18.08
 30
0.0
 10
217.4557
 20
19.982
 30
0.0
 10
218.9167
 20
21.9018
 30
0.0
 10
220.3563
 20
23.7936
 30
0.0
 10
226.3774
 20
26.6903
 30
0.0
 10
229.7373
 20
26.8617
 30
0.0
 10
236.6695
 20
27.2153
 30
0.0
 10
241.6274
 20
23.1842
 30
0.0
 10
244.0745
 20
17.6705
 30
0.0
 10
244.8859
 20
15.8424
 30
0.0
 10
245.9734
 20
13.1259
 30
0.0
 10
245.1107
 20
11.2288
 30
0.0
 10
243.3861
 20
10.8437
 30
0.0
 10
241.8781
 20
12.847
 30
0.0
 10
240.0161
 20
13.6114
 30
0.0
 10
229.7964
 20
17.8069
 30
0.0
 10
225.0244
 20
10.4055
 30
0.0
 10
222.3353
 20
10.4011
 30
0.0
  0
SPLINE
  5
75
330
1F
100
AcDbEntity
  8
Layer 1
100
AcDbSpline
210
0.0
220
0.0
230
1.0
 70
    11
 71
     3
 72
    14
 73
    10
 74
     0
 42
0.0000000001
 43
0.0000000001
 40
0.0
 40
0.0
 40
0.0
 40
0.0
 40
0.3333333333333333
 40
0.3333333333333333
 40
0.3333333333333333
 40
0.6666666666666666
 40
0.6666666666666666
 40
0.6666666666666666
 40
1.0
 40
1.0
 40
1.0
 40
1.0
 10
-89.8186
 20
30.8452
 30
0.0
 10
-89.1559
 20
32.7448
 30
0.0
 10
-78.6531
 20
39.2767
 30
0.0
 10
-76.0769
 20
38.9118
 30
0.0
 10
-74.5351
 20
35.8136
 30
0.0
 10
-73.8537
 20
27.4211
 30
0.0
 10
-76.0769
 20
24.574
 30
0.0
 10
-77.7664
 20
23.5268
 30
0.0
 10
-89.2424
 20
29.7137
 30
0.0
 10
-89.8186
 20
30.8452
 30
0.0
  0
SPLINE
  5
76
330
1F
100
AcDbEntity
  8
Layer 1
100
AcDbSpline
210
0.0
220
0.0
230
1.0
 70
    11
 71
     3
 72
    77
 73
    73
 74
     0
 42
0.0000000001
 43
0.0000000001
 40
0.0
 40
0.0
 40
0.0
 40
0.0
 40
0.0416666666666667
 40
0.0416666666666667
 40
0.0416666666666667
 40
0.0833333333333333
 40
0.0833333333333333
 40
0.0833333333333333
 40
0.125
 40
0.125
 40
0.125
 40
0.1666666666666667
 40
0.1666666666666667
 40
0.1666666666666667
 40
0.2083333333333333
 40
0.2083333333333333
 40
0.2083333333333333
 40
0.25
 40
0.25
 40
0.25
 40
0.2916666666666666
 40
0.2916666666666666
 40
0.2916666666666666
 40
0.3333333333333333
 40
0.3333333333333333
 40
0.3333333333333333
 40
0.375
 40
0.375
 40
0.375
 40
0.4166666666666666
 40
0.4166666666666666
 40
0.4166666666666666
 40
0.4583333333333333
 40
0.4583333333333333
 40
0.4583333333333333
 40
0.5
 40
0.5
 40
0.5
 40
0.5416666666666666
 40
0.5416666666666666
 40
0.5416666666666666
 40
0.5833333333333333
 40
0.5833333333333333
 40
0.5833333333333333
 40
0.625
 40
0.625
 40
0.625
 40
0.6666666666666666
 40
0.6666666666666666
 40
0.6666666666666666
 40
0.7083333333333333
 40
0.7083333333333333
 40
0.7083333333333333
 40
0.75
 40
0.75
 40
0.75
 40
0.7916666666666666
 40
0.7916666666666666
 40
0.7916666666666666
 40
0.8333333333333333
 40
0.8333333333333333
 40
0.8333333333333333
 40
0.875
 40
0.875
 40
0.875
 40
0.9166666666666666
 40
0.9166666666666666
 40
0.9166666666666666
 40
0.9583333333333333
 40
0.9583333333333333
 40
0.9583333333333333
 40
1.0
 40
1.0
 40
1.0
 40
1.0
 10
70.6599
 20
25.2687
 30
0.0
 10
68.6239
 20
25.0342
 30
0.0
 10
66.1229
 20
27.3658
 30
0.0
 10
64.6288
 20
28.3458
 30
0.0
 10
50.641
 20
37.521
 30
0.0
 10
35.9845
 20
43.259
 30
0.0
 10
18.7127
 20
45.6072
 30
0.0
 10
-1.8622
 20
48.4044
 30
0.0
 10
-23.8413
 20
43.6328
 30
0.0
 10
-41.9168
 20
34.7744
 30
0.0
 10
-52.4615
 20
29.6066
 30
0.0
 10
-55.3846
 20
26.177
 30
0.0
 10
-63.5681
 20
20.1002
 30
0.0
 10
-68.5541
 20
16.3978
 30
0.0
 10
-75.8307
 20
5.5831
 30
0.0
 10
-78.9762
 20
-0.4707
 30
0.0
 10
-82.96
 20
-8.1378
 30
0.0
 10
-83.2136
 20
-11.9282
 30
0.0
 10
-86.3867
 20
-8.0381
 30
0.0
 10
-91.8777
 20
-1.3064
 30
0.0
 10
-97.247
 20
4.6194
 30
0.0
 10
-101.8164
 20
12.5099
 30
0.0
 10
-106.4433
 20
20.4998
 30
0.0
 10
-107.9114
 20
20.4871
 30
0.0
 10
-103.21
 20
23.4077
 30
0.0
 10
-101.3274
 20
24.5771
 30
0.0
 10
-99.3484
 20
26.0294
 30
0.0
 10
-96.6792
 20
25.0446
 30
0.0
 10
-88.129
 20
21.8899
 30
0.0
 10
-70.5875
 20
8.7128
 30
0.0
 10
-67.2944
 20
24.8798
 30
0.0
 10
-66.0831
 20
30.8264
 30
0.0
 10
-66.4945
 20
35.3795
 30
0.0
 10
-67.4427
 20
41.2095
 30
0.0
 10
-68.0506
 20
44.9465
 30
0.0
 10
-66.4399
 20
44.9926
 30
0.0
 10
-63.7758
 20
46.409
 30
0.0
 10
-61.6506
 20
47.539
 30
0.0
 10
-59.6542
 20
48.2701
 30
0.0
 10
-57.4716
 20
49.2608
 30
0.0
 10
-40.0279
 20
57.1791
 30
0.0
 10
-19.8986
 20
62.0998
 30
0.0
 10
-0.8369
 20
64.9486
 30
0.0
 10
1.8783
 20
65.3545
 30
0.0
 10
4.5055
 20
65.5888
 30
0.0
 10
7.2294
 20
66.039
 30
0.0
 10
9.9133
 20
66.4825
 30
0.0
 10
12.5482
 20
66.2745
 30
0.0
 10
15.4397
 20
66.7482
 30
0.0
 10
18.7862
 20
67.2965
 30
0.0
 10
29.6488
 20
68.5908
 30
0.0
 10
31.7244
 20
66.6826
 30
0.0
 10
33.1855
 20
65.3393
 30
0.0
 10
40.3486
 20
49.8044
 30
0.0
 10
47.6108
 20
46.6151
 30
0.0
 10
53.8432
 20
43.8782
 30
0.0
 10
56.6608
 20
48.7577
 30
0.0
 10
58.6514
 20
52.3826
 30
0.0
 10
60.7875
 20
56.2725
 30
0.0
 10
62.8061
 20
60.5198
 30
0.0
 10
64.6016
 20
64.4145
 30
0.0
 10
65.8212
 20
67.0599
 30
0.0
 10
66.1526
 20
68.3736
 30
0.0
 10
69.5929
 20
68.485
 30
0.0
 10
72.35
 20
68.5744
 30
0.0
 10
75.3591
 20
69.1914
 30
0.0
 10
77.41
 20
68.3134
 30
0.0
 10
78.5285
 20
64.221
 30
0.0
 10
76.1778
 20
50.2782
 30
0.0
 10
75.4947
 20
45.3285
 30
0.0
 10
74.882
 20
40.8885
 30
0.0
 10
73.0641
 20
27.8729
 30
0.0
 10
70.6599
 20
25.2687
 30
0.0
  0
SPLINE
  5
77
330
1F
100
AcDbEntity
  8
Layer 1
100
AcDbSpline
210
0.0
220
0.0
230
1.0
 70
    11
 71
     3
 72
    17
 73
    13
 74
     0
 42
0.0000000001
 43
0.0000000001
 40
0.0
 40
0.0
 40
0.0
 40
0.0
 40
0.25
 40
0.25
 40
0.25
 40
0.5
 40
0.5
 40
0.5
 40
0.75
 40
0.75
 40
0.75
 40
1.0
 40
1.0
 40
1.0
 40
1.0
 10
53.7286
 20
68.4185
 30
0.0
 10
58.636
 20
68.4185
 30
0.0
 10
57.0654
 20
66.0042
 30
0.0
 10
54.6331
 20
60.9671
 30
0.0
 10
51.1963
 20
53.8499
 30
0.0
 10
50.7536
 20
50.236
 30
0.0
 10
43.6687
 20
61.701
 30
0.0
 10
40.6126
 20
66.6463
 30
0.0
 10
38.8567
 20
68.4185
 30
0.0
 10
44.5576
 20
68.4185
 30
0.0
 10
44.5576
 20
68.4185
 30
0.0
 10
53.7286
 20
68.4185
 30
0.0
 10
53.7286
 20
68.4185
 30
0.0
  0
SPLINE
  5
78
330
1F
100
AcDbEntity
  8
Layer 1
100
AcDbSpline
210
0.0
220
0.0
230
1.0
 70
    11
 71
     3
 72
   128
 73
   124
 74
     0
 42
0.0000000001
 43
0.0000000001
 40
0.0
 40
0.0
 40
0.0
 40
0.0
 40
0.024390243902439
 40
0.024390243902439
 40
0.024390243902439
 40
0.0487804878048781
 40
0.0487804878048781
 40
0.0487804878048781
 40
0.0731707317073171
 40
0.0731707317073171
 40
0.0731707317073171
 40
0.0975609756097561
 40
0.0975609756097561
 40
0.0975609756097561
 40
0.1219512195121951
 40
0.1219512195121951
 40
0.1219512195121951
 40
0.1463414634146342
 40
0.1463414634146342
 40
0.1463414634146342
 40
0.1707317073170732
 40
0.1707317073170732
 40
0.1707317073170732
 40
0.1951219512195122
 40
0.1951219512195122
 40
0.1951219512195122
 40
0.2195121951219512
 40
0.2195121951219512
 40
0.2195121951219512
 40
0.2439024390243902
 40
0.2439024390243902
 40
0.2439024390243902
 40
0.2682926829268293
 40
0.2682926829268293
 40
0.2682926829268293
 40
0.2926829268292683
 40
0.2926829268292683
 40
0.2926829268292683
 40
0.3170731707317073
 40
0.3170731707317073
 40
0.3170731707317073
 40
0.3414634146341464
 40
0.3414634146341464
 40
0.3414634146341464
 40
0.3658536585365854
 40
0.3658536585365854
 40
0.3658536585365854
 40
0.3902439024390244
 40
0.3902439024390244
 40
0.3902439024390244
 40
0.4146341463414634
 40
0.4146341463414634
 40
0.4146341463414634
 40
0.4390243902439024
 40
0.4390243902439024
 40
0.4390243902439024
 40
0.4634146341463415
 40
0.4634146341463415
 40
0.4634146341463415
 40
0.4878048780487805
 40
0.4878048780487805
 40
0.4878048780487805
 40
0.5121951219512195
 40
0.5121951219512195
 40
0.5121951219512195
 40
0.5365853658536586
 40
0.5365853658536586
 40
0.5365853658536586
 40
0.5609756097560976
 40
0.5609756097560976
 40
0.5609756097560976
 40
0.5853658536585367
 40
0.5853658536585367
 40
0.5853658536585367
 40
0.6097560975609756
 40
0.6097560975609756
 40
0.6097560975609756
 40
0.6341463414634146
 40
0.6341463414634146
 40
0.6341463414634146
 40
0.6585365853658537
 40
0.6585365853658537
 40
0.6585365853658537
 40
0.6829268292682927
 40
0.6829268292682927
 40
0.6829268292682927
 40
0.7073170731707318
 40
0.7073170731707318
 40
0.7073170731707318
 40
0.7317073170731707
 40
0.7317073170731707
 40
0.7317073170731707
 40
0.7560975609756098
 40
0.7560975609756098
 40
0.7560975609756098
 40
0.7804878048780488
 40
0.7804878048780488
 40
0.7804878048780488
 40
0.8048780487804879
 40
0.8048780487804879
 40
0.8048780487804879
 40
0.8292682926829269
 40
0.8292682926829269
 40
0.8292682926829269
 40
0.8536585365853658
 40
0.8536585365853658
 40
0.8536585365853658
 40
0.8780487804878049
 40
0.8780487804878049
 40
0.8780487804878049
 40
0.9024390243902439
 40
0.9024390243902439
 40
0.9024390243902439
 40
0.926829268292683
 40
0.926829268292683
 40
0.926829268292683
 40
0.951219512195122
 40
0.951219512195122
 40
0.951219512195122
 40
0.975609756097561
 40
0.975609756097561
 40
0.975609756097561
 40
1.0
 40
1.0
 40
1.0
 40
1.0
 10
-221.7946
 20
-48.3158
 30
0.0
 10
-222.4546
 20
-49.9104
 30
0.0
 10
-222.1102
 20
-48.9701
 30
0.0
 10
-223.4686
 20
-49.9957
 30
0.0
 10
-223.4686
 20
-49.9957
 30
0.0
 10
-228.4965
 20
-53.7407
 30
0.0
 10
-228.4965
 20
-53.7407
 30
0.0
 10
-227.8214
 20
-52.3408
 30
0.0
 10
-226.578
 20
-51.473
 30
0.0
 10
-225.5005
 20
-50.4295
 30
0.0
 10
-223.7838
 20
-48.767
 30
0.0
 10
-223.6742
 20
-48.0497
 30
0.0
 10
-222.2926
 20
-47.3914
 30
0.0
 10
-220.1246
 20
-45.0555
 30
0.0
 10
-218.0541
 20
-42.7656
 30
0.0
 10
-215.773
 20
-40.3957
 30
0.0
 10
-215.773
 20
-40.3957
 30
0.0
 10
-208.6671
 20
-33.7426
 30
0.0
 10
-208.6671
 20
-33.7426
 30
0.0
 10
-206.1433
 20
-31.5718
 30
0.0
 10
-203.8198
 20
-29.7234
 30
0.0
 10
-201.3071
 20
-27.3462
 30
0.0
 10
-201.3071
 20
-27.3462
 30
0.0
 10
-178.4412
 20
-8.9441
 30
0.0
 10
-178.4412
 20
-8.9441
 30
0.0
 10
-174.9004
 20
-6.3235
 30
0.0
 10
-165.4192
 20
4.1723
 30
0.0
 10
-167.4353
 20
6.5137
 30
0.0
 10
-169.8262
 20
7.9913
 30
0.0
 10
-172.4164
 20
4.3706
 30
0.0
 10
-174.6627
 20
3.8735
 30
0.0
 10
-177.2397
 20
3.3033
 30
0.0
 10
-178.038
 20
5.8193
 30
0.0
 10
-180.1995
 20
8.5542
 30
0.0
 10
-186.3285
 20
16.3088
 30
0.0
 10
-191.3155
 20
26.9676
 30
0.0
 10
-194.4755
 20
36.5865
 30
0.0
 10
-195.3845
 20
39.3532
 30
0.0
 10
-198.8336
 20
51.1071
 30
0.0
 10
-198.0314
 20
53.6343
 30
0.0
 10
-195.3892
 20
53.7613
 30
0.0
 10
-194.5315
 20
51.7737
 30
0.0
 10
-191.7602
 20
52.7009
 30
0.0
 10
-190.7683
 20
55.1767
 30
0.0
 10
-192.3164
 20
56.4243
 30
0.0
 10
-193.7445
 20
57.7971
 30
0.0
 10
-194.5838
 20
58.6038
 30
0.0
 10
-194.7641
 20
58.9491
 30
0.0
 10
-195.7272
 20
59.6964
 30
0.0
 10
-199.3487
 20
62.5063
 30
0.0
 10
-203.3986
 20
65.2554
 30
0.0
 10
-208.4184
 20
66.4439
 30
0.0
 10
-225.2829
 20
70.4368
 30
0.0
 10
-247.4639
 20
71.1893
 30
0.0
 10
-265.0644
 20
71.9651
 30
0.0
 10
-270.2592
 20
72.194
 30
0.0
 10
-289.2419
 20
73.117
 30
0.0
 10
-293.2394
 20
74.2314
 30
0.0
 10
-290.8254
 20
76.1056
 30
0.0
 10
-256.7204
 20
74.8394
 30
0.0
 10
-250.6666
 20
74.7627
 30
0.0
 10
-237.4579
 20
74.5952
 30
0.0
 10
-222.6902
 20
73.5425
 30
0.0
 10
-209.8266
 20
72.0999
 30
0.0
 10
-202.712
 20
71.3021
 30
0.0
 10
-195.1925
 20
72.2446
 30
0.0
 10
-188.3117
 20
71.3547
 30
0.0
 10
-184.2498
 20
70.8294
 30
0.0
 10
-183.4891
 20
69.8872
 30
0.0
 10
-180.825
 20
67.8949
 30
0.0
 10
-176.2131
 20
64.4461
 30
0.0
 10
-173.4598
 20
62.0057
 30
0.0
 10
-168.3698
 20
58.4815
 30
0.0
 10
-163.5565
 20
55.1489
 30
0.0
 10
-159.2608
 20
53.2479
 30
0.0
 10
-153.6864
 20
51.2883
 30
0.0
 10
-151.014
 20
50.3488
 30
0.0
 10
-147.523
 20
49.9397
 30
0.0
 10
-145.7333
 20
48.375
 30
0.0
 10
-144.4791
 20
46.0941
 30
0.0
 10
-156.9417
 20
25.4417
 30
0.0
 10
-146.7989
 20
15.1499
 30
0.0
 10
-140.3991
 20
8.6561
 30
0.0
 10
-130.4167
 20
9.9493
 30
0.0
 10
-122.0654
 20
13.3255
 30
0.0
 10
-111.1673
 20
17.7312
 30
0.0
 10
-115.6038
 20
17.9075
 30
0.0
 10
-108.2021
 20
7.5402
 30
0.0
 10
-100.1249
 20
-3.7731
 30
0.0
 10
-98.4738
 20
-5.7702
 30
0.0
 10
-89.6283
 20
-16.2147
 30
0.0
 10
-88.3854
 20
-17.6823
 30
0.0
 10
-87.203
 20
-18.5144
 30
0.0
 10
-85.9049
 20
-19.8993
 30
0.0
 10
-83.3906
 20
-22.5817
 30
0.0
 10
-74.3142
 20
-31.6995
 30
0.0
 10
-71.6169
 20
-33.8311
 30
0.0
 10
-71.6169
 20
-33.8311
 30
0.0
 10
-65.9785
 20
-38.7748
 30
0.0
 10
-65.9785
 20
-38.7748
 30
0.0
 10
-64.4416
 20
-39.9829
 30
0.0
 10
-60.9285
 20
-42.4561
 30
0.0
 10
-61.0791
 20
-44.0737
 30
0.0
 10
-64.0911
 20
-44.6271
 30
0.0
 10
-72.5282
 20
-42.9475
 30
0.0
 10
-75.9489
 20
-42.4271
 30
0.0
 10
-102.6872
 20
-38.3595
 30
0.0
 10
-117.5861
 20
-39.9892
 30
0.0
 10
-143.2639
 20
-25.0495
 30
0.0
 10
-147.2176
 20
-22.7491
 30
0.0
 10
-149.9586
 20
-20.768
 30
0.0
 10
-153.3927
 20
-18.25
 30
0.0
 10
-163.069
 20
-11.1549
 30
0.0
 10
-158.926
 20
-13.7043
 30
0.0
 10
-159.3532
 20
-8.6775
 30
0.0
 10
-164.456
 20
-6.7717
 30
0.0
 10
-174.7728
 20
-12.4473
 30
0.0
 10
-178.085
 20
-14.9406
 30
0.0
 10
-182.935
 20
-18.5914
 30
0.0
 10
-188.2893
 20
-22.2478
 30
0.0
 10
-192.8569
 20
-25.9205
 30
0.0
 10
-194.8706
 20
-27.5396
 30
0.0
 10
-219.1968
 20
-46.996
 30
0.0
 10
-221.7946
 20
-48.3158
 30
0.0
  0
SPLINE
  5
79
330
1F
100
AcDbEntity
  8
Layer 1
100
AcDbSpline
210
0.0
220
0.0
230
1.0
 70
    11
 71
     3
 72
    20
 73
    16
 74
     0
 42
0.0000000001
 43
0.0000000001
 40
0.0
 40
0.0
 40
0.0
 40
0.0
 40
0.2
 40
0.2
 40
0.2
 40
0.4
 40
0.4
 40
0.4
 40
0.6000000000000001
 40
0.6000000000000001
 40
0.6000000000000001
 40
0.8
 40
0.8
 40
0.8
 40
1.0
 40
1.0
 40
1.0
 40
1.0
 10
-101.8269
 20
66.011
 30
0.0
 10
-104.3779
 20
65.936
 30
0.0
 10
-105.0806
 20
68.728
 30
0.0
 10
-106.1557
 20
70.9565
 30
0.0
 10
-109.9738
 20
78.871
 30
0.0
 10
-110.693
 20
82.2237
 30
0.0
 10
-113.4203
 20
90.8623
 30
0.0
 10
-119.7694
 20
110.9729
 30
0.0
 10
-117.045
 20
106.6007
 30
0.0
 10
-112.021
 20
109.4633
 30
0.0
 10
-109.9576
 20
110.639
 30
0.0
 10
-108.6418
 20
112.71
 30
0.0
 10
-106.7651
 20
112.9555
 30
0.0
 10
-103.5163
 20
109.4237
 30
0.0
 10
-97.7053
 20
70.4216
 30
0.0
 10
-101.8269
 20
66.011
 30
0.0
  0
SPLINE
  5
7A
330
1F
100
AcDbEntity
  8
Layer 1
100
AcDbSpline
210
0.0
220
0.0
230
1.0
 70
    11
 71
     3
 72
    98
 73
    94
 74
     0
 42
0.0000000001
 43
0.0000000001
 40
0.0
 40
0.0
 40
0.0
 40
0.0
 40
0.032258064516129
 40
0.032258064516129
 40
0.032258064516129
 40
0.0645161290322581
 40
0.0645161290322581
 40
0.0645161290322581
 40
0.0967741935483871
 40
0.0967741935483871
 40
0.0967741935483871
 40
0.1290322580645161
 40
0.1290322580645161
 40
0.1290322580645161
 40
0.1612903225806452
 40
0.1612903225806452
 40
0.1612903225806452
 40
0.1935483870967742
 40
0.1935483870967742
 40
0.1935483870967742
 40
0.2258064516129032
 40
0.2258064516129032
 40
0.2258064516129032
 40
0.2580645161290323
 40
0.2580645161290323
 40
0.2580645161290323
 40
0.2903225806451613
 40
0.2903225806451613
 40
0.2903225806451613
 40
0.3225806451612903
 40
0.3225806451612903
 40
0.3225806451612903
 40
0.3548387096774194
 40
0.3548387096774194
 40
0.3548387096774194
 40
0.3870967741935484
 40
0.3870967741935484
 40
0.3870967741935484
 40
0.4193548387096774
 40
0.4193548387096774
 40
0.4193548387096774
 40
0.4516129032258064
 40
0.4516129032258064
 40
0.4516129032258064
 40
0.4838709677419355
 40
0.4838709677419355
 40
0.4838709677419355
 40
0.5161290322580645
 40
0.5161290322580645
 40
0.5161290322580645
 40
0.5483870967741935
 40
0.5483870967741935
 40
0.5483870967741935
 40
0.5806451612903225
 40
0.5806451612903225
 40
0.5806451612903225
 40
0.6129032258064516
 40
0.6129032258064516
 40
0.6129032258064516
 40
0.6451612903225806
 40
0.6451612903225806
 40
0.6451612903225806
 40
0.6774193548387096
 40
0.6774193548387096
 40
0.6774193548387096
 40
0.7096774193548387
 40
0.7096774193548387
 40
0.7096774193548387
 40
0.7419354838709677
 40
0.7419354838709677
 40
0.7419354838709677
 40
0.7741935483870968
 40
0.7741935483870968
 40
0.7741935483870968
 40
0.8064516129032258
 40
0.8064516129032258
 40
0.8064516129032258
 40
0.8387096774193548
 40
0.8387096774193548
 40
0.8387096774193548
 40
0.8709677419354839
 40
0.8709677419354839
 40
0.8709677419354839
 40
0.9032258064516129
 40
0.9032258064516129
 40
0.9032258064516129
 40
0.9354838709677419
 40
0.9354838709677419
 40
0.9354838709677419
 40
0.967741935483871
 40
0.967741935483871
 40
0.967741935483871
 40
1.0
 40
1.0
 40
1.0
 40
1.0
 10
94.3077
 20
108.0939
 30
0.0
 10
94.985
 20
109.6449
 30
0.0
 10
96.4027
 20
109.9323
 30
0.0
 10
97.8594
 20
110.8734
 30
0.0
 10
108.7138
 20
117.8861
 30
0.0
 10
120.2489
 20
127.7101
 30
0.0
 10
123.9025
 20
140.9725
 30
0.0
 10
125.2326
 20
145.8008
 30
0.0
 10
127.8968
 20
147.9312
 30
0.0
 10
131.4016
 20
152.1165
 30
0.0
 10
133.8555
 20
155.0471
 30
0.0
 10
134.4172
 20
155.9735
 30
0.0
 10
137.3313
 20
158.5289
 30
0.0
 10
139.15
 20
160.1237
 30
0.0
 10
141.4548
 20
164.5453
 30
0.0
 10
144.2956
 20
161.633
 30
0.0
 10
145.0801
 20
160.8288
 30
0.0
 10
146.2612
 20
159.1386
 30
0.0
 10
146.9813
 20
157.9584
 30
0.0
 10
152.0188
 20
149.7013
 30
0.0
 10
153.5005
 20
138.1752
 30
0.0
 10
154.3601
 20
128.3762
 30
0.0
 10
154.9791
 20
121.3196
 30
0.0
 10
154.2898
 20
100.2214
 30
0.0
 10
151.9193
 20
93.8685
 30
0.0
 10
150.4321
 20
89.8827
 30
0.0
 10
146.328
 20
93.6153
 30
0.0
 10
143.0657
 20
91.7906
 30
0.0
 10
142.9663
 20
89.5216
 30
0.0
 10
144.4678
 20
88.9965
 30
0.0
 10
146.2156
 20
88.0586
 30
0.0
 10
157.154
 20
82.1883
 30
0.0
 10
171.0805
 20
80.3847
 30
0.0
 10
182.9738
 20
76.4658
 30
0.0
 10
189.7644
 20
74.2283
 30
0.0
 10
197.4433
 20
72.055
 30
0.0
 10
204.1089
 20
69.7874
 30
0.0
 10
207.97
 20
68.4738
 30
0.0
 10
220.1866
 20
63.8902
 30
0.0
 10
223.931
 20
62.0389
 30
0.0
 10
221.4227
 20
62.1499
 30
0.0
 10
215.8728
 20
63.6825
 30
0.0
 10
213.1962
 20
64.4225
 30
0.0
 10
194.1728
 20
69.6821
 30
0.0
 10
179.5385
 20
74.4991
 30
0.0
 10
159.4677
 20
79.1323
 30
0.0
 10
153.1951
 20
80.5803
 30
0.0
 10
146.4649
 20
80.1182
 30
0.0
 10
140.1063
 20
79.4665
 30
0.0
 10
137.8403
 20
79.2342
 30
0.0
 10
135.9499
 20
79.5524
 30
0.0
 10
135.6645
 20
77.406
 30
0.0
 10
137.0666
 20
75.034
 30
0.0
 10
141.8784
 20
77.2786
 30
0.0
 10
144.1849
 20
74.6617
 30
0.0
 10
146.2699
 20
70.7516
 30
0.0
 10
124.1773
 20
45.407
 30
0.0
 10
121.0838
 20
41.7965
 30
0.0
 10
121.0838
 20
41.7965
 30
0.0
 10
111.9457
 20
32.2386
 30
0.0
 10
111.9457
 20
32.2386
 30
0.0
 10
110.2437
 20
30.3103
 30
0.0
 10
108.8437
 20
29.3003
 30
0.0
 10
107.1337
 20
27.5275
 30
0.0
 10
99.5569
 20
19.6724
 30
0.0
 10
91.2331
 20
11.8977
 30
0.0
 10
82.58
 20
5.1693
 30
0.0
 10
80.7456
 20
3.743
 30
0.0
 10
79.0466
 20
2.4946
 30
0.0
 10
77.1536
 20
1.0714
 30
0.0
 10
75.8987
 20
0.128
 30
0.0
 10
73.3675
 20
-2.0897
 30
0.0
 10
71.5814
 20
-2.0957
 30
0.0
 10
71.2351
 20
-0.05
 30
0.0
 10
75.5262
 20
11.3778
 30
0.0
 10
76.3291
 20
14.263
 30
0.0
 10
79.2861
 20
24.8878
 30
0.0
 10
81.6392
 20
38.7403
 30
0.0
 10
83.4631
 20
49.7319
 30
0.0
 10
83.8804
 20
52.2468
 30
0.0
 10
85.5904
 20
67.898
 30
0.0
 10
85.9038
 20
68.5217
 30
0.0
 10
86.9079
 20
70.5205
 30
0.0
 10
91.8204
 20
70.3781
 30
0.0
 10
94.3121
 20
71.0189
 30
0.0
 10
101.9408
 20
72.9808
 30
0.0
 10
110.2814
 20
76.2084
 30
0.0
 10
112.6281
 20
84.4341
 30
0.0
 10
114.5105
 20
91.0326
 30
0.0
 10
110.462
 20
95.7801
 30
0.0
 10
106.8177
 20
99.4549
 30
0.0
 10
100.9021
 20
105.4201
 30
0.0
 10
95.1602
 20
106.2976
 30
0.0
 10
94.3077
 20
108.0939
 30
0.0
  0
SPLINE
  5
7B
330
1F
100
AcDbEntity
  8
Layer 1
100
AcDbSpline
210
0.0
220
0.0
230
1.0
 70
    11
 71
     3
 72
    77
 73
    73
 74
     0
 42
0.0000000001
 43
0.0000000001
 40
0.0
 40
0.0
 40
0.0
 40
0.0
 40
0.0416666666666667
 40
0.0416666666666667
 40
0.0416666666666667
 40
0.0833333333333333
 40
0.0833333333333333
 40
0.0833333333333333
 40
0.125
 40
0.125
 40
0.125
 40
0.1666666666666667
 40
0.1666666666666667
 40
0.1666666666666667
 40
0.2083333333333333
 40
0.2083333333333333
 40
0.2083333333333333
 40
0.25
 40
0.25
 40
0.25
 40
0.2916666666666666
 40
0.2916666666666666
 40
0.2916666666666666
 40
0.3333333333333333
 40
0.3333333333333333
 40
0.3333333333333333
 40
0.375
 40
0.375
 40
0.375
 40
0.4166666666666666
 40
0.4166666666666666
 40
0.4166666666666666
 40
0.4583333333333333
 40
0.4583333333333333
 40
0.4583333333333333
 40
0.5
 40
0.5
 40
0.5
 40
0.5416666666666666
 40
0.5416666666666666
 40
0.5416666666666666
 40
0.5833333333333333
 40
0.5833333333333333
 40
0.5833333333333333
 40
0.625
 40
0.625
 40
0.625
 40
0.6666666666666666
 40
0.6666666666666666
 40
0.6666666666666666
 40
0.7083333333333333
 40
0.7083333333333333
 40
0.7083333333333333
 40
0.75
 40
0.75
 40
0.75
 40
0.7916666666666666
 40
0.7916666666666666
 40
0.7916666666666666
 40
0.8333333333333333
 40
0.8333333333333333
 40
0.8333333333333333
 40
0.875
 40
0.875
 40
0.875
 40
0.9166666666666666
 40
0.9166666666666666
 40
0.9166666666666666
 40
0.9583333333333333
 40
0.9583333333333333
 40
0.9583333333333333
 40
1.0
 40
1.0
 40
1.0
 40
1.0
 10
229.1886
 20
111.2685
 30
0.0
 10
229.1886
 20
115.6311
 30
0.0
 10
230.6993
 20
121.6677
 30
0.0
 10
229.0956
 20
125.4426
 30
0.0
 10
227.3998
 20
129.4342
 30
0.0
 10
222.4899
 20
129.5834
 30
0.0
 10
217.9529
 20
128.7987
 30
0.0
 10
210.4348
 20
127.4985
 30
0.0
 10
200.3438
 20
124.9004
 30
0.0
 10
193.4783
 20
122.5201
 30
0.0
 10
185.6857
 20
119.8185
 30
0.0
 10
174.3535
 20
113.8762
 30
0.0
 10
168.1222
 20
109.0478
 30
0.0
 10
166.5947
 20
107.8642
 30
0.0
 10
165.4134
 20
106.8759
 30
0.0
 10
163.7502
 20
105.6481
 30
0.0
 10
160.3708
 20
103.1532
 30
0.0
 10
160.8392
 20
106.2422
 30
0.0
 10
161.0994
 20
109.0903
 30
0.0
 10
161.9713
 20
118.6344
 30
0.0
 10
161.4689
 20
121.4536
 30
0.0
 10
161.0968
 20
130.8442
 30
0.0
 10
160.8446
 20
137.2087
 30
0.0
 10
159.1793
 20
139.5779
 30
0.0
 10
163.2118
 20
143.2319
 30
0.0
 10
167.928
 20
147.5054
 30
0.0
 10
175.1459
 20
151.7217
 30
0.0
 10
182.6627
 20
154.4593
 30
0.0
 10
196.3586
 20
159.4474
 30
0.0
 10
220.3414
 20
162.5984
 30
0.0
 10
236.0919
 20
162.5984
 30
0.0
 10
253.048
 20
162.5984
 30
0.0
 10
269.0203
 20
157.4996
 30
0.0
 10
280.0176
 20
149.1947
 30
0.0
 10
287.828
 20
143.2964
 30
0.0
 10
296.7871
 20
133.2853
 30
0.0
 10
295.8159
 20
121.8337
 30
0.0
 10
295.5273
 20
118.4309
 30
0.0
 10
293.6608
 20
112.8628
 30
0.0
 10
290.0601
 20
113.5452
 30
0.0
 10
288.7708
 20
114.877
 30
0.0
 10
286.9365
 20
119.7993
 30
0.0
 10
285.4534
 20
121.8281
 30
0.0
 10
284.2234
 20
123.5107
 30
0.0
 10
281.7704
 20
127.2955
 30
0.0
 10
279.4924
 20
127.2696
 30
0.0
 10
276.9914
 20
127.2411
 30
0.0
 10
281.1726
 20
127.585
 30
0.0
 10
278.8755
 20
127.1534
 30
0.0
 10
278.8755
 20
127.1534
 30
0.0
 10
278.2823
 20
126.8947
 30
0.0
 10
278.2823
 20
126.8947
 30
0.0
 10
276.5773
 20
124.8825
 30
0.0
 10
287.5358
 20
111.9319
 30
0.0
 10
282.5947
 20
100.7336
 30
0.0
 10
279.6924
 20
94.1558
 30
0.0
 10
268.5751
 20
92.4618
 30
0.0
 10
268.3228
 20
96.8277
 30
0.0
 10
268.1156
 20
100.4137
 30
0.0
 10
269.6152
 20
101.6324
 30
0.0
 10
268.4603
 20
106.9487
 30
0.0
 10
267.8134
 20
109.9267
 30
0.0
 10
266.7113
 20
112.6488
 30
0.0
 10
265.3226
 20
115.1012
 30
0.0
 10
264.4317
 20
116.6744
 30
0.0
 10
261.4798
 20
121.0112
 30
0.0
 10
259.5279
 20
119.2258
 30
0.0
 10
256.9186
 20
116.4367
 30
0.0
 10
272.1818
 20
95.8787
 30
0.0
 10
250.7066
 20
89.2747
 30
0.0
 10
235.4871
 20
84.5944
 30
0.0
 10
229.1886
 20
97.4225
 30
0.0
 10
229.1886
 20
111.2685
 30
0.0
  0
SPLINE
  5
7C
330
1F
100
AcDbEntity
  8
Layer 1
100
AcDbSpline
210
0.0
220
0.0
230
1.0
 70
    11
 71
     3
 72
    17
 73
    13
 74
     0
 42
0.0000000001
 43
0.0000000001
 40
0.0
 40
0.0
 40
0.0
 40
0.0
 40
0.25
 40
0.25
 40
0.25
 40
0.5
 40
0.5
 40
0.5
 40
0.75
 40
0.75
 40
0.75
 40
1.0
 40
1.0
 40
1.0
 40
1.0
 10
31.8261
 20
146.2992
 30
0.0
 10
32.6253
 20
146.8801
 30
0.0
 10
38.538
 20
149.2863
 30
0.0
 10
39.6193
 20
149.249
 30
0.0
 10
42.0052
 20
146.4991
 30
0.0
 10
45.0899
 20
117.6515
 30
0.0
 10
42.4412
 20
114.558
 30
0.0
 10
40.5931
 20
115.1387
 30
0.0
 10
39.3342
 20
119.1649
 30
0.0
 10
38.5411
 20
121.1299
 30
0.0
 10
36.4709
 20
126.2585
 30
0.0
 10
31.2637
 20
141.9238
 30
0.0
 10
31.8261
 20
146.2992
 30
0.0
  0
SPLINE
  5
7D
330
1F
100
AcDbEntity
  8
Layer 1
100
AcDbSpline
210
0.0
220
0.0
230
1.0
 70
    11
 71
     3
 72
    23
 73
    19
 74
     0
 42
0.0000000001
 43
0.0000000001
 40
0.0
 40
0.0
 40
0.0
 40
0.0
 40
0.1666666666666667
 40
0.1666666666666667
 40
0.1666666666666667
 40
0.3333333333333333
 40
0.3333333333333333
 40
0.3333333333333333
 40
0.5
 40
0.5
 40
0.5
 40
0.6666666666666666
 40
0.6666666666666666
 40
0.6666666666666666
 40
0.8333333333333333
 40
0.8333333333333333
 40
0.8333333333333333
 40
1.0
 40
1.0
 40
1.0
 40
1.0
 10
-122.2854
 20
156.6417
 30
0.0
 10
-120.3423
 20
156.4234
 30
0.0
 10
-119.8489
 20
154.4928
 30
0.0
 10
-119.0487
 20
152.9601
 30
0.0
 10
-116.3087
 20
147.7116
 30
0.0
 10
-109.6625
 20
132.8211
 30
0.0
 10
-110.0981
 20
127.9006
 30
0.0
 10
-110.3466
 20
125.0938
 30
0.0
 10
-112.5198
 20
120.0815
 30
0.0
 10
-113.9953
 20
118.1445
 30
0.0
 10
-114.6324
 20
117.3081
 30
0.0
 10
-116.4651
 20
115.1137
 30
0.0
 10
-118.357
 20
115.4621
 30
0.0
 10
-120.126
 20
115.7879
 30
0.0
 10
-120.2036
 20
118.1955
 30
0.0
 10
-120.5211
 20
120.0826
 30
0.0
 10
-121.7324
 20
127.2843
 30
0.0
 10
-126.5397
 20
152.7092
 30
0.0
 10
-122.2854
 20
156.6417
 30
0.0
  0
SPLINE
  5
7E
330
1F
100
AcDbEntity
  8
Layer 1
100
AcDbSpline
210
0.0
220
0.0
230
1.0
 70
    11
 71
     3
 72
    29
 73
    25
 74
     0
 42
0.0000000001
 43
0.0000000001
 40
0.0
 40
0.0
 40
0.0
 40
0.0
 40
0.125
 40
0.125
 40
0.125
 40
0.25
 40
0.25
 40
0.25
 40
0.375
 40
0.375
 40
0.375
 40
0.5
 40
0.5
 40
0.5
 40
0.625
 40
0.625
 40
0.625
 40
0.75
 40
0.75
 40
0.75
 40
0.875
 40
0.875
 40
0.875
 40
1.0
 40
1.0
 40
1.0
 40
1.0
 10
4.4822
 20
148.6582
 30
0.0
 10
4.4822
 20
155.7874
 30
0.0
 10
6.5165
 20
163.5781
 30
0.0
 10
8.9723
 20
169.4303
 30
0.0
 10
10.6333
 20
173.3888
 30
0.0
 10
15.3844
 20
183.7822
 30
0.0
 10
18.4553
 20
184.8212
 30
0.0
 10
19.3213
 20
183.2559
 30
0.0
 10
19.1352
 20
176.8647
 30
0.0
 10
19.285
 20
174.3934
 30
0.0
 10
20.2288
 20
158.8264
 30
0.0
 10
25.7189
 20
133.487
 30
0.0
 10
31.4269
 20
118.9556
 30
0.0
 10
32.1607
 20
117.0875
 30
0.0
 10
34.607
 20
112.5541
 30
0.0
 10
34.1741
 20
110.7488
 30
0.0
 10
31.1381
 20
110.4736
 30
0.0
 10
24.6153
 20
114.0877
 30
0.0
 10
22.3671
 20
115.5336
 30
0.0
 10
15.2943
 20
120.0826
 30
0.0
 10
9.9908
 20
124.788
 30
0.0
 10
6.8463
 20
133.4969
 30
0.0
 10
5.1056
 20
138.3177
 30
0.0
 10
4.4822
 20
143.2998
 30
0.0
 10
4.4822
 20
148.6582
 30
0.0
  0
SPLINE
  5
7F
330
1F
100
AcDbEntity
  8
Layer 1
100
AcDbSpline
210
0.0
220
0.0
230
1.0
 70
    11
 71
     3
 72
    35
 73
    31
 74
     0
 42
0.0000000001
 43
0.0000000001
 40
0.0
 40
0.0
 40
0.0
 40
0.0
 40
0.1
 40
0.1
 40
0.1
 40
0.2
 40
0.2
 40
0.2
 40
0.3
 40
0.3
 40
0.3
 40
0.4
 40
0.4
 40
0.4
 40
0.5
 40
0.5
 40
0.5
 40
0.6000000000000001
 40
0.6000000000000001
 40
0.6000000000000001
 40
0.7000000000000001
 40
0.7000000000000001
 40
0.7000000000000001
 40
0.8
 40
0.8
 40
0.8
 40
0.9
 40
0.9
 40
0.9
 40
1.0
 40
1.0
 40
1.0
 40
1.0
 10
-104.5021
 20
137.4949
 30
0.0
 10
-105.5603
 20
140.4817
 30
0.0
 10
-106.6078
 20
143.355
 30
0.0
 10
-107.809
 20
146.1835
 30
0.0
 10
-108.6483
 20
148.1595
 30
0.0
 10
-111.1792
 20
153.0019
 30
0.0
 10
-110.8916
 20
154.5176
 30
0.0
 10
-110.8916
 20
154.5176
 30
0.0
 10
-110.25
 20
154.6738
 30
0.0
 10
-110.25
 20
154.6738
 30
0.0
 10
-107.5067
 20
154.9429
 30
0.0
 10
-112.22
 20
154.875
 30
0.0
 10
-109.6145
 20
154.7088
 30
0.0
 10
-109.6145
 20
154.7088
 30
0.0
 10
-106.7942
 20
153.5609
 30
0.0
 10
-106.7942
 20
153.5609
 30
0.0
 10
-85.673
 20
142.6987
 30
0.0
 10
-81.8725
 20
127.8911
 30
0.0
 10
-81.8725
 20
103.5083
 30
0.0
 10
-81.8725
 20
94.2603
 30
0.0
 10
-83.6934
 20
85.9554
 30
0.0
 10
-88.2162
 20
78.2519
 30
0.0
 10
-89.4567
 20
76.1389
 30
0.0
 10
-90.7662
 20
73.0133
 30
0.0
 10
-93.1284
 20
72.7702
 30
0.0
 10
-93.1284
 20
72.7702
 30
0.0
 10
-93.2544
 20
76.3478
 30
0.0
 10
-93.2544
 20
76.3478
 30
0.0
 10
-93.6538
 20
99.0358
 30
0.0
 10
-97.1894
 20
116.8554
 30
0.0
 10
-104.5021
 20
137.4949
 30
0.0
  0
SPLINE
  5
80
330
1F
100
AcDbEntity
  8
Layer 1
100
AcDbSpline
210
0.0
220
0.0
230
1.0
 70
    11
 71
     3
 72
    41
 73
    37
 74
     0
 42
0.0000000001
 43
0.0000000001
 40
0.0
 40
0.0
 40
0.0
 40
0.0
 40
0.0833333333333333
 40
0.0833333333333333
 40
0.0833333333333333
 40
0.1666666666666667
 40
0.1666666666666667
 40
0.1666666666666667
 40
0.25
 40
0.25
 40
0.25
 40
0.3333333333333333
 40
0.3333333333333333
 40
0.3333333333333333
 40
0.4166666666666666
 40
0.4166666666666666
 40
0.4166666666666666
 40
0.5
 40
0.5
 40
0.5
 40
0.5833333333333333
 40
0.5833333333333333
 40
0.5833333333333333
 40
0.6666666666666666
 40
0.6666666666666666
 40
0.6666666666666666
 40
0.75
 40
0.75
 40
0.75
 40
0.8333333333333333
 40
0.8333333333333333
 40
0.8333333333333333
 40
0.9166666666666666
 40
0.9166666666666666
 40
0.9166666666666666
 40
1.0
 40
1.0
 40
1.0
 40
1.0
 10
-137.4543
 20
159.7458
 30
0.0
 10
-133.9078
 20
160.3167
 30
0.0
 10
-129.4644
 20
161.3564
 30
0.0
 10
-130.3479
 20
156.7059
 30
0.0
 10
-131.7178
 20
149.4948
 30
0.0
 10
-130.6719
 20
131.7242
 30
0.0
 10
-129.3716
 20
124.6706
 30
0.0
 10
-126.1889
 20
107.4064
 30
0.0
 10
-122.1828
 20
87.6928
 30
0.0
 10
-114.4441
 20
72.2026
 30
0.0
 10
-108.9209
 20
61.1473
 30
0.0
 10
-105.2816
 20
60.7793
 30
0.0
 10
-110.6657
 20
58.3943
 30
0.0
 10
-122.9239
 20
52.9642
 30
0.0
 10
-136.1126
 20
53.2589
 30
0.0
 10
-149.1115
 20
56.9747
 30
0.0
 10
-161.018
 20
60.3782
 30
0.0
 10
-168.1374
 20
68.074
 30
0.0
 10
-176.5739
 20
74.6168
 30
0.0
 10
-183.4104
 20
79.9189
 30
0.0
 10
-182.3927
 20
77.719
 30
0.0
 10
-181.2722
 20
85.6343
 30
0.0
 10
-181.0364
 20
87.2998
 30
0.0
 10
-180.9908
 20
89.0392
 30
0.0
 10
-180.8323
 20
90.795
 30
0.0
 10
-180.1984
 20
97.8171
 30
0.0
 10
-179.4754
 20
103.7637
 30
0.0
 10
-178.415
 20
110.5539
 30
0.0
 10
-176.5415
 20
122.551
 30
0.0
 10
-169.343
 20
137.6114
 30
0.0
 10
-162.6287
 20
145.6164
 30
0.0
 10
-162.6287
 20
145.6164
 30
0.0
 10
-153.7835
 20
153.7012
 30
0.0
 10
-153.7835
 20
153.7012
 30
0.0
 10
-149.3655
 20
156.7952
 30
0.0
 10
-143.8422
 20
158.7173
 30
0.0
 10
-137.4543
 20
159.7458
 30
0.0
  0
SPLINE
  5
81
330
1F
100
AcDbEntity
  8
Layer 1
100
AcDbSpline
210
0.0
220
0.0
230
1.0
 70
    11
 71
     3
 72
    20
 73
    16
 74
     0
 42
0.0000000001
 43
0.0000000001
 40
0.0
 40
0.0
 40
0.0
 40
0.0
 40
0.2
 40
0.2
 40
0.2
 40
0.4
 40
0.4
 40
0.4
 40
0.6000000000000001
 40
0.6000000000000001
 40
0.6000000000000001
 40
0.8
 40
0.8
 40
0.8
 40
1.0
 40
1.0
 40
1.0
 40
1.0
 10
27.9791
 20
185.7737
 30
0.0
 10
29.2594
 20
185.6955
 30
0.0
 10
28.9546
 20
185.8366
 30
0.0
 10
29.693
 20
184.6063
 30
0.0
 10
31.5898
 20
181.4463
 30
0.0
 10
33.9441
 20
175.512
 30
0.0
 10
35.0676
 20
171.9712
 30
0.0
 10
37.067
 20
165.6701
 30
0.0
 10
38.8802
 20
161.8853
 30
0.0
 10
34.8718
 20
156.5787
 30
0.0
 10
33.2531
 20
154.4357
 30
0.0
 10
29.8111
 20
153.1058
 30
0.0
 10
29.026
 20
157.4159
 30
0.0
 10
27.9232
 20
163.4697
 30
0.0
 10
25.9284
 20
181.5781
 30
0.0
 10
27.9791
 20
185.7737
 30
0.0
  0
SPLINE
  5
82
330
1F
100
AcDbEntity
  8
Layer 1
100
AcDbSpline
210
0.0
220
0.0
230
1.0
 70
    11
 71
     3
 72
    47
 73
    43
 74
     0
 42
0.0000000001
 43
0.0000000001
 40
0.0
 40
0.0
 40
0.0
 40
0.0
 40
0.0714285714285714
 40
0.0714285714285714
 40
0.0714285714285714
 40
0.1428571428571428
 40
0.1428571428571428
 40
0.1428571428571428
 40
0.2142857142857143
 40
0.2142857142857143
 40
0.2142857142857143
 40
0.2857142857142857
 40
0.2857142857142857
 40
0.2857142857142857
 40
0.3571428571428571
 40
0.3571428571428571
 40
0.3571428571428571
 40
0.4285714285714285
 40
0.4285714285714285
 40
0.4285714285714285
 40
0.5
 40
0.5
 40
0.5
 40
0.5714285714285714
 40
0.5714285714285714
 40
0.5714285714285714
 40
0.6428571428571428
 40
0.6428571428571428
 40
0.6428571428571428
 40
0.7142857142857142
 40
0.7142857142857142
 40
0.7142857142857142
 40
0.7857142857142857
 40
0.7857142857142857
 40
0.7857142857142857
 40
0.8571428571428571
 40
0.8571428571428571
 40
0.8571428571428571
 40
0.9285714285714285
 40
0.9285714285714285
 40
0.9285714285714285
 40
1.0
 40
1.0
 40
1.0
 40
1.0
 10
51.0747
 20
208.9927
 30
0.0
 10
58.0215
 20
210.6704
 30
0.0
 10
65.9812
 20
208.8598
 30
0.0
 10
71.7087
 20
206.4975
 30
0.0
 10
78.0799
 20
203.8698
 30
0.0
 10
81.1237
 20
200.8384
 30
0.0
 10
85.9692
 20
197.1239
 30
0.0
 10
85.9692
 20
197.1239
 30
0.0
 10
91.9649
 20
191.1271
 30
0.0
 10
91.9649
 20
191.1271
 30
0.0
 10
93.1695
 20
189.8836
 30
0.0
 10
93.8512
 20
189.449
 30
0.0
 10
94.9378
 20
188.1043
 30
0.0
 10
94.9378
 20
188.1043
 30
0.0
 10
100.1877
 20
181.7137
 30
0.0
 10
100.1877
 20
181.7137
 30
0.0
 10
109.4715
 20
169.2724
 30
0.0
 10
122.9907
 20
152.2446
 30
0.0
 10
114.3557
 20
136.7043
 30
0.0
 10
110.2831
 20
129.3749
 30
0.0
 10
103.7437
 20
123.2214
 30
0.0
 10
96.8736
 20
118.567
 30
0.0
 10
88.922
 20
113.1799
 30
0.0
 10
81.9521
 20
110.0327
 30
0.0
 10
72.0631
 20
107.6967
 30
0.0
 10
68.4475
 20
106.8426
 30
0.0
 10
53.3547
 20
105.0304
 30
0.0
 10
51.0084
 20
107.4985
 30
0.0
 10
49.8554
 20
108.7112
 30
0.0
 10
50.748
 20
111.0582
 30
0.0
 10
50.9291
 20
112.6778
 30
0.0
 10
51.9297
 20
121.6286
 30
0.0
 10
49.8824
 20
143.2587
 30
0.0
 10
48.1708
 20
151.1932
 30
0.0
 10
45.9185
 20
161.6348
 30
0.0
 10
39.4457
 20
187.8474
 30
0.0
 10
33.0863
 20
195.389
 30
0.0
 10
29.8738
 20
199.1986
 30
0.0
 10
31.0682
 20
199.3285
 30
0.0
 10
34.4595
 20
201.7886
 30
0.0
 10
39.62
 20
205.532
 30
0.0
 10
43.9709
 20
207.277
 30
0.0
 10
51.0747
 20
208.9927
 30
0.0
  0
SPLINE
  5
83
330
1F
100
AcDbEntity
  8
Layer 1
100
AcDbSpline
210
0.0
220
0.0
230
1.0
 70
    11
 71
     3
 72
    44
 73
    40
 74
     0
 42
0.0000000001
 43
0.0000000001
 40
0.0
 40
0.0
 40
0.0
 40
0.0
 40
0.0769230769230769
 40
0.0769230769230769
 40
0.0769230769230769
 40
0.1538461538461539
 40
0.1538461538461539
 40
0.1538461538461539
 40
0.2307692307692308
 40
0.2307692307692308
 40
0.2307692307692308
 40
0.3076923076923077
 40
0.3076923076923077
 40
0.3076923076923077
 40
0.3846153846153846
 40
0.3846153846153846
 40
0.3846153846153846
 40
0.4615384615384616
 40
0.4615384615384616
 40
0.4615384615384616
 40
0.5384615384615385
 40
0.5384615384615385
 40
0.5384615384615385
 40
0.6153846153846154
 40
0.6153846153846154
 40
0.6153846153846154
 40
0.6923076923076923
 40
0.6923076923076923
 40
0.6923076923076923
 40
0.7692307692307693
 40
0.7692307692307693
 40
0.7692307692307693
 40
0.8461538461538463
 40
0.8461538461538463
 40
0.8461538461538463
 40
0.9230769230769231
 40
0.9230769230769231
 40
0.9230769230769231
 40
1.0
 40
1.0
 40
1.0
 40
1.0
 10
-201.2202
 20
131.7266
 30
0.0
 10
-203.2145
 20
131.7919
 30
0.0
 10
-203.3686
 20
132.6779
 30
0.0
 10
-204.2243
 20
134.0882
 30
0.0
 10
-208.8331
 20
141.6843
 30
0.0
 10
-211.7098
 20
150.7034
 30
0.0
 10
-213.7286
 20
159.439
 30
0.0
 10
-216.3762
 20
170.8961
 30
0.0
 10
-217.7517
 20
183.0877
 30
0.0
 10
-218.0517
 20
195.2032
 30
0.0
 10
-218.6482
 20
219.2911
 30
0.0
 10
-219.0663
 20
218.9233
 30
0.0
 10
-201.6419
 20
218.6906
 30
0.0
 10
-194.7451
 20
218.5984
 30
0.0
 10
-173.2437
 20
215.4899
 30
0.0
 10
-166.2885
 20
213.9373
 30
0.0
 10
-161.3213
 20
212.8285
 30
0.0
 10
-155.2891
 20
211.2395
 30
0.0
 10
-150.9877
 20
209.175
 30
0.0
 10
-149.534
 20
208.4772
 30
0.0
 10
-145.0059
 20
206.7194
 30
0.0
 10
-144.526
 20
205.3099
 30
0.0
 10
-144.0042
 20
203.7773
 30
0.0
 10
-145.4981
 20
202.9446
 30
0.0
 10
-146.2497
 20
202.2521
 30
0.0
 10
-146.2497
 20
202.2521
 30
0.0
 10
-159.4211
 20
190.3795
 30
0.0
 10
-159.4211
 20
190.3795
 30
0.0
 10
-159.4211
 20
190.3795
 30
0.0
 10
-178.4668
 20
169.2116
 30
0.0
 10
-178.4668
 20
169.2116
 30
0.0
 10
-180.0528
 20
167.2274
 30
0.0
 10
-181.6612
 20
165.4888
 30
0.0
 10
-183.0041
 20
163.5189
 30
0.0
 10
-187.7071
 20
156.6197
 30
0.0
 10
-190.2792
 20
152.6474
 30
0.0
 10
-194.4231
 20
144.9651
 30
0.0
 10
-194.4231
 20
144.9651
 30
0.0
 10
-201.2202
 20
131.7266
 30
0.0
 10
-201.2202
 20
131.7266
 30
0.0
  0
SPLINE
  5
84
330
1F
100
AcDbEntity
  8
Layer 1
100
AcDbSpline
210
0.0
220
0.0
230
1.0
 70
    11
 71
     3
 72
    23
 73
    19
 74
     0
 42
0.0000000001
 43
0.0000000001
 40
0.0
 40
0.0
 40
0.0
 40
0.0
 40
0.1666666666666667
 40
0.1666666666666667
 40
0.1666666666666667
 40
0.3333333333333333
 40
0.3333333333333333
 40
0.3333333333333333
 40
0.5
 40
0.5
 40
0.5
 40
0.6666666666666666
 40
0.6666666666666666
 40
0.6666666666666666
 40
0.8333333333333333
 40
0.8333333333333333
 40
0.8333333333333333
 40
1.0
 40
1.0
 40
1.0
 40
1.0
 10
-35.3134
 20
214.6043
 30
0.0
 10
-30.9587
 20
215.5894
 30
0.0
 10
-32.1382
 20
212.1913
 30
0.0
 10
-32.8219
 20
209.0787
 30
0.0
 10
-33.8499
 20
204.3984
 30
0.0
 10
-35.9089
 20
199.6528
 30
0.0
 10
-38.6653
 20
195.901
 30
0.0
 10
-39.7055
 20
194.4853
 30
0.0
 10
-41.996
 20
192.1162
 30
0.0
 10
-43.363
 20
191.0784
 30
0.0
 10
-55.2733
 20
182.0367
 30
0.0
 10
-66.2681
 20
184.3329
 30
0.0
 10
-76.6768
 20
194.2675
 30
0.0
 10
-78.0117
 20
195.5415
 30
0.0
 10
-81.2216
 20
197.8872
 30
0.0
 10
-77.6779
 20
199.6407
 30
0.0
 10
-66.5235
 20
205.16
 30
0.0
 10
-46.7162
 20
212.0248
 30
0.0
 10
-35.3134
 20
214.6043
 30
0.0
  0
SPLINE
  5
85
330
1F
100
AcDbEntity
  8
Layer 1
100
AcDbSpline
210
0.0
220
0.0
230
1.0
 70
    11
 71
     3
 72
    32
 73
    28
 74
     0
 42
0.0000000001
 43
0.0000000001
 40
0.0
 40
0.0
 40
0.0
 40
0.0
 40
0.1111111111111111
 40
0.1111111111111111
 40
0.1111111111111111
 40
0.2222222222222222
 40
0.2222222222222222
 40
0.2222222222222222
 40
0.3333333333333333
 40
0.3333333333333333
 40
0.3333333333333333
 40
0.4444444444444444
 40
0.4444444444444444
 40
0.4444444444444444
 40
0.5555555555555556
 40
0.5555555555555556
 40
0.5555555555555556
 40
0.6666666666666666
 40
0.6666666666666666
 40
0.6666666666666666
 40
0.7777777777777777
 40
0.7777777777777777
 40
0.7777777777777777
 40
0.8888888888888888
 40
0.8888888888888888
 40
0.8888888888888888
 40
1.0
 40
1.0
 40
1.0
 40
1.0
 10
-38.9178
 20
233.7147
 30
0.0
 10
-34.7932
 20
234.9946
 30
0.0
 10
-34.4035
 20
232.4059
 30
0.0
 10
-33.3625
 20
229.1236
 30
0.0
 10
-32.2223
 20
225.5287
 30
0.0
 10
-31.1641
 20
223.2455
 30
0.0
 10
-35.1709
 20
222.0323
 30
0.0
 10
-38.0526
 20
221.1597
 30
0.0
 10
-40.9754
 20
220.6828
 30
0.0
 10
-43.876
 20
219.8486
 30
0.0
 10
-50.5795
 20
217.9206
 30
0.0
 10
-61.7198
 20
214.039
 30
0.0
 10
-67.8874
 20
211.746
 30
0.0
 10
-67.8874
 20
211.746
 30
0.0
 10
-83.3202
 20
205.6369
 30
0.0
 10
-83.3202
 20
205.6369
 30
0.0
 10
-86.1476
 20
205.1688
 30
0.0
 10
-87.5407
 20
208.5328
 30
0.0
 10
-88.5676
 20
210.9482
 30
0.0
 10
-90.4412
 20
215.355
 30
0.0
 10
-91.5267
 20
216.4446
 30
0.0
 10
-87.7767
 20
217.8335
 30
0.0
 10
-82.2936
 20
219.8641
 30
0.0
 10
-76.9338
 20
221.2691
 30
0.0
 10
-71.5273
 20
223.12
 30
0.0
 10
-60.9753
 20
226.7324
 30
0.0
 10
-49.7033
 20
230.368
 30
0.0
 10
-38.9178
 20
233.7147
 30
0.0
  0
SPLINE
  5
86
330
1F
100
AcDbEntity
  8
Layer 1
100
AcDbSpline
210
0.0
220
0.0
230
1.0
 70
    11
 71
     3
 72
    62
 73
    58
 74
     0
 42
0.0000000001
 43
0.0000000001
 40
0.0
 40
0.0
 40
0.0
 40
0.0
 40
0.0526315789473684
 40
0.0526315789473684
 40
0.0526315789473684
 40
0.1052631578947368
 40
0.1052631578947368
 40
0.1052631578947368
 40
0.1578947368421053
 40
0.1578947368421053
 40
0.1578947368421053
 40
0.2105263157894737
 40
0.2105263157894737
 40
0.2105263157894737
 40
0.2631578947368421
 40
0.2631578947368421
 40
0.2631578947368421
 40
0.3157894736842105
 40
0.3157894736842105
 40
0.3157894736842105
 40
0.3684210526315789
 40
0.3684210526315789
 40
0.3684210526315789
 40
0.4210526315789473
 40
0.4210526315789473
 40
0.4210526315789473
 40
0.4736842105263158
 40
0.4736842105263158
 40
0.4736842105263158
 40
0.5263157894736842
 40
0.5263157894736842
 40
0.5263157894736842
 40
0.5789473684210527
 40
0.5789473684210527
 40
0.5789473684210527
 40
0.631578947368421
 40
0.631578947368421
 40
0.631578947368421
 40
0.6842105263157894
 40
0.6842105263157894
 40
0.6842105263157894
 40
0.7368421052631579
 40
0.7368421052631579
 40
0.7368421052631579
 40
0.7894736842105263
 40
0.7894736842105263
 40
0.7894736842105263
 40
0.8421052631578947
 40
0.8421052631578947
 40
0.8421052631578947
 40
0.894736842105263
 40
0.894736842105263
 40
0.894736842105263
 40
0.9473684210526315
 40
0.9473684210526315
 40
0.9473684210526315
 40
1.0
 40
1.0
 40
1.0
 40
1.0
 10
-210.145
 20
85.5327
 30
0.0
 10
-212.5616
 20
85.5252
 30
0.0
 10
-214.091
 20
88.6093
 30
0.0
 10
-215.3667
 20
90.4924
 30
0.0
 10
-227.7765
 20
108.8128
 30
0.0
 10
-235.8678
 20
155.5431
 30
0.0
 10
-240.4084
 20
177.6226
 30
0.0
 10
-241.5529
 20
183.1881
 30
0.0
 10
-242.5819
 20
189.4798
 30
0.0
 10
-243.286
 20
195.1767
 30
0.0
 10
-245.1533
 20
210.2846
 30
0.0
 10
-248.9501
 20
236.4076
 30
0.0
 10
-235.4039
 20
244.8452
 30
0.0
 10
-226.7813
 20
250.216
 30
0.0
 10
-210.4084
 20
248.2148
 30
0.0
 10
-200.0433
 20
246.1458
 30
0.0
 10
-188.8216
 20
243.9059
 30
0.0
 10
-177.433
 20
241.9271
 30
0.0
 10
-166.3059
 20
239.3941
 30
0.0
 10
-155.151
 20
236.8547
 30
0.0
 10
-144.0741
 20
234.7326
 30
0.0
 10
-132.8763
 20
232.311
 30
0.0
 10
-122.7543
 20
230.122
 30
0.0
 10
-123.9963
 20
230.7694
 30
0.0
 10
-119.9277
 20
224.7381
 30
0.0
 10
-116.8492
 20
220.1745
 30
0.0
 10
-120.1455
 20
219.6674
 30
0.0
 10
-128.2876
 20
214.9803
 30
0.0
 10
-137.1906
 20
209.8552
 30
0.0
 10
-135.1058
 20
208.4722
 30
0.0
 10
-141.7465
 20
212.097
 30
0.0
 10
-146.2422
 20
214.5509
 30
0.0
 10
-150.8825
 20
216.014
 30
0.0
 10
-156.2014
 20
217.7702
 30
0.0
 10
-166.9558
 20
221.321
 30
0.0
 10
-178.8091
 20
222.9905
 30
0.0
 10
-190.6799
 20
224.31
 30
0.0
 10
-197.0114
 20
225.0138
 30
0.0
 10
-213.1781
 20
226.6083
 30
0.0
 10
-219.2034
 20
224.0774
 30
0.0
 10
-221.5375
 20
223.097
 30
0.0
 10
-223.3872
 20
221.5593
 30
0.0
 10
-224.509
 20
219.4807
 30
0.0
 10
-227.3659
 20
214.1869
 30
0.0
 10
-226.6035
 20
188.2866
 30
0.0
 10
-225.6845
 20
181.1188
 30
0.0
 10
-223.2955
 20
162.4873
 30
0.0
 10
-219.9867
 20
141.981
 30
0.0
 10
-208.7338
 20
126.7636
 30
0.0
 10
-207.5656
 20
125.1838
 30
0.0
 10
-205.0682
 20
123.1041
 30
0.0
 10
-204.9329
 20
120.7605
 30
0.0
 10
-204.8174
 20
118.7597
 30
0.0
 10
-206.0769
 20
114.4349
 30
0.0
 10
-206.5614
 20
112.3271
 30
0.0
 10
-208.2246
 20
105.0897
 30
0.0
 10
-209.7383
 20
86.7976
 30
0.0
 10
-210.145
 20
85.5327
 30
0.0
  0
SPLINE
  5
87
330
1F
100
AcDbEntity
  8
Layer 1
100
AcDbSpline
210
0.0
220
0.0
230
1.0
 70
    11
 71
     3
 72
    38
 73
    34
 74
     0
 42
0.0000000001
 43
0.0000000001
 40
0.0
 40
0.0
 40
0.0
 40
0.0
 40
0.0909090909090909
 40
0.0909090909090909
 40
0.0909090909090909
 40
0.1818181818181818
 40
0.1818181818181818
 40
0.1818181818181818
 40
0.2727272727272727
 40
0.2727272727272727
 40
0.2727272727272727
 40
0.3636363636363636
 40
0.3636363636363636
 40
0.3636363636363636
 40
0.4545454545454546
 40
0.4545454545454546
 40
0.4545454545454546
 40
0.5454545454545454
 40
0.5454545454545454
 40
0.5454545454545454
 40
0.6363636363636364
 40
0.6363636363636364
 40
0.6363636363636364
 40
0.7272727272727273
 40
0.7272727272727273
 40
0.7272727272727273
 40
0.8181818181818182
 40
0.8181818181818182
 40
0.8181818181818182
 40
0.9090909090909092
 40
0.9090909090909092
 40
0.9090909090909092
 40
1.0
 40
1.0
 40
1.0
 40
1.0
 10
123.9226
 20
156.4874
 30
0.0
 10
118.5966
 20
162.434
 30
0.0
 10
123.612
 20
165.295
 30
0.0
 10
128.9085
 20
169.4218
 30
0.0
 10
134.939
 20
174.1204
 30
0.0
 10
140.3426
 20
177.4146
 30
0.0
 10
145.098
 20
182.159
 30
0.0
 10
150.6133
 20
187.6616
 30
0.0
 10
184.5837
 20
213.8905
 30
0.0
 10
192.8595
 20
220.1104
 30
0.0
 10
196.7939
 20
223.0673
 30
0.0
 10
216.8636
 20
236.6761
 30
0.0
 10
221.2179
 20
237.1503
 30
0.0
 10
219.9338
 20
235.1118
 30
0.0
 10
199.2253
 20
220.3975
 30
0.0
 10
195.705
 20
217.9704
 30
0.0
 10
195.705
 20
217.9704
 30
0.0
 10
176.524
 20
203.6407
 30
0.0
 10
176.524
 20
203.6407
 30
0.0
 10
176.524
 20
203.6407
 30
0.0
 10
149.1771
 20
180.9002
 30
0.0
 10
149.1771
 20
180.9002
 30
0.0
 10
145.0458
 20
177.4577
 30
0.0
 10
143.8508
 20
175.7321
 30
0.0
 10
140.6862
 20
172.8114
 30
0.0
 10
138.7803
 20
171.0525
 30
0.0
 10
137.0667
 20
169.4071
 30
0.0
 10
135.2881
 20
167.275
 30
0.0
 10
133.4866
 20
165.1157
 30
0.0
 10
131.8469
 20
163.6899
 30
0.0
 10
129.7072
 20
161.5699
 30
0.0
 10
128.159
 20
160.036
 30
0.0
 10
126.5257
 20
156.6007
 30
0.0
 10
123.9226
 20
156.4874
 30
0.0
  0
SPLINE
  5
88
330
1F
100
AcDbEntity
  8
Layer 1
100
AcDbSpline
210
0.0
220
0.0
230
1.0
 70
    11
 71
     3
 72
   215
 73
   211
 74
     0
 42
0.0000000001
 43
0.0000000001
 40
0.0
 40
0.0
 40
0.0
 40
0.0
 40
0.0142857142857143
 40
0.0142857142857143
 40
0.0142857142857143
 40
0.0285714285714286
 40
0.0285714285714286
 40
0.0285714285714286
 40
0.0428571428571429
 40
0.0428571428571429
 40
0.0428571428571429
 40
0.0571428571428571
 40
0.0571428571428571
 40
0.0571428571428571
 40
0.0714285714285714
 40
0.0714285714285714
 40
0.0714285714285714
 40
0.0857142857142857
 40
0.0857142857142857
 40
0.0857142857142857
 40
0.1
 40
0.1
 40
0.1
 40
0.1142857142857143
 40
0.1142857142857143
 40
0.1142857142857143
 40
0.1285714285714286
 40
0.1285714285714286
 40
0.1285714285714286
 40
0.1428571428571428
 40
0.1428571428571428
 40
0.1428571428571428
 40
0.1571428571428571
 40
0.1571428571428571
 40
0.1571428571428571
 40
0.1714285714285714
 40
0.1714285714285714
 40
0.1714285714285714
 40
0.1857142857142857
 40
0.1857142857142857
 40
0.1857142857142857
 40
0.2
 40
0.2
 40
0.2
 40
0.2142857142857143
 40
0.2142857142857143
 40
0.2142857142857143
 40
0.2285714285714286
 40
0.2285714285714286
 40
0.2285714285714286
 40
0.2428571428571429
 40
0.2428571428571429
 40
0.2428571428571429
 40
0.2571428571428571
 40
0.2571428571428571
 40
0.2571428571428571
 40
0.2714285714285714
 40
0.2714285714285714
 40
0.2714285714285714
 40
0.2857142857142857
 40
0.2857142857142857
 40
0.2857142857142857
 40
0.3
 40
0.3
 40
0.3
 40
0.3142857142857143
 40
0.3142857142857143
 40
0.3142857142857143
 40
0.3285714285714286
 40
0.3285714285714286
 40
0.3285714285714286
 40
0.3428571428571429
 40
0.3428571428571429
 40
0.3428571428571429
 40
0.3571428571428572
 40
0.3571428571428572
 40
0.3571428571428572
 40
0.3714285714285714
 40
0.3714285714285714
 40
0.3714285714285714
 40
0.3857142857142857
 40
0.3857142857142857
 40
0.3857142857142857
 40
0.4
 40
0.4
 40
0.4
 40
0.4142857142857143
 40
0.4142857142857143
 40
0.4142857142857143
 40
0.4285714285714285
 40
0.4285714285714285
 40
0.4285714285714285
 40
0.4428571428571428
 40
0.4428571428571428
 40
0.4428571428571428
 40
0.4571428571428571
 40
0.4571428571428571
 40
0.4571428571428571
 40
0.4714285714285714
 40
0.4714285714285714
 40
0.4714285714285714
 40
0.4857142857142857
 40
0.4857142857142857
 40
0.4857142857142857
 40
0.5
 40
0.5
 40
0.5
 40
0.5142857142857142
 40
0.5142857142857142
 40
0.5142857142857142
 40
0.5285714285714286
 40
0.5285714285714286
 40
0.5285714285714286
 40
0.5428571428571428
 40
0.5428571428571428
 40
0.5428571428571428
 40
0.5571428571428572
 40
0.5571428571428572
 40
0.5571428571428572
 40
0.5714285714285714
 40
0.5714285714285714
 40
0.5714285714285714
 40
0.5857142857142857
 40
0.5857142857142857
 40
0.5857142857142857
 40
0.6
 40
0.6
 40
0.6
 40
0.6142857142857142
 40
0.6142857142857142
 40
0.6142857142857142
 40
0.6285714285714286
 40
0.6285714285714286
 40
0.6285714285714286
 40
0.6428571428571428
 40
0.6428571428571428
 40
0.6428571428571428
 40
0.6571428571428571
 40
0.6571428571428571
 40
0.6571428571428571
 40
0.6714285714285714
 40
0.6714285714285714
 40
0.6714285714285714
 40
0.6857142857142857
 40
0.6857142857142857
 40
0.6857142857142857
 40
0.7
 40
0.7
 40
0.7
 40
0.7142857142857143
 40
0.7142857142857143
 40
0.7142857142857143
 40
0.7285714285714285
 40
0.7285714285714285
 40
0.7285714285714285
 40
0.7428571428571429
 40
0.7428571428571429
 40
0.7428571428571429
 40
0.7571428571428571
 40
0.7571428571428571
 40
0.7571428571428571
 40
0.7714285714285714
 40
0.7714285714285714
 40
0.7714285714285714
 40
0.7857142857142857
 40
0.7857142857142857
 40
0.7857142857142857
 40
0.7999999999999999
 40
0.7999999999999999
 40
0.7999999999999999
 40
0.8142857142857143
 40
0.8142857142857143
 40
0.8142857142857143
 40
0.8285714285714285
 40
0.8285714285714285
 40
0.8285714285714285
 40
0.8428571428571429
 40
0.8428571428571429
 40
0.8428571428571429
 40
0.8571428571428571
 40
0.8571428571428571
 40
0.8571428571428571
 40
0.8714285714285714
 40
0.8714285714285714
 40
0.8714285714285714
 40
0.8857142857142857
 40
0.8857142857142857
 40
0.8857142857142857
 40
0.9
 40
0.9
 40
0.9
 40
0.9142857142857143
 40
0.9142857142857143
 40
0.9142857142857143
 40
0.9285714285714285
 40
0.9285714285714285
 40
0.9285714285714285
 40
0.9428571428571428
 40
0.9428571428571428
 40
0.9428571428571428
 40
0.9571428571428571
 40
0.9571428571428571
 40
0.9571428571428571
 40
0.9714285714285714
 40
0.9714285714285714
 40
0.9714285714285714
 40
0.9857142857142857
 40
0.9857142857142857
 40
0.9857142857142857
 40
1.0
 40
1.0
 40
1.0
 40
1.0
 10
-113.314
 20
229.7628
 30
0.0
 10
-113.6767
 20
230.0441
 30
0.0
 10
-113.6197
 20
229.9143
 30
0.0
 10
-113.9629
 20
230.3478
 30
0.0
 10
-114.0136
 20
230.4119
 30
0.0
 10
-114.0681
 20
230.5024
 30
0.0
 10
-114.1149
 20
230.5714
 30
0.0
 10
-114.16
 20
230.6381
 30
0.0
 10
-114.201
 20
230.7302
 30
0.0
 10
-114.2415
 20
230.7997
 30
0.0
 10
-114.3524
 20
230.9897
 30
0.0
 10
-114.5561
 20
231.4853
 30
0.0
 10
-114.6823
 20
231.7482
 30
0.0
 10
-115.0478
 20
232.5098
 30
0.0
 10
-115.4011
 20
233.0912
 30
0.0
 10
-115.6634
 20
234.0996
 30
0.0
 10
-114.3109
 20
233.302
 30
0.0
 10
-112.9827
 20
231.8683
 30
0.0
 10
-112.4271
 20
230.524
 30
0.0
 10
-111.4379
 20
230.1082
 30
0.0
 10
-100.3602
 20
216.5515
 30
0.0
 10
-99.0592
 20
214.2134
 30
0.0
 10
-93.5472
 20
204.3075
 30
0.0
 10
-95.3711
 20
205.941
 30
0.0
 10
-88.0097
 20
195.634
 30
0.0
 10
-86.1501
 20
193.0304
 30
0.0
 10
-83.0658
 20
190.0386
 30
0.0
 10
-80.8515
 20
187.975
 30
0.0
 10
-79.0743
 20
186.3187
 30
0.0
 10
-74.7551
 20
183.5715
 30
0.0
 10
-71.8548
 20
182.1471
 30
0.0
 10
-56.505
 20
174.6085
 30
0.0
 10
-39.625
 20
180.2837
 30
0.0
 10
-30.6453
 20
193.8838
 30
0.0
 10
-27.1877
 20
199.1205
 30
0.0
 10
-23.5244
 20
208.5759
 30
0.0
 10
-23.6548
 20
216.3812
 30
0.0
 10
-23.8696
 20
229.241
 30
0.0
 10
-27.8694
 20
235.6902
 30
0.0
 10
-27.0801
 20
241.7864
 30
0.0
 10
-26.4915
 20
246.3334
 30
0.0
 10
-26.5972
 20
251.2077
 30
0.0
 10
-25.9602
 20
255.5394
 30
0.0
 10
-25.9602
 20
255.5394
 30
0.0
 10
-24.7125
 20
265.4506
 30
0.0
 10
-24.7125
 20
265.4506
 30
0.0
 10
-24.2424
 20
268.404
 30
0.0
 10
-23.8741
 20
267.6974
 30
0.0
 10
-23.3792
 20
268.0675
 30
0.0
 10
-23.238
 20
260.0436
 30
0.0
 10
-24.4908
 20
250.5664
 30
0.0
 10
-23.1022
 20
242.8992
 30
0.0
 10
-22.5899
 20
240.0707
 30
0.0
 10
-19.5695
 20
224.3776
 30
0.0
 10
-15.0544
 20
226.0239
 30
0.0
 10
-11.6867
 20
227.2518
 30
0.0
 10
-16.8857
 20
243.3752
 30
0.0
 10
-14.4747
 20
245.7857
 30
0.0
 10
-11.6611
 20
247.941
 30
0.0
 10
25.3184
 20
240.7988
 30
0.0
 10
31.0013
 20
239.5027
 30
0.0
 10
62.3796
 20
232.3461
 30
0.0
 10
86.7911
 20
219.0985
 30
0.0
 10
110.8252
 20
200.1102
 30
0.0
 10
112.238
 20
198.994
 30
0.0
 10
113.0939
 20
198.2072
 30
0.0
 10
114.471
 20
197.0529
 30
0.0
 10
115.7049
 20
196.0187
 30
0.0
 10
116.8867
 20
195.1671
 30
0.0
 10
117.9285
 20
194.1634
 30
0.0
 10
117.9285
 20
194.1634
 30
0.0
 10
126.4715
 20
186.128
 30
0.0
 10
126.4715
 20
186.128
 30
0.0
 10
127.085
 20
185.4633
 30
0.0
 10
127.2598
 20
185.0064
 30
0.0
 10
127.919
 20
184.3999
 30
0.0
 10
130.9552
 20
181.6065
 30
0.0
 10
131.6735
 20
180.6206
 30
0.0
 10
127.3477
 20
177.3344
 30
0.0
 10
115.3538
 20
168.2227
 30
0.0
 10
118.8154
 20
167.9127
 30
0.0
 10
112.0922
 20
177.038
 30
0.0
 10
105.8663
 20
185.4884
 30
0.0
 10
104.5748
 20
187.6706
 30
0.0
 10
97.4397
 20
195.192
 30
0.0
 10
95.8813
 20
196.8347
 30
0.0
 10
90.6526
 20
202.1223
 30
0.0
 10
88.7521
 20
203.4363
 30
0.0
 10
87.6496
 20
204.1986
 30
0.0
 10
86.7683
 20
204.7687
 30
0.0
 10
85.6313
 20
205.604
 30
0.0
 10
55.3371
 20
227.8592
 30
0.0
 10
29.1546
 20
211.9677
 30
0.0
 10
12.3241
 20
190.4163
 30
0.0
 10
-1.5728
 20
172.6214
 30
0.0
 10
-9.2365
 20
144.5191
 30
0.0
 10
3.1783
 20
123.8593
 30
0.0
 10
5.7362
 20
119.6028
 30
0.0
 10
10.3535
 20
115.4537
 30
0.0
 10
14.1333
 20
112.5871
 30
0.0
 10
17.8433
 20
109.7736
 30
0.0
 10
23.693
 20
106.9995
 30
0.0
 10
28.6021
 20
105.187
 30
0.0
 10
45.5282
 20
98.9378
 30
0.0
 10
58.0921
 20
97.8468
 30
0.0
 10
76.1734
 20
101.8746
 30
0.0
 10
78.8092
 20
102.4617
 30
0.0
 10
82.3933
 20
104.1108
 30
0.0
 10
84.9112
 20
103.5971
 30
0.0
 10
87.9794
 20
102.9711
 30
0.0
 10
97.3874
 20
98.2883
 30
0.0
 10
99.6913
 20
96.5609
 30
0.0
 10
103.4431
 20
93.7481
 30
0.0
 10
108.8918
 20
88.2069
 30
0.0
 10
103.2823
 20
82.5264
 30
0.0
 10
99.5259
 20
78.7225
 30
0.0
 10
93.9249
 20
77.5246
 30
0.0
 10
87.5648
 20
76.3434
 30
0.0
 10
84.2437
 20
75.7266
 30
0.0
 10
80.7789
 20
75.5515
 30
0.0
 10
77.3652
 20
75.441
 30
0.0
 10
73.9258
 20
75.3296
 30
0.0
 10
70.6144
 20
74.7801
 30
0.0
 10
67.1405
 20
74.752
 30
0.0
 10
59.8529
 20
74.6931
 30
0.0
 10
52.5529
 20
74.7849
 30
0.0
 10
45.263
 20
74.7437
 30
0.0
 10
38.0073
 20
74.7027
 30
0.0
 10
31.1145
 20
73.9493
 30
0.0
 10
24.1039
 20
73.7184
 30
0.0
 10
5.0199
 20
73.0899
 30
0.0
 10
-14.7661
 20
69.598
 30
0.0
 10
-33.1215
 20
64.8361
 30
0.0
 10
-44.5581
 20
61.8691
 30
0.0
 10
-55.4891
 20
57.7801
 30
0.0
 10
-65.5459
 20
53.124
 30
0.0
 10
-76.9714
 20
47.8343
 30
0.0
 10
-83.7538
 20
43.4106
 30
0.0
 10
-93.9716
 20
37.4561
 30
0.0
 10
-98.7338
 20
34.6809
 30
0.0
 10
-102.8353
 20
31.7736
 30
0.0
 10
-107.3821
 20
28.9943
 30
0.0
 10
-114.1354
 20
24.8663
 30
0.0
 10
-130.9246
 20
13.7364
 30
0.0
 10
-138.9544
 20
18.4101
 30
0.0
 10
-146.2316
 20
22.6458
 30
0.0
 10
-141.0431
 20
36.7924
 30
0.0
 10
-138.1215
 20
43.1622
 30
0.0
 10
-136.5623
 20
46.5618
 30
0.0
 10
-136.6042
 20
47.9352
 30
0.0
 10
-132.1823
 20
47.9694
 30
0.0
 10
-118.6487
 20
48.0743
 30
0.0
 10
-108.6086
 20
50.3094
 30
0.0
 10
-97.0636
 20
57.1213
 30
0.0
 10
-93.4829
 20
59.234
 30
0.0
 10
-90.6837
 20
62.2966
 30
0.0
 10
-88.0652
 20
64.7009
 30
0.0
 10
-87.0285
 20
65.6528
 30
0.0
 10
-86.6709
 20
66.305
 30
0.0
 10
-85.6641
 20
67.5961
 30
0.0
 10
-74.4857
 20
81.9319
 30
0.0
 10
-71.7178
 20
101.5857
 30
0.0
 10
-74.7175
 20
120.7324
 30
0.0
 10
-75.6673
 20
126.795
 30
0.0
 10
-77.2798
 20
132.5323
 30
0.0
 10
-79.7733
 20
137.5582
 30
0.0
 10
-81.6914
 20
141.4245
 30
0.0
 10
-86.0608
 20
147.559
 30
0.0
 10
-89.2773
 20
150.2745
 30
0.0
 10
-102.5429
 20
161.4745
 30
0.0
 10
-119.8466
 20
167.3034
 30
0.0
 10
-138.5159
 20
166.4376
 30
0.0
 10
-148.9457
 20
165.954
 30
0.0
 10
-162.0653
 20
159.0122
 30
0.0
 10
-167.7659
 20
151.8103
 30
0.0
 10
-171.7904
 20
146.7261
 30
0.0
 10
-173.6316
 20
144.8124
 30
0.0
 10
-176.9316
 20
138.7541
 30
0.0
 10
-187.4667
 20
119.4136
 30
0.0
 10
-187.3856
 20
106.4235
 30
0.0
 10
-189.7457
 20
85.5584
 30
0.0
 10
-190.1215
 20
82.236
 30
0.0
 10
-190.2338
 20
78.3337
 30
0.0
 10
-193.8624
 20
78.2865
 30
0.0
 10
-197.9572
 20
78.2333
 30
0.0
 10
-200.9583
 20
78.3141
 30
0.0
 10
-201.1335
 20
82.322
 30
0.0
 10
-201.9109
 20
100.1095
 30
0.0
 10
-196.7033
 20
121.0587
 30
0.0
 10
-189.3877
 20
136.7568
 30
0.0
 10
-183.9792
 20
148.3628
 30
0.0
 10
-175.2405
 20
161.1449
 30
0.0
 10
-167.4432
 20
170.1831
 30
0.0
 10
-161.6832
 20
176.8599
 30
0.0
 10
-157.5956
 20
180.9323
 30
0.0
 10
-151.6135
 20
187.1575
 30
0.0
 10
-145.6152
 20
193.3995
 30
0.0
 10
-126.7498
 20
207.2839
 30
0.0
 10
-120.3547
 20
210.9218
 30
0.0
 10
-117.9792
 20
212.2731
 30
0.0
 10
-114.9471
 20
214.5611
 30
0.0
 10
-113.3807
 20
211.5413
 30
0.0
 10
-110.1864
 20
205.3828
 30
0.0
 10
-109.3425
 20
196.0909
 30
0.0
 10
-106.7651
 20
196.225
 30
0.0
 10
-102.3787
 20
197.7834
 30
0.0
 10
-104.8348
 20
210.9452
 30
0.0
 10
-105.9388
 20
214.7206
 30
0.0
 10
-107.7213
 20
220.8163
 30
0.0
 10
-112.4775
 20
226.8473
 30
0.0
 10
-113.314
 20
229.7628
 30
0.0
  0
SPLINE
  5
89
330
1F
100
AcDbEntity
  8
Layer 1
100
AcDbSpline
210
0.0
220
0.0
230
1.0
 70
    11
 71
     3
 72
    23
 73
    19
 74
     0
 42
0.0000000001
 43
0.0000000001
 40
0.0
 40
0.0
 40
0.0
 40
0.0
 40
0.1666666666666667
 40
0.1666666666666667
 40
0.1666666666666667
 40
0.3333333333333333
 40
0.3333333333333333
 40
0.3333333333333333
 40
0.5
 40
0.5
 40
0.5
 40
0.6666666666666666
 40
0.6666666666666666
 40
0.6666666666666666
 40
0.8333333333333333
 40
0.8333333333333333
 40
0.8333333333333333
 40
1.0
 40
1.0
 40
1.0
 40
1.0
 10
-45.7133
 20
250.7207
 30
0.0
 10
-42.2821
 20
251.5871
 30
0.0
 10
-41.8676
 20
248.4398
 30
0.0
 10
-40.7341
 20
246.0928
 30
0.0
 10
-38.7847
 20
242.0564
 30
0.0
 10
-39.2528
 20
241.5584
 30
0.0
 10
-43.1157
 20
240.2239
 30
0.0
 10
-55.0872
 20
236.0879
 30
0.0
 10
-79.1067
 20
227.9272
 30
0.0
 10
-89.7421
 20
225.4405
 30
0.0
 10
-93.994
 20
224.4463
 30
0.0
 10
-94.5318
 20
225.8069
 30
0.0
 10
-95.5282
 20
229.4174
 30
0.0
 10
-96.5751
 20
233.2111
 30
0.0
 10
-93.6434
 20
233.5232
 30
0.0
 10
-91.2303
 20
234.6906
 30
0.0
 10
-80.8607
 20
239.7075
 30
0.0
 10
-56.7678
 20
247.9295
 30
0.0
 10
-45.7133
 20
250.7207
 30
0.0
  0
SPLINE
  5
8A
330
1F
100
AcDbEntity
  8
Layer 1
100
AcDbSpline
210
0.0
220
0.0
230
1.0
 70
    11
 71
     3
 72
    50
 73
    46
 74
     0
 42
0.0000000001
 43
0.0000000001
 40
0.0
 40
0.0
 40
0.0
 40
0.0
 40
0.0666666666666667
 40
0.0666666666666667
 40
0.0666666666666667
 40
0.1333333333333333
 40
0.1333333333333333
 40
0.1333333333333333
 40
0.2
 40
0.2
 40
0.2
 40
0.2666666666666667
 40
0.2666666666666667
 40
0.2666666666666667
 40
0.3333333333333333
 40
0.3333333333333333
 40
0.3333333333333333
 40
0.4
 40
0.4
 40
0.4
 40
0.4666666666666667
 40
0.4666666666666667
 40
0.4666666666666667
 40
0.5333333333333333
 40
0.5333333333333333
 40
0.5333333333333333
 40
0.6
 40
0.6
 40
0.6
 40
0.6666666666666666
 40
0.6666666666666666
 40
0.6666666666666666
 40
0.7333333333333333
 40
0.7333333333333333
 40
0.7333333333333333
 40
0.8
 40
0.8
 40
0.8
 40
0.8666666666666667
 40
0.8666666666666667
 40
0.8666666666666667
 40
0.9333333333333333
 40
0.9333333333333333
 40
0.9333333333333333
 40
1.0
 40
1.0
 40
1.0
 40
1.0
 10
10.5103
 20
251.3037
 30
0.0
 10
10.4264
 20
253.7798
 30
0.0
 10
17.4722
 20
261.5321
 30
0.0
 10
19.1803
 20
263.6306
 30
0.0
 10
19.673
 20
264.236
 30
0.0
 10
20.027
 20
264.5002
 30
0.0
 10
20.5351
 20
265.0986
 30
0.0
 10
20.9707
 20
265.6115
 30
0.0
 10
21.1867
 20
265.9413
 30
0.0
 10
21.6283
 20
266.4732
 30
0.0
 10
22.5612
 20
267.5971
 30
0.0
 10
23.3679
 20
268.0437
 30
0.0
 10
24.3008
 20
269.0908
 30
0.0
 10
25.2113
 20
270.1127
 30
0.0
 10
25.7405
 20
270.9445
 30
0.0
 10
26.7004
 20
271.9825
 30
0.0
 10
26.7004
 20
271.9825
 30
0.0
 10
34.533
 20
279.671
 30
0.0
 10
34.533
 20
279.671
 30
0.0
 10
36.3602
 20
281.3387
 30
0.0
 10
38.2907
 20
282.8376
 30
0.0
 10
40.1657
 20
284.6192
 30
0.0
 10
49.1316
 20
293.1386
 30
0.0
 10
73.9293
 20
308.3631
 30
0.0
 10
83.2495
 20
297.7554
 30
0.0
 10
89.3511
 20
290.811
 30
0.0
 10
91.3446
 20
276.6523
 30
0.0
 10
93.1936
 20
266.0534
 30
0.0
 10
94.1469
 20
260.5892
 30
0.0
 10
95.6761
 20
242.8768
 30
0.0
 10
95.8633
 20
237.1576
 30
0.0
 10
95.9764
 20
233.7043
 30
0.0
 10
96.4226
 20
230.6532
 30
0.0
 10
96.5623
 20
227.3181
 30
0.0
 10
96.9527
 20
218.0031
 30
0.0
 10
96.5366
 20
218.5147
 30
0.0
 10
90.7219
 20
221.9827
 30
0.0
 10
73.9407
 20
231.9916
 30
0.0
 10
62.3781
 20
237.1654
 30
0.0
 10
43.6175
 20
242.9709
 30
0.0
 10
38.6326
 20
244.5135
 30
0.0
 10
32.3904
 20
246.2639
 30
0.0
 10
27.1581
 20
247.2791
 30
0.0
 10
24.3961
 20
247.815
 30
0.0
 10
11.953
 20
250.0945
 30
0.0
 10
10.5103
 20
251.3037
 30
0.0
  0
SPLINE
  5
8B
330
1F
100
AcDbEntity
  8
Layer 1
100
AcDbSpline
210
0.0
220
0.0
230
1.0
 70
    11
 71
     3
 72
    26
 73
    22
 74
     0
 42
0.0000000001
 43
0.0000000001
 40
0.0
 40
0.0
 40
0.0
 40
0.0
 40
0.1428571428571428
 40
0.1428571428571428
 40
0.1428571428571428
 40
0.2857142857142857
 40
0.2857142857142857
 40
0.2857142857142857
 40
0.4285714285714285
 40
0.4285714285714285
 40
0.4285714285714285
 40
0.5714285714285714
 40
0.5714285714285714
 40
0.5714285714285714
 40
0.7142857142857142
 40
0.7142857142857142
 40
0.7142857142857142
 40
0.8571428571428571
 40
0.8571428571428571
 40
0.8571428571428571
 40
1.0
 40
1.0
 40
1.0
 40
1.0
 10
-99.0357
 20
241.1056
 30
0.0
 10
-100.2829
 20
242.9828
 30
0.0
 10
-101.3899
 20
247.0756
 30
0.0
 10
-101.7569
 20
250.017
 30
0.0
 10
-102.0674
 20
252.5062
 30
0.0
 10
-101.3328
 20
252.7963
 30
0.0
 10
-99.3153
 20
253.3714
 30
0.0
 10
-99.3153
 20
253.3714
 30
0.0
 10
-49.2577
 20
267.3006
 30
0.0
 10
-49.2577
 20
267.3006
 30
0.0
 10
-47.3419
 20
267.2494
 30
0.0
 10
-47.1777
 20
265.6928
 30
0.0
 10
-46.7663
 20
264.0943
 30
0.0
 10
-44.9068
 20
256.8694
 30
0.0
 10
-45.715
 20
258.7753
 30
0.0
 10
-59.4219
 20
254.4285
 30
0.0
 10
-63.8612
 20
253.0207
 30
0.0
 10
-68.2537
 20
251.4956
 30
0.0
 10
-72.6843
 20
250.0111
 30
0.0
 10
-77.0762
 20
248.5395
 30
0.0
 10
-96.0148
 20
240.474
 30
0.0
 10
-99.0357
 20
241.1056
 30
0.0
  0
SPLINE
  5
8C
330
1F
100
AcDbEntity
  8
Layer 1
100
AcDbSpline
210
0.0
220
0.0
230
1.0
 70
    11
 71
     3
 72
    32
 73
    28
 74
     0
 42
0.0000000001
 43
0.0000000001
 40
0.0
 40
0.0
 40
0.0
 40
0.0
 40
0.1111111111111111
 40
0.1111111111111111
 40
0.1111111111111111
 40
0.2222222222222222
 40
0.2222222222222222
 40
0.2222222222222222
 40
0.3333333333333333
 40
0.3333333333333333
 40
0.3333333333333333
 40
0.4444444444444444
 40
0.4444444444444444
 40
0.4444444444444444
 40
0.5555555555555556
 40
0.5555555555555556
 40
0.5555555555555556
 40
0.6666666666666666
 40
0.6666666666666666
 40
0.6666666666666666
 40
0.7777777777777777
 40
0.7777777777777777
 40
0.7777777777777777
 40
0.8888888888888888
 40
0.8888888888888888
 40
0.8888888888888888
 40
1.0
 40
1.0
 40
1.0
 40
1.0
 10
-56.0642
 20
288.1876
 30
0.0
 10
-52.84
 20
288.8214
 30
0.0
 10
-52.1015
 20
285.239
 30
0.0
 10
-51.1486
 20
282.9406
 30
0.0
 10
-50.3096
 20
280.9167
 30
0.0
 10
-48.2866
 20
276.7123
 30
0.0
 10
-50.5413
 20
275.1445
 30
0.0
 10
-51.8228
 20
274.2533
 30
0.0
 10
-63.4767
 20
270.7722
 30
0.0
 10
-65.9071
 20
270.1017
 30
0.0
 10
-76.8409
 20
267.0857
 30
0.0
 10
-87.3131
 20
263.8796
 30
0.0
 10
-98.6769
 20
261.5722
 30
0.0
 10
-103.4038
 20
260.6124
 30
0.0
 10
-104.0897
 20
260.2512
 30
0.0
 10
-104.7046
 20
265.2981
 30
0.0
 10
-105.7366
 20
273.7696
 30
0.0
 10
-104.0766
 20
272.1245
 30
0.0
 10
-94.5502
 20
275.0493
 30
0.0
 10
-91.995
 20
275.8338
 30
0.0
 10
-89.2724
 20
276.6459
 30
0.0
 10
-86.6759
 20
277.4303
 30
0.0
 10
-86.6759
 20
277.4303
 30
0.0
 10
-63.6131
 20
285.3832
 30
0.0
 10
-63.6131
 20
285.3832
 30
0.0
 10
-61.4456
 20
286.1961
 30
0.0
 10
-58.2744
 20
287.7531
 30
0.0
 10
-56.0642
 20
288.1876
 30
0.0
  0
SPLINE
  5
8D
330
1F
100
AcDbEntity
  8
Layer 1
100
AcDbSpline
210
0.0
220
0.0
230
1.0
 70
    11
 71
     3
 72
    20
 73
    16
 74
     0
 42
0.0000000001
 43
0.0000000001
 40
0.0
 40
0.0
 40
0.0
 40
0.0
 40
0.2
 40
0.2
 40
0.2
 40
0.4
 40
0.4
 40
0.4
 40
0.6000000000000001
 40
0.6000000000000001
 40
0.6000000000000001
 40
0.8
 40
0.8
 40
0.8
 40
1.0
 40
1.0
 40
1.0
 40
1.0
 10
-79.7427
 20
301.3923
 30
0.0
 10
-71.2807
 20
302.5717
 30
0.0
 10
-55.8585
 20
297.6518
 30
0.0
 10
-61.846
 20
294.5832
 30
0.0
 10
-71.6911
 20
289.5375
 30
0.0
 10
-89.2045
 20
284.1699
 30
0.0
 10
-100.6664
 20
281.5381
 30
0.0
 10
-104.4473
 20
280.67
 30
0.0
 10
-104.3974
 20
282.2759
 30
0.0
 10
-103.2861
 20
285.1889
 30
0.0
 10
-102.5588
 20
287.0954
 30
0.0
 10
-101.7522
 20
288.7762
 30
0.0
 10
-100.6714
 20
290.362
 30
0.0
 10
-96.4815
 20
296.5096
 30
0.0
 10
-90.0151
 20
299.9607
 30
0.0
 10
-79.7427
 20
301.3923
 30
0.0
  0
SPLINE
  5
8E
330
1F
100
AcDbEntity
  8
Layer 1
100
AcDbSpline
210
0.0
220
0.0
230
1.0
 70
    11
 71
     3
 72
    74
 73
    70
 74
     0
 42
0.0000000001
 43
0.0000000001
 40
0.0
 40
0.0
 40
0.0
 40
0.0
 40
0.0434782608695652
 40
0.0434782608695652
 40
0.0434782608695652
 40
0.0869565217391304
 40
0.0869565217391304
 40
0.0869565217391304
 40
0.1304347826086956
 40
0.1304347826086956
 40
0.1304347826086956
 40
0.1739130434782609
 40
0.1739130434782609
 40
0.1739130434782609
 40
0.2173913043478261
 40
0.2173913043478261
 40
0.2173913043478261
 40
0.2608695652173913
 40
0.2608695652173913
 40
0.2608695652173913
 40
0.3043478260869565
 40
0.3043478260869565
 40
0.3043478260869565
 40
0.3478260869565217
 40
0.3478260869565217
 40
0.3478260869565217
 40
0.3913043478260869
 40
0.3913043478260869
 40
0.3913043478260869
 40
0.4347826086956522
 40
0.4347826086956522
 40
0.4347826086956522
 40
0.4782608695652174
 40
0.4782608695652174
 40
0.4782608695652174
 40
0.5217391304347826
 40
0.5217391304347826
 40
0.5217391304347826
 40
0.5652173913043478
 40
0.5652173913043478
 40
0.5652173913043478
 40
0.6086956521739131
 40
0.6086956521739131
 40
0.6086956521739131
 40
0.6521739130434783
 40
0.6521739130434783
 40
0.6521739130434783
 40
0.6956521739130435
 40
0.6956521739130435
 40
0.6956521739130435
 40
0.7391304347826086
 40
0.7391304347826086
 40
0.7391304347826086
 40
0.7826086956521738
 40
0.7826086956521738
 40
0.7826086956521738
 40
0.8260869565217391
 40
0.8260869565217391
 40
0.8260869565217391
 40
0.8695652173913043
 40
0.8695652173913043
 40
0.8695652173913043
 40
0.9130434782608695
 40
0.9130434782608695
 40
0.9130434782608695
 40
0.9565217391304348
 40
0.9565217391304348
 40
0.9565217391304348
 40
1.0
 40
1.0
 40
1.0
 40
1.0
 10
128.6324
 20
194.7421
 30
0.0
 10
127.0759
 20
194.3488
 30
0.0
 10
125.9501
 20
195.6126
 30
0.0
 10
125.1213
 20
196.4176
 30
0.0
 10
121.2063
 20
200.2203
 30
0.0
 10
119.9419
 20
200.8608
 30
0.0
 10
116.6781
 20
203.8483
 30
0.0
 10
114.9931
 20
205.3906
 30
0.0
 10
106.0685
 20
211.9687
 30
0.0
 10
105.0728
 20
213.4072
 30
0.0
 10
103.9418
 20
215.0409
 30
0.0
 10
103.3317
 20
229.7493
 30
0.0
 10
103.2862
 20
232.9467
 30
0.0
 10
103.1932
 20
239.4856
 30
0.0
 10
102.7525
 20
246.5478
 30
0.0
 10
101.9747
 20
253.0155
 30
0.0
 10
100.0931
 20
268.6625
 30
0.0
 10
98.2683
 20
300.1738
 30
0.0
 10
81.218
 20
307.0187
 30
0.0
 10
67.9024
 20
312.3643
 30
0.0
 10
51.1525
 20
302.2983
 30
0.0
 10
42.0999
 20
295.738
 30
0.0
 10
38.7355
 20
293.2998
 30
0.0
 10
32.9488
 20
288.7842
 30
0.0
 10
30.2707
 20
286.0472
 30
0.0
 10
26.0968
 20
281.7815
 30
0.0
 10
20.6981
 20
276.9802
 30
0.0
 10
17.0019
 20
272.5093
 30
0.0
 10
16.1138
 20
271.435
 30
0.0
 10
15.234
 20
270.849
 30
0.0
 10
14.4087
 20
269.8117
 30
0.0
 10
14.4087
 20
269.8117
 30
0.0
 10
4.9533
 20
258.1012
 30
0.0
 10
4.9533
 20
258.1012
 30
0.0
 10
-0.8249
 20
250.4873
 30
0.0
 10
1.4786
 20
251.9022
 30
0.0
 10
-9.9224
 20
253.3429
 30
0.0
 10
-14.1108
 20
253.8722
 30
0.0
 10
-15.3952
 20
253.9494
 30
0.0
 10
-15.1285
 20
258.7088
 30
0.0
 10
-14.8878
 20
263.0054
 30
0.0
 10
-15.1354
 20
264.175
 30
0.0
 10
-12.8308
 20
267.0715
 30
0.0
 10
-12.8308
 20
267.0715
 30
0.0
 10
1.7447
 20
284.5921
 30
0.0
 10
1.7447
 20
284.5921
 30
0.0
 10
2.6588
 20
285.5807
 30
0.0
 10
3.147
 20
286.5616
 30
0.0
 10
4.1286
 20
287.4998
 30
0.0
 10
4.7771
 20
288.1197
 30
0.0
 10
4.8681
 20
288.111
 30
0.0
 10
5.5637
 20
288.8872
 30
0.0
 10
8.3089
 20
291.9506
 30
0.0
 10
20.2602
 20
302.3129
 30
0.0
 10
23.9102
 20
305.1074
 30
0.0
 10
36.8063
 20
314.981
 30
0.0
 10
46.2869
 20
322.7673
 30
0.0
 10
61.9217
 20
330.9451
 30
0.0
 10
73.9816
 20
337.2531
 30
0.0
 10
85.5729
 20
339.0394
 30
0.0
 10
95.3176
 20
328.8719
 30
0.0
 10
95.9169
 20
328.2465
 30
0.0
 10
96.222
 20
328.1529
 30
0.0
 10
96.7901
 20
327.5227
 30
0.0
 10
115.2365
 20
307.0596
 30
0.0
 10
125.4842
 20
261.8111
 30
0.0
 10
126.9398
 20
235.3984
 30
0.0
 10
127.3562
 20
227.8441
 30
0.0
 10
130.5836
 20
200.3631
 30
0.0
 10
128.6324
 20
194.7421
 30
0.0
  0
SPLINE
  5
8F
330
1F
100
AcDbEntity
  8
Layer 1
100
AcDbSpline
210
0.0
220
0.0
230
1.0
 70
    11
 71
     3
 72
    41
 73
    37
 74
     0
 42
0.0000000001
 43
0.0000000001
 40
0.0
 40
0.0
 40
0.0
 40
0.0
 40
0.0833333333333333
 40
0.0833333333333333
 40
0.0833333333333333
 40
0.1666666666666667
 40
0.1666666666666667
 40
0.1666666666666667
 40
0.25
 40
0.25
 40
0.25
 40
0.3333333333333333
 40
0.3333333333333333
 40
0.3333333333333333
 40
0.4166666666666666
 40
0.4166666666666666
 40
0.4166666666666666
 40
0.5
 40
0.5
 40
0.5
 40
0.5833333333333333
 40
0.5833333333333333
 40
0.5833333333333333
 40
0.6666666666666666
 40
0.6666666666666666
 40
0.6666666666666666
 40
0.75
 40
0.75
 40
0.75
 40
0.8333333333333333
 40
0.8333333333333333
 40
0.8333333333333333
 40
0.9166666666666666
 40
0.9166666666666666
 40
0.9166666666666666
 40
1.0
 40
1.0
 40
1.0
 40
1.0
 10
-162.3196
 20
295.2213
 30
0.0
 10
-156.6127
 20
288.5118
 30
0.0
 10
-133.4554
 20
259.7572
 30
0.0
 10
-132.7293
 20
256.119
 30
0.0
 10
-134.7841
 20
256.8027
 30
0.0
 10
-135.7078
 20
258.7482
 30
0.0
 10
-137.0788
 20
260.1381
 30
0.0
 10
-138.6503
 20
261.7313
 30
0.0
 10
-139.554
 20
263.0701
 30
0.0
 10
-140.9615
 20
264.3705
 30
0.0
 10
-142.4832
 20
265.7764
 30
0.0
 10
-143.5704
 20
267.0056
 30
0.0
 10
-144.8989
 20
268.5458
 30
0.0
 10
-146.1666
 20
270.0155
 30
0.0
 10
-147.576
 20
271.2818
 30
0.0
 10
-148.8753
 20
272.6849
 30
0.0
 10
-151.55
 20
275.5734
 30
0.0
 10
-153.7654
 20
278.2894
 30
0.0
 10
-156.7106
 20
281.0773
 30
0.0
 10
-156.7106
 20
281.0773
 30
0.0
 10
-175.7282
 20
302.2703
 30
0.0
 10
-175.7282
 20
302.2703
 30
0.0
 10
-178.9299
 20
305.9761
 30
0.0
 10
-193.4667
 20
322.4935
 30
0.0
 10
-193.8605
 20
324.2746
 30
0.0
 10
-191.5903
 20
323.7308
 30
0.0
 10
-183.0709
 20
316.2477
 30
0.0
 10
-180.1669
 20
313.7035
 30
0.0
 10
-177.1031
 20
311.0194
 30
0.0
 10
-178.0921
 20
311.5647
 30
0.0
 10
-176.1624
 20
309.5958
 30
0.0
 10
-174.716
 20
308.1199
 30
0.0
 10
-173.3776
 20
307.1348
 30
0.0
 10
-171.9845
 20
305.6621
 30
0.0
 10
-171.9845
 20
305.6621
 30
0.0
 10
-162.3196
 20
295.2213
 30
0.0
 10
-162.3196
 20
295.2213
 30
0.0
  0
SPLINE
  5
90
330
1F
100
AcDbEntity
  8
Layer 1
100
AcDbSpline
210
0.0
220
0.0
230
1.0
 70
    11
 71
     3
 72
    20
 73
    16
 74
     0
 42
0.0000000001
 43
0.0000000001
 40
0.0
 40
0.0
 40
0.0
 40
0.0
 40
0.2
 40
0.2
 40
0.2
 40
0.4
 40
0.4
 40
0.4
 40
0.6000000000000001
 40
0.6000000000000001
 40
0.6000000000000001
 40
0.8
 40
0.8
 40
0.8
 40
1.0
 40
1.0
 40
1.0
 40
1.0
 10
-20.439
 20
290.7163
 30
0.0
 10
-20.4871
 20
299.0519
 30
0.0
 10
-15.9951
 20
314.3139
 30
0.0
 10
-13.4013
 20
321.9939
 30
0.0
 10
-11.7477
 20
326.89
 30
0.0
 10
-4.7567
 20
345.2214
 30
0.0
 10
-2.0322
 20
348.2463
 30
0.0
 10
-2.1964
 20
345.4707
 30
0.0
 10
-5.5944
 20
337.1061
 30
0.0
 10
-6.7826
 20
334.0063
 30
0.0
 10
-10.9903
 20
323.029
 30
0.0
 10
-15.1315
 20
309.3739
 30
0.0
 10
-18.2585
 20
297.8313
 30
0.0
 10
-18.852
 20
295.6407
 30
0.0
 10
-19.4693
 20
291.818
 30
0.0
 10
-20.439
 20
290.7163
 30
0.0
  0
SPLINE
  5
91
330
1F
100
AcDbEntity
  8
Layer 1
100
AcDbSpline
210
0.0
220
0.0
230
1.0
 70
    11
 71
     3
 72
   626
 73
   622
 74
     0
 42
0.0000000001
 43
0.0000000001
 40
0.0
 40
0.0
 40
0.0
 40
0.0
 40
0.0048309178743961
 40
0.0048309178743961
 40
0.0048309178743961
 40
0.0096618357487923
 40
0.0096618357487923
 40
0.0096618357487923
 40
0.0144927536231884
 40
0.0144927536231884
 40
0.0144927536231884
 40
0.0193236714975845
 40
0.0193236714975845
 40
0.0193236714975845
 40
0.0241545893719807
 40
0.0241545893719807
 40
0.0241545893719807
 40
0.0289855072463768
 40
0.0289855072463768
 40
0.0289855072463768
 40
0.0338164251207729
 40
0.0338164251207729
 40
0.0338164251207729
 40
0.0386473429951691
 40
0.0386473429951691
 40
0.0386473429951691
 40
0.0434782608695652
 40
0.0434782608695652
 40
0.0434782608695652
 40
0.0483091787439614
 40
0.0483091787439614
 40
0.0483091787439614
 40
0.0531400966183575
 40
0.0531400966183575
 40
0.0531400966183575
 40
0.0579710144927536
 40
0.0579710144927536
 40
0.0579710144927536
 40
0.0628019323671498
 40
0.0628019323671498
 40
0.0628019323671498
 40
0.0676328502415459
 40
0.0676328502415459
 40
0.0676328502415459
 40
0.072463768115942
 40
0.072463768115942
 40
0.072463768115942
 40
0.0772946859903382
 40
0.0772946859903382
 40
0.0772946859903382
 40
0.0821256038647343
 40
0.0821256038647343
 40
0.0821256038647343
 40
0.0869565217391304
 40
0.0869565217391304
 40
0.0869565217391304
 40
0.0917874396135266
 40
0.0917874396135266
 40
0.0917874396135266
 40
0.0966183574879227
 40
0.0966183574879227
 40
0.0966183574879227
 40
0.1014492753623188
 40
0.1014492753623188
 40
0.1014492753623188
 40
0.106280193236715
 40
0.106280193236715
 40
0.106280193236715
 40
0.1111111111111111
 40
0.1111111111111111
 40
0.1111111111111111
 40
0.1159420289855072
 40
0.1159420289855072
 40
0.1159420289855072
 40
0.1207729468599034
 40
0.1207729468599034
 40
0.1207729468599034
 40
0.1256038647342995
 40
0.1256038647342995
 40
0.1256038647342995
 40
0.1304347826086956
 40
0.1304347826086956
 40
0.1304347826086956
 40
0.1352657004830918
 40
0.1352657004830918
 40
0.1352657004830918
 40
0.1400966183574879
 40
0.1400966183574879
 40
0.1400966183574879
 40
0.1449275362318841
 40
0.1449275362318841
 40
0.1449275362318841
 40
0.1497584541062802
 40
0.1497584541062802
 40
0.1497584541062802
 40
0.1545893719806763
 40
0.1545893719806763
 40
0.1545893719806763
 40
0.1594202898550725
 40
0.1594202898550725
 40
0.1594202898550725
 40
0.1642512077294686
 40
0.1642512077294686
 40
0.1642512077294686
 40
0.1690821256038647
 40
0.1690821256038647
 40
0.1690821256038647
 40
0.1739130434782609
 40
0.1739130434782609
 40
0.1739130434782609
 40
0.178743961352657
 40
0.178743961352657
 40
0.178743961352657
 40
0.1835748792270531
 40
0.1835748792270531
 40
0.1835748792270531
 40
0.1884057971014493
 40
0.1884057971014493
 40
0.1884057971014493
 40
0.1932367149758454
 40
0.1932367149758454
 40
0.1932367149758454
 40
0.1980676328502415
 40
0.1980676328502415
 40
0.1980676328502415
 40
0.2028985507246377
 40
0.2028985507246377
 40
0.2028985507246377
 40
0.2077294685990338
 40
0.2077294685990338
 40
0.2077294685990338
 40
0.21256038647343
 40
0.21256038647343
 40
0.21256038647343
 40
0.2173913043478261
 40
0.2173913043478261
 40
0.2173913043478261
 40
0.2222222222222222
 40
0.2222222222222222
 40
0.2222222222222222
 40
0.2270531400966183
 40
0.2270531400966183
 40
0.2270531400966183
 40
0.2318840579710145
 40
0.2318840579710145
 40
0.2318840579710145
 40
0.2367149758454106
 40
0.2367149758454106
 40
0.2367149758454106
 40
0.2415458937198068
 40
0.2415458937198068
 40
0.2415458937198068
 40
0.2463768115942029
 40
0.2463768115942029
 40
0.2463768115942029
 40
0.251207729468599
 40
0.251207729468599
 40
0.251207729468599
 40
0.2560386473429951
 40
0.2560386473429951
 40
0.2560386473429951
 40
0.2608695652173913
 40
0.2608695652173913
 40
0.2608695652173913
 40
0.2657004830917875
 40
0.2657004830917875
 40
0.2657004830917875
 40
0.2705314009661836
 40
0.2705314009661836
 40
0.2705314009661836
 40
0.2753623188405797
 40
0.2753623188405797
 40
0.2753623188405797
 40
0.2801932367149758
 40
0.2801932367149758
 40
0.2801932367149758
 40
0.285024154589372
 40
0.285024154589372
 40
0.285024154589372
 40
0.2898550724637681
 40
0.2898550724637681
 40
0.2898550724637681
 40
0.2946859903381642
 40
0.2946859903381642
 40
0.2946859903381642
 40
0.2995169082125604
 40
0.2995169082125604
 40
0.2995169082125604
 40
0.3043478260869565
 40
0.3043478260869565
 40
0.3043478260869565
 40
0.3091787439613526
 40
0.3091787439613526
 40
0.3091787439613526
 40
0.3140096618357488
 40
0.3140096618357488
 40
0.3140096618357488
 40
0.3188405797101449
 40
0.3188405797101449
 40
0.3188405797101449
 40
0.3236714975845411
 40
0.3236714975845411
 40
0.3236714975845411
 40
0.3285024154589372
 40
0.3285024154589372
 40
0.3285024154589372
 40
0.3333333333333333
 40
0.3333333333333333
 40
0.3333333333333333
 40
0.3381642512077295
 40
0.3381642512077295
 40
0.3381642512077295
 40
0.3429951690821256
 40
0.3429951690821256
 40
0.3429951690821256
 40
0.3478260869565217
 40
0.3478260869565217
 40
0.3478260869565217
 40
0.3526570048309178
 40
0.3526570048309178
 40
0.3526570048309178
 40
0.357487922705314
 40
0.357487922705314
 40
0.357487922705314
 40
0.3623188405797101
 40
0.3623188405797101
 40
0.3623188405797101
 40
0.3671497584541062
 40
0.3671497584541062
 40
0.3671497584541062
 40
0.3719806763285024
 40
0.3719806763285024
 40
0.3719806763285024
 40
0.3768115942028986
 40
0.3768115942028986
 40
0.3768115942028986
 40
0.3816425120772947
 40
0.3816425120772947
 40
0.3816425120772947
 40
0.3864734299516908
 40
0.3864734299516908
 40
0.3864734299516908
 40
0.3913043478260869
 40
0.3913043478260869
 40
0.3913043478260869
 40
0.3961352657004831
 40
0.3961352657004831
 40
0.3961352657004831
 40
0.4009661835748792
 40
0.4009661835748792
 40
0.4009661835748792
 40
0.4057971014492753
 40
0.4057971014492753
 40
0.4057971014492753
 40
0.4106280193236715
 40
0.4106280193236715
 40
0.4106280193236715
 40
0.4154589371980676
 40
0.4154589371980676
 40
0.4154589371980676
 40
0.4202898550724637
 40
0.4202898550724637
 40
0.4202898550724637
 40
0.4251207729468599
 40
0.4251207729468599
 40
0.4251207729468599
 40
0.429951690821256
 40
0.429951690821256
 40
0.429951690821256
 40
0.4347826086956522
 40
0.4347826086956522
 40
0.4347826086956522
 40
0.4396135265700483
 40
0.4396135265700483
 40
0.4396135265700483
 40
0.4444444444444444
 40
0.4444444444444444
 40
0.4444444444444444
 40
0.4492753623188406
 40
0.4492753623188406
 40
0.4492753623188406
 40
0.4541062801932367
 40
0.4541062801932367
 40
0.4541062801932367
 40
0.4589371980676328
 40
0.4589371980676328
 40
0.4589371980676328
 40
0.4637681159420289
 40
0.4637681159420289
 40
0.4637681159420289
 40
0.4685990338164251
 40
0.4685990338164251
 40
0.4685990338164251
 40
0.4734299516908212
 40
0.4734299516908212
 40
0.4734299516908212
 40
0.4782608695652174
 40
0.4782608695652174
 40
0.4782608695652174
 40
0.4830917874396135
 40
0.4830917874396135
 40
0.4830917874396135
 40
0.4879227053140097
 40
0.4879227053140097
 40
0.4879227053140097
 40
0.4927536231884058
 40
0.4927536231884058
 40
0.4927536231884058
 40
0.4975845410628019
 40
0.4975845410628019
 40
0.4975845410628019
 40
0.5024154589371981
 40
0.5024154589371981
 40
0.5024154589371981
 40
0.5072463768115941
 40
0.5072463768115941
 40
0.5072463768115941
 40
0.5120772946859903
 40
0.5120772946859903
 40
0.5120772946859903
 40
0.5169082125603864
 40
0.5169082125603864
 40
0.5169082125603864
 40
0.5217391304347826
 40
0.5217391304347826
 40
0.5217391304347826
 40
0.5265700483091788
 40
0.5265700483091788
 40
0.5265700483091788
 40
0.5314009661835749
 40
0.5314009661835749
 40
0.5314009661835749
 40
0.536231884057971
 40
0.536231884057971
 40
0.536231884057971
 40
0.5410628019323671
 40
0.5410628019323671
 40
0.5410628019323671
 40
0.5458937198067633
 40
0.5458937198067633
 40
0.5458937198067633
 40
0.5507246376811594
 40
0.5507246376811594
 40
0.5507246376811594
 40
0.5555555555555556
 40
0.5555555555555556
 40
0.5555555555555556
 40
0.5603864734299516
 40
0.5603864734299516
 40
0.5603864734299516
 40
0.5652173913043478
 40
0.5652173913043478
 40
0.5652173913043478
 40
0.5700483091787439
 40
0.5700483091787439
 40
0.5700483091787439
 40
0.5748792270531401
 40
0.5748792270531401
 40
0.5748792270531401
 40
0.5797101449275363
 40
0.5797101449275363
 40
0.5797101449275363
 40
0.5845410628019323
 40
0.5845410628019323
 40
0.5845410628019323
 40
0.5893719806763285
 40
0.5893719806763285
 40
0.5893719806763285
 40
0.5942028985507246
 40
0.5942028985507246
 40
0.5942028985507246
 40
0.5990338164251208
 40
0.5990338164251208
 40
0.5990338164251208
 40
0.6038647342995169
 40
0.6038647342995169
 40
0.6038647342995169
 40
0.608695652173913
 40
0.608695652173913
 40
0.608695652173913
 40
0.6135265700483091
 40
0.6135265700483091
 40
0.6135265700483091
 40
0.6183574879227053
 40
0.6183574879227053
 40
0.6183574879227053
 40
0.6231884057971014
 40
0.6231884057971014
 40
0.6231884057971014
 40
0.6280193236714976
 40
0.6280193236714976
 40
0.6280193236714976
 40
0.6328502415458936
 40
0.6328502415458936
 40
0.6328502415458936
 40
0.6376811594202898
 40
0.6376811594202898
 40
0.6376811594202898
 40
0.642512077294686
 40
0.642512077294686
 40
0.642512077294686
 40
0.6473429951690821
 40
0.6473429951690821
 40
0.6473429951690821
 40
0.6521739130434783
 40
0.6521739130434783
 40
0.6521739130434783
 40
0.6570048309178743
 40
0.6570048309178743
 40
0.6570048309178743
 40
0.6618357487922705
 40
0.6618357487922705
 40
0.6618357487922705
 40
0.6666666666666666
 40
0.6666666666666666
 40
0.6666666666666666
 40
0.6714975845410628
 40
0.6714975845410628
 40
0.6714975845410628
 40
0.6763285024154589
 40
0.6763285024154589
 40
0.6763285024154589
 40
0.681159420289855
 40
0.681159420289855
 40
0.681159420289855
 40
0.6859903381642511
 40
0.6859903381642511
 40
0.6859903381642511
 40
0.6908212560386473
 40
0.6908212560386473
 40
0.6908212560386473
 40
0.6956521739130435
 40
0.6956521739130435
 40
0.6956521739130435
 40
0.7004830917874396
 40
0.7004830917874396
 40
0.7004830917874396
 40
0.7053140096618357
 40
0.7053140096618357
 40
0.7053140096618357
 40
0.7101449275362318
 40
0.7101449275362318
 40
0.7101449275362318
 40
0.714975845410628
 40
0.714975845410628
 40
0.714975845410628
 40
0.7198067632850241
 40
0.7198067632850241
 40
0.7198067632850241
 40
0.7246376811594203
 40
0.7246376811594203
 40
0.7246376811594203
 40
0.7294685990338164
 40
0.7294685990338164
 40
0.7294685990338164
 40
0.7342995169082125
 40
0.7342995169082125
 40
0.7342995169082125
 40
0.7391304347826086
 40
0.7391304347826086
 40
0.7391304347826086
 40
0.7439613526570048
 40
0.7439613526570048
 40
0.7439613526570048
 40
0.748792270531401
 40
0.748792270531401
 40
0.748792270531401
 40
0.7536231884057971
 40
0.7536231884057971
 40
0.7536231884057971
 40
0.7584541062801932
 40
0.7584541062801932
 40
0.7584541062801932
 40
0.7632850241545893
 40
0.7632850241545893
 40
0.7632850241545893
 40
0.7681159420289855
 40
0.7681159420289855
 40
0.7681159420289855
 40
0.7729468599033816
 40
0.7729468599033816
 40
0.7729468599033816
 40
0.7777777777777778
 40
0.7777777777777778
 40
0.7777777777777778
 40
0.7826086956521738
 40
0.7826086956521738
 40
0.7826086956521738
 40
0.78743961352657
 40
0.78743961352657
 40
0.78743961352657
 40
0.7922705314009661
 40
0.7922705314009661
 40
0.7922705314009661
 40
0.7971014492753623
 40
0.7971014492753623
 40
0.7971014492753623
 40
0.8019323671497585
 40
0.8019323671497585
 40
0.8019323671497585
 40
0.8067632850241545
 40
0.8067632850241545
 40
0.8067632850241545
 40
0.8115942028985507
 40
0.8115942028985507
 40
0.8115942028985507
 40
0.8164251207729468
 40
0.8164251207729468
 40
0.8164251207729468
 40
0.821256038647343
 40
0.821256038647343
 40
0.821256038647343
 40
0.8260869565217391
 40
0.8260869565217391
 40
0.8260869565217391
 40
0.8309178743961352
 40
0.8309178743961352
 40
0.8309178743961352
 40
0.8357487922705313
 40
0.8357487922705313
 40
0.8357487922705313
 40
0.8405797101449275
 40
0.8405797101449275
 40
0.8405797101449275
 40
0.8454106280193237
 40
0.8454106280193237
 40
0.8454106280193237
 40
0.8502415458937198
 40
0.8502415458937198
 40
0.8502415458937198
 40
0.8550724637681159
 40
0.8550724637681159
 40
0.8550724637681159
 40
0.859903381642512
 40
0.859903381642512
 40
0.859903381642512
 40
0.8647342995169082
 40
0.8647342995169082
 40
0.8647342995169082
 40
0.8695652173913043
 40
0.8695652173913043
 40
0.8695652173913043
 40
0.8743961352657005
 40
0.8743961352657005
 40
0.8743961352657005
 40
0.8792270531400965
 40
0.8792270531400965
 40
0.8792270531400965
 40
0.8840579710144927
 40
0.8840579710144927
 40
0.8840579710144927
 40
0.8888888888888888
 40
0.8888888888888888
 40
0.8888888888888888
 40
0.893719806763285
 40
0.893719806763285
 40
0.893719806763285
 40
0.8985507246376812
 40
0.8985507246376812
 40
0.8985507246376812
 40
0.9033816425120772
 40
0.9033816425120772
 40
0.9033816425120772
 40
0.9082125603864734
 40
0.9082125603864734
 40
0.9082125603864734
 40
0.9130434782608695
 40
0.9130434782608695
 40
0.9130434782608695
 40
0.9178743961352657
 40
0.9178743961352657
 40
0.9178743961352657
 40
0.9227053140096618
 40
0.9227053140096618
 40
0.9227053140096618
 40
0.9275362318840579
 40
0.9275362318840579
 40
0.9275362318840579
 40
0.932367149758454
 40
0.932367149758454
 40
0.932367149758454
 40
0.9371980676328502
 40
0.9371980676328502
 40
0.9371980676328502
 40
0.9420289855072463
 40
0.9420289855072463
 40
0.9420289855072463
 40
0.9468599033816425
 40
0.9468599033816425
 40
0.9468599033816425
 40
0.9516908212560387
 40
0.9516908212560387
 40
0.9516908212560387
 40
0.9565217391304347
 40
0.9565217391304347
 40
0.9565217391304347
 40
0.9613526570048309
 40
0.9613526570048309
 40
0.9613526570048309
 40
0.966183574879227
 40
0.966183574879227
 40
0.966183574879227
 40
0.9710144927536232
 40
0.9710144927536232
 40
0.9710144927536232
 40
0.9758454106280193
 40
0.9758454106280193
 40
0.9758454106280193
 40
0.9806763285024154
 40
0.9806763285024154
 40
0.9806763285024154
 40
0.9855072463768115
 40
0.9855072463768115
 40
0.9855072463768115
 40
0.9903381642512077
 40
0.9903381642512077
 40
0.9903381642512077
 40
0.9951690821256038
 40
0.9951690821256038
 40
0.9951690821256038
 40
1.0
 40
1.0
 40
1.0
 40
1.0
 10
-11.8041
 20
283.7992
 30
0.0
 10
-13.0627
 20
293.2219
 30
0.0
 10
2.3172
 20
334.2936
 30
0.0
 10
6.6474
 20
344.6133
 30
0.0
 10
10.639
 20
354.1261
 30
0.0
 10
14.454
 20
363.0843
 30
0.0
 10
17.9086
 20
373.2244
 30
0.0
 10
19.4881
 20
377.8606
 30
0.0
 10
21.2525
 20
383.1287
 30
0.0
 10
22.7562
 20
388.0923
 30
0.0
 10
23.8729
 20
391.7784
 30
0.0
 10
27.9341
 20
400.1703
 30
0.0
 10
25.7673
 20
403.2062
 30
0.0
 10
22.0831
 20
403.7617
 30
0.0
 10
20.5346
 20
399.6574
 30
0.0
 10
18.6356
 20
397.5076
 30
0.0
 10
16.5773
 20
395.1774
 30
0.0
 10
14.7827
 20
392.6512
 30
0.0
 10
12.9589
 20
390.1324
 30
0.0
 10
-5.5276
 20
364.6018
 30
0.0
 10
-21.1243
 20
332.7046
 30
0.0
 10
-27.1187
 20
301.0664
 30
0.0
 10
-28.5178
 20
293.6821
 30
0.0
 10
-29.7085
 20
286.5421
 30
0.0
 10
-30.8691
 20
279.1175
 30
0.0
 10
-31.4918
 20
275.1338
 30
0.0
 10
-33.3202
 20
259.6727
 30
0.0
 10
-34.7121
 20
257.2818
 30
0.0
 10
-36.9727
 20
257.3154
 30
0.0
 10
-37.1711
 20
258.5505
 30
0.0
 10
-37.7034
 20
260.7564
 30
0.0
 10
-40.4125
 20
271.9826
 30
0.0
 10
-41.8351
 20
285.1567
 30
0.0
 10
-48.5264
 20
294.373
 30
0.0
 10
-54.5895
 20
302.7239
 30
0.0
 10
-68.8179
 20
311.2973
 30
0.0
 10
-84.8972
 20
308.1583
 30
0.0
 10
-129.6391
 20
299.4237
 30
0.0
 10
-107.4892
 20
248.1978
 30
0.0
 10
-108.1137
 20
239.6011
 30
0.0
 10
-109.7546
 20
239.9766
 30
0.0
 10
-110.9864
 20
241.8651
 30
0.0
 10
-112.0337
 20
243.2114
 30
0.0
 10
-113.1439
 20
244.6386
 30
0.0
 10
-113.9712
 20
245.5914
 30
0.0
 10
-115.2032
 20
247.0988
 30
0.0
 10
-116.2955
 20
248.4354
 30
0.0
 10
-117.3245
 20
249.9051
 30
0.0
 10
-118.4262
 20
251.2815
 30
0.0
 10
-119.4322
 20
252.5384
 30
0.0
 10
-120.4643
 20
253.8377
 30
0.0
 10
-121.4996
 20
255.2624
 30
0.0
 10
-121.4996
 20
255.2624
 30
0.0
 10
-130.8149
 20
267.4635
 30
0.0
 10
-130.8149
 20
267.4635
 30
0.0
 10
-132.0082
 20
268.9941
 30
0.0
 10
-132.7233
 20
269.8638
 30
0.0
 10
-133.9025
 20
271.4307
 30
0.0
 10
-142.0642
 20
282.2757
 30
0.0
 10
-150.597
 20
293.1626
 30
0.0
 10
-159.5
 20
302.9778
 30
0.0
 10
-162.3524
 20
306.1224
 30
0.0
 10
-169.3174
 20
313.5834
 30
0.0
 10
-172.0121
 20
315.8626
 30
0.0
 10
-172.7435
 20
316.4813
 30
0.0
 10
-173.23
 20
316.7883
 30
0.0
 10
-173.951
 20
317.453
 30
0.0
 10
-173.951
 20
317.453
 30
0.0
 10
-177.8299
 20
320.9812
 30
0.0
 10
-177.8299
 20
320.9812
 30
0.0
 10
-180.3507
 20
323.5301
 30
0.0
 10
-186.7055
 20
328.6239
 30
0.0
 10
-189.332
 20
330.6416
 30
0.0
 10
-189.332
 20
330.6416
 30
0.0
 10
-213.7923
 20
349.2151
 30
0.0
 10
-213.7923
 20
349.2151
 30
0.0
 10
-216.042
 20
350.9469
 30
0.0
 10
-219.6143
 20
354.8167
 30
0.0
 10
-222.6902
 20
354.1625
 30
0.0
 10
-223.7979
 20
351.0649
 30
0.0
 10
-220.8333
 20
347.116
 30
0.0
 10
-219.3763
 20
344.6891
 30
0.0
 10
-214.6344
 20
336.7905
 30
0.0
 10
-209.2911
 20
328.9506
 30
0.0
 10
-203.0873
 20
322.1767
 30
0.0
 10
-202.356
 20
321.3782
 30
0.0
 10
-202.0334
 20
321.2888
 30
0.0
 10
-201.3436
 20
320.3947
 30
0.0
 10
-201.3436
 20
320.3947
 30
0.0
 10
-183.2075
 20
299.7288
 30
0.0
 10
-183.2075
 20
299.7288
 30
0.0
 10
-179.9898
 20
295.5455
 30
0.0
 10
-175.8931
 20
291.9568
 30
0.0
 10
-172.6573
 20
287.7059
 30
0.0
 10
-170.776
 20
285.2345
 30
0.0
 10
-165.7448
 20
280.262
 30
0.0
 10
-163.202
 20
277.4078
 30
0.0
 10
-162.1267
 20
276.2008
 30
0.0
 10
-161.0615
 20
275.4305
 30
0.0
 10
-160.001
 20
274.2596
 30
0.0
 10
-160.001
 20
274.2596
 30
0.0
 10
-146.1236
 20
258.8575
 30
0.0
 10
-146.1236
 20
258.8575
 30
0.0
 10
-142.3732
 20
255.0737
 30
0.0
 10
-138.9903
 20
250.9
 30
0.0
 10
-135.6401
 20
246.7695
 30
0.0
 10
-134.1903
 20
244.982
 30
0.0
 10
-130.5363
 20
241.3562
 30
0.0
 10
-130.857
 20
239.1273
 30
0.0
 10
-135.1146
 20
238.5547
 30
0.0
 10
-161.0626
 20
245.0012
 30
0.0
 10
-167.291
 20
246.2169
 30
0.0
 10
-179.551
 20
248.6097
 30
0.0
 10
-191.0475
 20
251.3948
 30
0.0
 10
-203.7575
 20
253.4774
 30
0.0
 10
-216.4183
 20
255.5519
 30
0.0
 10
-230.7161
 20
257.1548
 30
0.0
 10
-241.1228
 20
250.5684
 30
0.0
 10
-249.6402
 20
245.1777
 30
0.0
 10
-253.6229
 20
233.5376
 30
0.0
 10
-253.6686
 20
219.5577
 30
0.0
 10
-253.7473
 20
195.4859
 30
0.0
 10
-247.0544
 20
167.1154
 30
0.0
 10
-242.0452
 20
143.5285
 30
0.0
 10
-238.2002
 20
125.4234
 30
0.0
 10
-232.5356
 20
102.1089
 30
0.0
 10
-222.4655
 20
86.5738
 30
0.0
 10
-221.3814
 20
84.9013
 30
0.0
 10
-218.4647
 20
81.8811
 30
0.0
 10
-218.7661
 20
80.0885
 30
0.0
 10
-221.8195
 20
78.9917
 30
0.0
 10
-244.7557
 20
80.7062
 30
0.0
 10
-249.6114
 20
81.0194
 30
0.0
 10
-254.7202
 20
81.3489
 30
0.0
 10
-260.0762
 20
80.8249
 30
0.0
 10
-265.1451
 20
81.2637
 30
0.0
 10
-272.5158
 20
81.9018
 30
0.0
 10
-288.7916
 20
81.5364
 30
0.0
 10
-296.8885
 20
81.4485
 30
0.0
 10
-303.2552
 20
81.3793
 30
0.0
 10
-337.1161
 20
79.1805
 30
0.0
 10
-338.088
 20
74.9369
 30
0.0
 10
-337.9671
 20
71.9562
 30
0.0
 10
-334.3444
 20
72.0699
 30
0.0
 10
-331.5994
 20
71.5596
 30
0.0
 10
-311.4107
 20
67.8071
 30
0.0
 10
-290.5544
 20
66.2458
 30
0.0
 10
-270.0088
 20
65.6125
 30
0.0
 10
-257.7501
 20
65.2347
 30
0.0
 10
-245.2063
 20
64.081
 30
0.0
 10
-233.0388
 20
63.5092
 30
0.0
 10
-228.8826
 20
63.3139
 30
0.0
 10
-211.5766
 20
61.6804
 30
0.0
 10
-208.8427
 20
58.5709
 30
0.0
 10
-207.8127
 20
57.3994
 30
0.0
 10
-207.0626
 20
52.3984
 30
0.0
 10
-207.2171
 20
50.5983
 30
0.0
 10
-208.5842
 20
48.5722
 30
0.0
 10
-211.2746
 20
48.6907
 30
0.0
 10
-214.1391
 20
48.2673
 30
0.0
 10
-216.5885
 20
47.9052
 30
0.0
 10
-219.2844
 20
47.2415
 30
0.0
 10
-221.6983
 20
46.6624
 30
0.0
 10
-226.6567
 20
45.4728
 30
0.0
 10
-231.1229
 20
44.0212
 30
0.0
 10
-235.8236
 20
42.4515
 30
0.0
 10
-242.8118
 20
40.118
 30
0.0
 10
-254.3642
 20
35.1961
 30
0.0
 10
-260.5932
 20
30.8835
 30
0.0
 10
-264.3405
 20
28.2891
 30
0.0
 10
-268.0786
 20
26.2598
 30
0.0
 10
-271.6536
 20
23.6002
 30
0.0
 10
-282.2022
 20
15.753
 30
0.0
 10
-291.9513
 20
7.6061
 30
0.0
 10
-300.403
 20
-2.3239
 30
0.0
 10
-307.1122
 20
-10.2067
 30
0.0
 10
-310.4736
 20
-19.335
 30
0.0
 10
-309.0808
 20
-29.9729
 30
0.0
 10
-307.9616
 20
-38.5213
 30
0.0
 10
-303.834
 20
-45.5035
 30
0.0
 10
-298.8466
 20
-51.8877
 30
0.0
 10
-296.9899
 20
-54.2643
 30
0.0
 10
-294.7657
 20
-56.5421
 30
0.0
 10
-292.1057
 20
-58.5523
 30
0.0
 10
-285.6221
 20
-63.4518
 30
0.0
 10
-278.7631
 20
-64.7216
 30
0.0
 10
-271.8697
 20
-60.1328
 30
0.0
 10
-268.2133
 20
-57.6989
 30
0.0
 10
-262.3284
 20
-61.5087
 30
0.0
 10
-257.4045
 20
-56.9643
 30
0.0
 10
-254.9316
 20
-54.682
 30
0.0
 10
-255.2419
 20
-54.3972
 30
0.0
 10
-250.6718
 20
-54.5282
 30
0.0
 10
-247.4621
 20
-54.6202
 30
0.0
 10
-245.2407
 20
-53.6011
 30
0.0
 10
-242.3364
 20
-53.5796
 30
0.0
 10
-242.7722
 20
-55.9673
 30
0.0
 10
-244.8094
 20
-57.6068
 30
0.0
 10
-246.4331
 20
-59.4679
 30
0.0
 10
-246.4331
 20
-59.4679
 30
0.0
 10
-251.885
 20
-66.0118
 30
0.0
 10
-251.885
 20
-66.0118
 30
0.0
 10
-252.3286
 20
-66.5364
 30
0.0
 10
-252.5416
 20
-66.8809
 30
0.0
 10
-252.9723
 20
-67.3922
 30
0.0
 10
-252.9723
 20
-67.3922
 30
0.0
 10
-259.0387
 20
-75.4379
 30
0.0
 10
-259.0387
 20
-75.4379
 30
0.0
 10
-260.5163
 20
-77.3646
 30
0.0
 10
-274.5192
 20
-96.8132
 30
0.0
 10
-272.0412
 20
-99.4799
 30
0.0
 10
-270.752
 20
-100.9617
 30
0.0
 10
-268.8262
 20
-99.2783
 30
0.0
 10
-267.7213
 20
-98.4979
 30
0.0
 10
-263.7787
 20
-95.7129
 30
0.0
 10
-241.1567
 20
-77.4386
 30
0.0
 10
-238.1199
 20
-74.4827
 30
0.0
 10
-237.4445
 20
-73.8252
 30
0.0
 10
-237.2554
 20
-73.4934
 30
0.0
 10
-236.5378
 20
-72.8934
 30
0.0
 10
-236.5378
 20
-72.8934
 30
0.0
 10
-229.6996
 20
-67.0304
 30
0.0
 10
-229.6996
 20
-67.0304
 30
0.0
 10
-228.3355
 20
-65.7319
 30
0.0
 10
-227.7121
 20
-65.1231
 30
0.0
 10
-226.3835
 20
-63.9982
 30
0.0
 10
-226.3835
 20
-63.9982
 30
0.0
 10
-207.8473
 20
-47.9664
 30
0.0
 10
-207.8473
 20
-47.9664
 30
0.0
 10
-203.4289
 20
-43.641
 30
0.0
 10
-181.3475
 20
-26.2868
 30
0.0
 10
-174.468
 20
-21.7363
 30
0.0
 10
-172.2778
 20
-20.2876
 30
0.0
 10
-168.9161
 20
-16.5711
 30
0.0
 10
-166.1314
 20
-18.2877
 30
0.0
 10
-166.1314
 20
-18.2877
 30
0.0
 10
-159.1812
 20
-23.691
 30
0.0
 10
-159.1812
 20
-23.691
 30
0.0
 10
-136.0861
 20
-40.4483
 30
0.0
 10
-121.2207
 20
-43.012
 30
0.0
 10
-94.1861
 20
-46.9267
 30
0.0
 10
-94.1861
 20
-46.9267
 30
0.0
 10
-72.1118
 20
-49.7754
 30
0.0
 10
-72.1118
 20
-49.7754
 30
0.0
 10
-66.0666
 20
-50.5031
 30
0.0
 10
-66.4656
 20
-51.3797
 30
0.0
 10
-67.1096
 20
-57.2594
 30
0.0
 10
-68.837
 20
-73.0332
 30
0.0
 10
-69.7535
 20
-88.7858
 30
0.0
 10
-68.8792
 20
-104.6181
 30
0.0
 10
-68.6466
 20
-108.8297
 30
0.0
 10
-68.2555
 20
-112.0033
 30
0.0
 10
-67.7348
 20
-116.1101
 30
0.0
 10
-67.418
 20
-118.6094
 30
0.0
 10
-65.592
 20
-124.5975
 30
0.0
 10
-66.3682
 20
-126.6881
 30
0.0
 10
-68.2778
 20
-128.9947
 30
0.0
 10
-91.228
 20
-122.1017
 30
0.0
 10
-107.6401
 20
-126.3151
 30
0.0
 10
-115.8371
 20
-128.4194
 30
0.0
 10
-123.8627
 20
-132.8266
 30
0.0
 10
-128.115
 20
-139.6934
 30
0.0
 10
-136.3007
 20
-152.9121
 30
0.0
 10
-134.3549
 20
-172.0651
 30
0.0
 10
-128.5693
 20
-184.9451
 30
0.0
 10
-125.4738
 20
-191.8362
 30
0.0
 10
-120.6569
 20
-196.1424
 30
0.0
 10
-133.2201
 20
-196.1491
 30
0.0
 10
-144.3283
 20
-196.1549
 30
0.0
 10
-182.92
 20
-191.9224
 30
0.0
 10
-193.6712
 20
-189.4281
 30
0.0
 10
-208.7826
 20
-185.9222
 30
0.0
 10
-213.8713
 20
-175.4117
 30
0.0
 10
-226.0011
 20
-176.881
 30
0.0
 10
-233.1596
 20
-177.7482
 30
0.0
 10
-241.3642
 20
-180.6975
 30
0.0
 10
-245.3655
 20
-185.7603
 30
0.0
 10
-246.1344
 20
-186.733
 30
0.0
 10
-247.0323
 20
-187.6764
 30
0.0
 10
-247.8383
 20
-188.9304
 30
0.0
 10
-249.1589
 20
-190.9852
 30
0.0
 10
-249.8192
 20
-195.1173
 30
0.0
 10
-251.4849
 20
-196.2152
 30
0.0
 10
-253.3828
 20
-197.466
 30
0.0
 10
-256.5714
 20
-197.8101
 30
0.0
 10
-259.2545
 20
-199.7318
 30
0.0
 10
-264.3306
 20
-203.3673
 30
0.0
 10
-266.6303
 20
-209.2808
 30
0.0
 10
-265.3845
 20
-215.9296
 30
0.0
 10
-264.5602
 20
-220.3285
 30
0.0
 10
-262.5901
 20
-220.6107
 30
0.0
 10
-265.3934
 20
-224.2861
 30
0.0
 10
-272.5831
 20
-233.7122
 30
0.0
 10
-258.5137
 20
-246.0999
 30
0.0
 10
-250.7987
 20
-250.7554
 30
0.0
 10
-242.1517
 20
-255.9733
 30
0.0
 10
-228.3001
 20
-263.0738
 30
0.0
 10
-216.6513
 20
-257.5146
 30
0.0
 10
-209.9141
 20
-254.2994
 30
0.0
 10
-209.4335
 20
-251.0415
 30
0.0
 10
-201.3871
 20
-250.1982
 30
0.0
 10
-196.0201
 20
-249.6357
 30
0.0
 10
-162.8829
 20
-251.1667
 30
0.0
 10
-158.5097
 20
-251.6193
 30
0.0
 10
-151.6799
 20
-252.3263
 30
0.0
 10
-143.4099
 20
-251.7456
 30
0.0
 10
-136.3797
 20
-251.8757
 30
0.0
 10
-120.2797
 20
-252.1736
 30
0.0
 10
-87.5997
 20
-253.5552
 30
0.0
 10
-72.2541
 20
-249.1812
 30
0.0
 10
-61.7951
 20
-246.2
 30
0.0
 10
-49.3461
 20
-242.5556
 30
0.0
 10
-43.4075
 20
-233.2144
 30
0.0
 10
-40.2199
 20
-228.2005
 30
0.0
 10
-39.224
 20
-221.4028
 30
0.0
 10
-42.26
 20
-215.7635
 30
0.0
 10
-46.4941
 20
-207.899
 30
0.0
 10
-61.1861
 20
-205.8133
 30
0.0
 10
-68.7375
 20
-197.443
 30
0.0
 10
-75.8251
 20
-189.5869
 30
0.0
 10
-82.0092
 20
-168.399
 30
0.0
 10
-62.4557
 20
-173.1498
 30
0.0
 10
-54.6986
 20
-175.0346
 30
0.0
 10
-39.1814
 20
-182.2223
 30
0.0
 10
-30.0502
 20
-185.5796
 30
0.0
 10
-20.2699
 20
-189.1755
 30
0.0
 10
-5.43
 20
-193.6939
 30
0.0
 10
5.7175
 20
-194.6714
 30
0.0
 10
12.6745
 20
-195.2814
 30
0.0
 10
19.9731
 20
-196.4569
 30
0.0
 10
26.9745
 20
-195.3692
 30
0.0
 10
30.874
 20
-194.7634
 30
0.0
 10
34.2202
 20
-193.8709
 30
0.0
 10
36.1208
 20
-196.6357
 30
0.0
 10
42.7895
 20
-206.3365
 30
0.0
 10
46.9822
 20
-213.3137
 30
0.0
 10
54.8366
 20
-222.7182
 30
0.0
 10
62.7675
 20
-232.2141
 30
0.0
 10
67.7654
 20
-237.3475
 30
0.0
 10
77.2046
 20
-245.1492
 30
0.0
 10
97.0771
 20
-261.574
 30
0.0
 10
119.7481
 20
-270.5999
 30
0.0
 10
150.0185
 20
-272.9764
 30
0.0
 10
153.5758
 20
-273.2557
 30
0.0
 10
156.9987
 20
-273.8056
 30
0.0
 10
160.6103
 20
-273.6679
 30
0.0
 10
164.1257
 20
-273.5339
 30
0.0
 10
167.6819
 20
-273.139
 30
0.0
 10
171.2257
 20
-273.0627
 30
0.0
 10
177.5874
 20
-272.9258
 30
0.0
 10
185.4769
 20
-272.2555
 30
0.0
 10
191.4765
 20
-270.9031
 30
0.0
 10
214.1221
 20
-265.7981
 30
0.0
 10
228.1046
 20
-259.1693
 30
0.0
 10
246.708
 20
-247.4991
 30
0.0
 10
249.9764
 20
-245.4488
 30
0.0
 10
259.0768
 20
-237.9581
 30
0.0
 10
261.9878
 20
-234.9078
 30
0.0
 10
262.9314
 20
-233.9191
 30
0.0
 10
263.9259
 20
-233.1847
 30
0.0
 10
264.9517
 20
-232.2303
 30
0.0
 10
268.7734
 20
-228.6748
 30
0.0
 10
272.178
 20
-224.5572
 30
0.0
 10
275.5678
 20
-220.6208
 30
0.0
 10
282.3892
 20
-212.6998
 30
0.0
 10
288.2566
 20
-202.2909
 30
0.0
 10
291.7011
 20
-191.9781
 30
0.0
 10
296.0031
 20
-179.0976
 30
0.0
 10
297.3434
 20
-166.6387
 30
0.0
 10
292.6546
 20
-153.5278
 30
0.0
 10
285.4642
 20
-133.4217
 30
0.0
 10
264.8011
 20
-122.7909
 30
0.0
 10
244.5575
 20
-122.7628
 30
0.0
 10
242.2783
 20
-122.7596
 30
0.0
 10
235.5931
 20
-123.6966
 30
0.0
 10
234.1737
 20
-123.1301
 30
0.0
 10
233.8596
 20
-121.0472
 30
0.0
 10
236.1226
 20
-114.8831
 30
0.0
 10
236.6502
 20
-112.1573
 30
0.0
 10
238.7603
 20
-101.2555
 30
0.0
 10
242.2747
 20
-90.8025
 30
0.0
 10
244.8432
 20
-79.8517
 30
0.0
 10
247.2329
 20
-69.6634
 30
0.0
 10
253.4695
 20
-47.2813
 30
0.0
 10
257.7998
 20
-38.4754
 30
0.0
 10
260.2505
 20
-33.4919
 30
0.0
 10
262.9698
 20
-30.3281
 30
0.0
 10
266.2044
 20
-26.4241
 30
0.0
 10
269.321
 20
-22.6624
 30
0.0
 10
272.3408
 20
-19.1673
 30
0.0
 10
275.1727
 20
-14.9353
 30
0.0
 10
281.4946
 20
-5.4877
 30
0.0
 10
280.5102
 20
7.91
 30
0.0
 10
275.2007
 20
17.0419
 30
0.0
 10
265.2743
 20
34.1145
 30
0.0
 10
250.946
 20
24.8981
 30
0.0
 10
246.7384
 20
26.6854
 30
0.0
 10
245.5791
 20
27.1779
 30
0.0
 10
244.0243
 20
28.7199
 30
0.0
 10
242.8614
 20
29.5046
 30
0.0
 10
234.1664
 20
35.3722
 30
0.0
 10
224.6057
 20
33.3446
 30
0.0
 10
216.9209
 20
28.5056
 30
0.0
 10
211.5254
 20
25.1081
 30
0.0
 10
213.0626
 20
25.8803
 30
0.0
 10
207.0768
 20
27.9434
 30
0.0
 10
200.3277
 20
30.2696
 30
0.0
 10
191.0823
 20
28.9159
 30
0.0
 10
185.3913
 20
24.7579
 30
0.0
 10
175.3916
 20
17.4518
 30
0.0
 10
174.9484
 20
6.3499
 30
0.0
 10
175.7405
 20
-6.1918
 30
0.0
 10
176.4991
 20
-18.2042
 30
0.0
 10
174.6168
 20
-19.3756
 30
0.0
 10
180.6951
 20
-28.4324
 30
0.0
 10
186.4512
 20
-37.009
 30
0.0
 10
180.3685
 20
-52.2158
 30
0.0
 10
179.1826
 20
-62.4101
 30
0.0
 10
178.7818
 20
-65.855
 30
0.0
 10
178.0992
 20
-70.9969
 30
0.0
 10
176.9116
 20
-73.5974
 30
0.0
 10
174.5728
 20
-73.6358
 30
0.0
 10
171.8012
 20
-70.6672
 30
0.0
 10
169.8518
 20
-69.2553
 30
0.0
 10
152.3625
 20
-56.5877
 30
0.0
 10
138.6671
 20
-57.6055
 30
0.0
 10
121.1936
 20
-69.4199
 30
0.0
 10
111.5292
 20
-75.9544
 30
0.0
 10
113.7897
 20
-73.755
 30
0.0
 10
110.824
 20
-63.397
 30
0.0
 10
104.7985
 20
-42.3528
 30
0.0
 10
96.677
 20
-29.4924
 30
0.0
 10
85.8419
 20
-11.4711
 30
0.0
 10
82.6622
 20
-6.1825
 30
0.0
 10
79.6608
 20
-6.0305
 30
0.0
 10
84.7594
 20
-1.949
 30
0.0
 10
84.7594
 20
-1.949
 30
0.0
 10
96.7386
 20
8.2934
 30
0.0
 10
96.7386
 20
8.2934
 30
0.0
 10
103.382
 20
14.5792
 30
0.0
 10
110.2392
 20
20.6622
 30
0.0
 10
116.5117
 20
27.3218
 30
0.0
 10
118.463
 20
29.3935
 30
0.0
 10
121.0313
 20
31.5226
 30
0.0
 10
122.7848
 20
33.7488
 30
0.0
 10
122.7848
 20
33.7488
 30
0.0
 10
128.8419
 20
40.3865
 30
0.0
 10
128.8419
 20
40.3865
 30
0.0
 10
130.2065
 20
41.6663
 30
0.0
 10
130.7071
 20
42.3658
 30
0.0
 10
131.8313
 20
43.7472
 30
0.0
 10
132.768
 20
44.8982
 30
0.0
 10
133.7708
 20
46.1368
 30
0.0
 10
134.7083
 20
47.2191
 30
0.0
 10
138.5643
 20
51.6709
 30
0.0
 10
142.3242
 20
56.5572
 30
0.0
 10
145.82
 20
61.8576
 30
0.0
 10
153.7477
 20
73.8777
 30
0.0
 10
150.425
 20
74.2574
 30
0.0
 10
159.4208
 20
72.3507
 30
0.0
 10
166.5681
 20
70.8358
 30
0.0
 10
173.2209
 20
69.0438
 30
0.0
 10
180.0132
 20
67.1828
 30
0.0
 10
186.4374
 20
65.4227
 30
0.0
 10
193.4218
 20
63.4734
 30
0.0
 10
199.6145
 20
61.4072
 30
0.0
 10
207.5972
 20
58.7437
 30
0.0
 10
276.8064
 20
37.5143
 30
0.0
 10
280.6588
 20
41.4272
 30
0.0
 10
281.984
 20
43.9323
 30
0.0
 10
277.3702
 20
45.4852
 30
0.0
 10
275.4755
 20
46.5996
 30
0.0
 10
266.8401
 20
51.6784
 30
0.0
 10
255.8283
 20
56.269
 30
0.0
 10
246.5834
 20
60.3999
 30
0.0
 10
244.0646
 20
61.5254
 30
0.0
 10
241.6344
 20
62.4006
 30
0.0
 10
239.1034
 20
63.5004
 30
0.0
 10
226.714
 20
68.8838
 30
0.0
 10
188.2152
 20
82.4006
 30
0.0
 10
175.7055
 20
85.4068
 30
0.0
 10
172.7569
 20
86.1153
 30
0.0
 10
161.1167
 20
89.0515
 30
0.0
 10
159.7462
 20
90.4572
 30
0.0
 10
159.7351
 20
92.9364
 30
0.0
 10
163.4396
 20
95.3724
 30
0.0
 10
164.9996
 20
96.9998
 30
0.0
 10
170.597
 20
102.8386
 30
0.0
 10
178.0812
 20
108.4797
 30
0.0
 10
185.8238
 20
112.1575
 30
0.0
 10
191.2349
 20
114.7279
 30
0.0
 10
217.344
 20
124.3302
 30
0.0
 10
222.3192
 20
121.8812
 30
0.0
 10
222.9112
 20
119.6175
 30
0.0
 10
222.4375
 20
113.4865
 30
0.0
 10
222.4561
 20
110.563
 30
0.0
 10
222.5701
 20
92.5749
 30
0.0
 10
232.3706
 20
78.7504
 30
0.0
 10
251.5869
 20
82.6755
 30
0.0
 10
260.9395
 20
84.5859
 30
0.0
 10
260.9384
 20
90.2373
 30
0.0
 10
267.7103
 20
88.2064
 30
0.0
 10
274.5789
 20
86.1466
 30
0.0
 10
281.4367
 20
89.4421
 30
0.0
 10
285.082
 20
92.9668
 30
0.0
 10
286.7588
 20
94.5881
 30
0.0
 10
288.586
 20
97.128
 30
0.0
 10
289.6046
 20
100.113
 30
0.0
 10
291.2184
 20
104.8423
 30
0.0
 10
289.8424
 20
104.671
 30
0.0
 10
294.3603
 20
106.9699
 30
0.0
 10
299.3823
 20
109.5255
 30
0.0
 10
301.9172
 20
114.4121
 30
0.0
 10
302.6543
 20
121.8601
 30
0.0
 10
303.3002
 20
128.3856
 30
0.0
 10
300.3211
 20
135.1679
 30
0.0
 10
297.5119
 20
139.8845
 30
0.0
 10
291.593
 20
149.8219
 30
0.0
 10
282.5251
 20
155.8787
 30
0.0
 10
272.2483
 20
161.1784
 30
0.0
 10
260.1114
 20
167.4374
 30
0.0
 10
248.377
 20
168.9314
 30
0.0
 10
233.27
 20
168.9315
 30
0.0
 10
214.4138
 20
168.9317
 30
0.0
 10
190.7993
 20
165.9503
 30
0.0
 10
173.9357
 20
158.2559
 30
0.0
 10
171.2653
 20
157.0375
 30
0.0
 10
168.7398
 20
155.6703
 30
0.0
 10
166.326
 20
154.2319
 30
0.0
 10
165.1579
 20
153.5358
 30
0.0
 10
159.7571
 20
149.7263
 30
0.0
 10
158.8432
 20
149.9451
 30
0.0
 10
157.033
 20
151.1938
 30
0.0
 10
155.487
 20
157.4809
 30
0.0
 10
154.2221
 20
159.8999
 30
0.0
 10
152.3318
 20
163.5146
 30
0.0
 10
148.6044
 20
167.392
 30
0.0
 10
148.445
 20
168.2073
 30
0.0
 10
148.0968
 20
169.9884
 30
0.0
 10
150.1455
 20
171.4456
 30
0.0
 10
151.0944
 20
172.2802
 30
0.0
 10
151.0944
 20
172.2802
 30
0.0
 10
160.4274
 20
180.5828
 30
0.0
 10
160.4274
 20
180.5828
 30
0.0
 10
161.2113
 20
181.2435
 30
0.0
 10
161.5256
 20
181.5801
 30
0.0
 10
162.3317
 20
182.2065
 30
0.0
 10
163.0798
 20
182.7877
 30
0.0
 10
163.822
 20
183.4028
 30
0.0
 10
164.4715
 20
183.9472
 30
0.0
 10
170.2565
 20
188.7961
 30
0.0
 10
175.8681
 20
193.632
 30
0.0
 10
182.0164
 20
198.1478
 30
0.0
 10
182.0164
 20
198.1478
 30
0.0
 10
218.8245
 20
225.1829
 30
0.0
 10
218.8245
 20
225.1829
 30
0.0
 10
225.6543
 20
230.0763
 30
0.0
 10
232.9017
 20
234.9647
 30
0.0
 10
239.3961
 20
240.2371
 30
0.0
 10
239.3961
 20
240.2371
 30
0.0
 10
250.7215
 20
250.0783
 30
0.0
 10
250.7215
 20
250.0783
 30
0.0
 10
251.7625
 20
251.0743
 30
0.0
 10
258.4206
 20
255.4453
 30
0.0
 10
255.6895
 20
257.5286
 30
0.0
 10
252.2368
 20
260.3566
 30
0.0
 10
226.4471
 20
248.4042
 30
0.0
 10
220.9189
 20
245.6679
 30
0.0
 10
201.5535
 20
236.0823
 30
0.0
 10
184.2597
 20
222.9171
 30
0.0
 10
167.4262
 20
209.5638
 30
0.0
 10
167.4262
 20
209.5638
 30
0.0
 10
157.687
 20
201.6677
 30
0.0
 10
157.687
 20
201.6677
 30
0.0
 10
155.4977
 20
199.9583
 30
0.0
 10
153.3641
 20
198.2952
 30
0.0
 10
151.21
 20
196.5024
 30
0.0
 10
133.4597
 20
181.7289
 30
0.0
 10
137.0446
 20
185.6557
 30
0.0
 10
136.3578
 20
197.3355
 30
0.0
 10
136.1543
 20
200.7963
 30
0.0
 10
135.7881
 20
204.5563
 30
0.0
 10
135.7373
 20
207.9097
 30
0.0
 10
135.6218
 20
215.5342
 30
0.0
 10
134.9043
 20
222.4056
 30
0.0
 10
134.6438
 20
229.7915
 30
0.0
 10
134.5177
 20
233.3655
 30
0.0
 10
133.8327
 20
236.8513
 30
0.0
 10
133.5149
 20
240.3693
 30
0.0
 10
133.2278
 20
243.5471
 30
0.0
 10
132.7956
 20
247.3023
 30
0.0
 10
132.2874
 20
250.447
 30
0.0
 10
131.2334
 20
256.9691
 30
0.0
 10
130.239
 20
263.2283
 30
0.0
 10
128.8596
 20
269.6533
 30
0.0
 10
126.8672
 20
278.9335
 30
0.0
 10
124.5142
 20
287.8116
 30
0.0
 10
121.3913
 20
296.7258
 30
0.0
 10
117.7132
 20
307.2246
 30
0.0
 10
109.9976
 20
323.5372
 30
0.0
 10
102.0708
 20
331.3941
 30
0.0
 10
97.7719
 20
335.6551
 30
0.0
 10
92.9637
 20
340.3349
 30
0.0
 10
86.9833
 20
342.0484
 30
0.0
 10
79.6388
 20
344.1528
 30
0.0
 10
74.3808
 20
343.7675
 30
0.0
 10
67.3218
 20
341.3842
 30
0.0
 10
53.7313
 20
336.7957
 30
0.0
 10
35.811
 20
324.5141
 30
0.0
 10
24.7568
 20
315.5514
 30
0.0
 10
19.1484
 20
311.0041
 30
0.0
 10
10.7366
 20
304.7329
 30
0.0
 10
5.8958
 20
299.8407
 30
0.0
 10
3.842
 20
297.7651
 30
0.0
 10
2.0862
 20
296.5475
 30
0.0
 10
0.1456
 20
294.3036
 30
0.0
 10
-1.5752
 20
292.3137
 30
0.0
 10
-3.738
 20
290.6604
 30
0.0
 10
-5.6169
 20
288.7798
 30
0.0
 10
-6.9275
 20
287.4681
 30
0.0
 10
-9.6484
 20
283.9502
 30
0.0
 10
-11.8041
 20
283.7992
 30
0.0
  0
SPLINE
  5
92
330
1F
100
AcDbEntity
  8
Layer 1
 62
   250
100
AcDbSpline
210
0.0
220
0.0
230
1.0
 70
    11
 71
     3
 72
    41
 73
    37
 74
     0
 42
0.0000000001
 43
0.0000000001
 40
0.0
 40
0.0
 40
0.0
 40
0.0
 40
0.0833333333333333
 40
0.0833333333333333
 40
0.0833333333333333
 40
0.1666666666666667
 40
0.1666666666666667
 40
0.1666666666666667
 40
0.25
 40
0.25
 40
0.25
 40
0.3333333333333333
 40
0.3333333333333333
 40
0.3333333333333333
 40
0.4166666666666666
 40
0.4166666666666666
 40
0.4166666666666666
 40
0.5
 40
0.5
 40
0.5
 40
0.5833333333333333
 40
0.5833333333333333
 40
0.5833333333333333
 40
0.6666666666666666
 40
0.6666666666666666
 40
0.6666666666666666
 40
0.75
 40
0.75
 40
0.75
 40
0.8333333333333333
 40
0.8333333333333333
 40
0.8333333333333333
 40
0.9166666666666666
 40
0.9166666666666666
 40
0.9166666666666666
 40
1.0
 40
1.0
 40
1.0
 40
1.0
 10
-275.862
 20
-394.6475
 30
0.0
 10
-275.862
 20
-394.6475
 30
0.0
 10
-275.862
 20
-374.0986
 30
0.0
 10
-275.862
 20
-374.0986
 30
0.0
 10
-275.862
 20
-374.0986
 30
0.0
 10
-268.7828
 20
-374.0986
 30
0.0
 10
-268.7828
 20
-374.0986
 30
0.0
 10
-267.1852
 20
-374.0986
 30
0.0
 10
-265.9655
 20
-374.1943
 30
0.0
 10
-265.1236
 20
-374.3904
 30
0.0
 10
-263.9469
 20
-374.663
 30
0.0
 10
-262.9424
 20
-375.1557
 30
0.0
 10
-262.1101
 20
-375.8636
 30
0.0
 10
-261.0243
 20
-376.782
 30
0.0
 10
-260.216
 20
-377.9491
 30
0.0
 10
-259.6802
 20
-379.3745
 30
0.0
 10
-259.1397
 20
-380.7999
 30
0.0
 10
-258.8719
 20
-382.431
 30
0.0
 10
-258.8719
 20
-384.263
 30
0.0
 10
-258.8719
 20
-385.8224
 30
0.0
 10
-259.0536
 20
-387.2047
 30
0.0
 10
-259.4172
 20
-388.4101
 30
0.0
 10
-259.7807
 20
-389.6155
 30
0.0
 10
-260.2494
 20
-390.6152
 30
0.0
 10
-260.8187
 20
-391.4044
 30
0.0
 10
-261.3926
 20
-392.1937
 30
0.0
 10
-262.0145
 20
-392.8155
 30
0.0
 10
-262.6937
 20
-393.2651
 30
0.0
 10
-263.3681
 20
-393.7195
 30
0.0
 10
-264.1861
 20
-394.0639
 30
0.0
 10
-265.1427
 20
-394.2983
 30
0.0
 10
-266.1042
 20
-394.5327
 30
0.0
 10
-267.2043
 20
-394.6475
 30
0.0
 10
-268.448
 20
-394.6475
 30
0.0
 10
-268.448
 20
-394.6475
 30
0.0
 10
-275.862
 20
-394.6475
 30
0.0
 10
-275.862
 20
-394.6475
 30
0.0
  0
SPLINE
  5
93
330
1F
100
AcDbEntity
  8
Layer 1
 62
   250
100
AcDbSpline
210
0.0
220
0.0
230
1.0
 70
    11
 71
     3
 72
    35
 73
    31
 74
     0
 42
0.0000000001
 43
0.0000000001
 40
0.0
 40
0.0
 40
0.0
 40
0.0
 40
0.1
 40
0.1
 40
0.1
 40
0.2
 40
0.2
 40
0.2
 40
0.3
 40
0.3
 40
0.3
 40
0.4
 40
0.4
 40
0.4
 40
0.5
 40
0.5
 40
0.5
 40
0.6000000000000001
 40
0.6000000000000001
 40
0.6000000000000001
 40
0.7000000000000001
 40
0.7000000000000001
 40
0.7000000000000001
 40
0.8
 40
0.8
 40
0.8
 40
0.9
 40
0.9
 40
0.9
 40
1.0
 40
1.0
 40
1.0
 40
1.0
 10
-273.1356
 20
-392.2367
 30
0.0
 10
-273.1356
 20
-392.2367
 30
0.0
 10
-268.7541
 20
-392.2367
 30
0.0
 10
-268.7541
 20
-392.2367
 30
0.0
 10
-267.4004
 20
-392.2367
 30
0.0
 10
-266.3385
 20
-392.1124
 30
0.0
 10
-265.5684
 20
-391.8589
 30
0.0
 10
-264.7983
 20
-391.6053
 30
0.0
 10
-264.1861
 20
-391.2514
 30
0.0
 10
-263.7269
 20
-390.7922
 30
0.0
 10
-263.0859
 20
-390.1464
 30
0.0
 10
-262.5837
 20
-389.2759
 30
0.0
 10
-262.2249
 20
-388.1853
 30
0.0
 10
-261.8662
 20
-387.0947
 30
0.0
 10
-261.6844
 20
-385.7745
 30
0.0
 10
-261.6844
 20
-384.22
 30
0.0
 10
-261.6844
 20
-382.0675
 30
0.0
 10
-262.0384
 20
-380.4125
 30
0.0
 10
-262.7415
 20
-379.2549
 30
0.0
 10
-263.4447
 20
-378.0974
 30
0.0
 10
-264.3009
 20
-377.3225
 30
0.0
 10
-265.3101
 20
-376.9303
 30
0.0
 10
-266.0372
 20
-376.6481
 30
0.0
 10
-267.2091
 20
-376.5094
 30
0.0
 10
-268.8258
 20
-376.5094
 30
0.0
 10
-268.8258
 20
-376.5094
 30
0.0
 10
-273.1356
 20
-376.5094
 30
0.0
 10
-273.1356
 20
-376.5094
 30
0.0
 10
-273.1356
 20
-376.5094
 30
0.0
 10
-273.1356
 20
-392.2367
 30
0.0
 10
-273.1356
 20
-392.2367
 30
0.0
  0
SPLINE
  5
94
330
1F
100
AcDbEntity
  8
Layer 1
 62
   250
100
AcDbSpline
210
0.0
220
0.0
230
1.0
 70
    11
 71
     3
 72
    32
 73
    28
 74
     0
 42
0.0000000001
 43
0.0000000001
 40
0.0
 40
0.0
 40
0.0
 40
0.0
 40
0.1111111111111111
 40
0.1111111111111111
 40
0.1111111111111111
 40
0.2222222222222222
 40
0.2222222222222222
 40
0.2222222222222222
 40
0.3333333333333333
 40
0.3333333333333333
 40
0.3333333333333333
 40
0.4444444444444444
 40
0.4444444444444444
 40
0.4444444444444444
 40
0.5555555555555556
 40
0.5555555555555556
 40
0.5555555555555556
 40
0.6666666666666666
 40
0.6666666666666666
 40
0.6666666666666666
 40
0.7777777777777777
 40
0.7777777777777777
 40
0.7777777777777777
 40
0.8888888888888888
 40
0.8888888888888888
 40
0.8888888888888888
 40
1.0
 40
1.0
 40
1.0
 40
1.0
 10
-256.3989
 20
-387.2
 30
0.0
 10
-256.3989
 20
-384.4496
 30
0.0
 10
-255.6336
 20
-382.4119
 30
0.0
 10
-254.0982
 20
-381.0869
 30
0.0
 10
-252.821
 20
-379.9868
 30
0.0
 10
-251.2569
 20
-379.4367
 30
0.0
 10
-249.4153
 20
-379.4367
 30
0.0
 10
-247.3729
 20
-379.4367
 30
0.0
 10
-245.6987
 20
-380.1064
 30
0.0
 10
-244.3977
 20
-381.4457
 30
0.0
 10
-243.1014
 20
-382.7802
 30
0.0
 10
-242.4509
 20
-384.6313
 30
0.0
 10
-242.4509
 20
-386.9895
 30
0.0
 10
-242.4509
 20
-388.9028
 30
0.0
 10
-242.7379
 20
-390.4047
 30
0.0
 10
-243.3119
 20
-391.5001
 30
0.0
 10
-243.8859
 20
-392.5955
 30
0.0
 10
-244.723
 20
-393.4469
 30
0.0
 10
-245.8231
 20
-394.0544
 30
0.0
 10
-246.9185
 20
-394.6618
 30
0.0
 10
-248.1191
 20
-394.9632
 30
0.0
 10
-249.4153
 20
-394.9632
 30
0.0
 10
-251.5008
 20
-394.9632
 30
0.0
 10
-253.1846
 20
-394.2983
 30
0.0
 10
-254.4713
 20
-392.9638
 30
0.0
 10
-255.758
 20
-391.6293
 30
0.0
 10
-256.3989
 20
-389.7064
 30
0.0
 10
-256.3989
 20
-387.2
 30
0.0
  0
SPLINE
  5
95
330
1F
100
AcDbEntity
  8
Layer 1
 62
   250
100
AcDbSpline
210
0.0
220
0.0
230
1.0
 70
    11
 71
     3
 72
    29
 73
    25
 74
     0
 42
0.0000000001
 43
0.0000000001
 40
0.0
 40
0.0
 40
0.0
 40
0.0
 40
0.125
 40
0.125
 40
0.125
 40
0.25
 40
0.25
 40
0.25
 40
0.375
 40
0.375
 40
0.375
 40
0.5
 40
0.5
 40
0.5
 40
0.625
 40
0.625
 40
0.625
 40
0.75
 40
0.75
 40
0.75
 40
0.875
 40
0.875
 40
0.875
 40
1.0
 40
1.0
 40
1.0
 40
1.0
 10
-253.8159
 20
-387.2047
 30
0.0
 10
-253.8159
 20
-389.1085
 30
0.0
 10
-253.3998
 20
-390.5339
 30
0.0
 10
-252.5675
 20
-391.4762
 30
0.0
 10
-251.7304
 20
-392.4233
 30
0.0
 10
-250.6829
 20
-392.8968
 30
0.0
 10
-249.4153
 20
-392.8968
 30
0.0
 10
-248.1621
 20
-392.8968
 30
0.0
 10
-247.1194
 20
-392.4233
 30
0.0
 10
-246.2823
 20
-391.4714
 30
0.0
 10
-245.45
 20
-390.5195
 30
0.0
 10
-245.0339
 20
-389.0702
 30
0.0
 10
-245.0339
 20
-387.1234
 30
0.0
 10
-245.0339
 20
-385.2866
 30
0.0
 10
-245.4548
 20
-383.8947
 30
0.0
 10
-246.2919
 20
-382.9524
 30
0.0
 10
-247.1289
 20
-382.0053
 30
0.0
 10
-248.1717
 20
-381.5318
 30
0.0
 10
-249.4153
 20
-381.5318
 30
0.0
 10
-250.6829
 20
-381.5318
 30
0.0
 10
-251.7304
 20
-382.0005
 30
0.0
 10
-252.5675
 20
-382.9428
 30
0.0
 10
-253.3998
 20
-383.8852
 30
0.0
 10
-253.8159
 20
-385.3058
 30
0.0
 10
-253.8159
 20
-387.2047
 30
0.0
  0
SPLINE
  5
96
330
1F
100
AcDbEntity
  8
Layer 1
 62
   250
100
AcDbSpline
210
0.0
220
0.0
230
1.0
 70
    11
 71
     3
 72
    59
 73
    55
 74
     0
 42
0.0000000001
 43
0.0000000001
 40
0.0
 40
0.0
 40
0.0
 40
0.0
 40
0.0555555555555556
 40
0.0555555555555556
 40
0.0555555555555556
 40
0.1111111111111111
 40
0.1111111111111111
 40
0.1111111111111111
 40
0.1666666666666667
 40
0.1666666666666667
 40
0.1666666666666667
 40
0.2222222222222222
 40
0.2222222222222222
 40
0.2222222222222222
 40
0.2777777777777778
 40
0.2777777777777778
 40
0.2777777777777778
 40
0.3333333333333333
 40
0.3333333333333333
 40
0.3333333333333333
 40
0.3888888888888888
 40
0.3888888888888888
 40
0.3888888888888888
 40
0.4444444444444444
 40
0.4444444444444444
 40
0.4444444444444444
 40
0.5
 40
0.5
 40
0.5
 40
0.5555555555555556
 40
0.5555555555555556
 40
0.5555555555555556
 40
0.611111111111111
 40
0.611111111111111
 40
0.611111111111111
 40
0.6666666666666666
 40
0.6666666666666666
 40
0.6666666666666666
 40
0.7222222222222222
 40
0.7222222222222222
 40
0.7222222222222222
 40
0.7777777777777777
 40
0.7777777777777777
 40
0.7777777777777777
 40
0.8333333333333333
 40
0.8333333333333333
 40
0.8333333333333333
 40
0.8888888888888888
 40
0.8888888888888888
 40
0.8888888888888888
 40
0.9444444444444444
 40
0.9444444444444444
 40
0.9444444444444444
 40
1.0
 40
1.0
 40
1.0
 40
1.0
 10
-236.8114
 20
-394.6475
 30
0.0
 10
-236.8114
 20
-394.6475
 30
0.0
 10
-241.3125
 20
-379.7524
 30
0.0
 10
-241.3125
 20
-379.7524
 30
0.0
 10
-241.3125
 20
-379.7524
 30
0.0
 10
-238.6721
 20
-379.7524
 30
0.0
 10
-238.6721
 20
-379.7524
 30
0.0
 10
-238.6721
 20
-379.7524
 30
0.0
 10
-236.2948
 20
-388.3479
 30
0.0
 10
-236.2948
 20
-388.3479
 30
0.0
 10
-236.2948
 20
-388.3479
 30
0.0
 10
-235.4529
 20
-391.5479
 30
0.0
 10
-235.4529
 20
-391.5479
 30
0.0
 10
-235.4195
 20
-391.3901
 30
0.0
 10
-235.1612
 20
-390.3665
 30
0.0
 10
-234.6828
 20
-388.4771
 30
0.0
 10
-234.6828
 20
-388.4771
 30
0.0
 10
-232.3247
 20
-379.7524
 30
0.0
 10
-232.3247
 20
-379.7524
 30
0.0
 10
-232.3247
 20
-379.7524
 30
0.0
 10
-229.7369
 20
-379.7524
 30
0.0
 10
-229.7369
 20
-379.7524
 30
0.0
 10
-229.7369
 20
-379.7524
 30
0.0
 10
-227.4936
 20
-388.4006
 30
0.0
 10
-227.4936
 20
-388.4006
 30
0.0
 10
-227.4936
 20
-388.4006
 30
0.0
 10
-226.7618
 20
-391.237
 30
0.0
 10
-226.7618
 20
-391.237
 30
0.0
 10
-226.7618
 20
-391.237
 30
0.0
 10
-225.9055
 20
-388.3623
 30
0.0
 10
-225.9055
 20
-388.3623
 30
0.0
 10
-225.9055
 20
-388.3623
 30
0.0
 10
-223.3322
 20
-379.7524
 30
0.0
 10
-223.3322
 20
-379.7524
 30
0.0
 10
-223.3322
 20
-379.7524
 30
0.0
 10
-220.8783
 20
-379.7524
 30
0.0
 10
-220.8783
 20
-379.7524
 30
0.0
 10
-220.8783
 20
-379.7524
 30
0.0
 10
-225.5516
 20
-394.6475
 30
0.0
 10
-225.5516
 20
-394.6475
 30
0.0
 10
-225.5516
 20
-394.6475
 30
0.0
 10
-228.1633
 20
-394.6475
 30
0.0
 10
-228.1633
 20
-394.6475
 30
0.0
 10
-228.1633
 20
-394.6475
 30
0.0
 10
-230.5262
 20
-385.7363
 30
0.0
 10
-230.5262
 20
-385.7363
 30
0.0
 10
-230.5262
 20
-385.7363
 30
0.0
 10
-231.1241
 20
-383.1868
 30
0.0
 10
-231.1241
 20
-383.1868
 30
0.0
 10
-231.1241
 20
-383.1868
 30
0.0
 10
-234.1376
 20
-394.6475
 30
0.0
 10
-234.1376
 20
-394.6475
 30
0.0
 10
-234.1376
 20
-394.6475
 30
0.0
 10
-236.8114
 20
-394.6475
 30
0.0
 10
-236.8114
 20
-394.6475
 30
0.0
  0
SPLINE
  5
97
330
1F
100
AcDbEntity
  8
Layer 1
 62
   250
100
AcDbSpline
210
0.0
220
0.0
230
1.0
 70
    11
 71
     3
 72
    59
 73
    55
 74
     0
 42
0.0000000001
 43
0.0000000001
 40
0.0
 40
0.0
 40
0.0
 40
0.0
 40
0.0555555555555556
 40
0.0555555555555556
 40
0.0555555555555556
 40
0.1111111111111111
 40
0.1111111111111111
 40
0.1111111111111111
 40
0.1666666666666667
 40
0.1666666666666667
 40
0.1666666666666667
 40
0.2222222222222222
 40
0.2222222222222222
 40
0.2222222222222222
 40
0.2777777777777778
 40
0.2777777777777778
 40
0.2777777777777778
 40
0.3333333333333333
 40
0.3333333333333333
 40
0.3333333333333333
 40
0.3888888888888888
 40
0.3888888888888888
 40
0.3888888888888888
 40
0.4444444444444444
 40
0.4444444444444444
 40
0.4444444444444444
 40
0.5
 40
0.5
 40
0.5
 40
0.5555555555555556
 40
0.5555555555555556
 40
0.5555555555555556
 40
0.611111111111111
 40
0.611111111111111
 40
0.611111111111111
 40
0.6666666666666666
 40
0.6666666666666666
 40
0.6666666666666666
 40
0.7222222222222222
 40
0.7222222222222222
 40
0.7222222222222222
 40
0.7777777777777777
 40
0.7777777777777777
 40
0.7777777777777777
 40
0.8333333333333333
 40
0.8333333333333333
 40
0.8333333333333333
 40
0.8888888888888888
 40
0.8888888888888888
 40
0.8888888888888888
 40
0.9444444444444444
 40
0.9444444444444444
 40
0.9444444444444444
 40
1.0
 40
1.0
 40
1.0
 40
1.0
 10
-218.7641
 20
-394.6475
 30
0.0
 10
-218.7641
 20
-394.6475
 30
0.0
 10
-218.7641
 20
-379.7524
 30
0.0
 10
-218.7641
 20
-379.7524
 30
0.0
 10
-218.7641
 20
-379.7524
 30
0.0
 10
-216.4969
 20
-379.7524
 30
0.0
 10
-216.4969
 20
-379.7524
 30
0.0
 10
-216.4969
 20
-379.7524
 30
0.0
 10
-216.4969
 20
-381.8666
 30
0.0
 10
-216.4969
 20
-381.8666
 30
0.0
 10
-215.4063
 20
-380.2451
 30
0.0
 10
-213.8278
 20
-379.4367
 30
0.0
 10
-211.7662
 20
-379.4367
 30
0.0
 10
-210.867
 20
-379.4367
 30
0.0
 10
-210.0442
 20
-379.5993
 30
0.0
 10
-209.2933
 20
-379.9198
 30
0.0
 10
-208.5423
 20
-380.2403
 30
0.0
 10
-207.9779
 20
-380.666
 30
0.0
 10
-207.6048
 20
-381.1874
 30
0.0
 10
-207.2317
 20
-381.7088
 30
0.0
 10
-206.9686
 20
-382.3306
 30
0.0
 10
-206.8203
 20
-383.0481
 30
0.0
 10
-206.7294
 20
-383.5168
 30
0.0
 10
-206.6816
 20
-384.3348
 30
0.0
 10
-206.6816
 20
-385.5019
 30
0.0
 10
-206.6816
 20
-385.5019
 30
0.0
 10
-206.6816
 20
-394.6475
 30
0.0
 10
-206.6816
 20
-394.6475
 30
0.0
 10
-206.6816
 20
-394.6475
 30
0.0
 10
-209.2072
 20
-394.6475
 30
0.0
 10
-209.2072
 20
-394.6475
 30
0.0
 10
-209.2072
 20
-394.6475
 30
0.0
 10
-209.2072
 20
-385.5976
 30
0.0
 10
-209.2072
 20
-385.5976
 30
0.0
 10
-209.2072
 20
-384.5692
 30
0.0
 10
-209.3028
 20
-383.7991
 30
0.0
 10
-209.4989
 20
-383.292
 30
0.0
 10
-209.6951
 20
-382.785
 30
0.0
 10
-210.0442
 20
-382.3784
 30
0.0
 10
-210.5417
 20
-382.0723
 30
0.0
 10
-211.0392
 20
-381.7709
 30
0.0
 10
-211.6275
 20
-381.6179
 30
0.0
 10
-212.2972
 20
-381.6179
 30
0.0
 10
-213.3686
 20
-381.6179
 30
0.0
 10
-214.2918
 20
-381.9575
 30
0.0
 10
-215.0714
 20
-382.6415
 30
0.0
 10
-215.8511
 20
-383.3207
 30
0.0
 10
-216.2386
 20
-384.617
 30
0.0
 10
-216.2386
 20
-386.5207
 30
0.0
 10
-216.2386
 20
-386.5207
 30
0.0
 10
-216.2386
 20
-394.6475
 30
0.0
 10
-216.2386
 20
-394.6475
 30
0.0
 10
-216.2386
 20
-394.6475
 30
0.0
 10
-218.7641
 20
-394.6475
 30
0.0
 10
-218.7641
 20
-394.6475
 30
0.0
  0
SPLINE
  5
98
330
1F
100
AcDbEntity
  8
Layer 1
 62
   250
100
AcDbSpline
210
0.0
220
0.0
230
1.0
 70
    11
 71
     3
 72
    17
 73
    13
 74
     0
 42
0.0000000001
 43
0.0000000001
 40
0.0
 40
0.0
 40
0.0
 40
0.0
 40
0.25
 40
0.25
 40
0.25
 40
0.5
 40
0.5
 40
0.5
 40
0.75
 40
0.75
 40
0.75
 40
1.0
 40
1.0
 40
1.0
 40
1.0
 10
-202.8597
 20
-394.6475
 30
0.0
 10
-202.8597
 20
-394.6475
 30
0.0
 10
-202.8597
 20
-374.0986
 30
0.0
 10
-202.8597
 20
-374.0986
 30
0.0
 10
-202.8597
 20
-374.0986
 30
0.0
 10
-200.3342
 20
-374.0986
 30
0.0
 10
-200.3342
 20
-374.0986
 30
0.0
 10
-200.3342
 20
-374.0986
 30
0.0
 10
-200.3342
 20
-394.6475
 30
0.0
 10
-200.3342
 20
-394.6475
 30
0.0
 10
-200.3342
 20
-394.6475
 30
0.0
 10
-202.8597
 20
-394.6475
 30
0.0
 10
-202.8597
 20
-394.6475
 30
0.0
  0
SPLINE
  5
99
330
1F
100
AcDbEntity
  8
Layer 1
 62
   250
100
AcDbSpline
210
0.0
220
0.0
230
1.0
 70
    11
 71
     3
 72
    32
 73
    28
 74
     0
 42
0.0000000001
 43
0.0000000001
 40
0.0
 40
0.0
 40
0.0
 40
0.0
 40
0.1111111111111111
 40
0.1111111111111111
 40
0.1111111111111111
 40
0.2222222222222222
 40
0.2222222222222222
 40
0.2222222222222222
 40
0.3333333333333333
 40
0.3333333333333333
 40
0.3333333333333333
 40
0.4444444444444444
 40
0.4444444444444444
 40
0.4444444444444444
 40
0.5555555555555556
 40
0.5555555555555556
 40
0.5555555555555556
 40
0.6666666666666666
 40
0.6666666666666666
 40
0.6666666666666666
 40
0.7777777777777777
 40
0.7777777777777777
 40
0.7777777777777777
 40
0.8888888888888888
 40
0.8888888888888888
 40
0.8888888888888888
 40
1.0
 40
1.0
 40
1.0
 40
1.0
 10
-197.3733
 20
-387.2
 30
0.0
 10
-197.3733
 20
-384.4496
 30
0.0
 10
-196.608
 20
-382.4119
 30
0.0
 10
-195.0726
 20
-381.0869
 30
0.0
 10
-193.7954
 20
-379.9868
 30
0.0
 10
-192.2313
 20
-379.4367
 30
0.0
 10
-190.3897
 20
-379.4367
 30
0.0
 10
-188.3473
 20
-379.4367
 30
0.0
 10
-186.6731
 20
-380.1064
 30
0.0
 10
-185.3721
 20
-381.4457
 30
0.0
 10
-184.0758
 20
-382.7802
 30
0.0
 10
-183.4253
 20
-384.6313
 30
0.0
 10
-183.4253
 20
-386.9895
 30
0.0
 10
-183.4253
 20
-388.9028
 30
0.0
 10
-183.7123
 20
-390.4047
 30
0.0
 10
-184.2863
 20
-391.5001
 30
0.0
 10
-184.8603
 20
-392.5955
 30
0.0
 10
-185.6974
 20
-393.4469
 30
0.0
 10
-186.7975
 20
-394.0544
 30
0.0
 10
-187.8929
 20
-394.6618
 30
0.0
 10
-189.0935
 20
-394.9632
 30
0.0
 10
-190.3897
 20
-394.9632
 30
0.0
 10
-192.4752
 20
-394.9632
 30
0.0
 10
-194.159
 20
-394.2983
 30
0.0
 10
-195.4457
 20
-392.9638
 30
0.0
 10
-196.7324
 20
-391.6293
 30
0.0
 10
-197.3733
 20
-389.7064
 30
0.0
 10
-197.3733
 20
-387.2
 30
0.0
  0
SPLINE
  5
9A
330
1F
100
AcDbEntity
  8
Layer 1
 62
   250
100
AcDbSpline
210
0.0
220
0.0
230
1.0
 70
    11
 71
     3
 72
    29
 73
    25
 74
     0
 42
0.0000000001
 43
0.0000000001
 40
0.0
 40
0.0
 40
0.0
 40
0.0
 40
0.125
 40
0.125
 40
0.125
 40
0.25
 40
0.25
 40
0.25
 40
0.375
 40
0.375
 40
0.375
 40
0.5
 40
0.5
 40
0.5
 40
0.625
 40
0.625
 40
0.625
 40
0.75
 40
0.75
 40
0.75
 40
0.875
 40
0.875
 40
0.875
 40
1.0
 40
1.0
 40
1.0
 40
1.0
 10
-194.7903
 20
-387.2047
 30
0.0
 10
-194.7903
 20
-389.1085
 30
0.0
 10
-194.3742
 20
-390.5339
 30
0.0
 10
-193.5419
 20
-391.4762
 30
0.0
 10
-192.7048
 20
-392.4233
 30
0.0
 10
-191.6573
 20
-392.8968
 30
0.0
 10
-190.3897
 20
-392.8968
 30
0.0
 10
-189.1365
 20
-392.8968
 30
0.0
 10
-188.0938
 20
-392.4233
 30
0.0
 10
-187.2567
 20
-391.4714
 30
0.0
 10
-186.4244
 20
-390.5195
 30
0.0
 10
-186.0083
 20
-389.0702
 30
0.0
 10
-186.0083
 20
-387.1234
 30
0.0
 10
-186.0083
 20
-385.2866
 30
0.0
 10
-186.4292
 20
-383.8947
 30
0.0
 10
-187.2663
 20
-382.9524
 30
0.0
 10
-188.1033
 20
-382.0053
 30
0.0
 10
-189.1461
 20
-381.5318
 30
0.0
 10
-190.3897
 20
-381.5318
 30
0.0
 10
-191.6573
 20
-381.5318
 30
0.0
 10
-192.7048
 20
-382.0005
 30
0.0
 10
-193.5419
 20
-382.9428
 30
0.0
 10
-194.3742
 20
-383.8852
 30
0.0
 10
-194.7903
 20
-385.3058
 30
0.0
 10
-194.7903
 20
-387.2047
 30
0.0
  0
SPLINE
  5
9B
330
1F
100
AcDbEntity
  8
Layer 1
 62
   250
100
AcDbSpline
210
0.0
220
0.0
230
1.0
 70
    11
 71
     3
 72
    86
 73
    82
 74
     0
 42
0.0000000001
 43
0.0000000001
 40
0.0
 40
0.0
 40
0.0
 40
0.0
 40
0.037037037037037
 40
0.037037037037037
 40
0.037037037037037
 40
0.0740740740740741
 40
0.0740740740740741
 40
0.0740740740740741
 40
0.1111111111111111
 40
0.1111111111111111
 40
0.1111111111111111
 40
0.1481481481481481
 40
0.1481481481481481
 40
0.1481481481481481
 40
0.1851851851851852
 40
0.1851851851851852
 40
0.1851851851851852
 40
0.2222222222222222
 40
0.2222222222222222
 40
0.2222222222222222
 40
0.2592592592592592
 40
0.2592592592592592
 40
0.2592592592592592
 40
0.2962962962962963
 40
0.2962962962962963
 40
0.2962962962962963
 40
0.3333333333333333
 40
0.3333333333333333
 40
0.3333333333333333
 40
0.3703703703703703
 40
0.3703703703703703
 40
0.3703703703703703
 40
0.4074074074074074
 40
0.4074074074074074
 40
0.4074074074074074
 40
0.4444444444444444
 40
0.4444444444444444
 40
0.4444444444444444
 40
0.4814814814814815
 40
0.4814814814814815
 40
0.4814814814814815
 40
0.5185185185185185
 40
0.5185185185185185
 40
0.5185185185185185
 40
0.5555555555555556
 40
0.5555555555555556
 40
0.5555555555555556
 40
0.5925925925925926
 40
0.5925925925925926
 40
0.5925925925925926
 40
0.6296296296296295
 40
0.6296296296296295
 40
0.6296296296296295
 40
0.6666666666666666
 40
0.6666666666666666
 40
0.6666666666666666
 40
0.7037037037037037
 40
0.7037037037037037
 40
0.7037037037037037
 40
0.7407407407407407
 40
0.7407407407407407
 40
0.7407407407407407
 40
0.7777777777777777
 40
0.7777777777777777
 40
0.7777777777777777
 40
0.8148148148148148
 40
0.8148148148148148
 40
0.8148148148148148
 40
0.8518518518518519
 40
0.8518518518518519
 40
0.8518518518518519
 40
0.8888888888888888
 40
0.8888888888888888
 40
0.8888888888888888
 40
0.9259259259259258
 40
0.9259259259259258
 40
0.9259259259259258
 40
0.9629629629629629
 40
0.9629629629629629
 40
0.9629629629629629
 40
1.0
 40
1.0
 40
1.0
 40
1.0
 10
-170.7353
 20
-392.782
 30
0.0
 10
-171.6728
 20
-393.5808
 30
0.0
 10
-172.5768
 20
-394.1405
 30
0.0
 10
-173.4426
 20
-394.4705
 30
0.0
 10
-174.3084
 20
-394.8006
 30
0.0
 10
-175.2363
 20
-394.9632
 30
0.0
 10
-176.2312
 20
-394.9632
 30
0.0
 10
-177.8671
 20
-394.9632
 30
0.0
 10
-179.1251
 20
-394.5662
 30
0.0
 10
-180.0052
 20
-393.7674
 30
0.0
 10
-180.8854
 20
-392.9734
 30
0.0
 10
-181.3254
 20
-391.9545
 30
0.0
 10
-181.3254
 20
-390.7157
 30
0.0
 10
-181.3254
 20
-389.9886
 30
0.0
 10
-181.158
 20
-389.3237
 30
0.0
 10
-180.828
 20
-388.721
 30
0.0
 10
-180.4931
 20
-388.1183
 30
0.0
 10
-180.0578
 20
-387.64
 30
0.0
 10
-179.5221
 20
-387.2765
 30
0.0
 10
-178.9816
 20
-386.913
 30
0.0
 10
-178.3789
 20
-386.6355
 30
0.0
 10
-177.7045
 20
-386.449
 30
0.0
 10
-177.207
 20
-386.3198
 30
0.0
 10
-176.456
 20
-386.1955
 30
0.0
 10
-175.4563
 20
-386.0711
 30
0.0
 10
-173.4187
 20
-385.8319
 30
0.0
 10
-171.9119
 20
-385.5402
 30
0.0
 10
-170.9505
 20
-385.2053
 30
0.0
 10
-170.9409
 20
-384.8609
 30
0.0
 10
-170.9362
 20
-384.6409
 30
0.0
 10
-170.9362
 20
-384.55
 30
0.0
 10
-170.9362
 20
-383.5264
 30
0.0
 10
-171.1753
 20
-382.8041
 30
0.0
 10
-171.6536
 20
-382.3832
 30
0.0
 10
-172.2994
 20
-381.814
 30
0.0
 10
-173.2608
 20
-381.5318
 30
0.0
 10
-174.5332
 20
-381.5318
 30
0.0
 10
-175.7242
 20
-381.5318
 30
0.0
 10
-176.6043
 20
-381.7422
 30
0.0
 10
-177.1688
 20
-382.1584
 30
0.0
 10
-177.738
 20
-382.5745
 30
0.0
 10
-178.1541
 20
-383.3112
 30
0.0
 10
-178.4268
 20
-384.373
 30
0.0
 10
-178.4268
 20
-384.373
 30
0.0
 10
-180.8949
 20
-384.0286
 30
0.0
 10
-180.8949
 20
-384.0286
 30
0.0
 10
-180.6701
 20
-382.9715
 30
0.0
 10
-180.3018
 20
-382.1153
 30
0.0
 10
-179.7852
 20
-381.4648
 30
0.0
 10
-179.2686
 20
-380.8143
 30
0.0
 10
-178.5224
 20
-380.3168
 30
0.0
 10
-177.5466
 20
-379.9629
 30
0.0
 10
-176.5756
 20
-379.6137
 30
0.0
 10
-175.442
 20
-379.4367
 30
0.0
 10
-174.1601
 20
-379.4367
 30
0.0
 10
-172.8877
 20
-379.4367
 30
0.0
 10
-171.8498
 20
-379.585
 30
0.0
 10
-171.051
 20
-379.8863
 30
0.0
 10
-170.2569
 20
-380.1877
 30
0.0
 10
-169.6686
 20
-380.5608
 30
0.0
 10
-169.2955
 20
-381.0152
 30
0.0
 10
-168.9224
 20
-381.4696
 30
0.0
 10
-168.6593
 20
-382.0436
 30
0.0
 10
-168.5063
 20
-382.7372
 30
0.0
 10
-168.4249
 20
-383.1677
 30
0.0
 10
-168.3819
 20
-383.9425
 30
0.0
 10
-168.3819
 20
-385.0571
 30
0.0
 10
-168.3819
 20
-385.0571
 30
0.0
 10
-168.3819
 20
-388.4053
 30
0.0
 10
-168.3819
 20
-388.4053
 30
0.0
 10
-168.3819
 20
-390.7444
 30
0.0
 10
-168.3293
 20
-392.2224
 30
0.0
 10
-168.224
 20
-392.849
 30
0.0
 10
-168.1236
 20
-393.4756
 30
0.0
 10
-167.9131
 20
-394.0735
 30
0.0
 10
-167.607
 20
-394.6475
 30
0.0
 10
-167.607
 20
-394.6475
 30
0.0
 10
-170.2474
 20
-394.6475
 30
0.0
 10
-170.2474
 20
-394.6475
 30
0.0
 10
-170.5009
 20
-394.1166
 30
0.0
 10
-170.6635
 20
-393.4947
 30
0.0
 10
-170.7353
 20
-392.782
 30
0.0
  0
SPLINE
  5
9C
330
1F
100
AcDbEntity
  8
Layer 1
 62
   250
100
AcDbSpline
210
0.0
220
0.0
230
1.0
 70
    11
 71
     3
 72
    35
 73
    31
 74
     0
 42
0.0000000001
 43
0.0000000001
 40
0.0
 40
0.0
 40
0.0
 40
0.0
 40
0.1
 40
0.1
 40
0.1
 40
0.2
 40
0.2
 40
0.2
 40
0.3
 40
0.3
 40
0.3
 40
0.4
 40
0.4
 40
0.4
 40
0.5
 40
0.5
 40
0.5
 40
0.6000000000000001
 40
0.6000000000000001
 40
0.6000000000000001
 40
0.7000000000000001
 40
0.7000000000000001
 40
0.7000000000000001
 40
0.8
 40
0.8
 40
0.8
 40
0.9
 40
0.9
 40
0.9
 40
1.0
 40
1.0
 40
1.0
 40
1.0
 10
-170.9362
 20
-387.1856
 30
0.0
 10
-171.8545
 20
-387.5587
 30
0.0
 10
-173.2321
 20
-387.8744
 30
0.0
 10
-175.0689
 20
-388.1327
 30
0.0
 10
-176.1117
 20
-388.281
 30
0.0
 10
-176.8483
 20
-388.4484
 30
0.0
 10
-177.2788
 20
-388.6349
 30
0.0
 10
-177.7093
 20
-388.8215
 30
0.0
 10
-178.0393
 20
-389.0941
 30
0.0
 10
-178.2737
 20
-389.4481
 30
0.0
 10
-178.5081
 20
-389.8068
 30
0.0
 10
-178.6277
 20
-390.2038
 30
0.0
 10
-178.6277
 20
-390.6439
 30
0.0
 10
-178.6277
 20
-391.3088
 30
0.0
 10
-178.3741
 20
-391.8684
 30
0.0
 10
-177.8623
 20
-392.3133
 30
0.0
 10
-177.3505
 20
-392.7581
 30
0.0
 10
-176.6043
 20
-392.9829
 30
0.0
 10
-175.6238
 20
-392.9829
 30
0.0
 10
-174.6528
 20
-392.9829
 30
0.0
 10
-173.787
 20
-392.7725
 30
0.0
 10
-173.0264
 20
-392.3467
 30
0.0
 10
-172.2707
 20
-391.9258
 30
0.0
 10
-171.711
 20
-391.347
 30
0.0
 10
-171.3571
 20
-390.6152
 30
0.0
 10
-171.0844
 20
-390.046
 30
0.0
 10
-170.9505
 20
-389.2089
 30
0.0
 10
-170.9505
 20
-388.104
 30
0.0
 10
-170.9505
 20
-388.104
 30
0.0
 10
-170.9362
 20
-387.1856
 30
0.0
 10
-170.9362
 20
-387.1856
 30
0.0
  0
SPLINE
  5
9D
330
1F
100
AcDbEntity
  8
Layer 1
 62
   250
100
AcDbSpline
210
0.0
220
0.0
230
1.0
 70
    11
 71
     3
 72
    47
 73
    43
 74
     0
 42
0.0000000001
 43
0.0000000001
 40
0.0
 40
0.0
 40
0.0
 40
0.0
 40
0.0714285714285714
 40
0.0714285714285714
 40
0.0714285714285714
 40
0.1428571428571428
 40
0.1428571428571428
 40
0.1428571428571428
 40
0.2142857142857143
 40
0.2142857142857143
 40
0.2142857142857143
 40
0.2857142857142857
 40
0.2857142857142857
 40
0.2857142857142857
 40
0.3571428571428571
 40
0.3571428571428571
 40
0.3571428571428571
 40
0.4285714285714285
 40
0.4285714285714285
 40
0.4285714285714285
 40
0.5
 40
0.5
 40
0.5
 40
0.5714285714285714
 40
0.5714285714285714
 40
0.5714285714285714
 40
0.6428571428571428
 40
0.6428571428571428
 40
0.6428571428571428
 40
0.7142857142857142
 40
0.7142857142857142
 40
0.7142857142857142
 40
0.7857142857142857
 40
0.7857142857142857
 40
0.7857142857142857
 40
0.8571428571428571
 40
0.8571428571428571
 40
0.8571428571428571
 40
0.9285714285714285
 40
0.9285714285714285
 40
0.9285714285714285
 40
1.0
 40
1.0
 40
1.0
 40
1.0
 10
-154.8883
 20
-394.6475
 30
0.0
 10
-154.8883
 20
-394.6475
 30
0.0
 10
-154.8883
 20
-392.7581
 30
0.0
 10
-154.8883
 20
-392.7581
 30
0.0
 10
-155.8306
 20
-394.2266
 30
0.0
 10
-157.2177
 20
-394.9632
 30
0.0
 10
-159.0497
 20
-394.9632
 30
0.0
 10
-160.236
 20
-394.9632
 30
0.0
 10
-161.3265
 20
-394.6379
 30
0.0
 10
-162.3167
 20
-393.9826
 30
0.0
 10
-163.3116
 20
-393.3321
 30
0.0
 10
-164.0817
 20
-392.4185
 30
0.0
 10
-164.6318
 20
-391.2514
 30
0.0
 10
-165.1771
 20
-390.0795
 30
0.0
 10
-165.4497
 20
-388.7354
 30
0.0
 10
-165.4497
 20
-387.2143
 30
0.0
 10
-165.4497
 20
-385.7315
 30
0.0
 10
-165.201
 20
-384.3874
 30
0.0
 10
-164.7083
 20
-383.1772
 30
0.0
 10
-164.2108
 20
-381.9718
 30
0.0
 10
-163.4694
 20
-381.0439
 30
0.0
 10
-162.4793
 20
-380.4029
 30
0.0
 10
-161.494
 20
-379.7572
 30
0.0
 10
-160.3842
 20
-379.4367
 30
0.0
 10
-159.1645
 20
-379.4367
 30
0.0
 10
-158.2652
 20
-379.4367
 30
0.0
 10
-157.4664
 20
-379.628
 30
0.0
 10
-156.7681
 20
-380.0059
 30
0.0
 10
-156.0697
 20
-380.3838
 30
0.0
 10
-155.5005
 20
-380.8813
 30
0.0
 10
-155.0605
 20
-381.4887
 30
0.0
 10
-155.0605
 20
-381.4887
 30
0.0
 10
-155.0605
 20
-374.0986
 30
0.0
 10
-155.0605
 20
-374.0986
 30
0.0
 10
-155.0605
 20
-374.0986
 30
0.0
 10
-152.5349
 20
-374.0986
 30
0.0
 10
-152.5349
 20
-374.0986
 30
0.0
 10
-152.5349
 20
-374.0986
 30
0.0
 10
-152.5349
 20
-394.6475
 30
0.0
 10
-152.5349
 20
-394.6475
 30
0.0
 10
-152.5349
 20
-394.6475
 30
0.0
 10
-154.8883
 20
-394.6475
 30
0.0
 10
-154.8883
 20
-394.6475
 30
0.0
  0
SPLINE
  5
9E
330
1F
100
AcDbEntity
  8
Layer 1
 62
   250
100
AcDbSpline
210
0.0
220
0.0
230
1.0
 70
    11
 71
     3
 72
    29
 73
    25
 74
     0
 42
0.0000000001
 43
0.0000000001
 40
0.0
 40
0.0
 40
0.0
 40
0.0
 40
0.125
 40
0.125
 40
0.125
 40
0.25
 40
0.25
 40
0.25
 40
0.375
 40
0.375
 40
0.375
 40
0.5
 40
0.5
 40
0.5
 40
0.625
 40
0.625
 40
0.625
 40
0.75
 40
0.75
 40
0.75
 40
0.875
 40
0.875
 40
0.875
 40
1.0
 40
1.0
 40
1.0
 40
1.0
 10
-162.8667
 20
-387.2191
 30
0.0
 10
-162.8667
 20
-389.1228
 30
0.0
 10
-162.465
 20
-390.5435
 30
0.0
 10
-161.6566
 20
-391.4858
 30
0.0
 10
-160.853
 20
-392.4281
 30
0.0
 10
-159.9011
 20
-392.8968
 30
0.0
 10
-158.8058
 20
-392.8968
 30
0.0
 10
-157.7008
 20
-392.8968
 30
0.0
 10
-156.7633
 20
-392.4472
 30
0.0
 10
-155.9884
 20
-391.5479
 30
0.0
 10
-155.2183
 20
-390.6487
 30
0.0
 10
-154.8309
 20
-389.2759
 30
0.0
 10
-154.8309
 20
-387.4296
 30
0.0
 10
-154.8309
 20
-385.4014
 30
0.0
 10
-155.2231
 20
-383.9091
 30
0.0
 10
-156.0123
 20
-382.9572
 30
0.0
 10
-156.7968
 20
-382.0053
 30
0.0
 10
-157.7678
 20
-381.5318
 30
0.0
 10
-158.9206
 20
-381.5318
 30
0.0
 10
-160.0446
 20
-381.5318
 30
0.0
 10
-160.9821
 20
-381.9862
 30
0.0
 10
-161.7379
 20
-382.8998
 30
0.0
 10
-162.4889
 20
-383.8134
 30
0.0
 10
-162.8667
 20
-385.2532
 30
0.0
 10
-162.8667
 20
-387.2191
 30
0.0
  0
SPLINE
  5
9F
330
1F
100
AcDbEntity
  8
Layer 1
 62
   250
100
AcDbSpline
210
0.0
220
0.0
230
1.0
 70
    11
 71
     3
 72
    62
 73
    58
 74
     0
 42
0.0000000001
 43
0.0000000001
 40
0.0
 40
0.0
 40
0.0
 40
0.0
 40
0.0526315789473684
 40
0.0526315789473684
 40
0.0526315789473684
 40
0.1052631578947368
 40
0.1052631578947368
 40
0.1052631578947368
 40
0.1578947368421053
 40
0.1578947368421053
 40
0.1578947368421053
 40
0.2105263157894737
 40
0.2105263157894737
 40
0.2105263157894737
 40
0.2631578947368421
 40
0.2631578947368421
 40
0.2631578947368421
 40
0.3157894736842105
 40
0.3157894736842105
 40
0.3157894736842105
 40
0.3684210526315789
 40
0.3684210526315789
 40
0.3684210526315789
 40
0.4210526315789473
 40
0.4210526315789473
 40
0.4210526315789473
 40
0.4736842105263158
 40
0.4736842105263158
 40
0.4736842105263158
 40
0.5263157894736842
 40
0.5263157894736842
 40
0.5263157894736842
 40
0.5789473684210527
 40
0.5789473684210527
 40
0.5789473684210527
 40
0.631578947368421
 40
0.631578947368421
 40
0.631578947368421
 40
0.6842105263157894
 40
0.6842105263157894
 40
0.6842105263157894
 40
0.7368421052631579
 40
0.7368421052631579
 40
0.7368421052631579
 40
0.7894736842105263
 40
0.7894736842105263
 40
0.7894736842105263
 40
0.8421052631578947
 40
0.8421052631578947
 40
0.8421052631578947
 40
0.894736842105263
 40
0.894736842105263
 40
0.894736842105263
 40
0.9473684210526315
 40
0.9473684210526315
 40
0.9473684210526315
 40
1.0
 40
1.0
 40
1.0
 40
1.0
 10
-139.9644
 20
-394.6475
 30
0.0
 10
-139.9644
 20
-394.6475
 30
0.0
 10
-139.9644
 20
-381.704
 30
0.0
 10
-139.9644
 20
-381.704
 30
0.0
 10
-139.9644
 20
-381.704
 30
0.0
 10
-142.203
 20
-381.704
 30
0.0
 10
-142.203
 20
-381.704
 30
0.0
 10
-142.203
 20
-381.704
 30
0.0
 10
-142.203
 20
-379.7524
 30
0.0
 10
-142.203
 20
-379.7524
 30
0.0
 10
-142.203
 20
-379.7524
 30
0.0
 10
-139.9644
 20
-379.7524
 30
0.0
 10
-139.9644
 20
-379.7524
 30
0.0
 10
-139.9644
 20
-379.7524
 30
0.0
 10
-139.9644
 20
-378.1739
 30
0.0
 10
-139.9644
 20
-378.1739
 30
0.0
 10
-139.9644
 20
-377.1742
 30
0.0
 10
-139.8783
 20
-376.4328
 30
0.0
 10
-139.7014
 20
-375.9497
 30
0.0
 10
-139.4574
 20
-375.2992
 30
0.0
 10
-139.0365
 20
-374.7682
 30
0.0
 10
-138.4242
 20
-374.3617
 30
0.0
 10
-137.8167
 20
-373.9551
 30
0.0
 10
-136.9605
 20
-373.7542
 30
0.0
 10
-135.8604
 20
-373.7542
 30
0.0
 10
-135.1477
 20
-373.7542
 30
0.0
 10
-134.3632
 20
-373.8403
 30
0.0
 10
-133.5022
 20
-374.0077
 30
0.0
 10
-133.5022
 20
-374.0077
 30
0.0
 10
-133.8801
 20
-376.2176
 30
0.0
 10
-133.8801
 20
-376.2176
 30
0.0
 10
-134.4063
 20
-376.1267
 30
0.0
 10
-134.899
 20
-376.0789
 30
0.0
 10
-135.3677
 20
-376.0789
 30
0.0
 10
-136.133
 20
-376.0789
 30
0.0
 10
-136.6735
 20
-376.2415
 30
0.0
 10
-136.994
 20
-376.5668
 30
0.0
 10
-137.3097
 20
-376.892
 30
0.0
 10
-137.4676
 20
-377.4995
 30
0.0
 10
-137.4676
 20
-378.3892
 30
0.0
 10
-137.4676
 20
-378.3892
 30
0.0
 10
-137.4676
 20
-379.7524
 30
0.0
 10
-137.4676
 20
-379.7524
 30
0.0
 10
-137.4676
 20
-379.7524
 30
0.0
 10
-134.5689
 20
-379.7524
 30
0.0
 10
-134.5689
 20
-379.7524
 30
0.0
 10
-134.5689
 20
-379.7524
 30
0.0
 10
-134.5689
 20
-381.704
 30
0.0
 10
-134.5689
 20
-381.704
 30
0.0
 10
-134.5689
 20
-381.704
 30
0.0
 10
-137.4389
 20
-381.704
 30
0.0
 10
-137.4389
 20
-381.704
 30
0.0
 10
-137.4389
 20
-381.704
 30
0.0
 10
-137.4389
 20
-394.6475
 30
0.0
 10
-137.4389
 20
-394.6475
 30
0.0
 10
-137.4389
 20
-394.6475
 30
0.0
 10
-139.9644
 20
-394.6475
 30
0.0
 10
-139.9644
 20
-394.6475
 30
0.0
  0
SPLINE
  5
A0
330
1F
100
AcDbEntity
  8
Layer 1
 62
   250
100
AcDbSpline
210
0.0
220
0.0
230
1.0
 70
    11
 71
     3
 72
    44
 73
    40
 74
     0
 42
0.0000000001
 43
0.0000000001
 40
0.0
 40
0.0
 40
0.0
 40
0.0
 40
0.0769230769230769
 40
0.0769230769230769
 40
0.0769230769230769
 40
0.1538461538461539
 40
0.1538461538461539
 40
0.1538461538461539
 40
0.2307692307692308
 40
0.2307692307692308
 40
0.2307692307692308
 40
0.3076923076923077
 40
0.3076923076923077
 40
0.3076923076923077
 40
0.3846153846153846
 40
0.3846153846153846
 40
0.3846153846153846
 40
0.4615384615384616
 40
0.4615384615384616
 40
0.4615384615384616
 40
0.5384615384615385
 40
0.5384615384615385
 40
0.5384615384615385
 40
0.6153846153846154
 40
0.6153846153846154
 40
0.6153846153846154
 40
0.6923076923076923
 40
0.6923076923076923
 40
0.6923076923076923
 40
0.7692307692307693
 40
0.7692307692307693
 40
0.7692307692307693
 40
0.8461538461538463
 40
0.8461538461538463
 40
0.8461538461538463
 40
0.9230769230769231
 40
0.9230769230769231
 40
0.9230769230769231
 40
1.0
 40
1.0
 40
1.0
 40
1.0
 10
-132.6221
 20
-394.6475
 30
0.0
 10
-132.6221
 20
-394.6475
 30
0.0
 10
-132.6221
 20
-379.7524
 30
0.0
 10
-132.6221
 20
-379.7524
 30
0.0
 10
-132.6221
 20
-379.7524
 30
0.0
 10
-130.3549
 20
-379.7524
 30
0.0
 10
-130.3549
 20
-379.7524
 30
0.0
 10
-130.3549
 20
-379.7524
 30
0.0
 10
-130.3549
 20
-382.034
 30
0.0
 10
-130.3549
 20
-382.034
 30
0.0
 10
-129.7761
 20
-380.9769
 30
0.0
 10
-129.2404
 20
-380.2786
 30
0.0
 10
-128.7477
 20
-379.9437
 30
0.0
 10
-128.255
 20
-379.6041
 30
0.0
 10
-127.7145
 20
-379.4367
 30
0.0
 10
-127.1262
 20
-379.4367
 30
0.0
 10
-126.2747
 20
-379.4367
 30
0.0
 10
-125.409
 20
-379.7046
 30
0.0
 10
-124.5288
 20
-380.2355
 30
0.0
 10
-124.5288
 20
-380.2355
 30
0.0
 10
-125.4281
 20
-382.565
 30
0.0
 10
-125.4281
 20
-382.565
 30
0.0
 10
-126.0404
 20
-382.2206
 30
0.0
 10
-126.6526
 20
-382.0484
 30
0.0
 10
-127.2649
 20
-382.0484
 30
0.0
 10
-127.8149
 20
-382.0484
 30
0.0
 10
-128.3076
 20
-382.2158
 30
0.0
 10
-128.7429
 20
-382.5458
 30
0.0
 10
-129.1782
 20
-382.8759
 30
0.0
 10
-129.4891
 20
-383.3351
 30
0.0
 10
-129.6756
 20
-383.9234
 30
0.0
 10
-129.9578
 20
-384.8179
 30
0.0
 10
-130.0966
 20
-385.7985
 30
0.0
 10
-130.0966
 20
-386.8651
 30
0.0
 10
-130.0966
 20
-386.8651
 30
0.0
 10
-130.0966
 20
-394.6475
 30
0.0
 10
-130.0966
 20
-394.6475
 30
0.0
 10
-130.0966
 20
-394.6475
 30
0.0
 10
-132.6221
 20
-394.6475
 30
0.0
 10
-132.6221
 20
-394.6475
 30
0.0
  0
SPLINE
  5
A1
330
1F
100
AcDbEntity
  8
Layer 1
 62
   250
100
AcDbSpline
210
0.0
220
0.0
230
1.0
 70
    11
 71
     3
 72
    32
 73
    28
 74
     0
 42
0.0000000001
 43
0.0000000001
 40
0.0
 40
0.0
 40
0.0
 40
0.0
 40
0.1111111111111111
 40
0.1111111111111111
 40
0.1111111111111111
 40
0.2222222222222222
 40
0.2222222222222222
 40
0.2222222222222222
 40
0.3333333333333333
 40
0.3333333333333333
 40
0.3333333333333333
 40
0.4444444444444444
 40
0.4444444444444444
 40
0.4444444444444444
 40
0.5555555555555556
 40
0.5555555555555556
 40
0.5555555555555556
 40
0.6666666666666666
 40
0.6666666666666666
 40
0.6666666666666666
 40
0.7777777777777777
 40
0.7777777777777777
 40
0.7777777777777777
 40
0.8888888888888888
 40
0.8888888888888888
 40
0.8888888888888888
 40
1.0
 40
1.0
 40
1.0
 40
1.0
 10
-123.9835
 20
-387.2
 30
0.0
 10
-123.9835
 20
-384.4496
 30
0.0
 10
-123.2182
 20
-382.4119
 30
0.0
 10
-121.6828
 20
-381.0869
 30
0.0
 10
-120.4056
 20
-379.9868
 30
0.0
 10
-118.8415
 20
-379.4367
 30
0.0
 10
-116.9999
 20
-379.4367
 30
0.0
 10
-114.9575
 20
-379.4367
 30
0.0
 10
-113.2833
 20
-380.1064
 30
0.0
 10
-111.9823
 20
-381.4457
 30
0.0
 10
-110.686
 20
-382.7802
 30
0.0
 10
-110.0355
 20
-384.6313
 30
0.0
 10
-110.0355
 20
-386.9895
 30
0.0
 10
-110.0355
 20
-388.9028
 30
0.0
 10
-110.3225
 20
-390.4047
 30
0.0
 10
-110.8965
 20
-391.5001
 30
0.0
 10
-111.4705
 20
-392.5955
 30
0.0
 10
-112.3076
 20
-393.4469
 30
0.0
 10
-113.4077
 20
-394.0544
 30
0.0
 10
-114.5031
 20
-394.6618
 30
0.0
 10
-115.7037
 20
-394.9632
 30
0.0
 10
-116.9999
 20
-394.9632
 30
0.0
 10
-119.0854
 20
-394.9632
 30
0.0
 10
-120.7692
 20
-394.2983
 30
0.0
 10
-122.0559
 20
-392.9638
 30
0.0
 10
-123.3426
 20
-391.6293
 30
0.0
 10
-123.9835
 20
-389.7064
 30
0.0
 10
-123.9835
 20
-387.2
 30
0.0
  0
SPLINE
  5
A2
330
1F
100
AcDbEntity
  8
Layer 1
 62
   250
100
AcDbSpline
210
0.0
220
0.0
230
1.0
 70
    11
 71
     3
 72
    29
 73
    25
 74
     0
 42
0.0000000001
 43
0.0000000001
 40
0.0
 40
0.0
 40
0.0
 40
0.0
 40
0.125
 40
0.125
 40
0.125
 40
0.25
 40
0.25
 40
0.25
 40
0.375
 40
0.375
 40
0.375
 40
0.5
 40
0.5
 40
0.5
 40
0.625
 40
0.625
 40
0.625
 40
0.75
 40
0.75
 40
0.75
 40
0.875
 40
0.875
 40
0.875
 40
1.0
 40
1.0
 40
1.0
 40
1.0
 10
-121.4005
 20
-387.2047
 30
0.0
 10
-121.4005
 20
-389.1085
 30
0.0
 10
-120.9844
 20
-390.5339
 30
0.0
 10
-120.1521
 20
-391.4762
 30
0.0
 10
-119.315
 20
-392.4233
 30
0.0
 10
-118.2675
 20
-392.8968
 30
0.0
 10
-116.9999
 20
-392.8968
 30
0.0
 10
-115.7467
 20
-392.8968
 30
0.0
 10
-114.704
 20
-392.4233
 30
0.0
 10
-113.8669
 20
-391.4714
 30
0.0
 10
-113.0346
 20
-390.5195
 30
0.0
 10
-112.6185
 20
-389.0702
 30
0.0
 10
-112.6185
 20
-387.1234
 30
0.0
 10
-112.6185
 20
-385.2866
 30
0.0
 10
-113.0394
 20
-383.8947
 30
0.0
 10
-113.8765
 20
-382.9524
 30
0.0
 10
-114.7135
 20
-382.0053
 30
0.0
 10
-115.7563
 20
-381.5318
 30
0.0
 10
-116.9999
 20
-381.5318
 30
0.0
 10
-118.2675
 20
-381.5318
 30
0.0
 10
-119.315
 20
-382.0005
 30
0.0
 10
-120.1521
 20
-382.9428
 30
0.0
 10
-120.9844
 20
-383.8852
 30
0.0
 10
-121.4005
 20
-385.3058
 30
0.0
 10
-121.4005
 20
-387.2047
 30
0.0
  0
SPLINE
  5
A3
330
1F
100
AcDbEntity
  8
Layer 1
 62
   250
100
AcDbSpline
210
0.0
220
0.0
230
1.0
 70
    11
 71
     3
 72
    89
 73
    85
 74
     0
 42
0.0000000001
 43
0.0000000001
 40
0.0
 40
0.0
 40
0.0
 40
0.0
 40
0.0357142857142857
 40
0.0357142857142857
 40
0.0357142857142857
 40
0.0714285714285714
 40
0.0714285714285714
 40
0.0714285714285714
 40
0.1071428571428571
 40
0.1071428571428571
 40
0.1071428571428571
 40
0.1428571428571428
 40
0.1428571428571428
 40
0.1428571428571428
 40
0.1785714285714285
 40
0.1785714285714285
 40
0.1785714285714285
 40
0.2142857142857143
 40
0.2142857142857143
 40
0.2142857142857143
 40
0.25
 40
0.25
 40
0.25
 40
0.2857142857142857
 40
0.2857142857142857
 40
0.2857142857142857
 40
0.3214285714285714
 40
0.3214285714285714
 40
0.3214285714285714
 40
0.3571428571428571
 40
0.3571428571428571
 40
0.3571428571428571
 40
0.3928571428571428
 40
0.3928571428571428
 40
0.3928571428571428
 40
0.4285714285714285
 40
0.4285714285714285
 40
0.4285714285714285
 40
0.4642857142857142
 40
0.4642857142857142
 40
0.4642857142857142
 40
0.5
 40
0.5
 40
0.5
 40
0.5357142857142857
 40
0.5357142857142857
 40
0.5357142857142857
 40
0.5714285714285714
 40
0.5714285714285714
 40
0.5714285714285714
 40
0.6071428571428571
 40
0.6071428571428571
 40
0.6071428571428571
 40
0.6428571428571428
 40
0.6428571428571428
 40
0.6428571428571428
 40
0.6785714285714285
 40
0.6785714285714285
 40
0.6785714285714285
 40
0.7142857142857142
 40
0.7142857142857142
 40
0.7142857142857142
 40
0.75
 40
0.75
 40
0.75
 40
0.7857142857142857
 40
0.7857142857142857
 40
0.7857142857142857
 40
0.8214285714285714
 40
0.8214285714285714
 40
0.8214285714285714
 40
0.8571428571428571
 40
0.8571428571428571
 40
0.8571428571428571
 40
0.8928571428571428
 40
0.8928571428571428
 40
0.8928571428571428
 40
0.9285714285714285
 40
0.9285714285714285
 40
0.9285714285714285
 40
0.9642857142857142
 40
0.9642857142857142
 40
0.9642857142857142
 40
1.0
 40
1.0
 40
1.0
 40
1.0
 10
-107.0746
 20
-394.6475
 30
0.0
 10
-107.0746
 20
-394.6475
 30
0.0
 10
-107.0746
 20
-379.7524
 30
0.0
 10
-107.0746
 20
-379.7524
 30
0.0
 10
-107.0746
 20
-379.7524
 30
0.0
 10
-104.8074
 20
-379.7524
 30
0.0
 10
-104.8074
 20
-379.7524
 30
0.0
 10
-104.8074
 20
-379.7524
 30
0.0
 10
-104.8074
 20
-381.857
 30
0.0
 10
-104.8074
 20
-381.857
 30
0.0
 10
-104.3434
 20
-381.13
 30
0.0
 10
-103.7216
 20
-380.5416
 30
0.0
 10
-102.9467
 20
-380.1016
 30
0.0
 10
-102.1718
 20
-379.6567
 30
0.0
 10
-101.2917
 20
-379.4367
 30
0.0
 10
-100.3015
 20
-379.4367
 30
0.0
 10
-99.2014
 20
-379.4367
 30
0.0
 10
-98.2973
 20
-379.6663
 30
0.0
 10
-97.5942
 20
-380.1207
 30
0.0
 10
-96.8911
 20
-380.5799
 30
0.0
 10
-96.3936
 20
-381.2161
 30
0.0
 10
-96.1066
 20
-382.0388
 30
0.0
 10
-94.9203
 20
-380.3025
 30
0.0
 10
-93.3849
 20
-379.4367
 30
0.0
 10
-91.4907
 20
-379.4367
 30
0.0
 10
-90.0079
 20
-379.4367
 30
0.0
 10
-88.8647
 20
-379.8433
 30
0.0
 10
-88.0707
 20
-380.6612
 30
0.0
 10
-87.2719
 20
-381.4792
 30
0.0
 10
-86.8701
 20
-382.7372
 30
0.0
 10
-86.8701
 20
-384.4352
 30
0.0
 10
-86.8701
 20
-384.4352
 30
0.0
 10
-86.8701
 20
-394.6475
 30
0.0
 10
-86.8701
 20
-394.6475
 30
0.0
 10
-86.8701
 20
-394.6475
 30
0.0
 10
-89.3957
 20
-394.6475
 30
0.0
 10
-89.3957
 20
-394.6475
 30
0.0
 10
-89.3957
 20
-394.6475
 30
0.0
 10
-89.3957
 20
-385.2723
 30
0.0
 10
-89.3957
 20
-385.2723
 30
0.0
 10
-89.3957
 20
-384.2678
 30
0.0
 10
-89.4818
 20
-383.5408
 30
0.0
 10
-89.6444
 20
-383.0959
 30
0.0
 10
-89.807
 20
-382.6511
 30
0.0
 10
-90.1036
 20
-382.2971
 30
0.0
 10
-90.5389
 20
-382.0245
 30
0.0
 10
-90.9694
 20
-381.7518
 30
0.0
 10
-91.4764
 20
-381.6179
 30
0.0
 10
-92.0552
 20
-381.6179
 30
0.0
 10
-93.1075
 20
-381.6179
 30
0.0
 10
-93.978
 20
-381.9671
 30
0.0
 10
-94.6716
 20
-382.6606
 30
0.0
 10
-95.3652
 20
-383.359
 30
0.0
 10
-95.7096
 20
-384.4735
 30
0.0
 10
-95.7096
 20
-386.0041
 30
0.0
 10
-95.7096
 20
-386.0041
 30
0.0
 10
-95.7096
 20
-394.6475
 30
0.0
 10
-95.7096
 20
-394.6475
 30
0.0
 10
-95.7096
 20
-394.6475
 30
0.0
 10
-98.2352
 20
-394.6475
 30
0.0
 10
-98.2352
 20
-394.6475
 30
0.0
 10
-98.2352
 20
-394.6475
 30
0.0
 10
-98.2352
 20
-384.9805
 30
0.0
 10
-98.2352
 20
-384.9805
 30
0.0
 10
-98.2352
 20
-383.8612
 30
0.0
 10
-98.4408
 20
-383.0194
 30
0.0
 10
-98.8522
 20
-382.4597
 30
0.0
 10
-99.2636
 20
-381.9001
 30
0.0
 10
-99.938
 20
-381.6179
 30
0.0
 10
-100.8707
 20
-381.6179
 30
0.0
 10
-101.5787
 20
-381.6179
 30
0.0
 10
-102.234
 20
-381.8044
 30
0.0
 10
-102.8367
 20
-382.1775
 30
0.0
 10
-103.4393
 20
-382.5506
 30
0.0
 10
-103.8746
 20
-383.0959
 30
0.0
 10
-104.1473
 20
-383.8182
 30
0.0
 10
-104.4151
 20
-384.5357
 30
0.0
 10
-104.5491
 20
-385.5736
 30
0.0
 10
-104.5491
 20
-386.9273
 30
0.0
 10
-104.5491
 20
-386.9273
 30
0.0
 10
-104.5491
 20
-394.6475
 30
0.0
 10
-104.5491
 20
-394.6475
 30
0.0
 10
-104.5491
 20
-394.6475
 30
0.0
 10
-107.0746
 20
-394.6475
 30
0.0
 10
-107.0746
 20
-394.6475
 30
0.0
  0
SPLINE
  5
A4
330
1F
100
AcDbEntity
  8
Layer 1
 62
   250
100
AcDbSpline
210
0.0
220
0.0
230
1.0
 70
    11
 71
     3
 72
    59
 73
    55
 74
     0
 42
0.0000000001
 43
0.0000000001
 40
0.0
 40
0.0
 40
0.0
 40
0.0
 40
0.0555555555555556
 40
0.0555555555555556
 40
0.0555555555555556
 40
0.1111111111111111
 40
0.1111111111111111
 40
0.1111111111111111
 40
0.1666666666666667
 40
0.1666666666666667
 40
0.1666666666666667
 40
0.2222222222222222
 40
0.2222222222222222
 40
0.2222222222222222
 40
0.2777777777777778
 40
0.2777777777777778
 40
0.2777777777777778
 40
0.3333333333333333
 40
0.3333333333333333
 40
0.3333333333333333
 40
0.3888888888888888
 40
0.3888888888888888
 40
0.3888888888888888
 40
0.4444444444444444
 40
0.4444444444444444
 40
0.4444444444444444
 40
0.5
 40
0.5
 40
0.5
 40
0.5555555555555556
 40
0.5555555555555556
 40
0.5555555555555556
 40
0.611111111111111
 40
0.611111111111111
 40
0.611111111111111
 40
0.6666666666666666
 40
0.6666666666666666
 40
0.6666666666666666
 40
0.7222222222222222
 40
0.7222222222222222
 40
0.7222222222222222
 40
0.7777777777777777
 40
0.7777777777777777
 40
0.7777777777777777
 40
0.8333333333333333
 40
0.8333333333333333
 40
0.8333333333333333
 40
0.8888888888888888
 40
0.8888888888888888
 40
0.8888888888888888
 40
0.9444444444444444
 40
0.9444444444444444
 40
0.9444444444444444
 40
1.0
 40
1.0
 40
1.0
 40
1.0
 10
-72.5155
 20
-394.6475
 30
0.0
 10
-72.5155
 20
-394.6475
 30
0.0
 10
-77.0166
 20
-379.7524
 30
0.0
 10
-77.0166
 20
-379.7524
 30
0.0
 10
-77.0166
 20
-379.7524
 30
0.0
 10
-74.3762
 20
-379.7524
 30
0.0
 10
-74.3762
 20
-379.7524
 30
0.0
 10
-74.3762
 20
-379.7524
 30
0.0
 10
-71.9989
 20
-388.3479
 30
0.0
 10
-71.9989
 20
-388.3479
 30
0.0
 10
-71.9989
 20
-388.3479
 30
0.0
 10
-71.157
 20
-391.5479
 30
0.0
 10
-71.157
 20
-391.5479
 30
0.0
 10
-71.1236
 20
-391.3901
 30
0.0
 10
-70.8653
 20
-390.3665
 30
0.0
 10
-70.3869
 20
-388.4771
 30
0.0
 10
-70.3869
 20
-388.4771
 30
0.0
 10
-68.0288
 20
-379.7524
 30
0.0
 10
-68.0288
 20
-379.7524
 30
0.0
 10
-68.0288
 20
-379.7524
 30
0.0
 10
-65.441
 20
-379.7524
 30
0.0
 10
-65.441
 20
-379.7524
 30
0.0
 10
-65.441
 20
-379.7524
 30
0.0
 10
-63.1977
 20
-388.4006
 30
0.0
 10
-63.1977
 20
-388.4006
 30
0.0
 10
-63.1977
 20
-388.4006
 30
0.0
 10
-62.4659
 20
-391.237
 30
0.0
 10
-62.4659
 20
-391.237
 30
0.0
 10
-62.4659
 20
-391.237
 30
0.0
 10
-61.6096
 20
-388.3623
 30
0.0
 10
-61.6096
 20
-388.3623
 30
0.0
 10
-61.6096
 20
-388.3623
 30
0.0
 10
-59.0363
 20
-379.7524
 30
0.0
 10
-59.0363
 20
-379.7524
 30
0.0
 10
-59.0363
 20
-379.7524
 30
0.0
 10
-56.5824
 20
-379.7524
 30
0.0
 10
-56.5824
 20
-379.7524
 30
0.0
 10
-56.5824
 20
-379.7524
 30
0.0
 10
-61.2557
 20
-394.6475
 30
0.0
 10
-61.2557
 20
-394.6475
 30
0.0
 10
-61.2557
 20
-394.6475
 30
0.0
 10
-63.8674
 20
-394.6475
 30
0.0
 10
-63.8674
 20
-394.6475
 30
0.0
 10
-63.8674
 20
-394.6475
 30
0.0
 10
-66.2303
 20
-385.7363
 30
0.0
 10
-66.2303
 20
-385.7363
 30
0.0
 10
-66.2303
 20
-385.7363
 30
0.0
 10
-66.8282
 20
-383.1868
 30
0.0
 10
-66.8282
 20
-383.1868
 30
0.0
 10
-66.8282
 20
-383.1868
 30
0.0
 10
-69.8417
 20
-394.6475
 30
0.0
 10
-69.8417
 20
-394.6475
 30
0.0
 10
-69.8417
 20
-394.6475
 30
0.0
 10
-72.5155
 20
-394.6475
 30
0.0
 10
-72.5155
 20
-394.6475
 30
0.0
  0
SPLINE
  5
A5
330
1F
100
AcDbEntity
  8
Layer 1
 62
   250
100
AcDbSpline
210
0.0
220
0.0
230
1.0
 70
    11
 71
     3
 72
    59
 73
    55
 74
     0
 42
0.0000000001
 43
0.0000000001
 40
0.0
 40
0.0
 40
0.0
 40
0.0
 40
0.0555555555555556
 40
0.0555555555555556
 40
0.0555555555555556
 40
0.1111111111111111
 40
0.1111111111111111
 40
0.1111111111111111
 40
0.1666666666666667
 40
0.1666666666666667
 40
0.1666666666666667
 40
0.2222222222222222
 40
0.2222222222222222
 40
0.2222222222222222
 40
0.2777777777777778
 40
0.2777777777777778
 40
0.2777777777777778
 40
0.3333333333333333
 40
0.3333333333333333
 40
0.3333333333333333
 40
0.3888888888888888
 40
0.3888888888888888
 40
0.3888888888888888
 40
0.4444444444444444
 40
0.4444444444444444
 40
0.4444444444444444
 40
0.5
 40
0.5
 40
0.5
 40
0.5555555555555556
 40
0.5555555555555556
 40
0.5555555555555556
 40
0.611111111111111
 40
0.611111111111111
 40
0.611111111111111
 40
0.6666666666666666
 40
0.6666666666666666
 40
0.6666666666666666
 40
0.7222222222222222
 40
0.7222222222222222
 40
0.7222222222222222
 40
0.7777777777777777
 40
0.7777777777777777
 40
0.7777777777777777
 40
0.8333333333333333
 40
0.8333333333333333
 40
0.8333333333333333
 40
0.8888888888888888
 40
0.8888888888888888
 40
0.8888888888888888
 40
0.9444444444444444
 40
0.9444444444444444
 40
0.9444444444444444
 40
1.0
 40
1.0
 40
1.0
 40
1.0
 10
-51.7896
 20
-394.6475
 30
0.0
 10
-51.7896
 20
-394.6475
 30
0.0
 10
-56.2907
 20
-379.7524
 30
0.0
 10
-56.2907
 20
-379.7524
 30
0.0
 10
-56.2907
 20
-379.7524
 30
0.0
 10
-53.6503
 20
-379.7524
 30
0.0
 10
-53.6503
 20
-379.7524
 30
0.0
 10
-53.6503
 20
-379.7524
 30
0.0
 10
-51.273
 20
-388.3479
 30
0.0
 10
-51.273
 20
-388.3479
 30
0.0
 10
-51.273
 20
-388.3479
 30
0.0
 10
-50.4311
 20
-391.5479
 30
0.0
 10
-50.4311
 20
-391.5479
 30
0.0
 10
-50.3977
 20
-391.3901
 30
0.0
 10
-50.1394
 20
-390.3665
 30
0.0
 10
-49.661
 20
-388.4771
 30
0.0
 10
-49.661
 20
-388.4771
 30
0.0
 10
-47.3029
 20
-379.7524
 30
0.0
 10
-47.3029
 20
-379.7524
 30
0.0
 10
-47.3029
 20
-379.7524
 30
0.0
 10
-44.7151
 20
-379.7524
 30
0.0
 10
-44.7151
 20
-379.7524
 30
0.0
 10
-44.7151
 20
-379.7524
 30
0.0
 10
-42.4718
 20
-388.4006
 30
0.0
 10
-42.4718
 20
-388.4006
 30
0.0
 10
-42.4718
 20
-388.4006
 30
0.0
 10
-41.74
 20
-391.237
 30
0.0
 10
-41.74
 20
-391.237
 30
0.0
 10
-41.74
 20
-391.237
 30
0.0
 10
-40.8837
 20
-388.3623
 30
0.0
 10
-40.8837
 20
-388.3623
 30
0.0
 10
-40.8837
 20
-388.3623
 30
0.0
 10
-38.3104
 20
-379.7524
 30
0.0
 10
-38.3104
 20
-379.7524
 30
0.0
 10
-38.3104
 20
-379.7524
 30
0.0
 10
-35.8565
 20
-379.7524
 30
0.0
 10
-35.8565
 20
-379.7524
 30
0.0
 10
-35.8565
 20
-379.7524
 30
0.0
 10
-40.5298
 20
-394.6475
 30
0.0
 10
-40.5298
 20
-394.6475
 30
0.0
 10
-40.5298
 20
-394.6475
 30
0.0
 10
-43.1415
 20
-394.6475
 30
0.0
 10
-43.1415
 20
-394.6475
 30
0.0
 10
-43.1415
 20
-394.6475
 30
0.0
 10
-45.5044
 20
-385.7363
 30
0.0
 10
-45.5044
 20
-385.7363
 30
0.0
 10
-45.5044
 20
-385.7363
 30
0.0
 10
-46.1023
 20
-383.1868
 30
0.0
 10
-46.1023
 20
-383.1868
 30
0.0
 10
-46.1023
 20
-383.1868
 30
0.0
 10
-49.1158
 20
-394.6475
 30
0.0
 10
-49.1158
 20
-394.6475
 30
0.0
 10
-49.1158
 20
-394.6475
 30
0.0
 10
-51.7896
 20
-394.6475
 30
0.0
 10
-51.7896
 20
-394.6475
 30
0.0
  0
SPLINE
  5
A6
330
1F
100
AcDbEntity
  8
Layer 1
 62
   250
100
AcDbSpline
210
0.0
220
0.0
230
1.0
 70
    11
 71
     3
 72
    59
 73
    55
 74
     0
 42
0.0000000001
 43
0.0000000001
 40
0.0
 40
0.0
 40
0.0
 40
0.0
 40
0.0555555555555556
 40
0.0555555555555556
 40
0.0555555555555556
 40
0.1111111111111111
 40
0.1111111111111111
 40
0.1111111111111111
 40
0.1666666666666667
 40
0.1666666666666667
 40
0.1666666666666667
 40
0.2222222222222222
 40
0.2222222222222222
 40
0.2222222222222222
 40
0.2777777777777778
 40
0.2777777777777778
 40
0.2777777777777778
 40
0.3333333333333333
 40
0.3333333333333333
 40
0.3333333333333333
 40
0.3888888888888888
 40
0.3888888888888888
 40
0.3888888888888888
 40
0.4444444444444444
 40
0.4444444444444444
 40
0.4444444444444444
 40
0.5
 40
0.5
 40
0.5
 40
0.5555555555555556
 40
0.5555555555555556
 40
0.5555555555555556
 40
0.611111111111111
 40
0.611111111111111
 40
0.611111111111111
 40
0.6666666666666666
 40
0.6666666666666666
 40
0.6666666666666666
 40
0.7222222222222222
 40
0.7222222222222222
 40
0.7222222222222222
 40
0.7777777777777777
 40
0.7777777777777777
 40
0.7777777777777777
 40
0.8333333333333333
 40
0.8333333333333333
 40
0.8333333333333333
 40
0.8888888888888888
 40
0.8888888888888888
 40
0.8888888888888888
 40
0.9444444444444444
 40
0.9444444444444444
 40
0.9444444444444444
 40
1.0
 40
1.0
 40
1.0
 40
1.0
 10
-31.0637
 20
-394.6475
 30
0.0
 10
-31.0637
 20
-394.6475
 30
0.0
 10
-35.5648
 20
-379.7524
 30
0.0
 10
-35.5648
 20
-379.7524
 30
0.0
 10
-35.5648
 20
-379.7524
 30
0.0
 10
-32.9244
 20
-379.7524
 30
0.0
 10
-32.9244
 20
-379.7524
 30
0.0
 10
-32.9244
 20
-379.7524
 30
0.0
 10
-30.5471
 20
-388.3479
 30
0.0
 10
-30.5471
 20
-388.3479
 30
0.0
 10
-30.5471
 20
-388.3479
 30
0.0
 10
-29.7052
 20
-391.5479
 30
0.0
 10
-29.7052
 20
-391.5479
 30
0.0
 10
-29.6718
 20
-391.3901
 30
0.0
 10
-29.4135
 20
-390.3665
 30
0.0
 10
-28.9351
 20
-388.4771
 30
0.0
 10
-28.9351
 20
-388.4771
 30
0.0
 10
-26.577
 20
-379.7524
 30
0.0
 10
-26.577
 20
-379.7524
 30
0.0
 10
-26.577
 20
-379.7524
 30
0.0
 10
-23.9892
 20
-379.7524
 30
0.0
 10
-23.9892
 20
-379.7524
 30
0.0
 10
-23.9892
 20
-379.7524
 30
0.0
 10
-21.7459
 20
-388.4006
 30
0.0
 10
-21.7459
 20
-388.4006
 30
0.0
 10
-21.7459
 20
-388.4006
 30
0.0
 10
-21.0141
 20
-391.237
 30
0.0
 10
-21.0141
 20
-391.237
 30
0.0
 10
-21.0141
 20
-391.237
 30
0.0
 10
-20.1578
 20
-388.3623
 30
0.0
 10
-20.1578
 20
-388.3623
 30
0.0
 10
-20.1578
 20
-388.3623
 30
0.0
 10
-17.5845
 20
-379.7524
 30
0.0
 10
-17.5845
 20
-379.7524
 30
0.0
 10
-17.5845
 20
-379.7524
 30
0.0
 10
-15.1306
 20
-379.7524
 30
0.0
 10
-15.1306
 20
-379.7524
 30
0.0
 10
-15.1306
 20
-379.7524
 30
0.0
 10
-19.8039
 20
-394.6475
 30
0.0
 10
-19.8039
 20
-394.6475
 30
0.0
 10
-19.8039
 20
-394.6475
 30
0.0
 10
-22.4156
 20
-394.6475
 30
0.0
 10
-22.4156
 20
-394.6475
 30
0.0
 10
-22.4156
 20
-394.6475
 30
0.0
 10
-24.7785
 20
-385.7363
 30
0.0
 10
-24.7785
 20
-385.7363
 30
0.0
 10
-24.7785
 20
-385.7363
 30
0.0
 10
-25.3764
 20
-383.1868
 30
0.0
 10
-25.3764
 20
-383.1868
 30
0.0
 10
-25.3764
 20
-383.1868
 30
0.0
 10
-28.3899
 20
-394.6475
 30
0.0
 10
-28.3899
 20
-394.6475
 30
0.0
 10
-28.3899
 20
-394.6475
 30
0.0
 10
-31.0637
 20
-394.6475
 30
0.0
 10
-31.0637
 20
-394.6475
 30
0.0
  0
SPLINE
  5
A7
330
1F
100
AcDbEntity
  8
Layer 1
 62
   250
100
AcDbSpline
210
0.0
220
0.0
230
1.0
 70
    11
 71
     3
 72
    17
 73
    13
 74
     0
 42
0.0000000001
 43
0.0000000001
 40
0.0
 40
0.0
 40
0.0
 40
0.0
 40
0.25
 40
0.25
 40
0.25
 40
0.5
 40
0.5
 40
0.5
 40
0.75
 40
0.75
 40
0.75
 40
1.0
 40
1.0
 40
1.0
 40
1.0
 10
-13.8822
 20
-394.6475
 30
0.0
 10
-13.8822
 20
-394.6475
 30
0.0
 10
-13.8822
 20
-391.7775
 30
0.0
 10
-13.8822
 20
-391.7775
 30
0.0
 10
-13.8822
 20
-391.7775
 30
0.0
 10
-11.0123
 20
-391.7775
 30
0.0
 10
-11.0123
 20
-391.7775
 30
0.0
 10
-11.0123
 20
-391.7775
 30
0.0
 10
-11.0123
 20
-394.6475
 30
0.0
 10
-11.0123
 20
-394.6475
 30
0.0
 10
-11.0123
 20
-394.6475
 30
0.0
 10
-13.8822
 20
-394.6475
 30
0.0
 10
-13.8822
 20
-394.6475
 30
0.0
  0
SPLINE
  5
A8
330
1F
100
AcDbEntity
  8
Layer 1
 62
   250
100
AcDbSpline
210
0.0
220
0.0
230
1.0
 70
    11
 71
     3
 72
    86
 73
    82
 74
     0
 42
0.0000000001
 43
0.0000000001
 40
0.0
 40
0.0
 40
0.0
 40
0.0
 40
0.037037037037037
 40
0.037037037037037
 40
0.037037037037037
 40
0.0740740740740741
 40
0.0740740740740741
 40
0.0740740740740741
 40
0.1111111111111111
 40
0.1111111111111111
 40
0.1111111111111111
 40
0.1481481481481481
 40
0.1481481481481481
 40
0.1481481481481481
 40
0.1851851851851852
 40
0.1851851851851852
 40
0.1851851851851852
 40
0.2222222222222222
 40
0.2222222222222222
 40
0.2222222222222222
 40
0.2592592592592592
 40
0.2592592592592592
 40
0.2592592592592592
 40
0.2962962962962963
 40
0.2962962962962963
 40
0.2962962962962963
 40
0.3333333333333333
 40
0.3333333333333333
 40
0.3333333333333333
 40
0.3703703703703703
 40
0.3703703703703703
 40
0.3703703703703703
 40
0.4074074074074074
 40
0.4074074074074074
 40
0.4074074074074074
 40
0.4444444444444444
 40
0.4444444444444444
 40
0.4444444444444444
 40
0.4814814814814815
 40
0.4814814814814815
 40
0.4814814814814815
 40
0.5185185185185185
 40
0.5185185185185185
 40
0.5185185185185185
 40
0.5555555555555556
 40
0.5555555555555556
 40
0.5555555555555556
 40
0.5925925925925926
 40
0.5925925925925926
 40
0.5925925925925926
 40
0.6296296296296295
 40
0.6296296296296295
 40
0.6296296296296295
 40
0.6666666666666666
 40
0.6666666666666666
 40
0.6666666666666666
 40
0.7037037037037037
 40
0.7037037037037037
 40
0.7037037037037037
 40
0.7407407407407407
 40
0.7407407407407407
 40
0.7407407407407407
 40
0.7777777777777777
 40
0.7777777777777777
 40
0.7777777777777777
 40
0.8148148148148148
 40
0.8148148148148148
 40
0.8148148148148148
 40
0.8518518518518519
 40
0.8518518518518519
 40
0.8518518518518519
 40
0.8888888888888888
 40
0.8888888888888888
 40
0.8888888888888888
 40
0.9259259259259258
 40
0.9259259259259258
 40
0.9259259259259258
 40
0.9629629629629629
 40
0.9629629629629629
 40
0.9629629629629629
 40
1.0
 40
1.0
 40
1.0
 40
1.0
 10
3.1031
 20
-392.782
 30
0.0
 10
2.1656
 20
-393.5808
 30
0.0
 10
1.2616
 20
-394.1405
 30
0.0
 10
0.3958
 20
-394.4705
 30
0.0
 10
-0.47
 20
-394.8006
 30
0.0
 10
-1.3979
 20
-394.9632
 30
0.0
 10
-2.3928
 20
-394.9632
 30
0.0
 10
-4.0287
 20
-394.9632
 30
0.0
 10
-5.2867
 20
-394.5662
 30
0.0
 10
-6.1668
 20
-393.7674
 30
0.0
 10
-7.047
 20
-392.9734
 30
0.0
 10
-7.487
 20
-391.9545
 30
0.0
 10
-7.487
 20
-390.7157
 30
0.0
 10
-7.487
 20
-389.9886
 30
0.0
 10
-7.3196
 20
-389.3237
 30
0.0
 10
-6.9896
 20
-388.721
 30
0.0
 10
-6.6547
 20
-388.1183
 30
0.0
 10
-6.2194
 20
-387.64
 30
0.0
 10
-5.6837
 20
-387.2765
 30
0.0
 10
-5.1432
 20
-386.913
 30
0.0
 10
-4.5405
 20
-386.6355
 30
0.0
 10
-3.8661
 20
-386.449
 30
0.0
 10
-3.3686
 20
-386.3198
 30
0.0
 10
-2.6176
 20
-386.1955
 30
0.0
 10
-1.6179
 20
-386.0711
 30
0.0
 10
0.4197
 20
-385.8319
 30
0.0
 10
1.9265
 20
-385.5402
 30
0.0
 10
2.8879
 20
-385.2053
 30
0.0
 10
2.8975
 20
-384.8609
 30
0.0
 10
2.9022
 20
-384.6409
 30
0.0
 10
2.9022
 20
-384.55
 30
0.0
 10
2.9022
 20
-383.5264
 30
0.0
 10
2.6631
 20
-382.8041
 30
0.0
 10
2.1848
 20
-382.3832
 30
0.0
 10
1.539
 20
-381.814
 30
0.0
 10
0.5776
 20
-381.5318
 30
0.0
 10
-0.6948
 20
-381.5318
 30
0.0
 10
-1.8858
 20
-381.5318
 30
0.0
 10
-2.7659
 20
-381.7422
 30
0.0
 10
-3.3304
 20
-382.1584
 30
0.0
 10
-3.8996
 20
-382.5745
 30
0.0
 10
-4.3157
 20
-383.3112
 30
0.0
 10
-4.5884
 20
-384.373
 30
0.0
 10
-4.5884
 20
-384.373
 30
0.0
 10
-7.0565
 20
-384.0286
 30
0.0
 10
-7.0565
 20
-384.0286
 30
0.0
 10
-6.8317
 20
-382.9715
 30
0.0
 10
-6.4634
 20
-382.1153
 30
0.0
 10
-5.9468
 20
-381.4648
 30
0.0
 10
-5.4302
 20
-380.8143
 30
0.0
 10
-4.684
 20
-380.3168
 30
0.0
 10
-3.7082
 20
-379.9629
 30
0.0
 10
-2.7372
 20
-379.6137
 30
0.0
 10
-1.6036
 20
-379.4367
 30
0.0
 10
-0.3217
 20
-379.4367
 30
0.0
 10
0.9507
 20
-379.4367
 30
0.0
 10
1.9886
 20
-379.585
 30
0.0
 10
2.7874
 20
-379.8863
 30
0.0
 10
3.5815
 20
-380.1877
 30
0.0
 10
4.1698
 20
-380.5608
 30
0.0
 10
4.5429
 20
-381.0152
 30
0.0
 10
4.916
 20
-381.4696
 30
0.0
 10
5.1791
 20
-382.0436
 30
0.0
 10
5.3321
 20
-382.7372
 30
0.0
 10
5.4135
 20
-383.1677
 30
0.0
 10
5.4565
 20
-383.9425
 30
0.0
 10
5.4565
 20
-385.0571
 30
0.0
 10
5.4565
 20
-385.0571
 30
0.0
 10
5.4565
 20
-388.4053
 30
0.0
 10
5.4565
 20
-388.4053
 30
0.0
 10
5.4565
 20
-390.7444
 30
0.0
 10
5.5091
 20
-392.2224
 30
0.0
 10
5.6144
 20
-392.849
 30
0.0
 10
5.7148
 20
-393.4756
 30
0.0
 10
5.9253
 20
-394.0735
 30
0.0
 10
6.2314
 20
-394.6475
 30
0.0
 10
6.2314
 20
-394.6475
 30
0.0
 10
3.591
 20
-394.6475
 30
0.0
 10
3.591
 20
-394.6475
 30
0.0
 10
3.3375
 20
-394.1166
 30
0.0
 10
3.1749
 20
-393.4947
 30
0.0
 10
3.1031
 20
-392.782
 30
0.0
  0
SPLINE
  5
A9
330
1F
100
AcDbEntity
  8
Layer 1
 62
   250
100
AcDbSpline
210
0.0
220
0.0
230
1.0
 70
    11
 71
     3
 72
    35
 73
    31
 74
     0
 42
0.0000000001
 43
0.0000000001
 40
0.0
 40
0.0
 40
0.0
 40
0.0
 40
0.1
 40
0.1
 40
0.1
 40
0.2
 40
0.2
 40
0.2
 40
0.3
 40
0.3
 40
0.3
 40
0.4
 40
0.4
 40
0.4
 40
0.5
 40
0.5
 40
0.5
 40
0.6000000000000001
 40
0.6000000000000001
 40
0.6000000000000001
 40
0.7000000000000001
 40
0.7000000000000001
 40
0.7000000000000001
 40
0.8
 40
0.8
 40
0.8
 40
0.9
 40
0.9
 40
0.9
 40
1.0
 40
1.0
 40
1.0
 40
1.0
 10
2.9022
 20
-387.1856
 30
0.0
 10
1.9839
 20
-387.5587
 30
0.0
 10
0.6063
 20
-387.8744
 30
0.0
 10
-1.2305
 20
-388.1327
 30
0.0
 10
-2.2733
 20
-388.281
 30
0.0
 10
-3.0099
 20
-388.4484
 30
0.0
 10
-3.4404
 20
-388.6349
 30
0.0
 10
-3.8709
 20
-388.8215
 30
0.0
 10
-4.2009
 20
-389.0941
 30
0.0
 10
-4.4353
 20
-389.4481
 30
0.0
 10
-4.6697
 20
-389.8068
 30
0.0
 10
-4.7893
 20
-390.2038
 30
0.0
 10
-4.7893
 20
-390.6439
 30
0.0
 10
-4.7893
 20
-391.3088
 30
0.0
 10
-4.5357
 20
-391.8684
 30
0.0
 10
-4.0239
 20
-392.3133
 30
0.0
 10
-3.5121
 20
-392.7581
 30
0.0
 10
-2.7659
 20
-392.9829
 30
0.0
 10
-1.7854
 20
-392.9829
 30
0.0
 10
-0.8144
 20
-392.9829
 30
0.0
 10
0.0514
 20
-392.7725
 30
0.0
 10
0.812
 20
-392.3467
 30
0.0
 10
1.5677
 20
-391.9258
 30
0.0
 10
2.1274
 20
-391.347
 30
0.0
 10
2.4813
 20
-390.6152
 30
0.0
 10
2.754
 20
-390.046
 30
0.0
 10
2.8879
 20
-389.2089
 30
0.0
 10
2.8879
 20
-388.104
 30
0.0
 10
2.8879
 20
-388.104
 30
0.0
 10
2.9022
 20
-387.1856
 30
0.0
 10
2.9022
 20
-387.1856
 30
0.0
  0
SPLINE
  5
AA
330
1F
100
AcDbEntity
  8
Layer 1
 62
   250
100
AcDbSpline
210
0.0
220
0.0
230
1.0
 70
    11
 71
     3
 72
    89
 73
    85
 74
     0
 42
0.0000000001
 43
0.0000000001
 40
0.0
 40
0.0
 40
0.0
 40
0.0
 40
0.0357142857142857
 40
0.0357142857142857
 40
0.0357142857142857
 40
0.0714285714285714
 40
0.0714285714285714
 40
0.0714285714285714
 40
0.1071428571428571
 40
0.1071428571428571
 40
0.1071428571428571
 40
0.1428571428571428
 40
0.1428571428571428
 40
0.1428571428571428
 40
0.1785714285714285
 40
0.1785714285714285
 40
0.1785714285714285
 40
0.2142857142857143
 40
0.2142857142857143
 40
0.2142857142857143
 40
0.25
 40
0.25
 40
0.25
 40
0.2857142857142857
 40
0.2857142857142857
 40
0.2857142857142857
 40
0.3214285714285714
 40
0.3214285714285714
 40
0.3214285714285714
 40
0.3571428571428571
 40
0.3571428571428571
 40
0.3571428571428571
 40
0.3928571428571428
 40
0.3928571428571428
 40
0.3928571428571428
 40
0.4285714285714285
 40
0.4285714285714285
 40
0.4285714285714285
 40
0.4642857142857142
 40
0.4642857142857142
 40
0.4642857142857142
 40
0.5
 40
0.5
 40
0.5
 40
0.5357142857142857
 40
0.5357142857142857
 40
0.5357142857142857
 40
0.5714285714285714
 40
0.5714285714285714
 40
0.5714285714285714
 40
0.6071428571428571
 40
0.6071428571428571
 40
0.6071428571428571
 40
0.6428571428571428
 40
0.6428571428571428
 40
0.6428571428571428
 40
0.6785714285714285
 40
0.6785714285714285
 40
0.6785714285714285
 40
0.7142857142857142
 40
0.7142857142857142
 40
0.7142857142857142
 40
0.75
 40
0.75
 40
0.75
 40
0.7857142857142857
 40
0.7857142857142857
 40
0.7857142857142857
 40
0.8214285714285714
 40
0.8214285714285714
 40
0.8214285714285714
 40
0.8571428571428571
 40
0.8571428571428571
 40
0.8571428571428571
 40
0.8928571428571428
 40
0.8928571428571428
 40
0.8928571428571428
 40
0.9285714285714285
 40
0.9285714285714285
 40
0.9285714285714285
 40
0.9642857142857142
 40
0.9642857142857142
 40
0.9642857142857142
 40
1.0
 40
1.0
 40
1.0
 40
1.0
 10
9.3358
 20
-394.6475
 30
0.0
 10
9.3358
 20
-394.6475
 30
0.0
 10
9.3358
 20
-379.7524
 30
0.0
 10
9.3358
 20
-379.7524
 30
0.0
 10
9.3358
 20
-379.7524
 30
0.0
 10
11.603
 20
-379.7524
 30
0.0
 10
11.603
 20
-379.7524
 30
0.0
 10
11.603
 20
-379.7524
 30
0.0
 10
11.603
 20
-381.857
 30
0.0
 10
11.603
 20
-381.857
 30
0.0
 10
12.067
 20
-381.13
 30
0.0
 10
12.6888
 20
-380.5416
 30
0.0
 10
13.4637
 20
-380.1016
 30
0.0
 10
14.2386
 20
-379.6567
 30
0.0
 10
15.1187
 20
-379.4367
 30
0.0
 10
16.1089
 20
-379.4367
 30
0.0
 10
17.209
 20
-379.4367
 30
0.0
 10
18.1131
 20
-379.6663
 30
0.0
 10
18.8162
 20
-380.1207
 30
0.0
 10
19.5193
 20
-380.5799
 30
0.0
 10
20.0168
 20
-381.2161
 30
0.0
 10
20.3038
 20
-382.0388
 30
0.0
 10
21.4901
 20
-380.3025
 30
0.0
 10
23.0255
 20
-379.4367
 30
0.0
 10
24.9197
 20
-379.4367
 30
0.0
 10
26.4025
 20
-379.4367
 30
0.0
 10
27.5457
 20
-379.8433
 30
0.0
 10
28.3397
 20
-380.6612
 30
0.0
 10
29.1385
 20
-381.4792
 30
0.0
 10
29.5403
 20
-382.7372
 30
0.0
 10
29.5403
 20
-384.4352
 30
0.0
 10
29.5403
 20
-384.4352
 30
0.0
 10
29.5403
 20
-394.6475
 30
0.0
 10
29.5403
 20
-394.6475
 30
0.0
 10
29.5403
 20
-394.6475
 30
0.0
 10
27.0147
 20
-394.6475
 30
0.0
 10
27.0147
 20
-394.6475
 30
0.0
 10
27.0147
 20
-394.6475
 30
0.0
 10
27.0147
 20
-385.2723
 30
0.0
 10
27.0147
 20
-385.2723
 30
0.0
 10
27.0147
 20
-384.2678
 30
0.0
 10
26.9286
 20
-383.5408
 30
0.0
 10
26.766
 20
-383.0959
 30
0.0
 10
26.6034
 20
-382.6511
 30
0.0
 10
26.3068
 20
-382.2971
 30
0.0
 10
25.8715
 20
-382.0245
 30
0.0
 10
25.441
 20
-381.7518
 30
0.0
 10
24.934
 20
-381.6179
 30
0.0
 10
24.3552
 20
-381.6179
 30
0.0
 10
23.3029
 20
-381.6179
 30
0.0
 10
22.4324
 20
-381.9671
 30
0.0
 10
21.7388
 20
-382.6606
 30
0.0
 10
21.0452
 20
-383.359
 30
0.0
 10
20.7008
 20
-384.4735
 30
0.0
 10
20.7008
 20
-386.0041
 30
0.0
 10
20.7008
 20
-386.0041
 30
0.0
 10
20.7008
 20
-394.6475
 30
0.0
 10
20.7008
 20
-394.6475
 30
0.0
 10
20.7008
 20
-394.6475
 30
0.0
 10
18.1752
 20
-394.6475
 30
0.0
 10
18.1752
 20
-394.6475
 30
0.0
 10
18.1752
 20
-394.6475
 30
0.0
 10
18.1752
 20
-384.9805
 30
0.0
 10
18.1752
 20
-384.9805
 30
0.0
 10
18.1752
 20
-383.8612
 30
0.0
 10
17.9696
 20
-383.0194
 30
0.0
 10
17.5582
 20
-382.4597
 30
0.0
 10
17.1468
 20
-381.9001
 30
0.0
 10
16.4724
 20
-381.6179
 30
0.0
 10
15.5397
 20
-381.6179
 30
0.0
 10
14.8317
 20
-381.6179
 30
0.0
 10
14.1764
 20
-381.8044
 30
0.0
 10
13.5737
 20
-382.1775
 30
0.0
 10
12.9711
 20
-382.5506
 30
0.0
 10
12.5358
 20
-383.0959
 30
0.0
 10
12.2631
 20
-383.8182
 30
0.0
 10
11.9953
 20
-384.5357
 30
0.0
 10
11.8613
 20
-385.5736
 30
0.0
 10
11.8613
 20
-386.9273
 30
0.0
 10
11.8613
 20
-386.9273
 30
0.0
 10
11.8613
 20
-394.6475
 30
0.0
 10
11.8613
 20
-394.6475
 30
0.0
 10
11.8613
 20
-394.6475
 30
0.0
 10
9.3358
 20
-394.6475
 30
0.0
 10
9.3358
 20
-394.6475
 30
0.0
  0
SPLINE
  5
AB
330
1F
100
AcDbEntity
  8
Layer 1
 62
   250
100
AcDbSpline
210
0.0
220
0.0
230
1.0
 70
    11
 71
     3
 72
    50
 73
    46
 74
     0
 42
0.0000000001
 43
0.0000000001
 40
0.0
 40
0.0
 40
0.0
 40
0.0
 40
0.0666666666666667
 40
0.0666666666666667
 40
0.0666666666666667
 40
0.1333333333333333
 40
0.1333333333333333
 40
0.1333333333333333
 40
0.2
 40
0.2
 40
0.2
 40
0.2666666666666667
 40
0.2666666666666667
 40
0.2666666666666667
 40
0.3333333333333333
 40
0.3333333333333333
 40
0.3333333333333333
 40
0.4
 40
0.4
 40
0.4
 40
0.4666666666666667
 40
0.4666666666666667
 40
0.4666666666666667
 40
0.5333333333333333
 40
0.5333333333333333
 40
0.5333333333333333
 40
0.6
 40
0.6
 40
0.6
 40
0.6666666666666666
 40
0.6666666666666666
 40
0.6666666666666666
 40
0.7333333333333333
 40
0.7333333333333333
 40
0.7333333333333333
 40
0.8
 40
0.8
 40
0.8
 40
0.8666666666666667
 40
0.8666666666666667
 40
0.8666666666666667
 40
0.9333333333333333
 40
0.9333333333333333
 40
0.9333333333333333
 40
1.0
 40
1.0
 40
1.0
 40
1.0
 10
43.4022
 20
-389.826
 30
0.0
 10
43.4022
 20
-389.826
 30
0.0
 10
46.0139
 20
-390.1704
 30
0.0
 10
46.0139
 20
-390.1704
 30
0.0
 10
45.6073
 20
-391.6867
 30
0.0
 10
44.8468
 20
-392.8681
 30
0.0
 10
43.7371
 20
-393.7052
 30
0.0
 10
42.6273
 20
-394.5423
 30
0.0
 10
41.2115
 20
-394.9632
 30
0.0
 10
39.4847
 20
-394.9632
 30
0.0
 10
37.3131
 20
-394.9632
 30
0.0
 10
35.5912
 20
-394.2935
 30
0.0
 10
34.3188
 20
-392.9542
 30
0.0
 10
33.0465
 20
-391.6197
 30
0.0
 10
32.4103
 20
-389.7399
 30
0.0
 10
32.4103
 20
-387.3243
 30
0.0
 10
32.4103
 20
-384.8275
 30
0.0
 10
33.0512
 20
-382.8854
 30
0.0
 10
34.3379
 20
-381.5079
 30
0.0
 10
35.6246
 20
-380.1255
 30
0.0
 10
37.294
 20
-379.4367
 30
0.0
 10
39.346
 20
-379.4367
 30
0.0
 10
41.3311
 20
-379.4367
 30
0.0
 10
42.9526
 20
-380.1112
 30
0.0
 10
44.2106
 20
-381.4648
 30
0.0
 10
45.4686
 20
-382.8185
 30
0.0
 10
46.1
 20
-384.7222
 30
0.0
 10
46.1
 20
-387.176
 30
0.0
 10
46.1
 20
-387.3243
 30
0.0
 10
46.0952
 20
-387.5491
 30
0.0
 10
46.0856
 20
-387.8457
 30
0.0
 10
46.0856
 20
-387.8457
 30
0.0
 10
34.9932
 20
-387.8457
 30
0.0
 10
34.9932
 20
-387.8457
 30
0.0
 10
35.0889
 20
-389.4768
 30
0.0
 10
35.5481
 20
-390.73
 30
0.0
 10
36.3804
 20
-391.5958
 30
0.0
 10
37.2079
 20
-392.4615
 30
0.0
 10
38.2459
 20
-392.8968
 30
0.0
 10
39.4847
 20
-392.8968
 30
0.0
 10
40.4079
 20
-392.8968
 30
0.0
 10
41.1971
 20
-392.6529
 30
0.0
 10
41.8477
 20
-392.165
 30
0.0
 10
42.503
 20
-391.6771
 30
0.0
 10
43.0196
 20
-390.8974
 30
0.0
 10
43.4022
 20
-389.826
 30
0.0
  0
SPLINE
  5
AC
330
1F
100
AcDbEntity
  8
Layer 1
 62
   250
100
AcDbSpline
210
0.0
220
0.0
230
1.0
 70
    11
 71
     3
 72
    20
 73
    16
 74
     0
 42
0.0000000001
 43
0.0000000001
 40
0.0
 40
0.0
 40
0.0
 40
0.0
 40
0.2
 40
0.2
 40
0.2
 40
0.4
 40
0.4
 40
0.4
 40
0.6000000000000001
 40
0.6000000000000001
 40
0.6000000000000001
 40
0.8
 40
0.8
 40
0.8
 40
1.0
 40
1.0
 40
1.0
 40
1.0
 10
35.1367
 20
-385.7793
 30
0.0
 10
35.1367
 20
-385.7793
 30
0.0
 10
43.4309
 20
-385.7793
 30
0.0
 10
43.4309
 20
-385.7793
 30
0.0
 10
43.3209
 20
-384.5261
 30
0.0
 10
43.0004
 20
-383.5886
 30
0.0
 10
42.4791
 20
-382.962
 30
0.0
 10
41.6803
 20
-381.991
 30
0.0
 10
40.6375
 20
-381.5031
 30
0.0
 10
39.3604
 20
-381.5031
 30
0.0
 10
38.2028
 20
-381.5031
 30
0.0
 10
37.2318
 20
-381.8905
 30
0.0
 10
36.4426
 20
-382.6654
 30
0.0
 10
35.6581
 20
-383.4403
 30
0.0
 10
35.2228
 20
-384.4783
 30
0.0
 10
35.1367
 20
-385.7793
 30
0.0
  0
SPLINE
  5
AD
330
1F
100
AcDbEntity
  8
Layer 1
 62
   250
100
AcDbSpline
210
0.0
220
0.0
230
1.0
 70
    11
 71
     3
 72
    50
 73
    46
 74
     0
 42
0.0000000001
 43
0.0000000001
 40
0.0
 40
0.0
 40
0.0
 40
0.0
 40
0.0666666666666667
 40
0.0666666666666667
 40
0.0666666666666667
 40
0.1333333333333333
 40
0.1333333333333333
 40
0.1333333333333333
 40
0.2
 40
0.2
 40
0.2
 40
0.2666666666666667
 40
0.2666666666666667
 40
0.2666666666666667
 40
0.3333333333333333
 40
0.3333333333333333
 40
0.3333333333333333
 40
0.4
 40
0.4
 40
0.4
 40
0.4666666666666667
 40
0.4666666666666667
 40
0.4666666666666667
 40
0.5333333333333333
 40
0.5333333333333333
 40
0.5333333333333333
 40
0.6
 40
0.6
 40
0.6
 40
0.6666666666666666
 40
0.6666666666666666
 40
0.6666666666666666
 40
0.7333333333333333
 40
0.7333333333333333
 40
0.7333333333333333
 40
0.8
 40
0.8
 40
0.8
 40
0.8666666666666667
 40
0.8666666666666667
 40
0.8666666666666667
 40
0.9333333333333333
 40
0.9333333333333333
 40
0.9333333333333333
 40
1.0
 40
1.0
 40
1.0
 40
1.0
 10
59.364
 20
-389.826
 30
0.0
 10
59.364
 20
-389.826
 30
0.0
 10
61.9757
 20
-390.1704
 30
0.0
 10
61.9757
 20
-390.1704
 30
0.0
 10
61.5691
 20
-391.6867
 30
0.0
 10
60.8086
 20
-392.8681
 30
0.0
 10
59.6989
 20
-393.7052
 30
0.0
 10
58.5891
 20
-394.5423
 30
0.0
 10
57.1733
 20
-394.9632
 30
0.0
 10
55.4465
 20
-394.9632
 30
0.0
 10
53.2749
 20
-394.9632
 30
0.0
 10
51.553
 20
-394.2935
 30
0.0
 10
50.2806
 20
-392.9542
 30
0.0
 10
49.0083
 20
-391.6197
 30
0.0
 10
48.3721
 20
-389.7399
 30
0.0
 10
48.3721
 20
-387.3243
 30
0.0
 10
48.3721
 20
-384.8275
 30
0.0
 10
49.013
 20
-382.8854
 30
0.0
 10
50.2997
 20
-381.5079
 30
0.0
 10
51.5864
 20
-380.1255
 30
0.0
 10
53.2558
 20
-379.4367
 30
0.0
 10
55.3078
 20
-379.4367
 30
0.0
 10
57.2929
 20
-379.4367
 30
0.0
 10
58.9144
 20
-380.1112
 30
0.0
 10
60.1724
 20
-381.4648
 30
0.0
 10
61.4304
 20
-382.8185
 30
0.0
 10
62.0618
 20
-384.7222
 30
0.0
 10
62.0618
 20
-387.176
 30
0.0
 10
62.0618
 20
-387.3243
 30
0.0
 10
62.057
 20
-387.5491
 30
0.0
 10
62.0474
 20
-387.8457
 30
0.0
 10
62.0474
 20
-387.8457
 30
0.0
 10
50.955
 20
-387.8457
 30
0.0
 10
50.955
 20
-387.8457
 30
0.0
 10
51.0507
 20
-389.4768
 30
0.0
 10
51.5099
 20
-390.73
 30
0.0
 10
52.3422
 20
-391.5958
 30
0.0
 10
53.1697
 20
-392.4615
 30
0.0
 10
54.2077
 20
-392.8968
 30
0.0
 10
55.4465
 20
-392.8968
 30
0.0
 10
56.3697
 20
-392.8968
 30
0.0
 10
57.1589
 20
-392.6529
 30
0.0
 10
57.8095
 20
-392.165
 30
0.0
 10
58.4648
 20
-391.6771
 30
0.0
 10
58.9814
 20
-390.8974
 30
0.0
 10
59.364
 20
-389.826
 30
0.0
  0
SPLINE
  5
AE
330
1F
100
AcDbEntity
  8
Layer 1
 62
   250
100
AcDbSpline
210
0.0
220
0.0
230
1.0
 70
    11
 71
     3
 72
    20
 73
    16
 74
     0
 42
0.0000000001
 43
0.0000000001
 40
0.0
 40
0.0
 40
0.0
 40
0.0
 40
0.2
 40
0.2
 40
0.2
 40
0.4
 40
0.4
 40
0.4
 40
0.6000000000000001
 40
0.6000000000000001
 40
0.6000000000000001
 40
0.8
 40
0.8
 40
0.8
 40
1.0
 40
1.0
 40
1.0
 40
1.0
 10
51.0985
 20
-385.7793
 30
0.0
 10
51.0985
 20
-385.7793
 30
0.0
 10
59.3927
 20
-385.7793
 30
0.0
 10
59.3927
 20
-385.7793
 30
0.0
 10
59.2827
 20
-384.5261
 30
0.0
 10
58.9622
 20
-383.5886
 30
0.0
 10
58.4409
 20
-382.962
 30
0.0
 10
57.6421
 20
-381.991
 30
0.0
 10
56.5993
 20
-381.5031
 30
0.0
 10
55.3222
 20
-381.5031
 30
0.0
 10
54.1646
 20
-381.5031
 30
0.0
 10
53.1936
 20
-381.8905
 30
0.0
 10
52.4044
 20
-382.6654
 30
0.0
 10
51.6199
 20
-383.4403
 30
0.0
 10
51.1846
 20
-384.4783
 30
0.0
 10
51.0985
 20
-385.7793
 30
0.0
  0
SPLINE
  5
AF
330
1F
100
AcDbEntity
  8
Layer 1
 62
   250
100
AcDbSpline
210
0.0
220
0.0
230
1.0
 70
    11
 71
     3
 72
    47
 73
    43
 74
     0
 42
0.0000000001
 43
0.0000000001
 40
0.0
 40
0.0
 40
0.0
 40
0.0
 40
0.0714285714285714
 40
0.0714285714285714
 40
0.0714285714285714
 40
0.1428571428571428
 40
0.1428571428571428
 40
0.1428571428571428
 40
0.2142857142857143
 40
0.2142857142857143
 40
0.2142857142857143
 40
0.2857142857142857
 40
0.2857142857142857
 40
0.2857142857142857
 40
0.3571428571428571
 40
0.3571428571428571
 40
0.3571428571428571
 40
0.4285714285714285
 40
0.4285714285714285
 40
0.4285714285714285
 40
0.5
 40
0.5
 40
0.5
 40
0.5714285714285714
 40
0.5714285714285714
 40
0.5714285714285714
 40
0.6428571428571428
 40
0.6428571428571428
 40
0.6428571428571428
 40
0.7142857142857142
 40
0.7142857142857142
 40
0.7142857142857142
 40
0.7857142857142857
 40
0.7857142857142857
 40
0.7857142857142857
 40
0.8571428571428571
 40
0.8571428571428571
 40
0.8571428571428571
 40
0.9285714285714285
 40
0.9285714285714285
 40
0.9285714285714285
 40
1.0
 40
1.0
 40
1.0
 40
1.0
 10
74.7805
 20
-394.6475
 30
0.0
 10
74.7805
 20
-394.6475
 30
0.0
 10
74.7805
 20
-392.7581
 30
0.0
 10
74.7805
 20
-392.7581
 30
0.0
 10
73.8382
 20
-394.2266
 30
0.0
 10
72.4511
 20
-394.9632
 30
0.0
 10
70.6191
 20
-394.9632
 30
0.0
 10
69.4328
 20
-394.9632
 30
0.0
 10
68.3423
 20
-394.6379
 30
0.0
 10
67.3521
 20
-393.9826
 30
0.0
 10
66.3572
 20
-393.3321
 30
0.0
 10
65.5871
 20
-392.4185
 30
0.0
 10
65.037
 20
-391.2514
 30
0.0
 10
64.4917
 20
-390.0795
 30
0.0
 10
64.2191
 20
-388.7354
 30
0.0
 10
64.2191
 20
-387.2143
 30
0.0
 10
64.2191
 20
-385.7315
 30
0.0
 10
64.4678
 20
-384.3874
 30
0.0
 10
64.9605
 20
-383.1772
 30
0.0
 10
65.458
 20
-381.9718
 30
0.0
 10
66.1994
 20
-381.0439
 30
0.0
 10
67.1895
 20
-380.4029
 30
0.0
 10
68.1748
 20
-379.7572
 30
0.0
 10
69.2846
 20
-379.4367
 30
0.0
 10
70.5043
 20
-379.4367
 30
0.0
 10
71.4036
 20
-379.4367
 30
0.0
 10
72.2024
 20
-379.628
 30
0.0
 10
72.9007
 20
-380.0059
 30
0.0
 10
73.5991
 20
-380.3838
 30
0.0
 10
74.1683
 20
-380.8813
 30
0.0
 10
74.6083
 20
-381.4887
 30
0.0
 10
74.6083
 20
-381.4887
 30
0.0
 10
74.6083
 20
-374.0986
 30
0.0
 10
74.6083
 20
-374.0986
 30
0.0
 10
74.6083
 20
-374.0986
 30
0.0
 10
77.1339
 20
-374.0986
 30
0.0
 10
77.1339
 20
-374.0986
 30
0.0
 10
77.1339
 20
-374.0986
 30
0.0
 10
77.1339
 20
-394.6475
 30
0.0
 10
77.1339
 20
-394.6475
 30
0.0
 10
77.1339
 20
-394.6475
 30
0.0
 10
74.7805
 20
-394.6475
 30
0.0
 10
74.7805
 20
-394.6475
 30
0.0
  0
SPLINE
  5
B0
330
1F
100
AcDbEntity
  8
Layer 1
 62
   250
100
AcDbSpline
210
0.0
220
0.0
230
1.0
 70
    11
 71
     3
 72
    29
 73
    25
 74
     0
 42
0.0000000001
 43
0.0000000001
 40
0.0
 40
0.0
 40
0.0
 40
0.0
 40
0.125
 40
0.125
 40
0.125
 40
0.25
 40
0.25
 40
0.25
 40
0.375
 40
0.375
 40
0.375
 40
0.5
 40
0.5
 40
0.5
 40
0.625
 40
0.625
 40
0.625
 40
0.75
 40
0.75
 40
0.75
 40
0.875
 40
0.875
 40
0.875
 40
1.0
 40
1.0
 40
1.0
 40
1.0
 10
66.8021
 20
-387.2191
 30
0.0
 10
66.8021
 20
-389.1228
 30
0.0
 10
67.2038
 20
-390.5435
 30
0.0
 10
68.0122
 20
-391.4858
 30
0.0
 10
68.8158
 20
-392.4281
 30
0.0
 10
69.7677
 20
-392.8968
 30
0.0
 10
70.863
 20
-392.8968
 30
0.0
 10
71.968
 20
-392.8968
 30
0.0
 10
72.9055
 20
-392.4472
 30
0.0
 10
73.6804
 20
-391.5479
 30
0.0
 10
74.4505
 20
-390.6487
 30
0.0
 10
74.8379
 20
-389.2759
 30
0.0
 10
74.8379
 20
-387.4296
 30
0.0
 10
74.8379
 20
-385.4014
 30
0.0
 10
74.4457
 20
-383.9091
 30
0.0
 10
73.6565
 20
-382.9572
 30
0.0
 10
72.872
 20
-382.0053
 30
0.0
 10
71.901
 20
-381.5318
 30
0.0
 10
70.7482
 20
-381.5318
 30
0.0
 10
69.6242
 20
-381.5318
 30
0.0
 10
68.6867
 20
-381.9862
 30
0.0
 10
67.9309
 20
-382.8998
 30
0.0
 10
67.1799
 20
-383.8134
 30
0.0
 10
66.8021
 20
-385.2532
 30
0.0
 10
66.8021
 20
-387.2191
 30
0.0
  0
SPLINE
  5
B1
330
1F
100
AcDbEntity
  8
Layer 1
 62
   250
100
AcDbSpline
210
0.0
220
0.0
230
1.0
 70
    11
 71
     3
 72
    50
 73
    46
 74
     0
 42
0.0000000001
 43
0.0000000001
 40
0.0
 40
0.0
 40
0.0
 40
0.0
 40
0.0666666666666667
 40
0.0666666666666667
 40
0.0666666666666667
 40
0.1333333333333333
 40
0.1333333333333333
 40
0.1333333333333333
 40
0.2
 40
0.2
 40
0.2
 40
0.2666666666666667
 40
0.2666666666666667
 40
0.2666666666666667
 40
0.3333333333333333
 40
0.3333333333333333
 40
0.3333333333333333
 40
0.4
 40
0.4
 40
0.4
 40
0.4666666666666667
 40
0.4666666666666667
 40
0.4666666666666667
 40
0.5333333333333333
 40
0.5333333333333333
 40
0.5333333333333333
 40
0.6
 40
0.6
 40
0.6
 40
0.6666666666666666
 40
0.6666666666666666
 40
0.6666666666666666
 40
0.7333333333333333
 40
0.7333333333333333
 40
0.7333333333333333
 40
0.8
 40
0.8
 40
0.8
 40
0.8666666666666667
 40
0.8666666666666667
 40
0.8666666666666667
 40
0.9333333333333333
 40
0.9333333333333333
 40
0.9333333333333333
 40
1.0
 40
1.0
 40
1.0
 40
1.0
 10
91.2876
 20
-389.826
 30
0.0
 10
91.2876
 20
-389.826
 30
0.0
 10
93.8993
 20
-390.1704
 30
0.0
 10
93.8993
 20
-390.1704
 30
0.0
 10
93.4927
 20
-391.6867
 30
0.0
 10
92.7322
 20
-392.8681
 30
0.0
 10
91.6225
 20
-393.7052
 30
0.0
 10
90.5127
 20
-394.5423
 30
0.0
 10
89.0969
 20
-394.9632
 30
0.0
 10
87.3701
 20
-394.9632
 30
0.0
 10
85.1985
 20
-394.9632
 30
0.0
 10
83.4766
 20
-394.2935
 30
0.0
 10
82.2042
 20
-392.9542
 30
0.0
 10
80.9319
 20
-391.6197
 30
0.0
 10
80.2957
 20
-389.7399
 30
0.0
 10
80.2957
 20
-387.3243
 30
0.0
 10
80.2957
 20
-384.8275
 30
0.0
 10
80.9366
 20
-382.8854
 30
0.0
 10
82.2233
 20
-381.5079
 30
0.0
 10
83.51
 20
-380.1255
 30
0.0
 10
85.1794
 20
-379.4367
 30
0.0
 10
87.2314
 20
-379.4367
 30
0.0
 10
89.2165
 20
-379.4367
 30
0.0
 10
90.838
 20
-380.1112
 30
0.0
 10
92.096
 20
-381.4648
 30
0.0
 10
93.354
 20
-382.8185
 30
0.0
 10
93.9854
 20
-384.7222
 30
0.0
 10
93.9854
 20
-387.176
 30
0.0
 10
93.9854
 20
-387.3243
 30
0.0
 10
93.9806
 20
-387.5491
 30
0.0
 10
93.971
 20
-387.8457
 30
0.0
 10
93.971
 20
-387.8457
 30
0.0
 10
82.8786
 20
-387.8457
 30
0.0
 10
82.8786
 20
-387.8457
 30
0.0
 10
82.9743
 20
-389.4768
 30
0.0
 10
83.4335
 20
-390.73
 30
0.0
 10
84.2658
 20
-391.5958
 30
0.0
 10
85.0933
 20
-392.4615
 30
0.0
 10
86.1313
 20
-392.8968
 30
0.0
 10
87.3701
 20
-392.8968
 30
0.0
 10
88.2933
 20
-392.8968
 30
0.0
 10
89.0825
 20
-392.6529
 30
0.0
 10
89.7331
 20
-392.165
 30
0.0
 10
90.3884
 20
-391.6771
 30
0.0
 10
90.905
 20
-390.8974
 30
0.0
 10
91.2876
 20
-389.826
 30
0.0
  0
SPLINE
  5
B2
330
1F
100
AcDbEntity
  8
Layer 1
 62
   250
100
AcDbSpline
210
0.0
220
0.0
230
1.0
 70
    11
 71
     3
 72
    20
 73
    16
 74
     0
 42
0.0000000001
 43
0.0000000001
 40
0.0
 40
0.0
 40
0.0
 40
0.0
 40
0.2
 40
0.2
 40
0.2
 40
0.4
 40
0.4
 40
0.4
 40
0.6000000000000001
 40
0.6000000000000001
 40
0.6000000000000001
 40
0.8
 40
0.8
 40
0.8
 40
1.0
 40
1.0
 40
1.0
 40
1.0
 10
83.0221
 20
-385.7793
 30
0.0
 10
83.0221
 20
-385.7793
 30
0.0
 10
91.3163
 20
-385.7793
 30
0.0
 10
91.3163
 20
-385.7793
 30
0.0
 10
91.2063
 20
-384.5261
 30
0.0
 10
90.8858
 20
-383.5886
 30
0.0
 10
90.3645
 20
-382.962
 30
0.0
 10
89.5657
 20
-381.991
 30
0.0
 10
88.5229
 20
-381.5031
 30
0.0
 10
87.2458
 20
-381.5031
 30
0.0
 10
86.0882
 20
-381.5031
 30
0.0
 10
85.1172
 20
-381.8905
 30
0.0
 10
84.328
 20
-382.6654
 30
0.0
 10
83.5435
 20
-383.4403
 30
0.0
 10
83.1082
 20
-384.4783
 30
0.0
 10
83.0221
 20
-385.7793
 30
0.0
  0
SPLINE
  5
B3
330
1F
100
AcDbEntity
  8
Layer 1
 62
   250
100
AcDbSpline
210
0.0
220
0.0
230
1.0
 70
    11
 71
     3
 72
    17
 73
    13
 74
     0
 42
0.0000000001
 43
0.0000000001
 40
0.0
 40
0.0
 40
0.0
 40
0.0
 40
0.25
 40
0.25
 40
0.25
 40
0.5
 40
0.5
 40
0.5
 40
0.75
 40
0.75
 40
0.75
 40
1.0
 40
1.0
 40
1.0
 40
1.0
 10
97.8073
 20
-394.6475
 30
0.0
 10
97.8073
 20
-394.6475
 30
0.0
 10
97.8073
 20
-391.7775
 30
0.0
 10
97.8073
 20
-391.7775
 30
0.0
 10
97.8073
 20
-391.7775
 30
0.0
 10
100.6772
 20
-391.7775
 30
0.0
 10
100.6772
 20
-391.7775
 30
0.0
 10
100.6772
 20
-391.7775
 30
0.0
 10
100.6772
 20
-394.6475
 30
0.0
 10
100.6772
 20
-394.6475
 30
0.0
 10
100.6772
 20
-394.6475
 30
0.0
 10
97.8073
 20
-394.6475
 30
0.0
 10
97.8073
 20
-394.6475
 30
0.0
  0
SPLINE
  5
B4
330
1F
100
AcDbEntity
  8
Layer 1
 62
   250
100
AcDbSpline
210
0.0
220
0.0
230
1.0
 70
    11
 71
     3
 72
    62
 73
    58
 74
     0
 42
0.0000000001
 43
0.0000000001
 40
0.0
 40
0.0
 40
0.0
 40
0.0
 40
0.0526315789473684
 40
0.0526315789473684
 40
0.0526315789473684
 40
0.1052631578947368
 40
0.1052631578947368
 40
0.1052631578947368
 40
0.1578947368421053
 40
0.1578947368421053
 40
0.1578947368421053
 40
0.2105263157894737
 40
0.2105263157894737
 40
0.2105263157894737
 40
0.2631578947368421
 40
0.2631578947368421
 40
0.2631578947368421
 40
0.3157894736842105
 40
0.3157894736842105
 40
0.3157894736842105
 40
0.3684210526315789
 40
0.3684210526315789
 40
0.3684210526315789
 40
0.4210526315789473
 40
0.4210526315789473
 40
0.4210526315789473
 40
0.4736842105263158
 40
0.4736842105263158
 40
0.4736842105263158
 40
0.5263157894736842
 40
0.5263157894736842
 40
0.5263157894736842
 40
0.5789473684210527
 40
0.5789473684210527
 40
0.5789473684210527
 40
0.631578947368421
 40
0.631578947368421
 40
0.631578947368421
 40
0.6842105263157894
 40
0.6842105263157894
 40
0.6842105263157894
 40
0.7368421052631579
 40
0.7368421052631579
 40
0.7368421052631579
 40
0.7894736842105263
 40
0.7894736842105263
 40
0.7894736842105263
 40
0.8421052631578947
 40
0.8421052631578947
 40
0.8421052631578947
 40
0.894736842105263
 40
0.894736842105263
 40
0.894736842105263
 40
0.9473684210526315
 40
0.9473684210526315
 40
0.9473684210526315
 40
1.0
 40
1.0
 40
1.0
 40
1.0
 10
114.7926
 20
-389.1946
 30
0.0
 10
114.7926
 20
-389.1946
 30
0.0
 10
117.2608
 20
-389.539
 30
0.0
 10
117.2608
 20
-389.539
 30
0.0
 10
116.9882
 20
-391.237
 30
0.0
 10
116.2994
 20
-392.562
 30
0.0
 10
115.1849
 20
-393.5234
 30
0.0
 10
114.0704
 20
-394.4849
 30
0.0
 10
112.6976
 20
-394.9632
 30
0.0
 10
111.076
 20
-394.9632
 30
0.0
 10
109.0432
 20
-394.9632
 30
0.0
 10
107.4073
 20
-394.2983
 30
0.0
 10
106.1732
 20
-392.9686
 30
0.0
 10
104.9343
 20
-391.6388
 30
0.0
 10
104.3173
 20
-389.7351
 30
0.0
 10
104.3173
 20
-387.2574
 30
0.0
 10
104.3173
 20
-385.6502
 30
0.0
 10
104.5851
 20
-384.2487
 30
0.0
 10
105.1161
 20
-383.0433
 30
0.0
 10
105.647
 20
-381.8427
 30
0.0
 10
106.4554
 20
-380.9387
 30
0.0
 10
107.546
 20
-380.3407
 30
0.0
 10
108.6318
 20
-379.7381
 30
0.0
 10
109.8133
 20
-379.4367
 30
0.0
 10
111.0952
 20
-379.4367
 30
0.0
 10
112.7071
 20
-379.4367
 30
0.0
 10
114.0321
 20
-379.8433
 30
0.0
 10
115.0557
 20
-380.6612
 30
0.0
 10
116.0841
 20
-381.4792
 30
0.0
 10
116.7442
 20
-382.6415
 30
0.0
 10
117.0312
 20
-384.1434
 30
0.0
 10
117.0312
 20
-384.1434
 30
0.0
 10
114.5917
 20
-384.5165
 30
0.0
 10
114.5917
 20
-384.5165
 30
0.0
 10
114.3574
 20
-383.5168
 30
0.0
 10
113.946
 20
-382.7659
 30
0.0
 10
113.3481
 20
-382.2588
 30
0.0
 10
112.755
 20
-381.7566
 30
0.0
 10
112.0375
 20
-381.5031
 30
0.0
 10
111.1956
 20
-381.5031
 30
0.0
 10
109.9233
 20
-381.5031
 30
0.0
 10
108.8901
 20
-381.9575
 30
0.0
 10
108.0913
 20
-382.8663
 30
0.0
 10
107.2973
 20
-383.7799
 30
0.0
 10
106.9002
 20
-385.2149
 30
0.0
 10
106.9002
 20
-387.1856
 30
0.0
 10
106.9002
 20
-389.185
 30
0.0
 10
107.2829
 20
-390.6343
 30
0.0
 10
108.0482
 20
-391.5384
 30
0.0
 10
108.8183
 20
-392.4424
 30
0.0
 10
109.818
 20
-392.8968
 30
0.0
 10
111.0473
 20
-392.8968
 30
0.0
 10
112.0423
 20
-392.8968
 30
0.0
 10
112.8698
 20
-392.5955
 30
0.0
 10
113.5299
 20
-391.988
 30
0.0
 10
114.1947
 20
-391.3853
 30
0.0
 10
114.6157
 20
-390.4526
 30
0.0
 10
114.7926
 20
-389.1946
 30
0.0
  0
SPLINE
  5
B5
330
1F
100
AcDbEntity
  8
Layer 1
 62
   250
100
AcDbSpline
210
0.0
220
0.0
230
1.0
 70
    11
 71
     3
 72
    32
 73
    28
 74
     0
 42
0.0000000001
 43
0.0000000001
 40
0.0
 40
0.0
 40
0.0
 40
0.0
 40
0.1111111111111111
 40
0.1111111111111111
 40
0.1111111111111111
 40
0.2222222222222222
 40
0.2222222222222222
 40
0.2222222222222222
 40
0.3333333333333333
 40
0.3333333333333333
 40
0.3333333333333333
 40
0.4444444444444444
 40
0.4444444444444444
 40
0.4444444444444444
 40
0.5555555555555556
 40
0.5555555555555556
 40
0.5555555555555556
 40
0.6666666666666666
 40
0.6666666666666666
 40
0.6666666666666666
 40
0.7777777777777777
 40
0.7777777777777777
 40
0.7777777777777777
 40
0.8888888888888888
 40
0.8888888888888888
 40
0.8888888888888888
 40
1.0
 40
1.0
 40
1.0
 40
1.0
 10
118.4662
 20
-387.2
 30
0.0
 10
118.4662
 20
-384.4496
 30
0.0
 10
119.2315
 20
-382.4119
 30
0.0
 10
120.7669
 20
-381.0869
 30
0.0
 10
122.0441
 20
-379.9868
 30
0.0
 10
123.6082
 20
-379.4367
 30
0.0
 10
125.4498
 20
-379.4367
 30
0.0
 10
127.4922
 20
-379.4367
 30
0.0
 10
129.1664
 20
-380.1064
 30
0.0
 10
130.4674
 20
-381.4457
 30
0.0
 10
131.7637
 20
-382.7802
 30
0.0
 10
132.4142
 20
-384.6313
 30
0.0
 10
132.4142
 20
-386.9895
 30
0.0
 10
132.4142
 20
-388.9028
 30
0.0
 10
132.1272
 20
-390.4047
 30
0.0
 10
131.5532
 20
-391.5001
 30
0.0
 10
130.9792
 20
-392.5955
 30
0.0
 10
130.1421
 20
-393.4469
 30
0.0
 10
129.042
 20
-394.0544
 30
0.0
 10
127.9466
 20
-394.6618
 30
0.0
 10
126.746
 20
-394.9632
 30
0.0
 10
125.4498
 20
-394.9632
 30
0.0
 10
123.3643
 20
-394.9632
 30
0.0
 10
121.6805
 20
-394.2983
 30
0.0
 10
120.3938
 20
-392.9638
 30
0.0
 10
119.1071
 20
-391.6293
 30
0.0
 10
118.4662
 20
-389.7064
 30
0.0
 10
118.4662
 20
-387.2
 30
0.0
  0
SPLINE
  5
B6
330
1F
100
AcDbEntity
  8
Layer 1
 62
   250
100
AcDbSpline
210
0.0
220
0.0
230
1.0
 70
    11
 71
     3
 72
    29
 73
    25
 74
     0
 42
0.0000000001
 43
0.0000000001
 40
0.0
 40
0.0
 40
0.0
 40
0.0
 40
0.125
 40
0.125
 40
0.125
 40
0.25
 40
0.25
 40
0.25
 40
0.375
 40
0.375
 40
0.375
 40
0.5
 40
0.5
 40
0.5
 40
0.625
 40
0.625
 40
0.625
 40
0.75
 40
0.75
 40
0.75
 40
0.875
 40
0.875
 40
0.875
 40
1.0
 40
1.0
 40
1.0
 40
1.0
 10
121.0492
 20
-387.2047
 30
0.0
 10
121.0492
 20
-389.1085
 30
0.0
 10
121.4653
 20
-390.5339
 30
0.0
 10
122.2976
 20
-391.4762
 30
0.0
 10
123.1347
 20
-392.4233
 30
0.0
 10
124.1822
 20
-392.8968
 30
0.0
 10
125.4498
 20
-392.8968
 30
0.0
 10
126.703
 20
-392.8968
 30
0.0
 10
127.7457
 20
-392.4233
 30
0.0
 10
128.5828
 20
-391.4714
 30
0.0
 10
129.4151
 20
-390.5195
 30
0.0
 10
129.8312
 20
-389.0702
 30
0.0
 10
129.8312
 20
-387.1234
 30
0.0
 10
129.8312
 20
-385.2866
 30
0.0
 10
129.4103
 20
-383.8947
 30
0.0
 10
128.5732
 20
-382.9524
 30
0.0
 10
127.7362
 20
-382.0053
 30
0.0
 10
126.6934
 20
-381.5318
 30
0.0
 10
125.4498
 20
-381.5318
 30
0.0
 10
124.1822
 20
-381.5318
 30
0.0
 10
123.1347
 20
-382.0005
 30
0.0
 10
122.2976
 20
-382.9428
 30
0.0
 10
121.4653
 20
-383.8852
 30
0.0
 10
121.0492
 20
-385.3058
 30
0.0
 10
121.0492
 20
-387.2047
 30
0.0
  0
SPLINE
  5
B7
330
1F
100
AcDbEntity
  8
Layer 1
 62
   250
100
AcDbSpline
210
0.0
220
0.0
230
1.0
 70
    11
 71
     3
 72
    89
 73
    85
 74
     0
 42
0.0000000001
 43
0.0000000001
 40
0.0
 40
0.0
 40
0.0
 40
0.0
 40
0.0357142857142857
 40
0.0357142857142857
 40
0.0357142857142857
 40
0.0714285714285714
 40
0.0714285714285714
 40
0.0714285714285714
 40
0.1071428571428571
 40
0.1071428571428571
 40
0.1071428571428571
 40
0.1428571428571428
 40
0.1428571428571428
 40
0.1428571428571428
 40
0.1785714285714285
 40
0.1785714285714285
 40
0.1785714285714285
 40
0.2142857142857143
 40
0.2142857142857143
 40
0.2142857142857143
 40
0.25
 40
0.25
 40
0.25
 40
0.2857142857142857
 40
0.2857142857142857
 40
0.2857142857142857
 40
0.3214285714285714
 40
0.3214285714285714
 40
0.3214285714285714
 40
0.3571428571428571
 40
0.3571428571428571
 40
0.3571428571428571
 40
0.3928571428571428
 40
0.3928571428571428
 40
0.3928571428571428
 40
0.4285714285714285
 40
0.4285714285714285
 40
0.4285714285714285
 40
0.4642857142857142
 40
0.4642857142857142
 40
0.4642857142857142
 40
0.5
 40
0.5
 40
0.5
 40
0.5357142857142857
 40
0.5357142857142857
 40
0.5357142857142857
 40
0.5714285714285714
 40
0.5714285714285714
 40
0.5714285714285714
 40
0.6071428571428571
 40
0.6071428571428571
 40
0.6071428571428571
 40
0.6428571428571428
 40
0.6428571428571428
 40
0.6428571428571428
 40
0.6785714285714285
 40
0.6785714285714285
 40
0.6785714285714285
 40
0.7142857142857142
 40
0.7142857142857142
 40
0.7142857142857142
 40
0.75
 40
0.75
 40
0.75
 40
0.7857142857142857
 40
0.7857142857142857
 40
0.7857142857142857
 40
0.8214285714285714
 40
0.8214285714285714
 40
0.8214285714285714
 40
0.8571428571428571
 40
0.8571428571428571
 40
0.8571428571428571
 40
0.8928571428571428
 40
0.8928571428571428
 40
0.8928571428571428
 40
0.9285714285714285
 40
0.9285714285714285
 40
0.9285714285714285
 40
0.9642857142857142
 40
0.9642857142857142
 40
0.9642857142857142
 40
1.0
 40
1.0
 40
1.0
 40
1.0
 10
135.3751
 20
-394.6475
 30
0.0
 10
135.3751
 20
-394.6475
 30
0.0
 10
135.3751
 20
-379.7524
 30
0.0
 10
135.3751
 20
-379.7524
 30
0.0
 10
135.3751
 20
-379.7524
 30
0.0
 10
137.6423
 20
-379.7524
 30
0.0
 10
137.6423
 20
-379.7524
 30
0.0
 10
137.6423
 20
-379.7524
 30
0.0
 10
137.6423
 20
-381.857
 30
0.0
 10
137.6423
 20
-381.857
 30
0.0
 10
138.1063
 20
-381.13
 30
0.0
 10
138.7281
 20
-380.5416
 30
0.0
 10
139.503
 20
-380.1016
 30
0.0
 10
140.2779
 20
-379.6567
 30
0.0
 10
141.158
 20
-379.4367
 30
0.0
 10
142.1482
 20
-379.4367
 30
0.0
 10
143.2483
 20
-379.4367
 30
0.0
 10
144.1524
 20
-379.6663
 30
0.0
 10
144.8555
 20
-380.1207
 30
0.0
 10
145.5586
 20
-380.5799
 30
0.0
 10
146.0561
 20
-381.2161
 30
0.0
 10
146.3431
 20
-382.0388
 30
0.0
 10
147.5294
 20
-380.3025
 30
0.0
 10
149.0648
 20
-379.4367
 30
0.0
 10
150.959
 20
-379.4367
 30
0.0
 10
152.4418
 20
-379.4367
 30
0.0
 10
153.585
 20
-379.8433
 30
0.0
 10
154.379
 20
-380.6612
 30
0.0
 10
155.1778
 20
-381.4792
 30
0.0
 10
155.5796
 20
-382.7372
 30
0.0
 10
155.5796
 20
-384.4352
 30
0.0
 10
155.5796
 20
-384.4352
 30
0.0
 10
155.5796
 20
-394.6475
 30
0.0
 10
155.5796
 20
-394.6475
 30
0.0
 10
155.5796
 20
-394.6475
 30
0.0
 10
153.054
 20
-394.6475
 30
0.0
 10
153.054
 20
-394.6475
 30
0.0
 10
153.054
 20
-394.6475
 30
0.0
 10
153.054
 20
-385.2723
 30
0.0
 10
153.054
 20
-385.2723
 30
0.0
 10
153.054
 20
-384.2678
 30
0.0
 10
152.9679
 20
-383.5408
 30
0.0
 10
152.8053
 20
-383.0959
 30
0.0
 10
152.6427
 20
-382.6511
 30
0.0
 10
152.3461
 20
-382.2971
 30
0.0
 10
151.9108
 20
-382.0245
 30
0.0
 10
151.4803
 20
-381.7518
 30
0.0
 10
150.9733
 20
-381.6179
 30
0.0
 10
150.3945
 20
-381.6179
 30
0.0
 10
149.3422
 20
-381.6179
 30
0.0
 10
148.4717
 20
-381.9671
 30
0.0
 10
147.7781
 20
-382.6606
 30
0.0
 10
147.0845
 20
-383.359
 30
0.0
 10
146.7401
 20
-384.4735
 30
0.0
 10
146.7401
 20
-386.0041
 30
0.0
 10
146.7401
 20
-386.0041
 30
0.0
 10
146.7401
 20
-394.6475
 30
0.0
 10
146.7401
 20
-394.6475
 30
0.0
 10
146.7401
 20
-394.6475
 30
0.0
 10
144.2145
 20
-394.6475
 30
0.0
 10
144.2145
 20
-394.6475
 30
0.0
 10
144.2145
 20
-394.6475
 30
0.0
 10
144.2145
 20
-384.9805
 30
0.0
 10
144.2145
 20
-384.9805
 30
0.0
 10
144.2145
 20
-383.8612
 30
0.0
 10
144.0089
 20
-383.0194
 30
0.0
 10
143.5975
 20
-382.4597
 30
0.0
 10
143.1861
 20
-381.9001
 30
0.0
 10
142.5117
 20
-381.6179
 30
0.0
 10
141.579
 20
-381.6179
 30
0.0
 10
140.871
 20
-381.6179
 30
0.0
 10
140.2157
 20
-381.8044
 30
0.0
 10
139.613
 20
-382.1775
 30
0.0
 10
139.0104
 20
-382.5506
 30
0.0
 10
138.5751
 20
-383.0959
 30
0.0
 10
138.3024
 20
-383.8182
 30
0.0
 10
138.0346
 20
-384.5357
 30
0.0
 10
137.9006
 20
-385.5736
 30
0.0
 10
137.9006
 20
-386.9273
 30
0.0
 10
137.9006
 20
-386.9273
 30
0.0
 10
137.9006
 20
-394.6475
 30
0.0
 10
137.9006
 20
-394.6475
 30
0.0
 10
137.9006
 20
-394.6475
 30
0.0
 10
135.3751
 20
-394.6475
 30
0.0
 10
135.3751
 20
-394.6475
 30
0.0
  0
SPLINE
  5
B8
330
1F
100
AcDbEntity
  8
Layer 1
 62
   250
100
AcDbSpline
210
0.0
220
0.0
230
1.0
 70
    11
 71
     3
 72
    17
 73
    13
 74
     0
 42
0.0000000001
 43
0.0000000001
 40
0.0
 40
0.0
 40
0.0
 40
0.0
 40
0.25
 40
0.25
 40
0.25
 40
0.5
 40
0.5
 40
0.5
 40
0.75
 40
0.75
 40
0.75
 40
1.0
 40
1.0
 40
1.0
 40
1.0
 10
166.2511
 20
-388.4771
 30
0.0
 10
166.2511
 20
-388.4771
 30
0.0
 10
166.2511
 20
-385.9515
 30
0.0
 10
166.2511
 20
-385.9515
 30
0.0
 10
166.2511
 20
-385.9515
 30
0.0
 10
174.0574
 20
-385.9515
 30
0.0
 10
174.0574
 20
-385.9515
 30
0.0
 10
174.0574
 20
-385.9515
 30
0.0
 10
174.0574
 20
-388.4771
 30
0.0
 10
174.0574
 20
-388.4771
 30
0.0
 10
174.0574
 20
-388.4771
 30
0.0
 10
166.2511
 20
-388.4771
 30
0.0
 10
166.2511
 20
-388.4771
 30
0.0
  0
SPLINE
  5
B9
330
1F
100
AcDbEntity
  8
Layer 1
 62
   250
100
AcDbSpline
210
0.0
220
0.0
230
1.0
 70
    11
 71
     3
 72
    59
 73
    55
 74
     0
 42
0.0000000001
 43
0.0000000001
 40
0.0
 40
0.0
 40
0.0
 40
0.0
 40
0.0555555555555556
 40
0.0555555555555556
 40
0.0555555555555556
 40
0.1111111111111111
 40
0.1111111111111111
 40
0.1111111111111111
 40
0.1666666666666667
 40
0.1666666666666667
 40
0.1666666666666667
 40
0.2222222222222222
 40
0.2222222222222222
 40
0.2222222222222222
 40
0.2777777777777778
 40
0.2777777777777778
 40
0.2777777777777778
 40
0.3333333333333333
 40
0.3333333333333333
 40
0.3333333333333333
 40
0.3888888888888888
 40
0.3888888888888888
 40
0.3888888888888888
 40
0.4444444444444444
 40
0.4444444444444444
 40
0.4444444444444444
 40
0.5
 40
0.5
 40
0.5
 40
0.5555555555555556
 40
0.5555555555555556
 40
0.5555555555555556
 40
0.611111111111111
 40
0.611111111111111
 40
0.611111111111111
 40
0.6666666666666666
 40
0.6666666666666666
 40
0.6666666666666666
 40
0.7222222222222222
 40
0.7222222222222222
 40
0.7222222222222222
 40
0.7777777777777777
 40
0.7777777777777777
 40
0.7777777777777777
 40
0.8333333333333333
 40
0.8333333333333333
 40
0.8333333333333333
 40
0.8888888888888888
 40
0.8888888888888888
 40
0.8888888888888888
 40
0.9444444444444444
 40
0.9444444444444444
 40
0.9444444444444444
 40
1.0
 40
1.0
 40
1.0
 40
1.0
 10
187.4649
 20
-394.6475
 30
0.0
 10
187.4649
 20
-394.6475
 30
0.0
 10
182.9638
 20
-379.7524
 30
0.0
 10
182.9638
 20
-379.7524
 30
0.0
 10
182.9638
 20
-379.7524
 30
0.0
 10
185.6042
 20
-379.7524
 30
0.0
 10
185.6042
 20
-379.7524
 30
0.0
 10
185.6042
 20
-379.7524
 30
0.0
 10
187.9815
 20
-388.3479
 30
0.0
 10
187.9815
 20
-388.3479
 30
0.0
 10
187.9815
 20
-388.3479
 30
0.0
 10
188.8234
 20
-391.5479
 30
0.0
 10
188.8234
 20
-391.5479
 30
0.0
 10
188.8568
 20
-391.3901
 30
0.0
 10
189.1151
 20
-390.3665
 30
0.0
 10
189.5935
 20
-388.4771
 30
0.0
 10
189.5935
 20
-388.4771
 30
0.0
 10
191.9516
 20
-379.7524
 30
0.0
 10
191.9516
 20
-379.7524
 30
0.0
 10
191.9516
 20
-379.7524
 30
0.0
 10
194.5394
 20
-379.7524
 30
0.0
 10
194.5394
 20
-379.7524
 30
0.0
 10
194.5394
 20
-379.7524
 30
0.0
 10
196.7827
 20
-388.4006
 30
0.0
 10
196.7827
 20
-388.4006
 30
0.0
 10
196.7827
 20
-388.4006
 30
0.0
 10
197.5145
 20
-391.237
 30
0.0
 10
197.5145
 20
-391.237
 30
0.0
 10
197.5145
 20
-391.237
 30
0.0
 10
198.3708
 20
-388.3623
 30
0.0
 10
198.3708
 20
-388.3623
 30
0.0
 10
198.3708
 20
-388.3623
 30
0.0
 10
200.9441
 20
-379.7524
 30
0.0
 10
200.9441
 20
-379.7524
 30
0.0
 10
200.9441
 20
-379.7524
 30
0.0
 10
203.398
 20
-379.7524
 30
0.0
 10
203.398
 20
-379.7524
 30
0.0
 10
203.398
 20
-379.7524
 30
0.0
 10
198.7247
 20
-394.6475
 30
0.0
 10
198.7247
 20
-394.6475
 30
0.0
 10
198.7247
 20
-394.6475
 30
0.0
 10
196.113
 20
-394.6475
 30
0.0
 10
196.113
 20
-394.6475
 30
0.0
 10
196.113
 20
-394.6475
 30
0.0
 10
193.7501
 20
-385.7363
 30
0.0
 10
193.7501
 20
-385.7363
 30
0.0
 10
193.7501
 20
-385.7363
 30
0.0
 10
193.1522
 20
-383.1868
 30
0.0
 10
193.1522
 20
-383.1868
 30
0.0
 10
193.1522
 20
-383.1868
 30
0.0
 10
190.1387
 20
-394.6475
 30
0.0
 10
190.1387
 20
-394.6475
 30
0.0
 10
190.1387
 20
-394.6475
 30
0.0
 10
187.4649
 20
-394.6475
 30
0.0
 10
187.4649
 20
-394.6475
 30
0.0
  0
SPLINE
  5
BA
330
1F
100
AcDbEntity
  8
Layer 1
 62
   250
100
AcDbSpline
210
0.0
220
0.0
230
1.0
 70
    11
 71
     3
 72
    59
 73
    55
 74
     0
 42
0.0000000001
 43
0.0000000001
 40
0.0
 40
0.0
 40
0.0
 40
0.0
 40
0.0555555555555556
 40
0.0555555555555556
 40
0.0555555555555556
 40
0.1111111111111111
 40
0.1111111111111111
 40
0.1111111111111111
 40
0.1666666666666667
 40
0.1666666666666667
 40
0.1666666666666667
 40
0.2222222222222222
 40
0.2222222222222222
 40
0.2222222222222222
 40
0.2777777777777778
 40
0.2777777777777778
 40
0.2777777777777778
 40
0.3333333333333333
 40
0.3333333333333333
 40
0.3333333333333333
 40
0.3888888888888888
 40
0.3888888888888888
 40
0.3888888888888888
 40
0.4444444444444444
 40
0.4444444444444444
 40
0.4444444444444444
 40
0.5
 40
0.5
 40
0.5
 40
0.5555555555555556
 40
0.5555555555555556
 40
0.5555555555555556
 40
0.611111111111111
 40
0.611111111111111
 40
0.611111111111111
 40
0.6666666666666666
 40
0.6666666666666666
 40
0.6666666666666666
 40
0.7222222222222222
 40
0.7222222222222222
 40
0.7222222222222222
 40
0.7777777777777777
 40
0.7777777777777777
 40
0.7777777777777777
 40
0.8333333333333333
 40
0.8333333333333333
 40
0.8333333333333333
 40
0.8888888888888888
 40
0.8888888888888888
 40
0.8888888888888888
 40
0.9444444444444444
 40
0.9444444444444444
 40
0.9444444444444444
 40
1.0
 40
1.0
 40
1.0
 40
1.0
 10
208.1908
 20
-394.6475
 30
0.0
 10
208.1908
 20
-394.6475
 30
0.0
 10
203.6897
 20
-379.7524
 30
0.0
 10
203.6897
 20
-379.7524
 30
0.0
 10
203.6897
 20
-379.7524
 30
0.0
 10
206.3301
 20
-379.7524
 30
0.0
 10
206.3301
 20
-379.7524
 30
0.0
 10
206.3301
 20
-379.7524
 30
0.0
 10
208.7074
 20
-388.3479
 30
0.0
 10
208.7074
 20
-388.3479
 30
0.0
 10
208.7074
 20
-388.3479
 30
0.0
 10
209.5493
 20
-391.5479
 30
0.0
 10
209.5493
 20
-391.5479
 30
0.0
 10
209.5827
 20
-391.3901
 30
0.0
 10
209.841
 20
-390.3665
 30
0.0
 10
210.3194
 20
-388.4771
 30
0.0
 10
210.3194
 20
-388.4771
 30
0.0
 10
212.6775
 20
-379.7524
 30
0.0
 10
212.6775
 20
-379.7524
 30
0.0
 10
212.6775
 20
-379.7524
 30
0.0
 10
215.2653
 20
-379.7524
 30
0.0
 10
215.2653
 20
-379.7524
 30
0.0
 10
215.2653
 20
-379.7524
 30
0.0
 10
217.5086
 20
-388.4006
 30
0.0
 10
217.5086
 20
-388.4006
 30
0.0
 10
217.5086
 20
-388.4006
 30
0.0
 10
218.2404
 20
-391.237
 30
0.0
 10
218.2404
 20
-391.237
 30
0.0
 10
218.2404
 20
-391.237
 30
0.0
 10
219.0967
 20
-388.3623
 30
0.0
 10
219.0967
 20
-388.3623
 30
0.0
 10
219.0967
 20
-388.3623
 30
0.0
 10
221.67
 20
-379.7524
 30
0.0
 10
221.67
 20
-379.7524
 30
0.0
 10
221.67
 20
-379.7524
 30
0.0
 10
224.1239
 20
-379.7524
 30
0.0
 10
224.1239
 20
-379.7524
 30
0.0
 10
224.1239
 20
-379.7524
 30
0.0
 10
219.4506
 20
-394.6475
 30
0.0
 10
219.4506
 20
-394.6475
 30
0.0
 10
219.4506
 20
-394.6475
 30
0.0
 10
216.8389
 20
-394.6475
 30
0.0
 10
216.8389
 20
-394.6475
 30
0.0
 10
216.8389
 20
-394.6475
 30
0.0
 10
214.476
 20
-385.7363
 30
0.0
 10
214.476
 20
-385.7363
 30
0.0
 10
214.476
 20
-385.7363
 30
0.0
 10
213.8781
 20
-383.1868
 30
0.0
 10
213.8781
 20
-383.1868
 30
0.0
 10
213.8781
 20
-383.1868
 30
0.0
 10
210.8646
 20
-394.6475
 30
0.0
 10
210.8646
 20
-394.6475
 30
0.0
 10
210.8646
 20
-394.6475
 30
0.0
 10
208.1908
 20
-394.6475
 30
0.0
 10
208.1908
 20
-394.6475
 30
0.0
  0
SPLINE
  5
BB
330
1F
100
AcDbEntity
  8
Layer 1
 62
   250
100
AcDbSpline
210
0.0
220
0.0
230
1.0
 70
    11
 71
     3
 72
    59
 73
    55
 74
     0
 42
0.0000000001
 43
0.0000000001
 40
0.0
 40
0.0
 40
0.0
 40
0.0
 40
0.0555555555555556
 40
0.0555555555555556
 40
0.0555555555555556
 40
0.1111111111111111
 40
0.1111111111111111
 40
0.1111111111111111
 40
0.1666666666666667
 40
0.1666666666666667
 40
0.1666666666666667
 40
0.2222222222222222
 40
0.2222222222222222
 40
0.2222222222222222
 40
0.2777777777777778
 40
0.2777777777777778
 40
0.2777777777777778
 40
0.3333333333333333
 40
0.3333333333333333
 40
0.3333333333333333
 40
0.3888888888888888
 40
0.3888888888888888
 40
0.3888888888888888
 40
0.4444444444444444
 40
0.4444444444444444
 40
0.4444444444444444
 40
0.5
 40
0.5
 40
0.5
 40
0.5555555555555556
 40
0.5555555555555556
 40
0.5555555555555556
 40
0.611111111111111
 40
0.611111111111111
 40
0.611111111111111
 40
0.6666666666666666
 40
0.6666666666666666
 40
0.6666666666666666
 40
0.7222222222222222
 40
0.7222222222222222
 40
0.7222222222222222
 40
0.7777777777777777
 40
0.7777777777777777
 40
0.7777777777777777
 40
0.8333333333333333
 40
0.8333333333333333
 40
0.8333333333333333
 40
0.8888888888888888
 40
0.8888888888888888
 40
0.8888888888888888
 40
0.9444444444444444
 40
0.9444444444444444
 40
0.9444444444444444
 40
1.0
 40
1.0
 40
1.0
 40
1.0
 10
228.9167
 20
-394.6475
 30
0.0
 10
228.9167
 20
-394.6475
 30
0.0
 10
224.4156
 20
-379.7524
 30
0.0
 10
224.4156
 20
-379.7524
 30
0.0
 10
224.4156
 20
-379.7524
 30
0.0
 10
227.056
 20
-379.7524
 30
0.0
 10
227.056
 20
-379.7524
 30
0.0
 10
227.056
 20
-379.7524
 30
0.0
 10
229.4333
 20
-388.3479
 30
0.0
 10
229.4333
 20
-388.3479
 30
0.0
 10
229.4333
 20
-388.3479
 30
0.0
 10
230.2752
 20
-391.5479
 30
0.0
 10
230.2752
 20
-391.5479
 30
0.0
 10
230.3086
 20
-391.3901
 30
0.0
 10
230.5669
 20
-390.3665
 30
0.0
 10
231.0453
 20
-388.4771
 30
0.0
 10
231.0453
 20
-388.4771
 30
0.0
 10
233.4034
 20
-379.7524
 30
0.0
 10
233.4034
 20
-379.7524
 30
0.0
 10
233.4034
 20
-379.7524
 30
0.0
 10
235.9912
 20
-379.7524
 30
0.0
 10
235.9912
 20
-379.7524
 30
0.0
 10
235.9912
 20
-379.7524
 30
0.0
 10
238.2345
 20
-388.4006
 30
0.0
 10
238.2345
 20
-388.4006
 30
0.0
 10
238.2345
 20
-388.4006
 30
0.0
 10
238.9663
 20
-391.237
 30
0.0
 10
238.9663
 20
-391.237
 30
0.0
 10
238.9663
 20
-391.237
 30
0.0
 10
239.8226
 20
-388.3623
 30
0.0
 10
239.8226
 20
-388.3623
 30
0.0
 10
239.8226
 20
-388.3623
 30
0.0
 10
242.3959
 20
-379.7524
 30
0.0
 10
242.3959
 20
-379.7524
 30
0.0
 10
242.3959
 20
-379.7524
 30
0.0
 10
244.8498
 20
-379.7524
 30
0.0
 10
244.8498
 20
-379.7524
 30
0.0
 10
244.8498
 20
-379.7524
 30
0.0
 10
240.1765
 20
-394.6475
 30
0.0
 10
240.1765
 20
-394.6475
 30
0.0
 10
240.1765
 20
-394.6475
 30
0.0
 10
237.5648
 20
-394.6475
 30
0.0
 10
237.5648
 20
-394.6475
 30
0.0
 10
237.5648
 20
-394.6475
 30
0.0
 10
235.2019
 20
-385.7363
 30
0.0
 10
235.2019
 20
-385.7363
 30
0.0
 10
235.2019
 20
-385.7363
 30
0.0
 10
234.604
 20
-383.1868
 30
0.0
 10
234.604
 20
-383.1868
 30
0.0
 10
234.604
 20
-383.1868
 30
0.0
 10
231.5905
 20
-394.6475
 30
0.0
 10
231.5905
 20
-394.6475
 30
0.0
 10
231.5905
 20
-394.6475
 30
0.0
 10
228.9167
 20
-394.6475
 30
0.0
 10
228.9167
 20
-394.6475
 30
0.0
  0
SPLINE
  5
BC
330
1F
100
AcDbEntity
  8
Layer 1
 62
   250
100
AcDbSpline
210
0.0
220
0.0
230
1.0
 70
    11
 71
     3
 72
    17
 73
    13
 74
     0
 42
0.0000000001
 43
0.0000000001
 40
0.0
 40
0.0
 40
0.0
 40
0.0
 40
0.25
 40
0.25
 40
0.25
 40
0.5
 40
0.5
 40
0.5
 40
0.75
 40
0.75
 40
0.75
 40
1.0
 40
1.0
 40
1.0
 40
1.0
 10
246.0982
 20
-394.6475
 30
0.0
 10
246.0982
 20
-394.6475
 30
0.0
 10
246.0982
 20
-391.7775
 30
0.0
 10
246.0982
 20
-391.7775
 30
0.0
 10
246.0982
 20
-391.7775
 30
0.0
 10
248.9681
 20
-391.7775
 30
0.0
 10
248.9681
 20
-391.7775
 30
0.0
 10
248.9681
 20
-391.7775
 30
0.0
 10
248.9681
 20
-394.6475
 30
0.0
 10
248.9681
 20
-394.6475
 30
0.0
 10
248.9681
 20
-394.6475
 30
0.0
 10
246.0982
 20
-394.6475
 30
0.0
 10
246.0982
 20
-394.6475
 30
0.0
  0
SPLINE
  5
BD
330
1F
100
AcDbEntity
  8
Layer 1
 62
   250
100
AcDbSpline
210
0.0
220
0.0
230
1.0
 70
    11
 71
     3
 72
    86
 73
    82
 74
     0
 42
0.0000000001
 43
0.0000000001
 40
0.0
 40
0.0
 40
0.0
 40
0.0
 40
0.037037037037037
 40
0.037037037037037
 40
0.037037037037037
 40
0.0740740740740741
 40
0.0740740740740741
 40
0.0740740740740741
 40
0.1111111111111111
 40
0.1111111111111111
 40
0.1111111111111111
 40
0.1481481481481481
 40
0.1481481481481481
 40
0.1481481481481481
 40
0.1851851851851852
 40
0.1851851851851852
 40
0.1851851851851852
 40
0.2222222222222222
 40
0.2222222222222222
 40
0.2222222222222222
 40
0.2592592592592592
 40
0.2592592592592592
 40
0.2592592592592592
 40
0.2962962962962963
 40
0.2962962962962963
 40
0.2962962962962963
 40
0.3333333333333333
 40
0.3333333333333333
 40
0.3333333333333333
 40
0.3703703703703703
 40
0.3703703703703703
 40
0.3703703703703703
 40
0.4074074074074074
 40
0.4074074074074074
 40
0.4074074074074074
 40
0.4444444444444444
 40
0.4444444444444444
 40
0.4444444444444444
 40
0.4814814814814815
 40
0.4814814814814815
 40
0.4814814814814815
 40
0.5185185185185185
 40
0.5185185185185185
 40
0.5185185185185185
 40
0.5555555555555556
 40
0.5555555555555556
 40
0.5555555555555556
 40
0.5925925925925926
 40
0.5925925925925926
 40
0.5925925925925926
 40
0.6296296296296295
 40
0.6296296296296295
 40
0.6296296296296295
 40
0.6666666666666666
 40
0.6666666666666666
 40
0.6666666666666666
 40
0.7037037037037037
 40
0.7037037037037037
 40
0.7037037037037037
 40
0.7407407407407407
 40
0.7407407407407407
 40
0.7407407407407407
 40
0.7777777777777777
 40
0.7777777777777777
 40
0.7777777777777777
 40
0.8148148148148148
 40
0.8148148148148148
 40
0.8148148148148148
 40
0.8518518518518519
 40
0.8518518518518519
 40
0.8518518518518519
 40
0.8888888888888888
 40
0.8888888888888888
 40
0.8888888888888888
 40
0.9259259259259258
 40
0.9259259259259258
 40
0.9259259259259258
 40
0.9629629629629629
 40
0.9629629629629629
 40
0.9629629629629629
 40
1.0
 40
1.0
 40
1.0
 40
1.0
 10
263.0835
 20
-392.782
 30
0.0
 10
262.146
 20
-393.5808
 30
0.0
 10
261.242
 20
-394.1405
 30
0.0
 10
260.3762
 20
-394.4705
 30
0.0
 10
259.5104
 20
-394.8006
 30
0.0
 10
258.5825
 20
-394.9632
 30
0.0
 10
257.5876
 20
-394.9632
 30
0.0
 10
255.9517
 20
-394.9632
 30
0.0
 10
254.6937
 20
-394.5662
 30
0.0
 10
253.8136
 20
-393.7674
 30
0.0
 10
252.9334
 20
-392.9734
 30
0.0
 10
252.4934
 20
-391.9545
 30
0.0
 10
252.4934
 20
-390.7157
 30
0.0
 10
252.4934
 20
-389.9886
 30
0.0
 10
252.6608
 20
-389.3237
 30
0.0
 10
252.9908
 20
-388.721
 30
0.0
 10
253.3257
 20
-388.1183
 30
0.0
 10
253.761
 20
-387.64
 30
0.0
 10
254.2967
 20
-387.2765
 30
0.0
 10
254.8372
 20
-386.913
 30
0.0
 10
255.4399
 20
-386.6355
 30
0.0
 10
256.1143
 20
-386.449
 30
0.0
 10
256.6118
 20
-386.3198
 30
0.0
 10
257.3628
 20
-386.1955
 30
0.0
 10
258.3625
 20
-386.0711
 30
0.0
 10
260.4001
 20
-385.8319
 30
0.0
 10
261.9069
 20
-385.5402
 30
0.0
 10
262.8683
 20
-385.2053
 30
0.0
 10
262.8779
 20
-384.8609
 30
0.0
 10
262.8826
 20
-384.6409
 30
0.0
 10
262.8826
 20
-384.55
 30
0.0
 10
262.8826
 20
-383.5264
 30
0.0
 10
262.6435
 20
-382.8041
 30
0.0
 10
262.1652
 20
-382.3832
 30
0.0
 10
261.5194
 20
-381.814
 30
0.0
 10
260.558
 20
-381.5318
 30
0.0
 10
259.2856
 20
-381.5318
 30
0.0
 10
258.0946
 20
-381.5318
 30
0.0
 10
257.2145
 20
-381.7422
 30
0.0
 10
256.65
 20
-382.1584
 30
0.0
 10
256.0808
 20
-382.5745
 30
0.0
 10
255.6647
 20
-383.3112
 30
0.0
 10
255.392
 20
-384.373
 30
0.0
 10
255.392
 20
-384.373
 30
0.0
 10
252.9239
 20
-384.0286
 30
0.0
 10
252.9239
 20
-384.0286
 30
0.0
 10
253.1487
 20
-382.9715
 30
0.0
 10
253.517
 20
-382.1153
 30
0.0
 10
254.0336
 20
-381.4648
 30
0.0
 10
254.5502
 20
-380.8143
 30
0.0
 10
255.2964
 20
-380.3168
 30
0.0
 10
256.2722
 20
-379.9629
 30
0.0
 10
257.2432
 20
-379.6137
 30
0.0
 10
258.3768
 20
-379.4367
 30
0.0
 10
259.6587
 20
-379.4367
 30
0.0
 10
260.9311
 20
-379.4367
 30
0.0
 10
261.969
 20
-379.585
 30
0.0
 10
262.7678
 20
-379.8863
 30
0.0
 10
263.5619
 20
-380.1877
 30
0.0
 10
264.1502
 20
-380.5608
 30
0.0
 10
264.5233
 20
-381.0152
 30
0.0
 10
264.8964
 20
-381.4696
 30
0.0
 10
265.1595
 20
-382.0436
 30
0.0
 10
265.3125
 20
-382.7372
 30
0.0
 10
265.3939
 20
-383.1677
 30
0.0
 10
265.4369
 20
-383.9425
 30
0.0
 10
265.4369
 20
-385.0571
 30
0.0
 10
265.4369
 20
-385.0571
 30
0.0
 10
265.4369
 20
-388.4053
 30
0.0
 10
265.4369
 20
-388.4053
 30
0.0
 10
265.4369
 20
-390.7444
 30
0.0
 10
265.4895
 20
-392.2224
 30
0.0
 10
265.5948
 20
-392.849
 30
0.0
 10
265.6952
 20
-393.4756
 30
0.0
 10
265.9057
 20
-394.0735
 30
0.0
 10
266.2118
 20
-394.6475
 30
0.0
 10
266.2118
 20
-394.6475
 30
0.0
 10
263.5714
 20
-394.6475
 30
0.0
 10
263.5714
 20
-394.6475
 30
0.0
 10
263.3179
 20
-394.1166
 30
0.0
 10
263.1553
 20
-393.4947
 30
0.0
 10
263.0835
 20
-392.782
 30
0.0
  0
SPLINE
  5
BE
330
1F
100
AcDbEntity
  8
Layer 1
 62
   250
100
AcDbSpline
210
0.0
220
0.0
230
1.0
 70
    11
 71
     3
 72
    35
 73
    31
 74
     0
 42
0.0000000001
 43
0.0000000001
 40
0.0
 40
0.0
 40
0.0
 40
0.0
 40
0.1
 40
0.1
 40
0.1
 40
0.2
 40
0.2
 40
0.2
 40
0.3
 40
0.3
 40
0.3
 40
0.4
 40
0.4
 40
0.4
 40
0.5
 40
0.5
 40
0.5
 40
0.6000000000000001
 40
0.6000000000000001
 40
0.6000000000000001
 40
0.7000000000000001
 40
0.7000000000000001
 40
0.7000000000000001
 40
0.8
 40
0.8
 40
0.8
 40
0.9
 40
0.9
 40
0.9
 40
1.0
 40
1.0
 40
1.0
 40
1.0
 10
262.8826
 20
-387.1856
 30
0.0
 10
261.9643
 20
-387.5587
 30
0.0
 10
260.5867
 20
-387.8744
 30
0.0
 10
258.7499
 20
-388.1327
 30
0.0
 10
257.7071
 20
-388.281
 30
0.0
 10
256.9705
 20
-388.4484
 30
0.0
 10
256.54
 20
-388.6349
 30
0.0
 10
256.1095
 20
-388.8215
 30
0.0
 10
255.7795
 20
-389.0941
 30
0.0
 10
255.5451
 20
-389.4481
 30
0.0
 10
255.3107
 20
-389.8068
 30
0.0
 10
255.1911
 20
-390.2038
 30
0.0
 10
255.1911
 20
-390.6439
 30
0.0
 10
255.1911
 20
-391.3088
 30
0.0
 10
255.4447
 20
-391.8684
 30
0.0
 10
255.9565
 20
-392.3133
 30
0.0
 10
256.4683
 20
-392.7581
 30
0.0
 10
257.2145
 20
-392.9829
 30
0.0
 10
258.195
 20
-392.9829
 30
0.0
 10
259.166
 20
-392.9829
 30
0.0
 10
260.0318
 20
-392.7725
 30
0.0
 10
260.7924
 20
-392.3467
 30
0.0
 10
261.5481
 20
-391.9258
 30
0.0
 10
262.1078
 20
-391.347
 30
0.0
 10
262.4617
 20
-390.6152
 30
0.0
 10
262.7344
 20
-390.046
 30
0.0
 10
262.8683
 20
-389.2089
 30
0.0
 10
262.8683
 20
-388.104
 30
0.0
 10
262.8683
 20
-388.104
 30
0.0
 10
262.8826
 20
-387.1856
 30
0.0
 10
262.8826
 20
-387.1856
 30
0.0
  0
SPLINE
  5
BF
330
1F
100
AcDbEntity
  8
Layer 1
 62
   250
100
AcDbSpline
210
0.0
220
0.0
230
1.0
 70
    11
 71
     3
 72
    89
 73
    85
 74
     0
 42
0.0000000001
 43
0.0000000001
 40
0.0
 40
0.0
 40
0.0
 40
0.0
 40
0.0357142857142857
 40
0.0357142857142857
 40
0.0357142857142857
 40
0.0714285714285714
 40
0.0714285714285714
 40
0.0714285714285714
 40
0.1071428571428571
 40
0.1071428571428571
 40
0.1071428571428571
 40
0.1428571428571428
 40
0.1428571428571428
 40
0.1428571428571428
 40
0.1785714285714285
 40
0.1785714285714285
 40
0.1785714285714285
 40
0.2142857142857143
 40
0.2142857142857143
 40
0.2142857142857143
 40
0.25
 40
0.25
 40
0.25
 40
0.2857142857142857
 40
0.2857142857142857
 40
0.2857142857142857
 40
0.3214285714285714
 40
0.3214285714285714
 40
0.3214285714285714
 40
0.3571428571428571
 40
0.3571428571428571
 40
0.3571428571428571
 40
0.3928571428571428
 40
0.3928571428571428
 40
0.3928571428571428
 40
0.4285714285714285
 40
0.4285714285714285
 40
0.4285714285714285
 40
0.4642857142857142
 40
0.4642857142857142
 40
0.4642857142857142
 40
0.5
 40
0.5
 40
0.5
 40
0.5357142857142857
 40
0.5357142857142857
 40
0.5357142857142857
 40
0.5714285714285714
 40
0.5714285714285714
 40
0.5714285714285714
 40
0.6071428571428571
 40
0.6071428571428571
 40
0.6071428571428571
 40
0.6428571428571428
 40
0.6428571428571428
 40
0.6428571428571428
 40
0.6785714285714285
 40
0.6785714285714285
 40
0.6785714285714285
 40
0.7142857142857142
 40
0.7142857142857142
 40
0.7142857142857142
 40
0.75
 40
0.75
 40
0.75
 40
0.7857142857142857
 40
0.7857142857142857
 40
0.7857142857142857
 40
0.8214285714285714
 40
0.8214285714285714
 40
0.8214285714285714
 40
0.8571428571428571
 40
0.8571428571428571
 40
0.8571428571428571
 40
0.8928571428571428
 40
0.8928571428571428
 40
0.8928571428571428
 40
0.9285714285714285
 40
0.9285714285714285
 40
0.9285714285714285
 40
0.9642857142857142
 40
0.9642857142857142
 40
0.9642857142857142
 40
1.0
 40
1.0
 40
1.0
 40
1.0
 10
269.3162
 20
-394.6475
 30
0.0
 10
269.3162
 20
-394.6475
 30
0.0
 10
269.3162
 20
-379.7524
 30
0.0
 10
269.3162
 20
-379.7524
 30
0.0
 10
269.3162
 20
-379.7524
 30
0.0
 10
271.5834
 20
-379.7524
 30
0.0
 10
271.5834
 20
-379.7524
 30
0.0
 10
271.5834
 20
-379.7524
 30
0.0
 10
271.5834
 20
-381.857
 30
0.0
 10
271.5834
 20
-381.857
 30
0.0
 10
272.0474
 20
-381.13
 30
0.0
 10
272.6692
 20
-380.5416
 30
0.0
 10
273.4441
 20
-380.1016
 30
0.0
 10
274.219
 20
-379.6567
 30
0.0
 10
275.0991
 20
-379.4367
 30
0.0
 10
276.0893
 20
-379.4367
 30
0.0
 10
277.1894
 20
-379.4367
 30
0.0
 10
278.0935
 20
-379.6663
 30
0.0
 10
278.7966
 20
-380.1207
 30
0.0
 10
279.4997
 20
-380.5799
 30
0.0
 10
279.9972
 20
-381.2161
 30
0.0
 10
280.2842
 20
-382.0388
 30
0.0
 10
281.4705
 20
-380.3025
 30
0.0
 10
283.0059
 20
-379.4367
 30
0.0
 10
284.9001
 20
-379.4367
 30
0.0
 10
286.3829
 20
-379.4367
 30
0.0
 10
287.5261
 20
-379.8433
 30
0.0
 10
288.3201
 20
-380.6612
 30
0.0
 10
289.1189
 20
-381.4792
 30
0.0
 10
289.5207
 20
-382.7372
 30
0.0
 10
289.5207
 20
-384.4352
 30
0.0
 10
289.5207
 20
-384.4352
 30
0.0
 10
289.5207
 20
-394.6475
 30
0.0
 10
289.5207
 20
-394.6475
 30
0.0
 10
289.5207
 20
-394.6475
 30
0.0
 10
286.9951
 20
-394.6475
 30
0.0
 10
286.9951
 20
-394.6475
 30
0.0
 10
286.9951
 20
-394.6475
 30
0.0
 10
286.9951
 20
-385.2723
 30
0.0
 10
286.9951
 20
-385.2723
 30
0.0
 10
286.9951
 20
-384.2678
 30
0.0
 10
286.909
 20
-383.5408
 30
0.0
 10
286.7464
 20
-383.0959
 30
0.0
 10
286.5838
 20
-382.6511
 30
0.0
 10
286.2872
 20
-382.2971
 30
0.0
 10
285.8519
 20
-382.0245
 30
0.0
 10
285.4214
 20
-381.7518
 30
0.0
 10
284.9144
 20
-381.6179
 30
0.0
 10
284.3356
 20
-381.6179
 30
0.0
 10
283.2833
 20
-381.6179
 30
0.0
 10
282.4128
 20
-381.9671
 30
0.0
 10
281.7192
 20
-382.6606
 30
0.0
 10
281.0256
 20
-383.359
 30
0.0
 10
280.6812
 20
-384.4735
 30
0.0
 10
280.6812
 20
-386.0041
 30
0.0
 10
280.6812
 20
-386.0041
 30
0.0
 10
280.6812
 20
-394.6475
 30
0.0
 10
280.6812
 20
-394.6475
 30
0.0
 10
280.6812
 20
-394.6475
 30
0.0
 10
278.1556
 20
-394.6475
 30
0.0
 10
278.1556
 20
-394.6475
 30
0.0
 10
278.1556
 20
-394.6475
 30
0.0
 10
278.1556
 20
-384.9805
 30
0.0
 10
278.1556
 20
-384.9805
 30
0.0
 10
278.1556
 20
-383.8612
 30
0.0
 10
277.95
 20
-383.0194
 30
0.0
 10
277.5386
 20
-382.4597
 30
0.0
 10
277.1272
 20
-381.9001
 30
0.0
 10
276.4528
 20
-381.6179
 30
0.0
 10
275.5201
 20
-381.6179
 30
0.0
 10
274.8121
 20
-381.6179
 30
0.0
 10
274.1568
 20
-381.8044
 30
0.0
 10
273.5541
 20
-382.1775
 30
0.0
 10
272.9515
 20
-382.5506
 30
0.0
 10
272.5162
 20
-383.0959
 30
0.0
 10
272.2435
 20
-383.8182
 30
0.0
 10
271.9757
 20
-384.5357
 30
0.0
 10
271.8417
 20
-385.5736
 30
0.0
 10
271.8417
 20
-386.9273
 30
0.0
 10
271.8417
 20
-386.9273
 30
0.0
 10
271.8417
 20
-394.6475
 30
0.0
 10
271.8417
 20
-394.6475
 30
0.0
 10
271.8417
 20
-394.6475
 30
0.0
 10
269.3162
 20
-394.6475
 30
0.0
 10
269.3162
 20
-394.6475
 30
0.0
  0
SPLINE
  5
C0
330
1F
100
AcDbEntity
  8
Layer 1
 62
   250
100
AcDbSpline
210
0.0
220
0.0
230
1.0
 70
    11
 71
     3
 72
    50
 73
    46
 74
     0
 42
0.0000000001
 43
0.0000000001
 40
0.0
 40
0.0
 40
0.0
 40
0.0
 40
0.0666666666666667
 40
0.0666666666666667
 40
0.0666666666666667
 40
0.1333333333333333
 40
0.1333333333333333
 40
0.1333333333333333
 40
0.2
 40
0.2
 40
0.2
 40
0.2666666666666667
 40
0.2666666666666667
 40
0.2666666666666667
 40
0.3333333333333333
 40
0.3333333333333333
 40
0.3333333333333333
 40
0.4
 40
0.4
 40
0.4
 40
0.4666666666666667
 40
0.4666666666666667
 40
0.4666666666666667
 40
0.5333333333333333
 40
0.5333333333333333
 40
0.5333333333333333
 40
0.6
 40
0.6
 40
0.6
 40
0.6666666666666666
 40
0.6666666666666666
 40
0.6666666666666666
 40
0.7333333333333333
 40
0.7333333333333333
 40
0.7333333333333333
 40
0.8
 40
0.8
 40
0.8
 40
0.8666666666666667
 40
0.8666666666666667
 40
0.8666666666666667
 40
0.9333333333333333
 40
0.9333333333333333
 40
0.9333333333333333
 40
1.0
 40
1.0
 40
1.0
 40
1.0
 10
303.3826
 20
-389.826
 30
0.0
 10
303.3826
 20
-389.826
 30
0.0
 10
305.9943
 20
-390.1704
 30
0.0
 10
305.9943
 20
-390.1704
 30
0.0
 10
305.5877
 20
-391.6867
 30
0.0
 10
304.8272
 20
-392.8681
 30
0.0
 10
303.7175
 20
-393.7052
 30
0.0
 10
302.6077
 20
-394.5423
 30
0.0
 10
301.1919
 20
-394.9632
 30
0.0
 10
299.4651
 20
-394.9632
 30
0.0
 10
297.2935
 20
-394.9632
 30
0.0
 10
295.5716
 20
-394.2935
 30
0.0
 10
294.2992
 20
-392.9542
 30
0.0
 10
293.0269
 20
-391.6197
 30
0.0
 10
292.3907
 20
-389.7399
 30
0.0
 10
292.3907
 20
-387.3243
 30
0.0
 10
292.3907
 20
-384.8275
 30
0.0
 10
293.0316
 20
-382.8854
 30
0.0
 10
294.3183
 20
-381.5079
 30
0.0
 10
295.605
 20
-380.1255
 30
0.0
 10
297.2744
 20
-379.4367
 30
0.0
 10
299.3264
 20
-379.4367
 30
0.0
 10
301.3115
 20
-379.4367
 30
0.0
 10
302.933
 20
-380.1112
 30
0.0
 10
304.191
 20
-381.4648
 30
0.0
 10
305.449
 20
-382.8185
 30
0.0
 10
306.0804
 20
-384.7222
 30
0.0
 10
306.0804
 20
-387.176
 30
0.0
 10
306.0804
 20
-387.3243
 30
0.0
 10
306.0756
 20
-387.5491
 30
0.0
 10
306.066
 20
-387.8457
 30
0.0
 10
306.066
 20
-387.8457
 30
0.0
 10
294.9736
 20
-387.8457
 30
0.0
 10
294.9736
 20
-387.8457
 30
0.0
 10
295.0693
 20
-389.4768
 30
0.0
 10
295.5285
 20
-390.73
 30
0.0
 10
296.3608
 20
-391.5958
 30
0.0
 10
297.1883
 20
-392.4615
 30
0.0
 10
298.2263
 20
-392.8968
 30
0.0
 10
299.4651
 20
-392.8968
 30
0.0
 10
300.3883
 20
-392.8968
 30
0.0
 10
301.1775
 20
-392.6529
 30
0.0
 10
301.8281
 20
-392.165
 30
0.0
 10
302.4834
 20
-391.6771
 30
0.0
 10
303.0
 20
-390.8974
 30
0.0
 10
303.3826
 20
-389.826
 30
0.0
  0
SPLINE
  5
C1
330
1F
100
AcDbEntity
  8
Layer 1
 62
   250
100
AcDbSpline
210
0.0
220
0.0
230
1.0
 70
    11
 71
     3
 72
    20
 73
    16
 74
     0
 42
0.0000000001
 43
0.0000000001
 40
0.0
 40
0.0
 40
0.0
 40
0.0
 40
0.2
 40
0.2
 40
0.2
 40
0.4
 40
0.4
 40
0.4
 40
0.6000000000000001
 40
0.6000000000000001
 40
0.6000000000000001
 40
0.8
 40
0.8
 40
0.8
 40
1.0
 40
1.0
 40
1.0
 40
1.0
 10
295.1171
 20
-385.7793
 30
0.0
 10
295.1171
 20
-385.7793
 30
0.0
 10
303.4113
 20
-385.7793
 30
0.0
 10
303.4113
 20
-385.7793
 30
0.0
 10
303.3013
 20
-384.5261
 30
0.0
 10
302.9808
 20
-383.5886
 30
0.0
 10
302.4595
 20
-382.962
 30
0.0
 10
301.6607
 20
-381.991
 30
0.0
 10
300.6179
 20
-381.5031
 30
0.0
 10
299.3408
 20
-381.5031
 30
0.0
 10
298.1832
 20
-381.5031
 30
0.0
 10
297.2122
 20
-381.8905
 30
0.0
 10
296.423
 20
-382.6654
 30
0.0
 10
295.6385
 20
-383.4403
 30
0.0
 10
295.2032
 20
-384.4783
 30
0.0
 10
295.1171
 20
-385.7793
 30
0.0
  0
SPLINE
  5
C2
330
1F
100
AcDbEntity
  8
Layer 1
 62
   250
100
AcDbSpline
210
0.0
220
0.0
230
1.0
 70
    11
 71
     3
 72
    50
 73
    46
 74
     0
 42
0.0000000001
 43
0.0000000001
 40
0.0
 40
0.0
 40
0.0
 40
0.0
 40
0.0666666666666667
 40
0.0666666666666667
 40
0.0666666666666667
 40
0.1333333333333333
 40
0.1333333333333333
 40
0.1333333333333333
 40
0.2
 40
0.2
 40
0.2
 40
0.2666666666666667
 40
0.2666666666666667
 40
0.2666666666666667
 40
0.3333333333333333
 40
0.3333333333333333
 40
0.3333333333333333
 40
0.4
 40
0.4
 40
0.4
 40
0.4666666666666667
 40
0.4666666666666667
 40
0.4666666666666667
 40
0.5333333333333333
 40
0.5333333333333333
 40
0.5333333333333333
 40
0.6
 40
0.6
 40
0.6
 40
0.6666666666666666
 40
0.6666666666666666
 40
0.6666666666666666
 40
0.7333333333333333
 40
0.7333333333333333
 40
0.7333333333333333
 40
0.8
 40
0.8
 40
0.8
 40
0.8666666666666667
 40
0.8666666666666667
 40
0.8666666666666667
 40
0.9333333333333333
 40
0.9333333333333333
 40
0.9333333333333333
 40
1.0
 40
1.0
 40
1.0
 40
1.0
 10
319.3444
 20
-389.826
 30
0.0
 10
319.3444
 20
-389.826
 30
0.0
 10
321.9561
 20
-390.1704
 30
0.0
 10
321.9561
 20
-390.1704
 30
0.0
 10
321.5495
 20
-391.6867
 30
0.0
 10
320.789
 20
-392.8681
 30
0.0
 10
319.6793
 20
-393.7052
 30
0.0
 10
318.5695
 20
-394.5423
 30
0.0
 10
317.1537
 20
-394.9632
 30
0.0
 10
315.4269
 20
-394.9632
 30
0.0
 10
313.2553
 20
-394.9632
 30
0.0
 10
311.5334
 20
-394.2935
 30
0.0
 10
310.261
 20
-392.9542
 30
0.0
 10
308.9887
 20
-391.6197
 30
0.0
 10
308.3525
 20
-389.7399
 30
0.0
 10
308.3525
 20
-387.3243
 30
0.0
 10
308.3525
 20
-384.8275
 30
0.0
 10
308.9934
 20
-382.8854
 30
0.0
 10
310.2801
 20
-381.5079
 30
0.0
 10
311.5668
 20
-380.1255
 30
0.0
 10
313.2362
 20
-379.4367
 30
0.0
 10
315.2882
 20
-379.4367
 30
0.0
 10
317.2733
 20
-379.4367
 30
0.0
 10
318.8948
 20
-380.1112
 30
0.0
 10
320.1528
 20
-381.4648
 30
0.0
 10
321.4108
 20
-382.8185
 30
0.0
 10
322.0422
 20
-384.7222
 30
0.0
 10
322.0422
 20
-387.176
 30
0.0
 10
322.0422
 20
-387.3243
 30
0.0
 10
322.0374
 20
-387.5491
 30
0.0
 10
322.0278
 20
-387.8457
 30
0.0
 10
322.0278
 20
-387.8457
 30
0.0
 10
310.9354
 20
-387.8457
 30
0.0
 10
310.9354
 20
-387.8457
 30
0.0
 10
311.0311
 20
-389.4768
 30
0.0
 10
311.4903
 20
-390.73
 30
0.0
 10
312.3226
 20
-391.5958
 30
0.0
 10
313.1501
 20
-392.4615
 30
0.0
 10
314.1881
 20
-392.8968
 30
0.0
 10
315.4269
 20
-392.8968
 30
0.0
 10
316.3501
 20
-392.8968
 30
0.0
 10
317.1393
 20
-392.6529
 30
0.0
 10
317.7899
 20
-392.165
 30
0.0
 10
318.4452
 20
-391.6771
 30
0.0
 10
318.9618
 20
-390.8974
 30
0.0
 10
319.3444
 20
-389.826
 30
0.0
  0
SPLINE
  5
C3
330
1F
100
AcDbEntity
  8
Layer 1
 62
   250
100
AcDbSpline
210
0.0
220
0.0
230
1.0
 70
    11
 71
     3
 72
    20
 73
    16
 74
     0
 42
0.0000000001
 43
0.0000000001
 40
0.0
 40
0.0
 40
0.0
 40
0.0
 40
0.2
 40
0.2
 40
0.2
 40
0.4
 40
0.4
 40
0.4
 40
0.6000000000000001
 40
0.6000000000000001
 40
0.6000000000000001
 40
0.8
 40
0.8
 40
0.8
 40
1.0
 40
1.0
 40
1.0
 40
1.0
 10
311.0789
 20
-385.7793
 30
0.0
 10
311.0789
 20
-385.7793
 30
0.0
 10
319.3731
 20
-385.7793
 30
0.0
 10
319.3731
 20
-385.7793
 30
0.0
 10
319.2631
 20
-384.5261
 30
0.0
 10
318.9426
 20
-383.5886
 30
0.0
 10
318.4213
 20
-382.962
 30
0.0
 10
317.6225
 20
-381.991
 30
0.0
 10
316.5797
 20
-381.5031
 30
0.0
 10
315.3026
 20
-381.5031
 30
0.0
 10
314.145
 20
-381.5031
 30
0.0
 10
313.174
 20
-381.8905
 30
0.0
 10
312.3848
 20
-382.6654
 30
0.0
 10
311.6003
 20
-383.4403
 30
0.0
 10
311.165
 20
-384.4783
 30
0.0
 10
311.0789
 20
-385.7793
 30
0.0
  0
SPLINE
  5
C4
330
1F
100
AcDbEntity
  8
Layer 1
 62
   250
100
AcDbSpline
210
0.0
220
0.0
230
1.0
 70
    11
 71
     3
 72
    47
 73
    43
 74
     0
 42
0.0000000001
 43
0.0000000001
 40
0.0
 40
0.0
 40
0.0
 40
0.0
 40
0.0714285714285714
 40
0.0714285714285714
 40
0.0714285714285714
 40
0.1428571428571428
 40
0.1428571428571428
 40
0.1428571428571428
 40
0.2142857142857143
 40
0.2142857142857143
 40
0.2142857142857143
 40
0.2857142857142857
 40
0.2857142857142857
 40
0.2857142857142857
 40
0.3571428571428571
 40
0.3571428571428571
 40
0.3571428571428571
 40
0.4285714285714285
 40
0.4285714285714285
 40
0.4285714285714285
 40
0.5
 40
0.5
 40
0.5
 40
0.5714285714285714
 40
0.5714285714285714
 40
0.5714285714285714
 40
0.6428571428571428
 40
0.6428571428571428
 40
0.6428571428571428
 40
0.7142857142857142
 40
0.7142857142857142
 40
0.7142857142857142
 40
0.7857142857142857
 40
0.7857142857142857
 40
0.7857142857142857
 40
0.8571428571428571
 40
0.8571428571428571
 40
0.8571428571428571
 40
0.9285714285714285
 40
0.9285714285714285
 40
0.9285714285714285
 40
1.0
 40
1.0
 40
1.0
 40
1.0
 10
334.7609
 20
-394.6475
 30
0.0
 10
334.7609
 20
-394.6475
 30
0.0
 10
334.7609
 20
-392.7581
 30
0.0
 10
334.7609
 20
-392.7581
 30
0.0
 10
333.8186
 20
-394.2266
 30
0.0
 10
332.4315
 20
-394.9632
 30
0.0
 10
330.5995
 20
-394.9632
 30
0.0
 10
329.4132
 20
-394.9632
 30
0.0
 10
328.3227
 20
-394.6379
 30
0.0
 10
327.3325
 20
-393.9826
 30
0.0
 10
326.3376
 20
-393.3321
 30
0.0
 10
325.5675
 20
-392.4185
 30
0.0
 10
325.0174
 20
-391.2514
 30
0.0
 10
324.4721
 20
-390.0795
 30
0.0
 10
324.1995
 20
-388.7354
 30
0.0
 10
324.1995
 20
-387.2143
 30
0.0
 10
324.1995
 20
-385.7315
 30
0.0
 10
324.4482
 20
-384.3874
 30
0.0
 10
324.9409
 20
-383.1772
 30
0.0
 10
325.4384
 20
-381.9718
 30
0.0
 10
326.1798
 20
-381.0439
 30
0.0
 10
327.1699
 20
-380.4029
 30
0.0
 10
328.1552
 20
-379.7572
 30
0.0
 10
329.265
 20
-379.4367
 30
0.0
 10
330.4847
 20
-379.4367
 30
0.0
 10
331.384
 20
-379.4367
 30
0.0
 10
332.1828
 20
-379.628
 30
0.0
 10
332.8811
 20
-380.0059
 30
0.0
 10
333.5795
 20
-380.3838
 30
0.0
 10
334.1487
 20
-380.8813
 30
0.0
 10
334.5887
 20
-381.4887
 30
0.0
 10
334.5887
 20
-381.4887
 30
0.0
 10
334.5887
 20
-374.0986
 30
0.0
 10
334.5887
 20
-374.0986
 30
0.0
 10
334.5887
 20
-374.0986
 30
0.0
 10
337.1143
 20
-374.0986
 30
0.0
 10
337.1143
 20
-374.0986
 30
0.0
 10
337.1143
 20
-374.0986
 30
0.0
 10
337.1143
 20
-394.6475
 30
0.0
 10
337.1143
 20
-394.6475
 30
0.0
 10
337.1143
 20
-394.6475
 30
0.0
 10
334.7609
 20
-394.6475
 30
0.0
 10
334.7609
 20
-394.6475
 30
0.0
  0
SPLINE
  5
C5
330
1F
100
AcDbEntity
  8
Layer 1
 62
   250
100
AcDbSpline
210
0.0
220
0.0
230
1.0
 70
    11
 71
     3
 72
    29
 73
    25
 74
     0
 42
0.0000000001
 43
0.0000000001
 40
0.0
 40
0.0
 40
0.0
 40
0.0
 40
0.125
 40
0.125
 40
0.125
 40
0.25
 40
0.25
 40
0.25
 40
0.375
 40
0.375
 40
0.375
 40
0.5
 40
0.5
 40
0.5
 40
0.625
 40
0.625
 40
0.625
 40
0.75
 40
0.75
 40
0.75
 40
0.875
 40
0.875
 40
0.875
 40
1.0
 40
1.0
 40
1.0
 40
1.0
 10
326.7825
 20
-387.2191
 30
0.0
 10
326.7825
 20
-389.1228
 30
0.0
 10
327.1842
 20
-390.5435
 30
0.0
 10
327.9926
 20
-391.4858
 30
0.0
 10
328.7962
 20
-392.4281
 30
0.0
 10
329.7481
 20
-392.8968
 30
0.0
 10
330.8434
 20
-392.8968
 30
0.0
 10
331.9484
 20
-392.8968
 30
0.0
 10
332.8859
 20
-392.4472
 30
0.0
 10
333.6608
 20
-391.5479
 30
0.0
 10
334.4309
 20
-390.6487
 30
0.0
 10
334.8183
 20
-389.2759
 30
0.0
 10
334.8183
 20
-387.4296
 30
0.0
 10
334.8183
 20
-385.4014
 30
0.0
 10
334.4261
 20
-383.9091
 30
0.0
 10
333.6369
 20
-382.9572
 30
0.0
 10
332.8524
 20
-382.0053
 30
0.0
 10
331.8814
 20
-381.5318
 30
0.0
 10
330.7286
 20
-381.5318
 30
0.0
 10
329.6046
 20
-381.5318
 30
0.0
 10
328.6671
 20
-381.9862
 30
0.0
 10
327.9113
 20
-382.8998
 30
0.0
 10
327.1603
 20
-383.8134
 30
0.0
 10
326.7825
 20
-385.2532
 30
0.0
 10
326.7825
 20
-387.2191
 30
0.0
  0
SPLINE
  5
C6
330
1F
100
AcDbEntity
  8
Layer 1
 62
   250
100
AcDbSpline
210
0.0
220
0.0
230
1.0
 70
    11
 71
     3
 72
    50
 73
    46
 74
     0
 42
0.0000000001
 43
0.0000000001
 40
0.0
 40
0.0
 40
0.0
 40
0.0
 40
0.0666666666666667
 40
0.0666666666666667
 40
0.0666666666666667
 40
0.1333333333333333
 40
0.1333333333333333
 40
0.1333333333333333
 40
0.2
 40
0.2
 40
0.2
 40
0.2666666666666667
 40
0.2666666666666667
 40
0.2666666666666667
 40
0.3333333333333333
 40
0.3333333333333333
 40
0.3333333333333333
 40
0.4
 40
0.4
 40
0.4
 40
0.4666666666666667
 40
0.4666666666666667
 40
0.4666666666666667
 40
0.5333333333333333
 40
0.5333333333333333
 40
0.5333333333333333
 40
0.6
 40
0.6
 40
0.6
 40
0.6666666666666666
 40
0.6666666666666666
 40
0.6666666666666666
 40
0.7333333333333333
 40
0.7333333333333333
 40
0.7333333333333333
 40
0.8
 40
0.8
 40
0.8
 40
0.8666666666666667
 40
0.8666666666666667
 40
0.8666666666666667
 40
0.9333333333333333
 40
0.9333333333333333
 40
0.9333333333333333
 40
1.0
 40
1.0
 40
1.0
 40
1.0
 10
351.268
 20
-389.826
 30
0.0
 10
351.268
 20
-389.826
 30
0.0
 10
353.8797
 20
-390.1704
 30
0.0
 10
353.8797
 20
-390.1704
 30
0.0
 10
353.4731
 20
-391.6867
 30
0.0
 10
352.7126
 20
-392.8681
 30
0.0
 10
351.6029
 20
-393.7052
 30
0.0
 10
350.4931
 20
-394.5423
 30
0.0
 10
349.0773
 20
-394.9632
 30
0.0
 10
347.3505
 20
-394.9632
 30
0.0
 10
345.1789
 20
-394.9632
 30
0.0
 10
343.457
 20
-394.2935
 30
0.0
 10
342.1846
 20
-392.9542
 30
0.0
 10
340.9123
 20
-391.6197
 30
0.0
 10
340.2761
 20
-389.7399
 30
0.0
 10
340.2761
 20
-387.3243
 30
0.0
 10
340.2761
 20
-384.8275
 30
0.0
 10
340.917
 20
-382.8854
 30
0.0
 10
342.2037
 20
-381.5079
 30
0.0
 10
343.4904
 20
-380.1255
 30
0.0
 10
345.1598
 20
-379.4367
 30
0.0
 10
347.2118
 20
-379.4367
 30
0.0
 10
349.1969
 20
-379.4367
 30
0.0
 10
350.8184
 20
-380.1112
 30
0.0
 10
352.0764
 20
-381.4648
 30
0.0
 10
353.3344
 20
-382.8185
 30
0.0
 10
353.9658
 20
-384.7222
 30
0.0
 10
353.9658
 20
-387.176
 30
0.0
 10
353.9658
 20
-387.3243
 30
0.0
 10
353.961
 20
-387.5491
 30
0.0
 10
353.9514
 20
-387.8457
 30
0.0
 10
353.9514
 20
-387.8457
 30
0.0
 10
342.859
 20
-387.8457
 30
0.0
 10
342.859
 20
-387.8457
 30
0.0
 10
342.9547
 20
-389.4768
 30
0.0
 10
343.4139
 20
-390.73
 30
0.0
 10
344.2462
 20
-391.5958
 30
0.0
 10
345.0737
 20
-392.4615
 30
0.0
 10
346.1117
 20
-392.8968
 30
0.0
 10
347.3505
 20
-392.8968
 30
0.0
 10
348.2737
 20
-392.8968
 30
0.0
 10
349.0629
 20
-392.6529
 30
0.0
 10
349.7135
 20
-392.165
 30
0.0
 10
350.3688
 20
-391.6771
 30
0.0
 10
350.8854
 20
-390.8974
 30
0.0
 10
351.268
 20
-389.826
 30
0.0
  0
SPLINE
  5
C7
330
1F
100
AcDbEntity
  8
Layer 1
 62
   250
100
AcDbSpline
210
0.0
220
0.0
230
1.0
 70
    11
 71
     3
 72
    20
 73
    16
 74
     0
 42
0.0000000001
 43
0.0000000001
 40
0.0
 40
0.0
 40
0.0
 40
0.0
 40
0.2
 40
0.2
 40
0.2
 40
0.4
 40
0.4
 40
0.4
 40
0.6000000000000001
 40
0.6000000000000001
 40
0.6000000000000001
 40
0.8
 40
0.8
 40
0.8
 40
1.0
 40
1.0
 40
1.0
 40
1.0
 10
343.0025
 20
-385.7793
 30
0.0
 10
343.0025
 20
-385.7793
 30
0.0
 10
351.2967
 20
-385.7793
 30
0.0
 10
351.2967
 20
-385.7793
 30
0.0
 10
351.1867
 20
-384.5261
 30
0.0
 10
350.8662
 20
-383.5886
 30
0.0
 10
350.3449
 20
-382.962
 30
0.0
 10
349.5461
 20
-381.991
 30
0.0
 10
348.5033
 20
-381.5031
 30
0.0
 10
347.2262
 20
-381.5031
 30
0.0
 10
346.0686
 20
-381.5031
 30
0.0
 10
345.0976
 20
-381.8905
 30
0.0
 10
344.3084
 20
-382.6654
 30
0.0
 10
343.5239
 20
-383.4403
 30
0.0
 10
343.0886
 20
-384.4783
 30
0.0
 10
343.0025
 20
-385.7793
 30
0.0
  0
SPLINE
  5
C8
330
1F
100
AcDbEntity
  8
Layer 1
 62
   250
100
AcDbSpline
210
0.0
220
0.0
230
1.0
 70
    11
 71
     3
 72
    17
 73
    13
 74
     0
 42
0.0000000001
 43
0.0000000001
 40
0.0
 40
0.0
 40
0.0
 40
0.0
 40
0.25
 40
0.25
 40
0.25
 40
0.5
 40
0.5
 40
0.5
 40
0.75
 40
0.75
 40
0.75
 40
1.0
 40
1.0
 40
1.0
 40
1.0
 10
357.7877
 20
-394.6475
 30
0.0
 10
357.7877
 20
-394.6475
 30
0.0
 10
357.7877
 20
-391.7775
 30
0.0
 10
357.7877
 20
-391.7775
 30
0.0
 10
357.7877
 20
-391.7775
 30
0.0
 10
360.6576
 20
-391.7775
 30
0.0
 10
360.6576
 20
-391.7775
 30
0.0
 10
360.6576
 20
-391.7775
 30
0.0
 10
360.6576
 20
-394.6475
 30
0.0
 10
360.6576
 20
-394.6475
 30
0.0
 10
360.6576
 20
-394.6475
 30
0.0
 10
357.7877
 20
-394.6475
 30
0.0
 10
357.7877
 20
-394.6475
 30
0.0
  0
SPLINE
  5
C9
330
1F
100
AcDbEntity
  8
Layer 1
 62
   250
100
AcDbSpline
210
0.0
220
0.0
230
1.0
 70
    11
 71
     3
 72
    59
 73
    55
 74
     0
 42
0.0000000001
 43
0.0000000001
 40
0.0
 40
0.0
 40
0.0
 40
0.0
 40
0.0555555555555556
 40
0.0555555555555556
 40
0.0555555555555556
 40
0.1111111111111111
 40
0.1111111111111111
 40
0.1111111111111111
 40
0.1666666666666667
 40
0.1666666666666667
 40
0.1666666666666667
 40
0.2222222222222222
 40
0.2222222222222222
 40
0.2222222222222222
 40
0.2777777777777778
 40
0.2777777777777778
 40
0.2777777777777778
 40
0.3333333333333333
 40
0.3333333333333333
 40
0.3333333333333333
 40
0.3888888888888888
 40
0.3888888888888888
 40
0.3888888888888888
 40
0.4444444444444444
 40
0.4444444444444444
 40
0.4444444444444444
 40
0.5
 40
0.5
 40
0.5
 40
0.5555555555555556
 40
0.5555555555555556
 40
0.5555555555555556
 40
0.611111111111111
 40
0.611111111111111
 40
0.611111111111111
 40
0.6666666666666666
 40
0.6666666666666666
 40
0.6666666666666666
 40
0.7222222222222222
 40
0.7222222222222222
 40
0.7222222222222222
 40
0.7777777777777777
 40
0.7777777777777777
 40
0.7777777777777777
 40
0.8333333333333333
 40
0.8333333333333333
 40
0.8333333333333333
 40
0.8888888888888888
 40
0.8888888888888888
 40
0.8888888888888888
 40
0.9444444444444444
 40
0.9444444444444444
 40
0.9444444444444444
 40
1.0
 40
1.0
 40
1.0
 40
1.0
 10
365.0439
 20
-394.6475
 30
0.0
 10
365.0439
 20
-394.6475
 30
0.0
 10
365.0439
 20
-379.7524
 30
0.0
 10
365.0439
 20
-379.7524
 30
0.0
 10
365.0439
 20
-379.7524
 30
0.0
 10
367.3111
 20
-379.7524
 30
0.0
 10
367.3111
 20
-379.7524
 30
0.0
 10
367.3111
 20
-379.7524
 30
0.0
 10
367.3111
 20
-381.8666
 30
0.0
 10
367.3111
 20
-381.8666
 30
0.0
 10
368.4017
 20
-380.2451
 30
0.0
 10
369.9802
 20
-379.4367
 30
0.0
 10
372.0418
 20
-379.4367
 30
0.0
 10
372.941
 20
-379.4367
 30
0.0
 10
373.7638
 20
-379.5993
 30
0.0
 10
374.5147
 20
-379.9198
 30
0.0
 10
375.2657
 20
-380.2403
 30
0.0
 10
375.8301
 20
-380.666
 30
0.0
 10
376.2032
 20
-381.1874
 30
0.0
 10
376.5763
 20
-381.7088
 30
0.0
 10
376.8394
 20
-382.3306
 30
0.0
 10
376.9877
 20
-383.0481
 30
0.0
 10
377.0786
 20
-383.5168
 30
0.0
 10
377.1264
 20
-384.3348
 30
0.0
 10
377.1264
 20
-385.5019
 30
0.0
 10
377.1264
 20
-385.5019
 30
0.0
 10
377.1264
 20
-394.6475
 30
0.0
 10
377.1264
 20
-394.6475
 30
0.0
 10
377.1264
 20
-394.6475
 30
0.0
 10
374.6008
 20
-394.6475
 30
0.0
 10
374.6008
 20
-394.6475
 30
0.0
 10
374.6008
 20
-394.6475
 30
0.0
 10
374.6008
 20
-385.5976
 30
0.0
 10
374.6008
 20
-385.5976
 30
0.0
 10
374.6008
 20
-384.5692
 30
0.0
 10
374.5052
 20
-383.7991
 30
0.0
 10
374.3091
 20
-383.292
 30
0.0
 10
374.1129
 20
-382.785
 30
0.0
 10
373.7638
 20
-382.3784
 30
0.0
 10
373.2663
 20
-382.0723
 30
0.0
 10
372.7688
 20
-381.7709
 30
0.0
 10
372.1805
 20
-381.6179
 30
0.0
 10
371.5108
 20
-381.6179
 30
0.0
 10
370.4394
 20
-381.6179
 30
0.0
 10
369.5162
 20
-381.9575
 30
0.0
 10
368.7366
 20
-382.6415
 30
0.0
 10
367.9569
 20
-383.3207
 30
0.0
 10
367.5694
 20
-384.617
 30
0.0
 10
367.5694
 20
-386.5207
 30
0.0
 10
367.5694
 20
-386.5207
 30
0.0
 10
367.5694
 20
-394.6475
 30
0.0
 10
367.5694
 20
-394.6475
 30
0.0
 10
367.5694
 20
-394.6475
 30
0.0
 10
365.0439
 20
-394.6475
 30
0.0
 10
365.0439
 20
-394.6475
 30
0.0
  0
SPLINE
  5
CA
330
1F
100
AcDbEntity
  8
Layer 1
 62
   250
100
AcDbSpline
210
0.0
220
0.0
230
1.0
 70
    11
 71
     3
 72
    50
 73
    46
 74
     0
 42
0.0000000001
 43
0.0000000001
 40
0.0
 40
0.0
 40
0.0
 40
0.0
 40
0.0666666666666667
 40
0.0666666666666667
 40
0.0666666666666667
 40
0.1333333333333333
 40
0.1333333333333333
 40
0.1333333333333333
 40
0.2
 40
0.2
 40
0.2
 40
0.2666666666666667
 40
0.2666666666666667
 40
0.2666666666666667
 40
0.3333333333333333
 40
0.3333333333333333
 40
0.3333333333333333
 40
0.4
 40
0.4
 40
0.4
 40
0.4666666666666667
 40
0.4666666666666667
 40
0.4666666666666667
 40
0.5333333333333333
 40
0.5333333333333333
 40
0.5333333333333333
 40
0.6
 40
0.6
 40
0.6
 40
0.6666666666666666
 40
0.6666666666666666
 40
0.6666666666666666
 40
0.7333333333333333
 40
0.7333333333333333
 40
0.7333333333333333
 40
0.8
 40
0.8
 40
0.8
 40
0.8666666666666667
 40
0.8666666666666667
 40
0.8666666666666667
 40
0.9333333333333333
 40
0.9333333333333333
 40
0.9333333333333333
 40
1.0
 40
1.0
 40
1.0
 40
1.0
 10
391.1653
 20
-389.826
 30
0.0
 10
391.1653
 20
-389.826
 30
0.0
 10
393.777
 20
-390.1704
 30
0.0
 10
393.777
 20
-390.1704
 30
0.0
 10
393.3704
 20
-391.6867
 30
0.0
 10
392.6099
 20
-392.8681
 30
0.0
 10
391.5002
 20
-393.7052
 30
0.0
 10
390.3904
 20
-394.5423
 30
0.0
 10
388.9746
 20
-394.9632
 30
0.0
 10
387.2478
 20
-394.9632
 30
0.0
 10
385.0762
 20
-394.9632
 30
0.0
 10
383.3543
 20
-394.2935
 30
0.0
 10
382.0819
 20
-392.9542
 30
0.0
 10
380.8096
 20
-391.6197
 30
0.0
 10
380.1734
 20
-389.7399
 30
0.0
 10
380.1734
 20
-387.3243
 30
0.0
 10
380.1734
 20
-384.8275
 30
0.0
 10
380.8143
 20
-382.8854
 30
0.0
 10
382.101
 20
-381.5079
 30
0.0
 10
383.3877
 20
-380.1255
 30
0.0
 10
385.0571
 20
-379.4367
 30
0.0
 10
387.1091
 20
-379.4367
 30
0.0
 10
389.0942
 20
-379.4367
 30
0.0
 10
390.7157
 20
-380.1112
 30
0.0
 10
391.9737
 20
-381.4648
 30
0.0
 10
393.2317
 20
-382.8185
 30
0.0
 10
393.8631
 20
-384.7222
 30
0.0
 10
393.8631
 20
-387.176
 30
0.0
 10
393.8631
 20
-387.3243
 30
0.0
 10
393.8583
 20
-387.5491
 30
0.0
 10
393.8487
 20
-387.8457
 30
0.0
 10
393.8487
 20
-387.8457
 30
0.0
 10
382.7563
 20
-387.8457
 30
0.0
 10
382.7563
 20
-387.8457
 30
0.0
 10
382.852
 20
-389.4768
 30
0.0
 10
383.3112
 20
-390.73
 30
0.0
 10
384.1435
 20
-391.5958
 30
0.0
 10
384.971
 20
-392.4615
 30
0.0
 10
386.009
 20
-392.8968
 30
0.0
 10
387.2478
 20
-392.8968
 30
0.0
 10
388.171
 20
-392.8968
 30
0.0
 10
388.9602
 20
-392.6529
 30
0.0
 10
389.6108
 20
-392.165
 30
0.0
 10
390.2661
 20
-391.6771
 30
0.0
 10
390.7827
 20
-390.8974
 30
0.0
 10
391.1653
 20
-389.826
 30
0.0
  0
SPLINE
  5
CB
330
1F
100
AcDbEntity
  8
Layer 1
 62
   250
100
AcDbSpline
210
0.0
220
0.0
230
1.0
 70
    11
 71
     3
 72
    20
 73
    16
 74
     0
 42
0.0000000001
 43
0.0000000001
 40
0.0
 40
0.0
 40
0.0
 40
0.0
 40
0.2
 40
0.2
 40
0.2
 40
0.4
 40
0.4
 40
0.4
 40
0.6000000000000001
 40
0.6000000000000001
 40
0.6000000000000001
 40
0.8
 40
0.8
 40
0.8
 40
1.0
 40
1.0
 40
1.0
 40
1.0
 10
382.8998
 20
-385.7793
 30
0.0
 10
382.8998
 20
-385.7793
 30
0.0
 10
391.194
 20
-385.7793
 30
0.0
 10
391.194
 20
-385.7793
 30
0.0
 10
391.084
 20
-384.5261
 30
0.0
 10
390.7635
 20
-383.5886
 30
0.0
 10
390.2422
 20
-382.962
 30
0.0
 10
389.4434
 20
-381.991
 30
0.0
 10
388.4006
 20
-381.5031
 30
0.0
 10
387.1235
 20
-381.5031
 30
0.0
 10
385.9659
 20
-381.5031
 30
0.0
 10
384.9949
 20
-381.8905
 30
0.0
 10
384.2057
 20
-382.6654
 30
0.0
 10
383.4212
 20
-383.4403
 30
0.0
 10
382.9859
 20
-384.4783
 30
0.0
 10
382.8998
 20
-385.7793
 30
0.0
  0
SPLINE
  5
CC
330
1F
100
AcDbEntity
  8
Layer 1
 62
   250
100
AcDbSpline
210
0.0
220
0.0
230
1.0
 70
    11
 71
     3
 72
    65
 73
    61
 74
     0
 42
0.0000000001
 43
0.0000000001
 40
0.0
 40
0.0
 40
0.0
 40
0.0
 40
0.05
 40
0.05
 40
0.05
 40
0.1
 40
0.1
 40
0.1
 40
0.15
 40
0.15
 40
0.15
 40
0.2
 40
0.2
 40
0.2
 40
0.25
 40
0.25
 40
0.25
 40
0.3
 40
0.3
 40
0.3
 40
0.35
 40
0.35
 40
0.35
 40
0.4
 40
0.4
 40
0.4
 40
0.45
 40
0.45
 40
0.45
 40
0.5
 40
0.5
 40
0.5
 40
0.55
 40
0.55
 40
0.55
 40
0.6000000000000001
 40
0.6000000000000001
 40
0.6000000000000001
 40
0.65
 40
0.65
 40
0.65
 40
0.7000000000000001
 40
0.7000000000000001
 40
0.7000000000000001
 40
0.75
 40
0.75
 40
0.75
 40
0.8
 40
0.8
 40
0.8
 40
0.8500000000000001
 40
0.8500000000000001
 40
0.8500000000000001
 40
0.9
 40
0.9
 40
0.9
 40
0.9500000000000001
 40
0.9500000000000001
 40
0.9500000000000001
 40
1.0
 40
1.0
 40
1.0
 40
1.0
 10
402.4491
 20
-392.3946
 30
0.0
 10
402.4491
 20
-392.3946
 30
0.0
 10
402.7935
 20
-394.6236
 30
0.0
 10
402.7935
 20
-394.6236
 30
0.0
 10
402.0856
 20
-394.7719
 30
0.0
 10
401.4494
 20
-394.8484
 30
0.0
 10
400.8945
 20
-394.8484
 30
0.0
 10
399.9809
 20
-394.8484
 30
0.0
 10
399.273
 20
-394.7049
 30
0.0
 10
398.766
 20
-394.4131
 30
0.0
 10
398.2637
 20
-394.1213
 30
0.0
 10
397.9098
 20
-393.7435
 30
0.0
 10
397.7041
 20
-393.2699
 30
0.0
 10
397.4984
 20
-392.7964
 30
0.0
 10
397.398
 20
-391.8015
 30
0.0
 10
397.398
 20
-390.2852
 30
0.0
 10
397.398
 20
-390.2852
 30
0.0
 10
397.398
 20
-381.704
 30
0.0
 10
397.398
 20
-381.704
 30
0.0
 10
397.398
 20
-381.704
 30
0.0
 10
395.5325
 20
-381.704
 30
0.0
 10
395.5325
 20
-381.704
 30
0.0
 10
395.5325
 20
-381.704
 30
0.0
 10
395.5325
 20
-379.7524
 30
0.0
 10
395.5325
 20
-379.7524
 30
0.0
 10
395.5325
 20
-379.7524
 30
0.0
 10
397.398
 20
-379.7524
 30
0.0
 10
397.398
 20
-379.7524
 30
0.0
 10
397.398
 20
-379.7524
 30
0.0
 10
397.398
 20
-376.0693
 30
0.0
 10
397.398
 20
-376.0693
 30
0.0
 10
397.398
 20
-376.0693
 30
0.0
 10
399.9235
 20
-374.553
 30
0.0
 10
399.9235
 20
-374.553
 30
0.0
 10
399.9235
 20
-374.553
 30
0.0
 10
399.9235
 20
-379.7524
 30
0.0
 10
399.9235
 20
-379.7524
 30
0.0
 10
399.9235
 20
-379.7524
 30
0.0
 10
402.4491
 20
-379.7524
 30
0.0
 10
402.4491
 20
-379.7524
 30
0.0
 10
402.4491
 20
-379.7524
 30
0.0
 10
402.4491
 20
-381.704
 30
0.0
 10
402.4491
 20
-381.704
 30
0.0
 10
402.4491
 20
-381.704
 30
0.0
 10
399.9235
 20
-381.704
 30
0.0
 10
399.9235
 20
-381.704
 30
0.0
 10
399.9235
 20
-381.704
 30
0.0
 10
399.9235
 20
-390.4287
 30
0.0
 10
399.9235
 20
-390.4287
 30
0.0
 10
399.9235
 20
-391.1509
 30
0.0
 10
399.9666
 20
-391.6149
 30
0.0
 10
400.0575
 20
-391.8206
 30
0.0
 10
400.1436
 20
-392.0263
 30
0.0
 10
400.2871
 20
-392.1889
 30
0.0
 10
400.488
 20
-392.3133
 30
0.0
 10
400.6889
 20
-392.4328
 30
0.0
 10
400.9759
 20
-392.495
 30
0.0
 10
401.3489
 20
-392.495
 30
0.0
 10
401.6264
 20
-392.495
 30
0.0
 10
401.9947
 20
-392.4615
 30
0.0
 10
402.4491
 20
-392.3946
 30
0.0
  0
ENDSEC
  0
SECTION
  2
OBJECTS
  0
DICTIONARY
  5
C
330
0
100
AcDbDictionary
281
     1
  3
ACAD_DETAILVIEWSTYLE
350
108
  3
ACAD_GROUP
350
D
  3
ACAD_LAYOUT
350
1A
  3
ACAD_MATERIAL
350
43
  3
ACAD_MLEADERSTYLE
350
5B
  3
ACAD_MLINESTYLE
350
17
  3
ACAD_PLOTSETTINGS
350
19
  3
ACAD_PLOTSTYLENAME
350
E
  3
ACAD_SCALELIST
350
47
  3
ACAD_SECTIONVIEWSTYLE
350
109
  3
ACAD_TABLESTYLE
350
59
  3
ACAD_VISUALSTYLE
350
2A
  3
ACDB_RECOMPOSE_DATA
350
105
  3
AcDbVariableDictionary
350
CD
  0
SUN
  5
5D
330
29
100
AcDbSun
 90
        1
290
     0
 63
     7
421
 16777215
 40
1.0
291
     1
 91
  2455826
 92
 54000000
292
     0
 70
     2
 71
   256
280
     1
  0
DICTIONARY
  5
108
102
{ACAD_REACTORS
330
C
102
}
330
C
100
AcDbDictionary
281
     1
  0
DICTIONARY
  5
D
102
{ACAD_REACTORS
330
C
102
}
330
C
100
AcDbDictionary
281
     1
  0
DICTIONARY
  5
1A
102
{ACAD_REACTORS
330
C
102
}
330
C
100
AcDbDictionary
281
     1
  3
Layout1
350
1E
  3
Layout2
350
26
  3
Model
350
22
  0
DICTIONARY
  5
43
102
{ACAD_REACTORS
330
C
102
}
330
C
100
AcDbDictionary
281
     1
  3
ByBlock
350
45
  3
ByLayer
350
44
  3
Global
350
46
  0
DICTIONARY
  5
5B
102
{ACAD_REACTORS
330
C
102
}
330
C
100
AcDbDictionary
281
     1
  3
Standard
350
5C
  0
DICTIONARY
  5
17
102
{ACAD_REACTORS
330
C
102
}
330
C
100
AcDbDictionary
281
     1
  3
Standard
350
18
  0
DICTIONARY
  5
19
102
{ACAD_REACTORS
330
C
102
}
330
C
100
AcDbDictionary
281
     1
  0
ACDBDICTIONARYWDFLT
  5
E
102
{ACAD_REACTORS
330
C
102
}
330
C
100
AcDbDictionary
281
     1
  3
Normal
350
F
100
AcDbDictionaryWithDefault
340
F
  0
DICTIONARY
  5
47
102
{ACAD_REACTORS
330
C
102
}
330
C
100
AcDbDictionary
281
     1
  3
A0
350
48
  3
A1
350
49
  3
A2
350
4A
  3
A3
350
4B
  3
A4
350
4C
  3
A5
350
4D
  3
A6
350
4E
  3
A7
350
4F
  3
A8
350
50
  3
A9
350
51
  3
B1
350
52
  3
B2
350
53
  3
B3
350
54
  3
B4
350
55
  3
B5
350
56
  3
B6
350
57
  3
B7
350
58
  0
DICTIONARY
  5
109
102
{ACAD_REACTORS
330
C
102
}
330
C
100
AcDbDictionary
281
     1
  0
DICTIONARY
  5
59
102
{ACAD_REACTORS
330
C
102
}
330
C
100
AcDbDictionary
281
     1
  3
Standard
350
5A
  0
DICTIONARY
  5
2A
102
{ACAD_REACTORS
330
C
102
}
330
C
100
AcDbDictionary
281
     1
  3
2dWireframe
350
2F
  3
Basic
350
32
  3
Brighten
350
36
  3
ColorChange
350
3A
  3
Conceptual
350
34
  3
Dim
350
35
  3
EdgeColorOff
350
3D
  3
Facepattern
350
39
  3
Flat
350
2B
  3
FlatWithEdges
350
2C
  3
Gouraud
350
2D
  3
GouraudWithEdges
350
2E
  3
Hidden
350
31
  3
JitterOff
350
3B
  3
Linepattern
350
38
  3
OverhangOff
350
3C
  3
Realistic
350
33
  3
Shaded
350
42
  3
Shaded with edges
350
41
  3
Shades of Gray
350
3E
  3
Sketchy
350
3F
  3
Thicken
350
37
  3
Wireframe
350
30
  3
X-Ray
350
40
  0
XRECORD
  5
105
102
{ACAD_REACTORS
330
C
102
}
330
C
100
AcDbXrecord
280
     1
 90
        1
330
5A
  0
DICTIONARY
  5
CD
102
{ACAD_REACTORS
330
C
102
}
330
C
100
AcDbDictionary
281
     1
  3
CANNOSCALE
350
CE
  3
CMLEADERSTYLE
350
107
  3
CTABLESTYLE
350
106
  3
XCLIPFRAME
350
CF
  0
LAYOUT
  5
1E
102
{ACAD_REACTORS
330
1A
102
}
330
1A
100
AcDbPlotSettings
  1

  2
none_device
  4

  6

 40
0.0
 41
0.0
 42
0.0
 43
0.0
 44
0.0
 45
0.0
 46
0.0
 47
0.0
 48
0.0
 49
0.0
140
0.0
141
0.0
142
1.0
143
1.0
 70
   688
 72
     0
 73
     0
 74
     5
  7

 75
    16
 76
     0
 77
     2
 78
   300
147
1.0
148
0.0
149
0.0
100
AcDbLayout
  1
Layout1
 70
     1
 71
     1
 10
0.0
 20
0.0
 11
12.0
 21
9.0
 12
0.0
 22
0.0
 32
0.0
 14
1.000000000000000E+20
 24
1.000000000000000E+20
 34
1.000000000000000E+20
 15
-1.000000000000000E+20
 25
-1.000000000000000E+20
 35
-1.000000000000000E+20
146
0.0
 13
0.0
 23
0.0
 33
0.0
 16
1.0
 26
0.0
 36
0.0
 17
0.0
 27
1.0
 37
0.0
 76
     0
330
1B
  0
LAYOUT
  5
26
102
{ACAD_REACTORS
330
1A
102
}
330
1A
100
AcDbPlotSettings
  1

  2
none_device
  4

  6

 40
0.0
 41
0.0
 42
0.0
 43
0.0
 44
0.0
 45
0.0
 46
0.0
 47
0.0
 48
0.0
 49
0.0
140
0.0
141
0.0
142
1.0
143
1.0
 70
   688
 72
     0
 73
     0
 74
     5
  7

 75
    16
 76
     0
 77
     2
 78
   300
147
1.0
148
0.0
149
0.0
100
AcDbLayout
  1
Layout2
 70
     1
 71
     2
 10
0.0
 20
0.0
 11
0.0
 21
0.0
 12
0.0
 22
0.0
 32
0.0
 14
0.0
 24
0.0
 34
0.0
 15
0.0
 25
0.0
 35
0.0
146
0.0
 13
0.0
 23
0.0
 33
0.0
 16
1.0
 26
0.0
 36
0.0
 17
0.0
 27
1.0
 37
0.0
 76
     0
330
23
  0
LAYOUT
  5
22
102
{ACAD_REACTORS
330
1A
102
}
330
1A
100
AcDbPlotSettings
  1

  2
none_device
  4
Letter_(8.50_x_11.00_Inches)
  6

 40
6.35
 41
6.35
 42
6.35000508
 43
6.35000508
 44
215.9
 45
279.4
 46
0.0
 47
0.0
 48
0.0
 49
0.0
140
0.0
141
0.0
142
1.0
143
1.0
 70
  1712
 72
     0
 73
     0
 74
     0
  7

 75
     0
 76
     0
 77
     2
 78
   300
147
1.0
148
0.0
149
0.0
100
AcDbLayout
  1
Model
 70
     1
 71
     0
 10
0.0
 20
0.0
 11
12.0
 21
9.0
 12
0.0
 22
0.0
 32
0.0
 14
-338.088
 24
-394.9632
 34
0.0
 15
402.7935
 25
403.2574
 35
0.0
146
0.0
 13
0.0
 23
0.0
 33
0.0
 16
1.0
 26
0.0
 36
0.0
 17
0.0
 27
1.0
 37
0.0
 76
     0
330
1F
331
29
  0
MATERIAL
  5
45
102
{ACAD_REACTORS
330
43
102
}
330
43
100
AcDbMaterial
  1
ByBlock
 72
     1
 94
      127
  0
MATERIAL
  5
44
102
{ACAD_REACTORS
330
43
102
}
330
43
100
AcDbMaterial
  1
ByLayer
 72
     1
 94
      127
  0
MATERIAL
  5
46
102
{ACAD_REACTORS
330
43
102
}
330
43
100
AcDbMaterial
  1
Global
 72
     1
 94
      127
  0
MLEADERSTYLE
  5
5C
102
{ACAD_REACTORS
330
5B
102
}
102
{ACAD_XDICTIONARY
360
103
102
}
330
5B
100
AcDbMLeaderStyle
170
     2
171
     1
172
     0
 90
        2
 40
0.0
 41
0.0
173
     1
 91
-1056964608
340
14
 92
       -2
290
     1
 42
0.09
291
     1
 43
0.36
  3
Standard
341
0
 44
0.18
300

342
11
174
     1
178
     6
175
     1
176
     0
 93
-1056964608
 45
0.18
292
     0
297
     0
 46
0.18
343
0
 94
-1056964608
 47
1.0
 49
1.0
140
1.0
293
     1
141
0.0
294
     1
177
     0
142
1.0
295
     0
296
     0
143
0.125
1001
ACAD_MLEADERVER
1070
     2
  0
MLINESTYLE
  5
18
102
{ACAD_REACTORS
330
17
102
}
330
17
100
AcDbMlineStyle
  2
Standard
 70
     0
  3

 62
   256
 51
90.0
 52
90.0
 71
     2
 49
0.5
 62
   256
  6
BYLAYER
 49
-0.5
 62
   256
  6
BYLAYER
  0
ACDBPLACEHOLDER
  5
F
102
{ACAD_REACTORS
330
E
102
}
330
E
  0
SCALE
  5
48
102
{ACAD_REACTORS
330
47
102
}
330
47
100
AcDbScale
 70
     0
300
1:1
140
1.0
141
1.0
290
     1
  0
SCALE
  5
49
102
{ACAD_REACTORS
330
47
102
}
330
47
100
AcDbScale
 70
     0
300
1/128" = 1'-0"
140
0.0078125
141
12.0
290
     0
  0
SCALE
  5
4A
102
{ACAD_REACTORS
330
47
102
}
330
47
100
AcDbScale
 70
     0
300
1/64" = 1'-0"
140
0.015625
141
12.0
290
     0
  0
SCALE
  5
4B
102
{ACAD_REACTORS
330
47
102
}
330
47
100
AcDbScale
 70
     0
300
1/32" = 1'-0"
140
0.03125
141
12.0
290
     0
  0
SCALE
  5
4C
102
{ACAD_REACTORS
330
47
102
}
330
47
100
AcDbScale
 70
     0
300
1/16" = 1'-0"
140
0.0625
141
12.0
290
     0
  0
SCALE
  5
4D
102
{ACAD_REACTORS
330
47
102
}
330
47
100
AcDbScale
 70
     0
300
3/32" = 1'-0"
140
0.09375
141
12.0
290
     0
  0
SCALE
  5
4E
102
{ACAD_REACTORS
330
47
102
}
330
47
100
AcDbScale
 70
     0
300
1/8" = 1'-0"
140
0.125
141
12.0
290
     0
  0
SCALE
  5
4F
102
{ACAD_REACTORS
330
47
102
}
330
47
100
AcDbScale
 70
     0
300
3/16" = 1'-0"
140
0.1875
141
12.0
290
     0
  0
SCALE
  5
50
102
{ACAD_REACTORS
330
47
102
}
330
47
100
AcDbScale
 70
     0
300
1/4" = 1'-0"
140
0.25
141
12.0
290
     0
  0
SCALE
  5
51
102
{ACAD_REACTORS
330
47
102
}
330
47
100
AcDbScale
 70
     0
300
3/8" = 1'-0"
140
0.375
141
12.0
290
     0
  0
SCALE
  5
52
102
{ACAD_REACTORS
330
47
102
}
330
47
100
AcDbScale
 70
     0
300
1/2" = 1'-0"
140
0.5
141
12.0
290
     0
  0
SCALE
  5
53
102
{ACAD_REACTORS
330
47
102
}
330
47
100
AcDbScale
 70
     0
300
3/4" = 1'-0"
140
0.75
141
12.0
290
     0
  0
SCALE
  5
54
102
{ACAD_REACTORS
330
47
102
}
330
47
100
AcDbScale
 70
     0
300
1" = 1'-0"
140
1.0
141
12.0
290
     0
  0
SCALE
  5
55
102
{ACAD_REACTORS
330
47
102
}
330
47
100
AcDbScale
 70
     0
300
1-1/2" = 1'-0"
140
1.5
141
12.0
290
     0
  0
SCALE
  5
56
102
{ACAD_REACTORS
330
47
102
}
330
47
100
AcDbScale
 70
     0
300
3" = 1'-0"
140
3.0
141
12.0
290
     0
  0
SCALE
  5
57
102
{ACAD_REACTORS
330
47
102
}
330
47
100
AcDbScale
 70
     0
300
6" = 1'-0"
140
6.0
141
12.0
290
     0
  0
SCALE
  5
58
102
{ACAD_REACTORS
330
47
102
}
330
47
100
AcDbScale
 70
     0
300
1'-0" = 1'-0"
140
12.0
141
12.0
290
     0
  0
TABLESTYLE
  5
5A
102
{ACAD_REACTORS
330
59
102
}
102
{ACAD_XDICTIONARY
360
100
102
}
330
59
100
AcDbTableStyle
  3
Standard
 70
     0
 71
     0
 40
0.06
 41
0.06
280
     0
281
     0
  7
Standard
140
0.18
170
     2
 62
     0
 63
   257
283
     0
 90
        4
 91
        0
  1

274
    -2
284
     1
 64
     0
275
    -2
285
     1
 65
     0
276
    -2
286
     1
 66
     0
277
    -2
287
     1
 67
     0
278
    -2
288
     1
 68
     0
279
    -2
289
     1
 69
     0
  7
Standard
140
0.25
170
     5
 62
     0
 63
   257
283
     0
 90
        4
 91
        0
  1

274
    -2
284
     1
 64
     0
275
    -2
285
     1
 65
     0
276
    -2
286
     1
 66
     0
277
    -2
287
     1
 67
     0
278
    -2
288
     1
 68
     0
279
    -2
289
     1
 69
     0
  7
Standard
140
0.18
170
     5
 62
     0
 63
   257
283
     0
 90
        4
 91
        0
  1

274
    -2
284
     1
 64
     0
275
    -2
285
     1
 65
     0
276
    -2
286
     1
 66
     0
277
    -2
287
     1
 67
     0
278
    -2
288
     1
 68
     0
279
    -2
289
     1
 69
     0
  0
VISUALSTYLE
  5
2F
102
{ACAD_REACTORS
330
2A
102
}
102
{ACAD_XDICTIONARY
360
D8
102
}
330
2A
100
AcDbVisualStyle
  2
2dWireframe
 70
     4
 71
     0
 72
     2
 73
     0
 90
        0
 40
0.6
 41
30.0
 62
     5
 63
     7
421
 16777215
 74
     1
 91
        4
 64
     7
 65
   257
 75
     1
175
     1
 42
1.0
 92
        0
 66
   257
 43
1.0
 76
     1
 77
     6
 78
     2
 67
     7
 79
     5
170
     0
171
     0
290
     0
174
     0
 93
        1
 44
0.0
173
     0
291
     0
 45
0.0
  0
VISUALSTYLE
  5
32
102
{ACAD_REACTORS
330
2A
102
}
102
{ACAD_XDICTIONARY
360
DE
102
}
330
2A
100
AcDbVisualStyle
  2
Basic
 70
     7
 71
     1
 72
     0
 73
     1
 90
        0
 40
0.6
 41
30.0
 62
     5
 63
     7
421
 16777215
 74
     0
 91
        4
 64
     7
 65
   257
 75
     1
175
     1
 42
1.0
 92
        8
 66
     7
 43
1.0
 76
     1
 77
     6
 78
     2
 67
     7
 79
     5
170
     0
171
     0
290
     0
174
     0
 93
        1
 44
0.0
173
     0
291
     1
 45
0.0
  0
VISUALSTYLE
  5
36
102
{ACAD_REACTORS
330
2A
102
}
102
{ACAD_XDICTIONARY
360
E6
102
}
330
2A
100
AcDbVisualStyle
  2
Brighten
 70
    12
 71
     2
 72
     2
 73
     0
 90
        0
 40
0.6
 41
30.0
 62
     5
 63
     7
421
 16777215
 74
     1
 91
        4
 64
     7
 65
   257
 75
     1
175
     1
 42
1.0
 92
        8
 66
     7
 43
1.0
 76
     1
 77
     6
 78
     2
 67
     7
 79
     5
170
     0
171
     0
290
     0
174
     0
 93
        1
 44
50.0
173
     0
291
     1
 45
0.0
  0
VISUALSTYLE
  5
3A
102
{ACAD_REACTORS
330
2A
102
}
102
{ACAD_XDICTIONARY
360
EE
102
}
330
2A
100
AcDbVisualStyle
  2
ColorChange
 70
    16
 71
     2
 72
     2
 73
     3
 90
        0
 40
0.6
 41
30.0
 62
     5
 63
     8
421
  8421504
 74
     1
 91
        4
 64
     7
 65
   257
 75
     1
175
     1
 42
1.0
 92
        8
 66
     8
424
  8421504
 43
1.0
 76
     1
 77
     6
 78
     2
 67
     7
 79
     5
170
     0
171
     0
290
     0
174
     0
 93
        1
 44
0.0
173
     0
291
     1
 45
0.0
  0
VISUALSTYLE
  5
34
102
{ACAD_REACTORS
330
2A
102
}
102
{ACAD_XDICTIONARY
360
E2
102
}
330
2A
100
AcDbVisualStyle
  2
Conceptual
 70
     9
 71
     3
 72
     2
 73
     0
 90
        0
 40
0.6
 41
30.0
 62
     5
 63
     7
421
 16777215
 74
     2
 91
        2
 64
     7
 65
   257
 75
     1
175
     1
 42
179.0
 92
        8
 66
     7
 43
1.0
 76
     1
 77
     6
 78
     2
 67
     7
 79
     3
170
     0
171
     0
290
     0
174
     0
 93
        1
 44
0.0
173
     0
291
     0
 45
0.0
  0
VISUALSTYLE
  5
35
102
{ACAD_REACTORS
330
2A
102
}
102
{ACAD_XDICTIONARY
360
E4
102
}
330
2A
100
AcDbVisualStyle
  2
Dim
 70
    11
 71
     2
 72
     2
 73
     0
 90
        0
 40
0.6
 41
30.0
 62
     5
 63
     7
421
 16777215
 74
     1
 91
        4
 64
     7
 65
   257
 75
     1
175
     1
 42
1.0
 92
        8
 66
     7
 43
1.0
 76
     1
 77
     6
 78
     2
 67
     7
 79
     5
170
     0
171
     0
290
     0
174
     0
 93
        1
 44
-50.0
173
     0
291
     1
 45
0.0
  0
VISUALSTYLE
  5
3D
102
{ACAD_REACTORS
330
2A
102
}
102
{ACAD_XDICTIONARY
360
F4
102
}
330
2A
100
AcDbVisualStyle
  2
EdgeColorOff
 70
    22
 71
     2
 72
     2
 73
     0
 90
        0
 40
0.6
 41
30.0
 62
     5
 63
     7
421
 16777215
 74
     1
 91
        4
 64
     7
 65
   257
 75
     1
175
     1
 42
1.0
 92
        8
 66
     7
 43
1.0
 76
     1
 77
     6
 78
     2
 67
     7
 79
     5
170
     0
171
     0
290
     0
174
     0
 93
        1
 44
0.0
173
     0
291
     1
 45
0.0
  0
VISUALSTYLE
  5
39
102
{ACAD_REACTORS
330
2A
102
}
102
{ACAD_XDICTIONARY
360
EC
102
}
330
2A
100
AcDbVisualStyle
  2
Facepattern
 70
    15
 71
     2
 72
     2
 73
     0
 90
        0
 40
0.6
 41
30.0
 62
     5
 63
     7
421
 16777215
 74
     1
 91
        4
 64
     7
 65
   257
 75
     1
175
     1
 42
1.0
 92
        8
 66
     7
 43
1.0
 76
     1
 77
     6
 78
     2
 67
     7
 79
     5
170
     0
171
     0
290
     0
174
     0
 93
        1
 44
0.0
173
     0
291
     1
 45
0.0
  0
VISUALSTYLE
  5
2B
102
{ACAD_REACTORS
330
2A
102
}
102
{ACAD_XDICTIONARY
360
D0
102
}
330
2A
100
AcDbVisualStyle
  2
Flat
 70
     0
 71
     2
 72
     1
 73
     1
 90
        2
 40
0.6
 41
30.0
 62
     5
 63
     7
421
 16777215
 74
     0
 91
        0
 64
     7
 65
   257
 75
     1
175
     1
 42
1.0
 92
        8
 66
     7
 43
1.0
 76
     1
 77
     6
 78
     2
 67
     7
 79
     5
170
     0
171
     0
290
     0
174
     0
 93
       13
 44
0.0
173
     0
291
     1
 45
0.0
  0
VISUALSTYLE
  5
2C
102
{ACAD_REACTORS
330
2A
102
}
102
{ACAD_XDICTIONARY
360
D2
102
}
330
2A
100
AcDbVisualStyle
  2
FlatWithEdges
 70
     1
 71
     2
 72
     1
 73
     1
 90
        2
 40
0.6
 41
30.0
 62
     5
 63
     7
421
 16777215
 74
     1
 91
        0
 64
     7
 65
   257
 75
     1
175
     1
 42
1.0
 92
        0
 66
   257
 43
1.0
 76
     1
 77
     6
 78
     2
 67
     7
 79
     5
170
     0
171
     0
290
     0
174
     0
 93
       13
 44
0.0
173
     0
291
     1
 45
0.0
  0
VISUALSTYLE
  5
2D
102
{ACAD_REACTORS
330
2A
102
}
102
{ACAD_XDICTIONARY
360
D4
102
}
330
2A
100
AcDbVisualStyle
  2
Gouraud
 70
     2
 71
     2
 72
     2
 73
     1
 90
        2
 40
0.6
 41
30.0
 62
     5
 63
     7
421
 16777215
 74
     0
 91
        0
 64
     7
 65
   257
 75
     1
175
     1
 42
1.0
 92
        0
 66
     7
 43
1.0
 76
     1
 77
     6
 78
     2
 67
     7
 79
     5
170
     0
171
     0
290
     0
174
     0
 93
       13
 44
0.0
173
     0
291
     1
 45
0.0
  0
VISUALSTYLE
  5
2E
102
{ACAD_REACTORS
330
2A
102
}
102
{ACAD_XDICTIONARY
360
D6
102
}
330
2A
100
AcDbVisualStyle
  2
GouraudWithEdges
 70
     3
 71
     2
 72
     2
 73
     1
 90
        2
 40
0.6
 41
30.0
 62
     5
 63
     7
421
 16777215
 74
     1
 91
        0
 64
     7
 65
   257
 75
     1
175
     1
 42
1.0
 92
        0
 66
   257
 43
1.0
 76
     1
 77
     6
 78
     2
 67
     7
 79
     5
170
     0
171
     0
290
     0
174
     0
 93
       13
 44
0.0
173
     0
291
     1
 45
0.0
  0
VISUALSTYLE
  5
31
102
{ACAD_REACTORS
330
2A
102
}
102
{ACAD_XDICTIONARY
360
DC
102
}
330
2A
100
AcDbVisualStyle
  2
Hidden
 70
     6
 71
     1
 72
     2
 73
     2
 90
        0
 40
0.6
 41
30.0
 62
     5
 63
     7
421
 16777215
 74
     2
 91
        2
 64
     7
 65
   257
 75
     2
175
     1
 42
40.0
 92
        0
 66
   257
 43
1.0
 76
     1
 77
     6
 78
     2
 67
     7
 79
     3
170
     0
171
     0
290
     0
174
     0
 93
        1
 44
0.0
173
     0
291
     0
 45
0.0
  0
VISUALSTYLE
  5
3B
102
{ACAD_REACTORS
330
2A
102
}
102
{ACAD_XDICTIONARY
360
F0
102
}
330
2A
100
AcDbVisualStyle
  2
JitterOff
 70
    20
 71
     2
 72
     2
 73
     0
 90
        0
 40
0.6
 41
30.0
 62
     5
 63
     7
421
 16777215
 74
     1
 91
        4
 64
     7
 65
   257
 75
     1
175
     1
 42
1.0
 92
       10
 66
     7
 43
1.0
 76
     1
 77
     6
 78
     2
 67
     7
 79
     5
170
     0
171
     0
290
     0
174
     0
 93
        1
 44
0.0
173
     0
291
     1
 45
0.0
  0
VISUALSTYLE
  5
38
102
{ACAD_REACTORS
330
2A
102
}
102
{ACAD_XDICTIONARY
360
EA
102
}
330
2A
100
AcDbVisualStyle
  2
Linepattern
 70
    14
 71
     2
 72
     2
 73
     0
 90
        0
 40
0.6
 41
30.0
 62
     5
 63
     7
421
 16777215
 74
     1
 91
        4
 64
     7
 65
   257
 75
     7
175
     7
 42
1.0
 92
        8
 66
     7
 43
1.0
 76
     1
 77
     6
 78
     2
 67
     7
 79
     5
170
     0
171
     0
290
     0
174
     0
 93
        1
 44
0.0
173
     0
291
     1
 45
0.0
  0
VISUALSTYLE
  5
3C
102
{ACAD_REACTORS
330
2A
102
}
102
{ACAD_XDICTIONARY
360
F2
102
}
330
2A
100
AcDbVisualStyle
  2
OverhangOff
 70
    21
 71
     2
 72
     2
 73
     0
 90
        0
 40
0.6
 41
30.0
 62
     5
 63
     7
421
 16777215
 74
     1
 91
        4
 64
     7
 65
   257
 75
     1
175
     1
 42
1.0
 92
        9
 66
     7
 43
1.0
 76
     1
 77
     6
 78
     2
 67
     7
 79
     5
170
     0
171
     0
290
     0
174
     0
 93
        1
 44
0.0
173
     0
291
     1
 45
0.0
  0
VISUALSTYLE
  5
33
102
{ACAD_REACTORS
330
2A
102
}
102
{ACAD_XDICTIONARY
360
E0
102
}
330
2A
100
AcDbVisualStyle
  2
Realistic
 70
     8
 71
     2
 72
     3
 73
     0
 90
        2
 40
0.6
 41
30.0
 62
     5
 63
     7
421
 16777215
 74
     0
 91
        0
 64
     7
 65
   257
 75
     1
175
     1
 42
1.0
 92
        8
 66
   257
 43
1.0
 76
     1
 77
     6
 78
     2
 67
     7
 79
     3
170
     0
171
     0
290
     0
174
     0
 93
       13
 44
0.0
173
     0
291
     0
 45
0.0
  0
VISUALSTYLE
  5
42
102
{ACAD_REACTORS
330
2A
102
}
102
{ACAD_XDICTIONARY
360
FE
102
}
330
2A
100
AcDbVisualStyle
  2
Shaded
 70
    27
 71
     2
 72
     2
 73
     1
 90
        2
 40
0.6
 41
30.0
 62
     5
 63
     7
421
 16777215
 74
     0
 91
        4
 64
     7
 65
   257
 75
     1
175
     1
 42
1.0
 92
        8
 66
   257
 43
1.0
 76
     1
 77
     6
 78
     2
 67
     8
425
  7895160
 79
     3
170
     0
171
     0
290
     0
174
     0
 93
        5
 44
0.0
173
     0
291
     0
 45
0.0
  0
VISUALSTYLE
  5
41
102
{ACAD_REACTORS
330
2A
102
}
102
{ACAD_XDICTIONARY
360
FC
102
}
330
2A
100
AcDbVisualStyle
  2
Shaded with edges
 70
    26
 71
     2
 72
     2
 73
     1
 90
        2
 40
0.6
 41
30.0
 62
     5
 63
     7
421
 16777215
 74
     1
 91
       10
 64
     7
 65
   257
 75
     2
175
     1
 42
1.0
 92
        8
 66
   257
 43
1.0
 76
     1
 77
     6
 78
     2
 67
     7
 79
     3
170
     0
171
     0
290
     0
174
     0
 93
        5
 44
0.0
173
     0
291
     0
 45
0.0
  0
VISUALSTYLE
  5
3E
102
{ACAD_REACTORS
330
2A
102
}
102
{ACAD_XDICTIONARY
360
F6
102
}
330
2A
100
AcDbVisualStyle
  2
Shades of Gray
 70
    23
 71
     2
 72
     2
 73
     3
 90
        0
 40
0.6
 41
30.0
 62
     5
 63
     7
421
 16777215
 74
     2
 91
        2
 64
     7
 65
     7
 75
     1
175
     1
 42
40.0
 92
        8
 66
     7
 43
1.0
 76
     1
 77
     6
 78
     2
 67
     7
 79
     3
170
     0
171
     0
290
     0
174
     0
 93
        1
 44
0.0
173
     0
291
     0
 45
0.0
  0
VISUALSTYLE
  5
3F
102
{ACAD_REACTORS
330
2A
102
}
102
{ACAD_XDICTIONARY
360
F8
102
}
330
2A
100
AcDbVisualStyle
  2
Sketchy
 70
    24
 71
     1
 72
     2
 73
     2
 90
        0
 40
0.6
 41
30.0
 62
     5
 63
     7
421
 16777215
 74
     2
 91
        2
 64
     7
 65
     7
 75
     1
175
     1
 42
40.0
 92
       11
 66
     7
 43
1.0
 76
     1
 77
     6
 78
     2
 67
     7
 79
     6
170
     0
171
     0
290
     0
174
     0
 93
        1
 44
0.0
173
     0
291
     0
 45
0.0
  0
VISUALSTYLE
  5
37
102
{ACAD_REACTORS
330
2A
102
}
102
{ACAD_XDICTIONARY
360
E8
102
}
330
2A
100
AcDbVisualStyle
  2
Thicken
 70
    13
 71
     2
 72
     2
 73
     0
 90
        0
 40
0.6
 41
30.0
 62
     5
 63
     7
421
 16777215
 74
     1
 91
        4
 64
     7
 65
   257
 75
     1
175
     1
 42
1.0
 92
       12
 66
     7
 43
1.0
 76
     1
 77
     6
 78
     2
 67
     7
 79
     5
170
     0
171
     0
290
     0
174
     0
 93
        1
 44
0.0
173
     0
291
     1
 45
0.0
  0
VISUALSTYLE
  5
30
102
{ACAD_REACTORS
330
2A
102
}
102
{ACAD_XDICTIONARY
360
DA
102
}
330
2A
100
AcDbVisualStyle
  2
Wireframe
 70
     5
 71
     0
 72
     2
 73
     0
 90
        0
 40
0.6
 41
30.0
 62
     5
 63
     7
421
 16777215
 74
     1
 91
        4
 64
     7
 65
   257
 75
     1
175
     1
 42
1.0
 92
        0
 66
   257
 43
1.0
 76
     1
 77
     6
 78
     2
 67
     7
 79
     3
170
     0
171
     0
290
     0
174
     0
 93
        1
 44
0.0
173
     0
291
     0
 45
0.0
  0
VISUALSTYLE
  5
40
102
{ACAD_REACTORS
330
2A
102
}
102
{ACAD_XDICTIONARY
360
FA
102
}
330
2A
100
AcDbVisualStyle
  2
X-Ray
 70
    25
 71
     2
 72
     2
 73
     1
 90
        1
 40
0.5
 41
30.0
 62
     5
 63
     7
421
 16777215
 74
     1
 91
        0
 64
     7
 65
   257
 75
     1
175
     1
 42
1.0
 92
        8
 66
     7
 43
1.0
 76
     1
 77
     6
 78
     2
 67
     7
 79
     3
170
     0
171
     0
290
     0
174
     0
 93
       13
 44
0.0
173
     0
291
     0
 45
0.0
  0
DICTIONARYVAR
  5
CE
102
{ACAD_REACTORS
330
CD
102
}
330
CD
100
DictionaryVariables
280
     0
  1
1:1
  0
DICTIONARYVAR
  5
107
102
{ACAD_REACTORS
330
CD
102
}
330
CD
100
DictionaryVariables
280
     0
  1
Standard
  0
DICTIONARYVAR
  5
106
102
{ACAD_REACTORS
330
CD
102
}
330
CD
100
DictionaryVariables
280
     0
  1
Standard
  0
DICTIONARYVAR
  5
CF
102
{ACAD_REACTORS
330
CD
102
}
330
CD
100
DictionaryVariables
280
     0
  1
2
  0
DICTIONARY
  5
103
330
5C
100
AcDbDictionary
280
     1
281
     1
  3
ACAD_XREC_ROUNDTRIP
360
104
  0
DICTIONARY
  5
100
330
5A
100
AcDbDictionary
280
     1
281
     1
  3
ACAD_ROUNDTRIP_2008_TABLESTYLE_CELLSTYLEMAP
360
101
  0
DICTIONARY
  5
D8
330
2F
100
AcDbDictionary
280
     1
281
     1
  3
ACAD_XREC_ROUNDTRIP
360
D9
  0
DICTIONARY
  5
DE
330
32
100
AcDbDictionary
280
     1
281
     1
  3
ACAD_XREC_ROUNDTRIP
360
DF
  0
DICTIONARY
  5
E6
330
36
100
AcDbDictionary
280
     1
281
     1
  3
ACAD_XREC_ROUNDTRIP
360
E7
  0
DICTIONARY
  5
EE
330
3A
100
AcDbDictionary
280
     1
281
     1
  3
ACAD_XREC_ROUNDTRIP
360
EF
  0
DICTIONARY
  5
E2
330
34
100
AcDbDictionary
280
     1
281
     1
  3
ACAD_XREC_ROUNDTRIP
360
E3
  0
DICTIONARY
  5
E4
330
35
100
AcDbDictionary
280
     1
281
     1
  3
ACAD_XREC_ROUNDTRIP
360
E5
  0
DICTIONARY
  5
F4
330
3D
100
AcDbDictionary
280
     1
281
     1
  3
ACAD_XREC_ROUNDTRIP
360
F5
  0
DICTIONARY
  5
EC
330
39
100
AcDbDictionary
280
     1
281
     1
  3
ACAD_XREC_ROUNDTRIP
360
ED
  0
DICTIONARY
  5
D0
330
2B
100
AcDbDictionary
280
     1
281
     1
  3
ACAD_XREC_ROUNDTRIP
360
D1
  0
DICTIONARY
  5
D2
330
2C
100
AcDbDictionary
280
     1
281
     1
  3
ACAD_XREC_ROUNDTRIP
360
D3
  0
DICTIONARY
  5
D4
330
2D
100
AcDbDictionary
280
     1
281
     1
  3
ACAD_XREC_ROUNDTRIP
360
D5
  0
DICTIONARY
  5
D6
330
2E
100
AcDbDictionary
280
     1
281
     1
  3
ACAD_XREC_ROUNDTRIP
360
D7
  0
DICTIONARY
  5
DC
330
31
100
AcDbDictionary
280
     1
281
     1
  3
ACAD_XREC_ROUNDTRIP
360
DD
  0
DICTIONARY
  5
F0
330
3B
100
AcDbDictionary
280
     1
281
     1
  3
ACAD_XREC_ROUNDTRIP
360
F1
  0
DICTIONARY
  5
EA
330
38
100
AcDbDictionary
280
     1
281
     1
  3
ACAD_XREC_ROUNDTRIP
360
EB
  0
DICTIONARY
  5
F2
330
3C
100
AcDbDictionary
280
     1
281
     1
  3
ACAD_XREC_ROUNDTRIP
360
F3
  0
DICTIONARY
  5
E0
330
33
100
AcDbDictionary
280
     1
281
     1
  3
ACAD_XREC_ROUNDTRIP
360
E1
  0
DICTIONARY
  5
FE
330
42
100
AcDbDictionary
280
     1
281
     1
  3
ACAD_XREC_ROUNDTRIP
360
FF
  0
DICTIONARY
  5
FC
330
41
100
AcDbDictionary
280
     1
281
     1
  3
ACAD_XREC_ROUNDTRIP
360
FD
  0
DICTIONARY
  5
F6
330
3E
100
AcDbDictionary
280
     1
281
     1
  3
ACAD_XREC_ROUNDTRIP
360
F7
  0
DICTIONARY
  5
F8
330
3F
100
AcDbDictionary
280
     1
281
     1
  3
ACAD_XREC_ROUNDTRIP
360
F9
  0
DICTIONARY
  5
E8
330
37
100
AcDbDictionary
280
     1
281
     1
  3
ACAD_XREC_ROUNDTRIP
360
E9
  0
DICTIONARY
  5
DA
330
30
100
AcDbDictionary
280
     1
281
     1
  3
ACAD_XREC_ROUNDTRIP
360
DB
  0
DICTIONARY
  5
FA
330
40
100
AcDbDictionary
280
     1
281
     1
  3
ACAD_XREC_ROUNDTRIP
360
FB
  0
XRECORD
  5
104
102
{ACAD_REACTORS
330
103
102
}
330
103
100
AcDbXrecord
280
     1
102
ACAD_ROUNDTRIP_2010_MLEADER_STYLE
  0
CELLSTYLEMAP
  5
101
102
{ACAD_REACTORS
330
100
102
}
330
100
100
AcDbCellStyleMap
 90
        3
300
CELLSTYLE
  1
TABLEFORMAT_BEGIN
 90
        5
170
     1
 91
        0
 92
    32768
 62
   257
 93
        1
300
CONTENTFORMAT
  1
CONTENTFORMAT_BEGIN
 90
        0
 91
        0
 92
        4
 93
        0
300

 40
0.0
140
1.0
 94
        5
 62
     0
340
11
144
0.25
309
CONTENTFORMAT_END
171
     1
301
MARGIN
  1
CELLMARGIN_BEGIN
 40
0.06
 40
0.06
 40
0.06
 40
0.06
 40
0.06
 40
0.06
309
CELLMARGIN_END
 94
        6
 95
        1
302
GRIDFORMAT
  1
GRIDFORMAT_BEGIN
 90
        0
 91
        1
 62
     0
 92
       -2
340
14
 93
        0
 40
0.045
309
GRIDFORMAT_END
 95
        2
302
GRIDFORMAT
  1
GRIDFORMAT_BEGIN
 90
        0
 91
        1
 62
     0
 92
       -2
340
14
 93
        0
 40
0.045
309
GRIDFORMAT_END
 95
        4
302
GRIDFORMAT
  1
GRIDFORMAT_BEGIN
 90
        0
 91
        1
 62
     0
 92
       -2
340
14
 93
        0
 40
0.045
309
GRIDFORMAT_END
 95
        8
302
GRIDFORMAT
  1
GRIDFORMAT_BEGIN
 90
        0
 91
        1
 62
     0
 92
       -2
340
14
 93
        0
 40
0.045
309
GRIDFORMAT_END
 95
       16
302
GRIDFORMAT
  1
GRIDFORMAT_BEGIN
 90
        0
 91
        1
 62
     0
 92
       -2
340
14
 93
        0
 40
0.045
309
GRIDFORMAT_END
 95
       32
302
GRIDFORMAT
  1
GRIDFORMAT_BEGIN
 90
        0
 91
        1
 62
     0
 92
       -2
340
14
 93
        0
 40
0.045
309
GRIDFORMAT_END
309
TABLEFORMAT_END
  1
CELLSTYLE_BEGIN
 90
        1
 91
        1
300
_TITLE
309
CELLSTYLE_END
300
CELLSTYLE
  1
TABLEFORMAT_BEGIN
 90
        5
170
     1
 91
        0
 92
        0
 62
   257
 93
        1
300
CONTENTFORMAT
  1
CONTENTFORMAT_BEGIN
 90
        0
 91
        0
 92
        4
 93
        0
300

 40
0.0
140
1.0
 94
        5
 62
     0
340
11
144
0.18
309
CONTENTFORMAT_END
171
     1
301
MARGIN
  1
CELLMARGIN_BEGIN
 40
0.06
 40
0.06
 40
0.06
 40
0.06
 40
0.06
 40
0.06
309
CELLMARGIN_END
 94
        6
 95
        1
302
GRIDFORMAT
  1
GRIDFORMAT_BEGIN
 90
        0
 91
        1
 62
     0
 92
       -2
340
14
 93
        0
 40
0.045
309
GRIDFORMAT_END
 95
        2
302
GRIDFORMAT
  1
GRIDFORMAT_BEGIN
 90
        0
 91
        1
 62
     0
 92
       -2
340
14
 93
        0
 40
0.045
309
GRIDFORMAT_END
 95
        4
302
GRIDFORMAT
  1
GRIDFORMAT_BEGIN
 90
        0
 91
        1
 62
     0
 92
       -2
340
14
 93
        0
 40
0.045
309
GRIDFORMAT_END
 95
        8
302
GRIDFORMAT
  1
GRIDFORMAT_BEGIN
 90
        0
 91
        1
 62
     0
 92
       -2
340
14
 93
        0
 40
0.045
309
GRIDFORMAT_END
 95
       16
302
GRIDFORMAT
  1
GRIDFORMAT_BEGIN
 90
        0
 91
        1
 62
     0
 92
       -2
340
14
 93
        0
 40
0.045
309
GRIDFORMAT_END
 95
       32
302
GRIDFORMAT
  1
GRIDFORMAT_BEGIN
 90
        0
 91
        1
 62
     0
 92
       -2
340
14
 93
        0
 40
0.045
309
GRIDFORMAT_END
309
TABLEFORMAT_END
  1
CELLSTYLE_BEGIN
 90
        2
 91
        1
300
_HEADER
309
CELLSTYLE_END
300
CELLSTYLE
  1
TABLEFORMAT_BEGIN
 90
        5
170
     1
 91
        0
 92
        0
 62
   257
 93
        1
300
CONTENTFORMAT
  1
CONTENTFORMAT_BEGIN
 90
        0
 91
        0
 92
        4
 93
        0
300

 40
0.0
140
1.0
 94
        2
 62
     0
340
11
144
0.18
309
CONTENTFORMAT_END
171
     1
301
MARGIN
  1
CELLMARGIN_BEGIN
 40
0.06
 40
0.06
 40
0.06
 40
0.06
 40
0.06
 40
0.06
309
CELLMARGIN_END
 94
        6
 95
        1
302
GRIDFORMAT
  1
GRIDFORMAT_BEGIN
 90
        0
 91
        1
 62
     0
 92
       -2
340
14
 93
        0
 40
0.045
309
GRIDFORMAT_END
 95
        2
302
GRIDFORMAT
  1
GRIDFORMAT_BEGIN
 90
        0
 91
        1
 62
     0
 92
       -2
340
14
 93
        0
 40
0.045
309
GRIDFORMAT_END
 95
        4
302
GRIDFORMAT
  1
GRIDFORMAT_BEGIN
 90
        0
 91
        1
 62
     0
 92
       -2
340
14
 93
        0
 40
0.045
309
GRIDFORMAT_END
 95
        8
302
GRIDFORMAT
  1
GRIDFORMAT_BEGIN
 90
        0
 91
        1
 62
     0
 92
       -2
340
14
 93
        0
 40
0.045
309
GRIDFORMAT_END
 95
       16
302
GRIDFORMAT
  1
GRIDFORMAT_BEGIN
 90
        0
 91
        1
 62
     0
 92
       -2
340
14
 93
        0
 40
0.045
309
GRIDFORMAT_END
 95
       32
302
GRIDFORMAT
  1
GRIDFORMAT_BEGIN
 90
        0
 91
        1
 62
     0
 92
       -2
340
14
 93
        0
 40
0.045
309
GRIDFORMAT_END
309
TABLEFORMAT_END
  1
CELLSTYLE_BEGIN
 90
        3
 91
        2
300
_DATA
309
CELLSTYLE_END
  0
XRECORD
  5
D9
102
{ACAD_REACTORS
330
D8
102
}
330
D8
100
AcDbXrecord
280
     1
102
RTVSPropertyOp0
 70
     1
102
RTVSPropertyOp1
 70
     1
102
RTVSPropertyOp2
 70
     1
102
RTVSPropertyOp3
 70
     1
102
RTVSPropertyOp4
 70
     1
102
RTVSPropertyOp5
 70
     1
102
RTVSPropertyOp6
 70
     1
102
RTVSPropertyOp7
 70
     1
102
RTVSPropertyOp8
 70
     1
102
RTVSPropertyOp9
 70
     1
102
RTVSPropertyOp10
 70
     1
102
RTVSPropertyOp11
 70
     1
102
RTVSPropertyOp12
 70
     1
102
RTVSPropertyOp13
 70
     1
102
RTVSPropertyOp14
 70
     1
102
RTVSPropertyOp15
 70
     1
102
RTVSPropertyOp16
 70
     1
102
RTVSPropertyOp17
 70
     1
102
RTVSPropertyOp18
 70
     1
102
RTVSPropertyOp19
 70
     1
102
RTVSPropertyOp20
 70
     1
102
RTVSPropertyOp21
 70
     1
102
RTVSPropertyOp22
 70
     1
102
RTVSPropertyOp23
 70
     1
102
RTVSPropertyOp24
 70
     1
102
RTVSPropertyOp25
 70
     1
102
RTVSPropertyOp26
 70
     1
102
RTVSPropertyOp27
 70
     1
102
RTVSPropertyOp28
 70
     1
102
RTVSPropertyOp29
 70
     1
102
RTVSPropertyOp30
 70
     1
102
RTVSPropertyOp31
 70
     1
102
RTVSPropertyOp32
 70
     1
102
RTVSPropertyOp33
 70
     1
102
RTVSPropertyOp34
 70
     1
102
RTVSPropertyOp35
 70
     1
102
RTVSPropertyOp36
 70
     1
102
RTVSPropertyOp37
 70
     1
102
RTVSPropertyOp38
 70
     1
102
RTVSPropertyOp39
 70
     1
102
RTVSPropertyOp40
 70
     1
102
RTVSPropertyOp41
 70
     1
102
RTVSPropertyOp42
 70
     1
102
RTVSPropertyOp43
 70
     1
102
RTVSPropertyOp44
 70
     1
102
RTVSPropertyOp45
 70
     1
102
RTVSPropertyOp46
 70
     1
102
RTVSPropertyOp47
 70
     1
102
RTVSPropertyOp48
 70
     1
102
RTVSPropertyOp49
 70
     1
102
RTVSPropertyOp50
 70
     1
102
RTVSPropertyOp51
 70
     0
102
RTVSPropertyOp52
 70
     0
102
RTVSPropertyOp53
 70
     1
102
RTVSPropertyOp54
 70
     1
102
RTVSPropertyOp55
 70
     1
102
RTVSPropertyOp56
 70
     1
102
RTVSPropertyOp57
 70
     1
102
RTVSPost2010Prop28
280
     1
102
RTVSPost2010PropOp28
 70
     1
102
RTVSPost2010Prop29
280
     1
102
RTVSPost2010PropOp29
 70
     1
102
RTVSPost2010Prop30
280
     0
102
RTVSPost2010PropOp30
 70
     1
102
RTVSPost2010Prop31
280
     0
102
RTVSPost2010PropOp31
 70
     1
102
RTVSPost2010Prop32
280
     0
102
RTVSPost2010PropOp32
 70
     1
102
RTVSPost2010Prop33
280
     0
102
RTVSPost2010PropOp33
 70
     1
102
RTVSPost2010Prop34
280
     0
102
RTVSPost2010PropOp34
 70
     1
102
RTVSPost2010Prop35
280
     0
102
RTVSPost2010PropOp35
 70
     1
102
RTVSPost2010Prop36
280
     0
102
RTVSPost2010PropOp36
 70
     1
102
RTVSPost2010Prop37
 90
       50
102
RTVSPost2010PropOp37
 70
     1
102
RTVSPost2010Prop38
140
0.0
102
RTVSPost2010PropOp38
 70
     1
102
RTVSPost2010Prop39
140
1.0
102
RTVSPost2010PropOp39
 70
     1
102
RTVSPost2010Prop40
 90
        0
102
RTVSPost2010PropOp40
 70
     1
102
RTVSPost2010Prop41ColorIndex
 90
       18
102
RTVSPost2010Prop41ColorRGB
 90
        0
102
RTVSPost2010PropOp41
 70
     1
102
RTVSPost2010Prop42
 90
       50
102
RTVSPost2010PropOp42
 70
     1
102
RTVSPost2010Prop43
 90
        3
102
RTVSPost2010PropOp43
 70
     1
102
RTVSPost2010Prop44ColorIndex
 90
        5
102
RTVSPost2010Prop44ColorRGB
 90
      255
102
RTVSPost2010PropOp44
 70
     1
102
RTVSPost2010Prop45
280
     0
102
RTVSPost2010PropOp45
 70
     1
102
RTVSPost2010Prop46
 90
       50
102
RTVSPost2010PropOp46
 70
     1
102
RTVSPost2010Prop47
 90
       50
102
RTVSPost2010PropOp47
 70
     1
102
RTVSPost2010Prop48
 90
       50
102
RTVSPost2010PropOp48
 70
     1
102
RTVSPost2010Prop49
280
     0
102
RTVSPost2010PropOp49
 70
     1
102
RTVSPost2010Prop50
 90
       50
102
RTVSPost2010PropOp50
 70
     1
102
RTVSPost2010Prop51ColorIndex
 90
      256
102
RTVSPost2010Prop51ColorRGB
 90
-16777216
102
RTVSPost2010PropOp51
 70
     0
102
RTVSPost2010Prop52
140
1.0
102
RTVSPost2010PropOp52
 70
     0
102
RTVSPost2010Prop53
 90
        2
102
RTVSPost2010PropOp53
 70
     1
102
RTVSPost2010Prop54
  1
strokes_ogs.tif
102
RTVSPost2010PropOp54
 70
     1
102
RTVSPost2010Prop55
280
     0
102
RTVSPost2010PropOp55
 70
     1
102
RTVSPost2010Prop56
140
1.0
102
RTVSPost2010PropOp56
 70
     1
102
RTVSPost2010Prop57
140
1.0
102
RTVSPost2010PropOp57
 70
     1
  0
XRECORD
  5
DF
102
{ACAD_REACTORS
330
DE
102
}
330
DE
100
AcDbXrecord
280
     1
102
RTVSPropertyOp0
 70
     1
102
RTVSPropertyOp1
 70
     1
102
RTVSPropertyOp2
 70
     1
102
RTVSPropertyOp3
 70
     1
102
RTVSPropertyOp4
 70
     1
102
RTVSPropertyOp5
 70
     1
102
RTVSPropertyOp6
 70
     1
102
RTVSPropertyOp7
 70
     1
102
RTVSPropertyOp8
 70
     1
102
RTVSPropertyOp9
 70
     1
102
RTVSPropertyOp10
 70
     1
102
RTVSPropertyOp11
 70
     1
102
RTVSPropertyOp12
 70
     1
102
RTVSPropertyOp13
 70
     1
102
RTVSPropertyOp14
 70
     1
102
RTVSPropertyOp15
 70
     1
102
RTVSPropertyOp16
 70
     1
102
RTVSPropertyOp17
 70
     1
102
RTVSPropertyOp18
 70
     1
102
RTVSPropertyOp19
 70
     1
102
RTVSPropertyOp20
 70
     1
102
RTVSPropertyOp21
 70
     1
102
RTVSPropertyOp22
 70
     1
102
RTVSPropertyOp23
 70
     1
102
RTVSPropertyOp24
 70
     1
102
RTVSPropertyOp25
 70
     1
102
RTVSPropertyOp26
 70
     1
102
RTVSPropertyOp27
 70
     1
102
RTVSPropertyOp28
 70
     1
102
RTVSPropertyOp29
 70
     1
102
RTVSPropertyOp30
 70
     1
102
RTVSPropertyOp31
 70
     1
102
RTVSPropertyOp32
 70
     1
102
RTVSPropertyOp33
 70
     1
102
RTVSPropertyOp34
 70
     1
102
RTVSPropertyOp35
 70
     1
102
RTVSPropertyOp36
 70
     1
102
RTVSPropertyOp37
 70
     1
102
RTVSPropertyOp38
 70
     1
102
RTVSPropertyOp39
 70
     1
102
RTVSPropertyOp40
 70
     1
102
RTVSPropertyOp41
 70
     1
102
RTVSPropertyOp42
 70
     1
102
RTVSPropertyOp43
 70
     1
102
RTVSPropertyOp44
 70
     1
102
RTVSPropertyOp45
 70
     1
102
RTVSPropertyOp46
 70
     1
102
RTVSPropertyOp47
 70
     1
102
RTVSPropertyOp48
 70
     1
102
RTVSPropertyOp49
 70
     1
102
RTVSPropertyOp50
 70
     1
102
RTVSPropertyOp51
 70
     0
102
RTVSPropertyOp52
 70
     0
102
RTVSPropertyOp53
 70
     1
102
RTVSPropertyOp54
 70
     1
102
RTVSPropertyOp55
 70
     1
102
RTVSPropertyOp56
 70
     1
102
RTVSPropertyOp57
 70
     1
102
RTVSPost2010Prop28
280
     0
102
RTVSPost2010PropOp28
 70
     1
102
RTVSPost2010Prop29
280
     1
102
RTVSPost2010PropOp29
 70
     1
102
RTVSPost2010Prop30
280
     1
102
RTVSPost2010PropOp30
 70
     1
102
RTVSPost2010Prop31
280
     0
102
RTVSPost2010PropOp31
 70
     1
102
RTVSPost2010Prop32
280
     0
102
RTVSPost2010PropOp32
 70
     1
102
RTVSPost2010Prop33
280
     0
102
RTVSPost2010PropOp33
 70
     1
102
RTVSPost2010Prop34
280
     0
102
RTVSPost2010PropOp34
 70
     1
102
RTVSPost2010Prop35
280
     0
102
RTVSPost2010PropOp35
 70
     1
102
RTVSPost2010Prop36
280
     0
102
RTVSPost2010PropOp36
 70
     1
102
RTVSPost2010Prop37
 90
       50
102
RTVSPost2010PropOp37
 70
     1
102
RTVSPost2010Prop38
140
0.0
102
RTVSPost2010PropOp38
 70
     1
102
RTVSPost2010Prop39
140
1.0
102
RTVSPost2010PropOp39
 70
     1
102
RTVSPost2010Prop40
 90
        0
102
RTVSPost2010PropOp40
 70
     1
102
RTVSPost2010Prop41ColorIndex
 90
       18
102
RTVSPost2010Prop41ColorRGB
 90
        0
102
RTVSPost2010PropOp41
 70
     1
102
RTVSPost2010Prop42
 90
       50
102
RTVSPost2010PropOp42
 70
     1
102
RTVSPost2010Prop43
 90
        3
102
RTVSPost2010PropOp43
 70
     1
102
RTVSPost2010Prop44ColorIndex
 90
        5
102
RTVSPost2010Prop44ColorRGB
 90
      255
102
RTVSPost2010PropOp44
 70
     1
102
RTVSPost2010Prop45
280
     0
102
RTVSPost2010PropOp45
 70
     1
102
RTVSPost2010Prop46
 90
       50
102
RTVSPost2010PropOp46
 70
     1
102
RTVSPost2010Prop47
 90
       50
102
RTVSPost2010PropOp47
 70
     1
102
RTVSPost2010Prop48
 90
       50
102
RTVSPost2010PropOp48
 70
     1
102
RTVSPost2010Prop49
280
     0
102
RTVSPost2010PropOp49
 70
     1
102
RTVSPost2010Prop50
 90
       50
102
RTVSPost2010PropOp50
 70
     1
102
RTVSPost2010Prop51ColorIndex
 90
      256
102
RTVSPost2010Prop51ColorRGB
 90
-16777216
102
RTVSPost2010PropOp51
 70
     0
102
RTVSPost2010Prop52
140
1.0
102
RTVSPost2010PropOp52
 70
     0
102
RTVSPost2010Prop53
 90
        2
102
RTVSPost2010PropOp53
 70
     1
102
RTVSPost2010Prop54
  1
strokes_ogs.tif
102
RTVSPost2010PropOp54
 70
     1
102
RTVSPost2010Prop55
280
     0
102
RTVSPost2010PropOp55
 70
     1
102
RTVSPost2010Prop56
140
1.0
102
RTVSPost2010PropOp56
 70
     1
102
RTVSPost2010Prop57
140
1.0
102
RTVSPost2010PropOp57
 70
     1
  0
XRECORD
  5
E7
102
{ACAD_REACTORS
330
E6
102
}
330
E6
100
AcDbXrecord
280
     1
102
RTVSPropertyOp0
 70
     1
102
RTVSPropertyOp1
 70
     1
102
RTVSPropertyOp2
 70
     1
102
RTVSPropertyOp3
 70
     1
102
RTVSPropertyOp4
 70
     1
102
RTVSPropertyOp5
 70
     1
102
RTVSPropertyOp6
 70
     1
102
RTVSPropertyOp7
 70
     1
102
RTVSPropertyOp8
 70
     1
102
RTVSPropertyOp9
 70
     1
102
RTVSPropertyOp10
 70
     1
102
RTVSPropertyOp11
 70
     1
102
RTVSPropertyOp12
 70
     1
102
RTVSPropertyOp13
 70
     1
102
RTVSPropertyOp14
 70
     1
102
RTVSPropertyOp15
 70
     1
102
RTVSPropertyOp16
 70
     1
102
RTVSPropertyOp17
 70
     1
102
RTVSPropertyOp18
 70
     1
102
RTVSPropertyOp19
 70
     1
102
RTVSPropertyOp20
 70
     1
102
RTVSPropertyOp21
 70
     1
102
RTVSPropertyOp22
 70
     1
102
RTVSPropertyOp23
 70
     1
102
RTVSPropertyOp24
 70
     1
102
RTVSPropertyOp25
 70
     1
102
RTVSPropertyOp26
 70
     1
102
RTVSPropertyOp27
 70
     1
102
RTVSPropertyOp28
 70
     1
102
RTVSPropertyOp29
 70
     1
102
RTVSPropertyOp30
 70
     1
102
RTVSPropertyOp31
 70
     1
102
RTVSPropertyOp32
 70
     1
102
RTVSPropertyOp33
 70
     1
102
RTVSPropertyOp34
 70
     1
102
RTVSPropertyOp35
 70
     1
102
RTVSPropertyOp36
 70
     1
102
RTVSPropertyOp37
 70
     1
102
RTVSPropertyOp38
 70
     1
102
RTVSPropertyOp39
 70
     1
102
RTVSPropertyOp40
 70
     1
102
RTVSPropertyOp41
 70
     1
102
RTVSPropertyOp42
 70
     1
102
RTVSPropertyOp43
 70
     1
102
RTVSPropertyOp44
 70
     1
102
RTVSPropertyOp45
 70
     1
102
RTVSPropertyOp46
 70
     1
102
RTVSPropertyOp47
 70
     1
102
RTVSPropertyOp48
 70
     1
102
RTVSPropertyOp49
 70
     1
102
RTVSPropertyOp50
 70
     1
102
RTVSPropertyOp51
 70
     0
102
RTVSPropertyOp52
 70
     0
102
RTVSPropertyOp53
 70
     1
102
RTVSPropertyOp54
 70
     1
102
RTVSPropertyOp55
 70
     1
102
RTVSPropertyOp56
 70
     1
102
RTVSPropertyOp57
 70
     1
102
RTVSPost2010Prop28
280
     0
102
RTVSPost2010PropOp28
 70
     1
102
RTVSPost2010Prop29
280
     1
102
RTVSPost2010PropOp29
 70
     1
102
RTVSPost2010Prop30
280
     1
102
RTVSPost2010PropOp30
 70
     1
102
RTVSPost2010Prop31
280
     0
102
RTVSPost2010PropOp31
 70
     1
102
RTVSPost2010Prop32
280
     0
102
RTVSPost2010PropOp32
 70
     1
102
RTVSPost2010Prop33
280
     0
102
RTVSPost2010PropOp33
 70
     1
102
RTVSPost2010Prop34
280
     0
102
RTVSPost2010PropOp34
 70
     1
102
RTVSPost2010Prop35
280
     0
102
RTVSPost2010PropOp35
 70
     1
102
RTVSPost2010Prop36
280
     0
102
RTVSPost2010PropOp36
 70
     1
102
RTVSPost2010Prop37
 90
       50
102
RTVSPost2010PropOp37
 70
     1
102
RTVSPost2010Prop38
140
0.0
102
RTVSPost2010PropOp38
 70
     1
102
RTVSPost2010Prop39
140
1.0
102
RTVSPost2010PropOp39
 70
     1
102
RTVSPost2010Prop40
 90
        0
102
RTVSPost2010PropOp40
 70
     1
102
RTVSPost2010Prop41ColorIndex
 90
       18
102
RTVSPost2010Prop41ColorRGB
 90
        0
102
RTVSPost2010PropOp41
 70
     1
102
RTVSPost2010Prop42
 90
       50
102
RTVSPost2010PropOp42
 70
     1
102
RTVSPost2010Prop43
 90
        3
102
RTVSPost2010PropOp43
 70
     1
102
RTVSPost2010Prop44ColorIndex
 90
        5
102
RTVSPost2010Prop44ColorRGB
 90
      255
102
RTVSPost2010PropOp44
 70
     1
102
RTVSPost2010Prop45
280
     0
102
RTVSPost2010PropOp45
 70
     1
102
RTVSPost2010Prop46
 90
       50
102
RTVSPost2010PropOp46
 70
     1
102
RTVSPost2010Prop47
 90
       50
102
RTVSPost2010PropOp47
 70
     1
102
RTVSPost2010Prop48
 90
       50
102
RTVSPost2010PropOp48
 70
     1
102
RTVSPost2010Prop49
280
     0
102
RTVSPost2010PropOp49
 70
     1
102
RTVSPost2010Prop50
 90
       50
102
RTVSPost2010PropOp50
 70
     1
102
RTVSPost2010Prop51ColorIndex
 90
      256
102
RTVSPost2010Prop51ColorRGB
 90
-16777216
102
RTVSPost2010PropOp51
 70
     0
102
RTVSPost2010Prop52
140
1.0
102
RTVSPost2010PropOp52
 70
     0
102
RTVSPost2010Prop53
 90
        2
102
RTVSPost2010PropOp53
 70
     1
102
RTVSPost2010Prop54
  1
strokes_ogs.tif
102
RTVSPost2010PropOp54
 70
     1
102
RTVSPost2010Prop55
280
     0
102
RTVSPost2010PropOp55
 70
     1
102
RTVSPost2010Prop56
140
1.0
102
RTVSPost2010PropOp56
 70
     1
102
RTVSPost2010Prop57
140
1.0
102
RTVSPost2010PropOp57
 70
     1
  0
XRECORD
  5
EF
102
{ACAD_REACTORS
330
EE
102
}
330
EE
100
AcDbXrecord
280
     1
102
RTVSPropertyOp0
 70
     1
102
RTVSPropertyOp1
 70
     1
102
RTVSPropertyOp2
 70
     1
102
RTVSPropertyOp3
 70
     1
102
RTVSPropertyOp4
 70
     1
102
RTVSPropertyOp5
 70
     1
102
RTVSPropertyOp6
 70
     1
102
RTVSPropertyOp7
 70
     1
102
RTVSPropertyOp8
 70
     1
102
RTVSPropertyOp9
 70
     1
102
RTVSPropertyOp10
 70
     1
102
RTVSPropertyOp11
 70
     1
102
RTVSPropertyOp12
 70
     1
102
RTVSPropertyOp13
 70
     1
102
RTVSPropertyOp14
 70
     1
102
RTVSPropertyOp15
 70
     1
102
RTVSPropertyOp16
 70
     1
102
RTVSPropertyOp17
 70
     1
102
RTVSPropertyOp18
 70
     1
102
RTVSPropertyOp19
 70
     1
102
RTVSPropertyOp20
 70
     1
102
RTVSPropertyOp21
 70
     1
102
RTVSPropertyOp22
 70
     1
102
RTVSPropertyOp23
 70
     1
102
RTVSPropertyOp24
 70
     1
102
RTVSPropertyOp25
 70
     1
102
RTVSPropertyOp26
 70
     1
102
RTVSPropertyOp27
 70
     1
102
RTVSPropertyOp28
 70
     1
102
RTVSPropertyOp29
 70
     1
102
RTVSPropertyOp30
 70
     1
102
RTVSPropertyOp31
 70
     1
102
RTVSPropertyOp32
 70
     1
102
RTVSPropertyOp33
 70
     1
102
RTVSPropertyOp34
 70
     1
102
RTVSPropertyOp35
 70
     1
102
RTVSPropertyOp36
 70
     1
102
RTVSPropertyOp37
 70
     1
102
RTVSPropertyOp38
 70
     1
102
RTVSPropertyOp39
 70
     1
102
RTVSPropertyOp40
 70
     1
102
RTVSPropertyOp41
 70
     1
102
RTVSPropertyOp42
 70
     1
102
RTVSPropertyOp43
 70
     1
102
RTVSPropertyOp44
 70
     1
102
RTVSPropertyOp45
 70
     1
102
RTVSPropertyOp46
 70
     1
102
RTVSPropertyOp47
 70
     1
102
RTVSPropertyOp48
 70
     1
102
RTVSPropertyOp49
 70
     1
102
RTVSPropertyOp50
 70
     1
102
RTVSPropertyOp51
 70
     0
102
RTVSPropertyOp52
 70
     0
102
RTVSPropertyOp53
 70
     1
102
RTVSPropertyOp54
 70
     1
102
RTVSPropertyOp55
 70
     1
102
RTVSPropertyOp56
 70
     1
102
RTVSPropertyOp57
 70
     1
102
RTVSPost2010Prop28
280
     0
102
RTVSPost2010PropOp28
 70
     1
102
RTVSPost2010Prop29
280
     1
102
RTVSPost2010PropOp29
 70
     1
102
RTVSPost2010Prop30
280
     1
102
RTVSPost2010PropOp30
 70
     1
102
RTVSPost2010Prop31
280
     0
102
RTVSPost2010PropOp31
 70
     1
102
RTVSPost2010Prop32
280
     0
102
RTVSPost2010PropOp32
 70
     1
102
RTVSPost2010Prop33
280
     0
102
RTVSPost2010PropOp33
 70
     1
102
RTVSPost2010Prop34
280
     0
102
RTVSPost2010PropOp34
 70
     1
102
RTVSPost2010Prop35
280
     0
102
RTVSPost2010PropOp35
 70
     1
102
RTVSPost2010Prop36
280
     0
102
RTVSPost2010PropOp36
 70
     1
102
RTVSPost2010Prop37
 90
       50
102
RTVSPost2010PropOp37
 70
     1
102
RTVSPost2010Prop38
140
0.0
102
RTVSPost2010PropOp38
 70
     1
102
RTVSPost2010Prop39
140
1.0
102
RTVSPost2010PropOp39
 70
     1
102
RTVSPost2010Prop40
 90
        0
102
RTVSPost2010PropOp40
 70
     1
102
RTVSPost2010Prop41ColorIndex
 90
       18
102
RTVSPost2010Prop41ColorRGB
 90
        0
102
RTVSPost2010PropOp41
 70
     1
102
RTVSPost2010Prop42
 90
       50
102
RTVSPost2010PropOp42
 70
     1
102
RTVSPost2010Prop43
 90
        3
102
RTVSPost2010PropOp43
 70
     1
102
RTVSPost2010Prop44ColorIndex
 90
        5
102
RTVSPost2010Prop44ColorRGB
 90
      255
102
RTVSPost2010PropOp44
 70
     1
102
RTVSPost2010Prop45
280
     0
102
RTVSPost2010PropOp45
 70
     1
102
RTVSPost2010Prop46
 90
       50
102
RTVSPost2010PropOp46
 70
     1
102
RTVSPost2010Prop47
 90
       50
102
RTVSPost2010PropOp47
 70
     1
102
RTVSPost2010Prop48
 90
       50
102
RTVSPost2010PropOp48
 70
     1
102
RTVSPost2010Prop49
280
     0
102
RTVSPost2010PropOp49
 70
     1
102
RTVSPost2010Prop50
 90
       50
102
RTVSPost2010PropOp50
 70
     1
102
RTVSPost2010Prop51ColorIndex
 90
      256
102
RTVSPost2010Prop51ColorRGB
 90
-16777216
102
RTVSPost2010PropOp51
 70
     0
102
RTVSPost2010Prop52
140
1.0
102
RTVSPost2010PropOp52
 70
     0
102
RTVSPost2010Prop53
 90
        2
102
RTVSPost2010PropOp53
 70
     1
102
RTVSPost2010Prop54
  1
strokes_ogs.tif
102
RTVSPost2010PropOp54
 70
     1
102
RTVSPost2010Prop55
280
     0
102
RTVSPost2010PropOp55
 70
     1
102
RTVSPost2010Prop56
140
1.0
102
RTVSPost2010PropOp56
 70
     1
102
RTVSPost2010Prop57
140
1.0
102
RTVSPost2010PropOp57
 70
     1
  0
XRECORD
  5
E3
102
{ACAD_REACTORS
330
E2
102
}
330
E2
100
AcDbXrecord
280
     1
102
RTVSPropertyOp0
 70
     1
102
RTVSPropertyOp1
 70
     1
102
RTVSPropertyOp2
 70
     1
102
RTVSPropertyOp3
 70
     1
102
RTVSPropertyOp4
 70
     1
102
RTVSPropertyOp5
 70
     1
102
RTVSPropertyOp6
 70
     1
102
RTVSPropertyOp7
 70
     1
102
RTVSPropertyOp8
 70
     1
102
RTVSPropertyOp9
 70
     1
102
RTVSPropertyOp10
 70
     1
102
RTVSPropertyOp11
 70
     1
102
RTVSPropertyOp12
 70
     1
102
RTVSPropertyOp13
 70
     1
102
RTVSPropertyOp14
 70
     1
102
RTVSPropertyOp15
 70
     1
102
RTVSPropertyOp16
 70
     1
102
RTVSPropertyOp17
 70
     1
102
RTVSPropertyOp18
 70
     1
102
RTVSPropertyOp19
 70
     1
102
RTVSPropertyOp20
 70
     1
102
RTVSPropertyOp21
 70
     1
102
RTVSPropertyOp22
 70
     1
102
RTVSPropertyOp23
 70
     1
102
RTVSPropertyOp24
 70
     1
102
RTVSPropertyOp25
 70
     1
102
RTVSPropertyOp26
 70
     1
102
RTVSPropertyOp27
 70
     1
102
RTVSPropertyOp28
 70
     1
102
RTVSPropertyOp29
 70
     1
102
RTVSPropertyOp30
 70
     1
102
RTVSPropertyOp31
 70
     1
102
RTVSPropertyOp32
 70
     1
102
RTVSPropertyOp33
 70
     1
102
RTVSPropertyOp34
 70
     1
102
RTVSPropertyOp35
 70
     1
102
RTVSPropertyOp36
 70
     1
102
RTVSPropertyOp37
 70
     1
102
RTVSPropertyOp38
 70
     1
102
RTVSPropertyOp39
 70
     1
102
RTVSPropertyOp40
 70
     1
102
RTVSPropertyOp41
 70
     1
102
RTVSPropertyOp42
 70
     1
102
RTVSPropertyOp43
 70
     1
102
RTVSPropertyOp44
 70
     1
102
RTVSPropertyOp45
 70
     1
102
RTVSPropertyOp46
 70
     1
102
RTVSPropertyOp47
 70
     1
102
RTVSPropertyOp48
 70
     1
102
RTVSPropertyOp49
 70
     1
102
RTVSPropertyOp50
 70
     1
102
RTVSPropertyOp51
 70
     0
102
RTVSPropertyOp52
 70
     0
102
RTVSPropertyOp53
 70
     1
102
RTVSPropertyOp54
 70
     1
102
RTVSPropertyOp55
 70
     1
102
RTVSPropertyOp56
 70
     1
102
RTVSPropertyOp57
 70
     1
102
RTVSPost2010Prop28
280
     0
102
RTVSPost2010PropOp28
 70
     1
102
RTVSPost2010Prop29
280
     1
102
RTVSPost2010PropOp29
 70
     1
102
RTVSPost2010Prop30
280
     1
102
RTVSPost2010PropOp30
 70
     1
102
RTVSPost2010Prop31
280
     0
102
RTVSPost2010PropOp31
 70
     1
102
RTVSPost2010Prop32
280
     0
102
RTVSPost2010PropOp32
 70
     1
102
RTVSPost2010Prop33
280
     0
102
RTVSPost2010PropOp33
 70
     1
102
RTVSPost2010Prop34
280
     0
102
RTVSPost2010PropOp34
 70
     1
102
RTVSPost2010Prop35
280
     0
102
RTVSPost2010PropOp35
 70
     1
102
RTVSPost2010Prop36
280
     0
102
RTVSPost2010PropOp36
 70
     1
102
RTVSPost2010Prop37
 90
       50
102
RTVSPost2010PropOp37
 70
     1
102
RTVSPost2010Prop38
140
0.0
102
RTVSPost2010PropOp38
 70
     1
102
RTVSPost2010Prop39
140
1.0
102
RTVSPost2010PropOp39
 70
     1
102
RTVSPost2010Prop40
 90
        0
102
RTVSPost2010PropOp40
 70
     1
102
RTVSPost2010Prop41ColorIndex
 90
       18
102
RTVSPost2010Prop41ColorRGB
 90
        0
102
RTVSPost2010PropOp41
 70
     1
102
RTVSPost2010Prop42
 90
       50
102
RTVSPost2010PropOp42
 70
     1
102
RTVSPost2010Prop43
 90
        3
102
RTVSPost2010PropOp43
 70
     1
102
RTVSPost2010Prop44ColorIndex
 90
        5
102
RTVSPost2010Prop44ColorRGB
 90
      255
102
RTVSPost2010PropOp44
 70
     1
102
RTVSPost2010Prop45
280
     0
102
RTVSPost2010PropOp45
 70
     1
102
RTVSPost2010Prop46
 90
       50
102
RTVSPost2010PropOp46
 70
     1
102
RTVSPost2010Prop47
 90
       50
102
RTVSPost2010PropOp47
 70
     1
102
RTVSPost2010Prop48
 90
       50
102
RTVSPost2010PropOp48
 70
     1
102
RTVSPost2010Prop49
280
     0
102
RTVSPost2010PropOp49
 70
     1
102
RTVSPost2010Prop50
 90
       50
102
RTVSPost2010PropOp50
 70
     1
102
RTVSPost2010Prop51ColorIndex
 90
      256
102
RTVSPost2010Prop51ColorRGB
 90
-16777216
102
RTVSPost2010PropOp51
 70
     0
102
RTVSPost2010Prop52
140
1.0
102
RTVSPost2010PropOp52
 70
     0
102
RTVSPost2010Prop53
 90
        2
102
RTVSPost2010PropOp53
 70
     1
102
RTVSPost2010Prop54
  1
strokes_ogs.tif
102
RTVSPost2010PropOp54
 70
     1
102
RTVSPost2010Prop55
280
     0
102
RTVSPost2010PropOp55
 70
     1
102
RTVSPost2010Prop56
140
1.0
102
RTVSPost2010PropOp56
 70
     1
102
RTVSPost2010Prop57
140
1.0
102
RTVSPost2010PropOp57
 70
     1
  0
XRECORD
  5
E5
102
{ACAD_REACTORS
330
E4
102
}
330
E4
100
AcDbXrecord
280
     1
102
RTVSPropertyOp0
 70
     1
102
RTVSPropertyOp1
 70
     1
102
RTVSPropertyOp2
 70
     1
102
RTVSPropertyOp3
 70
     1
102
RTVSPropertyOp4
 70
     1
102
RTVSPropertyOp5
 70
     1
102
RTVSPropertyOp6
 70
     1
102
RTVSPropertyOp7
 70
     1
102
RTVSPropertyOp8
 70
     1
102
RTVSPropertyOp9
 70
     1
102
RTVSPropertyOp10
 70
     1
102
RTVSPropertyOp11
 70
     1
102
RTVSPropertyOp12
 70
     1
102
RTVSPropertyOp13
 70
     1
102
RTVSPropertyOp14
 70
     1
102
RTVSPropertyOp15
 70
     1
102
RTVSPropertyOp16
 70
     1
102
RTVSPropertyOp17
 70
     1
102
RTVSPropertyOp18
 70
     1
102
RTVSPropertyOp19
 70
     1
102
RTVSPropertyOp20
 70
     1
102
RTVSPropertyOp21
 70
     1
102
RTVSPropertyOp22
 70
     1
102
RTVSPropertyOp23
 70
     1
102
RTVSPropertyOp24
 70
     1
102
RTVSPropertyOp25
 70
     1
102
RTVSPropertyOp26
 70
     1
102
RTVSPropertyOp27
 70
     1
102
RTVSPropertyOp28
 70
     1
102
RTVSPropertyOp29
 70
     1
102
RTVSPropertyOp30
 70
     1
102
RTVSPropertyOp31
 70
     1
102
RTVSPropertyOp32
 70
     1
102
RTVSPropertyOp33
 70
     1
102
RTVSPropertyOp34
 70
     1
102
RTVSPropertyOp35
 70
     1
102
RTVSPropertyOp36
 70
     1
102
RTVSPropertyOp37
 70
     1
102
RTVSPropertyOp38
 70
     1
102
RTVSPropertyOp39
 70
     1
102
RTVSPropertyOp40
 70
     1
102
RTVSPropertyOp41
 70
     1
102
RTVSPropertyOp42
 70
     1
102
RTVSPropertyOp43
 70
     1
102
RTVSPropertyOp44
 70
     1
102
RTVSPropertyOp45
 70
     1
102
RTVSPropertyOp46
 70
     1
102
RTVSPropertyOp47
 70
     1
102
RTVSPropertyOp48
 70
     1
102
RTVSPropertyOp49
 70
     1
102
RTVSPropertyOp50
 70
     1
102
RTVSPropertyOp51
 70
     0
102
RTVSPropertyOp52
 70
     0
102
RTVSPropertyOp53
 70
     1
102
RTVSPropertyOp54
 70
     1
102
RTVSPropertyOp55
 70
     1
102
RTVSPropertyOp56
 70
     1
102
RTVSPropertyOp57
 70
     1
102
RTVSPost2010Prop28
280
     0
102
RTVSPost2010PropOp28
 70
     1
102
RTVSPost2010Prop29
280
     1
102
RTVSPost2010PropOp29
 70
     1
102
RTVSPost2010Prop30
280
     1
102
RTVSPost2010PropOp30
 70
     1
102
RTVSPost2010Prop31
280
     0
102
RTVSPost2010PropOp31
 70
     1
102
RTVSPost2010Prop32
280
     0
102
RTVSPost2010PropOp32
 70
     1
102
RTVSPost2010Prop33
280
     0
102
RTVSPost2010PropOp33
 70
     1
102
RTVSPost2010Prop34
280
     0
102
RTVSPost2010PropOp34
 70
     1
102
RTVSPost2010Prop35
280
     0
102
RTVSPost2010PropOp35
 70
     1
102
RTVSPost2010Prop36
280
     0
102
RTVSPost2010PropOp36
 70
     1
102
RTVSPost2010Prop37
 90
       50
102
RTVSPost2010PropOp37
 70
     1
102
RTVSPost2010Prop38
140
0.0
102
RTVSPost2010PropOp38
 70
     1
102
RTVSPost2010Prop39
140
1.0
102
RTVSPost2010PropOp39
 70
     1
102
RTVSPost2010Prop40
 90
        0
102
RTVSPost2010PropOp40
 70
     1
102
RTVSPost2010Prop41ColorIndex
 90
       18
102
RTVSPost2010Prop41ColorRGB
 90
        0
102
RTVSPost2010PropOp41
 70
     1
102
RTVSPost2010Prop42
 90
       50
102
RTVSPost2010PropOp42
 70
     1
102
RTVSPost2010Prop43
 90
        3
102
RTVSPost2010PropOp43
 70
     1
102
RTVSPost2010Prop44ColorIndex
 90
        5
102
RTVSPost2010Prop44ColorRGB
 90
      255
102
RTVSPost2010PropOp44
 70
     1
102
RTVSPost2010Prop45
280
     0
102
RTVSPost2010PropOp45
 70
     1
102
RTVSPost2010Prop46
 90
       50
102
RTVSPost2010PropOp46
 70
     1
102
RTVSPost2010Prop47
 90
       50
102
RTVSPost2010PropOp47
 70
     1
102
RTVSPost2010Prop48
 90
       50
102
RTVSPost2010PropOp48
 70
     1
102
RTVSPost2010Prop49
280
     0
102
RTVSPost2010PropOp49
 70
     1
102
RTVSPost2010Prop50
 90
       50
102
RTVSPost2010PropOp50
 70
     1
102
RTVSPost2010Prop51ColorIndex
 90
      256
102
RTVSPost2010Prop51ColorRGB
 90
-16777216
102
RTVSPost2010PropOp51
 70
     0
102
RTVSPost2010Prop52
140
1.0
102
RTVSPost2010PropOp52
 70
     0
102
RTVSPost2010Prop53
 90
        2
102
RTVSPost2010PropOp53
 70
     1
102
RTVSPost2010Prop54
  1
strokes_ogs.tif
102
RTVSPost2010PropOp54
 70
     1
102
RTVSPost2010Prop55
280
     0
102
RTVSPost2010PropOp55
 70
     1
102
RTVSPost2010Prop56
140
1.0
102
RTVSPost2010PropOp56
 70
     1
102
RTVSPost2010Prop57
140
1.0
102
RTVSPost2010PropOp57
 70
     1
  0
XRECORD
  5
F5
102
{ACAD_REACTORS
330
F4
102
}
330
F4
100
AcDbXrecord
280
     1
102
RTVSPropertyOp0
 70
     0
102
RTVSPropertyOp1
 70
     0
102
RTVSPropertyOp2
 70
     0
102
RTVSPropertyOp3
 70
     0
102
RTVSPropertyOp4
 70
     0
102
RTVSPropertyOp5
 70
     0
102
RTVSPropertyOp6
 70
     0
102
RTVSPropertyOp7
 70
     0
102
RTVSPropertyOp8
 70
     0
102
RTVSPropertyOp9
 70
     0
102
RTVSPropertyOp10
 70
     0
102
RTVSPropertyOp11
 70
     0
102
RTVSPropertyOp12
 70
     0
102
RTVSPropertyOp13
 70
     0
102
RTVSPropertyOp14
 70
     2
102
RTVSPropertyOp15
 70
     0
102
RTVSPropertyOp16
 70
     0
102
RTVSPropertyOp17
 70
     0
102
RTVSPropertyOp18
 70
     0
102
RTVSPropertyOp19
 70
     0
102
RTVSPropertyOp20
 70
     0
102
RTVSPropertyOp21
 70
     0
102
RTVSPropertyOp22
 70
     0
102
RTVSPropertyOp23
 70
     0
102
RTVSPropertyOp24
 70
     0
102
RTVSPropertyOp25
 70
     0
102
RTVSPropertyOp26
 70
     0
102
RTVSPropertyOp27
 70
     0
102
RTVSPropertyOp28
 70
     0
102
RTVSPropertyOp29
 70
     0
102
RTVSPropertyOp30
 70
     0
102
RTVSPropertyOp31
 70
     0
102
RTVSPropertyOp32
 70
     0
102
RTVSPropertyOp33
 70
     0
102
RTVSPropertyOp34
 70
     0
102
RTVSPropertyOp35
 70
     0
102
RTVSPropertyOp36
 70
     0
102
RTVSPropertyOp37
 70
     0
102
RTVSPropertyOp38
 70
     0
102
RTVSPropertyOp39
 70
     0
102
RTVSPropertyOp40
 70
     0
102
RTVSPropertyOp41
 70
     0
102
RTVSPropertyOp42
 70
     0
102
RTVSPropertyOp43
 70
     0
102
RTVSPropertyOp44
 70
     0
102
RTVSPropertyOp45
 70
     0
102
RTVSPropertyOp46
 70
     0
102
RTVSPropertyOp47
 70
     0
102
RTVSPropertyOp48
 70
     0
102
RTVSPropertyOp49
 70
     0
102
RTVSPropertyOp50
 70
     0
102
RTVSPropertyOp51
 70
     0
102
RTVSPropertyOp52
 70
     0
102
RTVSPropertyOp53
 70
     0
102
RTVSPropertyOp54
 70
     0
102
RTVSPropertyOp55
 70
     0
102
RTVSPropertyOp56
 70
     0
102
RTVSPropertyOp57
 70
     0
102
RTVSPost2010Prop28
280
     0
102
RTVSPost2010PropOp28
 70
     0
102
RTVSPost2010Prop29
280
     1
102
RTVSPost2010PropOp29
 70
     0
102
RTVSPost2010Prop30
280
     1
102
RTVSPost2010PropOp30
 70
     0
102
RTVSPost2010Prop31
280
     0
102
RTVSPost2010PropOp31
 70
     0
102
RTVSPost2010Prop32
280
     0
102
RTVSPost2010PropOp32
 70
     0
102
RTVSPost2010Prop33
280
     0
102
RTVSPost2010PropOp33
 70
     0
102
RTVSPost2010Prop34
280
     0
102
RTVSPost2010PropOp34
 70
     0
102
RTVSPost2010Prop35
280
     0
102
RTVSPost2010PropOp35
 70
     0
102
RTVSPost2010Prop36
280
     0
102
RTVSPost2010PropOp36
 70
     0
102
RTVSPost2010Prop37
 90
       50
102
RTVSPost2010PropOp37
 70
     0
102
RTVSPost2010Prop38
140
0.0
102
RTVSPost2010PropOp38
 70
     0
102
RTVSPost2010Prop39
140
1.0
102
RTVSPost2010PropOp39
 70
     0
102
RTVSPost2010Prop40
 90
        0
102
RTVSPost2010PropOp40
 70
     0
102
RTVSPost2010Prop41ColorIndex
 90
       18
102
RTVSPost2010Prop41ColorRGB
 90
        0
102
RTVSPost2010PropOp41
 70
     0
102
RTVSPost2010Prop42
 90
       50
102
RTVSPost2010PropOp42
 70
     0
102
RTVSPost2010Prop43
 90
        3
102
RTVSPost2010PropOp43
 70
     0
102
RTVSPost2010Prop44ColorIndex
 90
        5
102
RTVSPost2010Prop44ColorRGB
 90
      255
102
RTVSPost2010PropOp44
 70
     0
102
RTVSPost2010Prop45
280
     0
102
RTVSPost2010PropOp45
 70
     0
102
RTVSPost2010Prop46
 90
       50
102
RTVSPost2010PropOp46
 70
     0
102
RTVSPost2010Prop47
 90
       50
102
RTVSPost2010PropOp47
 70
     0
102
RTVSPost2010Prop48
 90
       50
102
RTVSPost2010PropOp48
 70
     0
102
RTVSPost2010Prop49
280
     0
102
RTVSPost2010PropOp49
 70
     0
102
RTVSPost2010Prop50
 90
       50
102
RTVSPost2010PropOp50
 70
     0
102
RTVSPost2010Prop51ColorIndex
 90
      256
102
RTVSPost2010Prop51ColorRGB
 90
-16777216
102
RTVSPost2010PropOp51
 70
     0
102
RTVSPost2010Prop52
140
1.0
102
RTVSPost2010PropOp52
 70
     0
102
RTVSPost2010Prop53
 90
        2
102
RTVSPost2010PropOp53
 70
     0
102
RTVSPost2010Prop54
  1
strokes_ogs.tif
102
RTVSPost2010PropOp54
 70
     0
102
RTVSPost2010Prop55
280
     0
102
RTVSPost2010PropOp55
 70
     0
102
RTVSPost2010Prop56
140
1.0
102
RTVSPost2010PropOp56
 70
     0
102
RTVSPost2010Prop57
140
1.0
102
RTVSPost2010PropOp57
 70
     0
  0
XRECORD
  5
ED
102
{ACAD_REACTORS
330
EC
102
}
330
EC
100
AcDbXrecord
280
     1
102
RTVSPropertyOp0
 70
     1
102
RTVSPropertyOp1
 70
     1
102
RTVSPropertyOp2
 70
     1
102
RTVSPropertyOp3
 70
     1
102
RTVSPropertyOp4
 70
     1
102
RTVSPropertyOp5
 70
     1
102
RTVSPropertyOp6
 70
     1
102
RTVSPropertyOp7
 70
     1
102
RTVSPropertyOp8
 70
     1
102
RTVSPropertyOp9
 70
     1
102
RTVSPropertyOp10
 70
     1
102
RTVSPropertyOp11
 70
     1
102
RTVSPropertyOp12
 70
     1
102
RTVSPropertyOp13
 70
     1
102
RTVSPropertyOp14
 70
     1
102
RTVSPropertyOp15
 70
     1
102
RTVSPropertyOp16
 70
     1
102
RTVSPropertyOp17
 70
     1
102
RTVSPropertyOp18
 70
     1
102
RTVSPropertyOp19
 70
     1
102
RTVSPropertyOp20
 70
     1
102
RTVSPropertyOp21
 70
     1
102
RTVSPropertyOp22
 70
     1
102
RTVSPropertyOp23
 70
     1
102
RTVSPropertyOp24
 70
     1
102
RTVSPropertyOp25
 70
     1
102
RTVSPropertyOp26
 70
     1
102
RTVSPropertyOp27
 70
     1
102
RTVSPropertyOp28
 70
     1
102
RTVSPropertyOp29
 70
     1
102
RTVSPropertyOp30
 70
     1
102
RTVSPropertyOp31
 70
     1
102
RTVSPropertyOp32
 70
     1
102
RTVSPropertyOp33
 70
     1
102
RTVSPropertyOp34
 70
     1
102
RTVSPropertyOp35
 70
     1
102
RTVSPropertyOp36
 70
     1
102
RTVSPropertyOp37
 70
     1
102
RTVSPropertyOp38
 70
     1
102
RTVSPropertyOp39
 70
     1
102
RTVSPropertyOp40
 70
     1
102
RTVSPropertyOp41
 70
     1
102
RTVSPropertyOp42
 70
     1
102
RTVSPropertyOp43
 70
     1
102
RTVSPropertyOp44
 70
     1
102
RTVSPropertyOp45
 70
     1
102
RTVSPropertyOp46
 70
     1
102
RTVSPropertyOp47
 70
     1
102
RTVSPropertyOp48
 70
     1
102
RTVSPropertyOp49
 70
     1
102
RTVSPropertyOp50
 70
     1
102
RTVSPropertyOp51
 70
     0
102
RTVSPropertyOp52
 70
     0
102
RTVSPropertyOp53
 70
     1
102
RTVSPropertyOp54
 70
     1
102
RTVSPropertyOp55
 70
     1
102
RTVSPropertyOp56
 70
     1
102
RTVSPropertyOp57
 70
     1
102
RTVSPost2010Prop28
280
     0
102
RTVSPost2010PropOp28
 70
     1
102
RTVSPost2010Prop29
280
     1
102
RTVSPost2010PropOp29
 70
     1
102
RTVSPost2010Prop30
280
     1
102
RTVSPost2010PropOp30
 70
     1
102
RTVSPost2010Prop31
280
     0
102
RTVSPost2010PropOp31
 70
     1
102
RTVSPost2010Prop32
280
     0
102
RTVSPost2010PropOp32
 70
     1
102
RTVSPost2010Prop33
280
     0
102
RTVSPost2010PropOp33
 70
     1
102
RTVSPost2010Prop34
280
     0
102
RTVSPost2010PropOp34
 70
     1
102
RTVSPost2010Prop35
280
     0
102
RTVSPost2010PropOp35
 70
     1
102
RTVSPost2010Prop36
280
     0
102
RTVSPost2010PropOp36
 70
     1
102
RTVSPost2010Prop37
 90
       50
102
RTVSPost2010PropOp37
 70
     1
102
RTVSPost2010Prop38
140
0.0
102
RTVSPost2010PropOp38
 70
     1
102
RTVSPost2010Prop39
140
1.0
102
RTVSPost2010PropOp39
 70
     1
102
RTVSPost2010Prop40
 90
        0
102
RTVSPost2010PropOp40
 70
     1
102
RTVSPost2010Prop41ColorIndex
 90
       18
102
RTVSPost2010Prop41ColorRGB
 90
        0
102
RTVSPost2010PropOp41
 70
     1
102
RTVSPost2010Prop42
 90
       50
102
RTVSPost2010PropOp42
 70
     1
102
RTVSPost2010Prop43
 90
        3
102
RTVSPost2010PropOp43
 70
     1
102
RTVSPost2010Prop44ColorIndex
 90
        5
102
RTVSPost2010Prop44ColorRGB
 90
      255
102
RTVSPost2010PropOp44
 70
     1
102
RTVSPost2010Prop45
280
     0
102
RTVSPost2010PropOp45
 70
     1
102
RTVSPost2010Prop46
 90
       50
102
RTVSPost2010PropOp46
 70
     1
102
RTVSPost2010Prop47
 90
       50
102
RTVSPost2010PropOp47
 70
     1
102
RTVSPost2010Prop48
 90
       50
102
RTVSPost2010PropOp48
 70
     1
102
RTVSPost2010Prop49
280
     0
102
RTVSPost2010PropOp49
 70
     1
102
RTVSPost2010Prop50
 90
       50
102
RTVSPost2010PropOp50
 70
     1
102
RTVSPost2010Prop51ColorIndex
 90
      256
102
RTVSPost2010Prop51ColorRGB
 90
-16777216
102
RTVSPost2010PropOp51
 70
     0
102
RTVSPost2010Prop52
140
1.0
102
RTVSPost2010PropOp52
 70
     0
102
RTVSPost2010Prop53
 90
        2
102
RTVSPost2010PropOp53
 70
     1
102
RTVSPost2010Prop54
  1
strokes_ogs.tif
102
RTVSPost2010PropOp54
 70
     1
102
RTVSPost2010Prop55
280
     0
102
RTVSPost2010PropOp55
 70
     1
102
RTVSPost2010Prop56
140
1.0
102
RTVSPost2010PropOp56
 70
     1
102
RTVSPost2010Prop57
140
1.0
102
RTVSPost2010PropOp57
 70
     1
  0
XRECORD
  5
D1
102
{ACAD_REACTORS
330
D0
102
}
330
D0
100
AcDbXrecord
280
     1
102
RTVSPropertyOp0
 70
     1
102
RTVSPropertyOp1
 70
     1
102
RTVSPropertyOp2
 70
     1
102
RTVSPropertyOp3
 70
     1
102
RTVSPropertyOp4
 70
     1
102
RTVSPropertyOp5
 70
     1
102
RTVSPropertyOp6
 70
     1
102
RTVSPropertyOp7
 70
     1
102
RTVSPropertyOp8
 70
     1
102
RTVSPropertyOp9
 70
     1
102
RTVSPropertyOp10
 70
     1
102
RTVSPropertyOp11
 70
     1
102
RTVSPropertyOp12
 70
     1
102
RTVSPropertyOp13
 70
     1
102
RTVSPropertyOp14
 70
     1
102
RTVSPropertyOp15
 70
     1
102
RTVSPropertyOp16
 70
     1
102
RTVSPropertyOp17
 70
     1
102
RTVSPropertyOp18
 70
     1
102
RTVSPropertyOp19
 70
     1
102
RTVSPropertyOp20
 70
     1
102
RTVSPropertyOp21
 70
     1
102
RTVSPropertyOp22
 70
     1
102
RTVSPropertyOp23
 70
     1
102
RTVSPropertyOp24
 70
     1
102
RTVSPropertyOp25
 70
     1
102
RTVSPropertyOp26
 70
     1
102
RTVSPropertyOp27
 70
     1
102
RTVSPropertyOp28
 70
     1
102
RTVSPropertyOp29
 70
     1
102
RTVSPropertyOp30
 70
     1
102
RTVSPropertyOp31
 70
     1
102
RTVSPropertyOp32
 70
     1
102
RTVSPropertyOp33
 70
     1
102
RTVSPropertyOp34
 70
     1
102
RTVSPropertyOp35
 70
     1
102
RTVSPropertyOp36
 70
     1
102
RTVSPropertyOp37
 70
     1
102
RTVSPropertyOp38
 70
     1
102
RTVSPropertyOp39
 70
     1
102
RTVSPropertyOp40
 70
     1
102
RTVSPropertyOp41
 70
     1
102
RTVSPropertyOp42
 70
     1
102
RTVSPropertyOp43
 70
     1
102
RTVSPropertyOp44
 70
     1
102
RTVSPropertyOp45
 70
     1
102
RTVSPropertyOp46
 70
     1
102
RTVSPropertyOp47
 70
     1
102
RTVSPropertyOp48
 70
     1
102
RTVSPropertyOp49
 70
     1
102
RTVSPropertyOp50
 70
     1
102
RTVSPropertyOp51
 70
     0
102
RTVSPropertyOp52
 70
     0
102
RTVSPropertyOp53
 70
     1
102
RTVSPropertyOp54
 70
     1
102
RTVSPropertyOp55
 70
     1
102
RTVSPropertyOp56
 70
     1
102
RTVSPropertyOp57
 70
     1
102
RTVSPost2010Prop28
280
     0
102
RTVSPost2010PropOp28
 70
     1
102
RTVSPost2010Prop29
280
     1
102
RTVSPost2010PropOp29
 70
     1
102
RTVSPost2010Prop30
280
     1
102
RTVSPost2010PropOp30
 70
     1
102
RTVSPost2010Prop31
280
     0
102
RTVSPost2010PropOp31
 70
     1
102
RTVSPost2010Prop32
280
     0
102
RTVSPost2010PropOp32
 70
     1
102
RTVSPost2010Prop33
280
     0
102
RTVSPost2010PropOp33
 70
     1
102
RTVSPost2010Prop34
280
     0
102
RTVSPost2010PropOp34
 70
     1
102
RTVSPost2010Prop35
280
     0
102
RTVSPost2010PropOp35
 70
     1
102
RTVSPost2010Prop36
280
     0
102
RTVSPost2010PropOp36
 70
     1
102
RTVSPost2010Prop37
 90
       50
102
RTVSPost2010PropOp37
 70
     1
102
RTVSPost2010Prop38
140
0.0
102
RTVSPost2010PropOp38
 70
     1
102
RTVSPost2010Prop39
140
1.0
102
RTVSPost2010PropOp39
 70
     1
102
RTVSPost2010Prop40
 90
        0
102
RTVSPost2010PropOp40
 70
     1
102
RTVSPost2010Prop41ColorIndex
 90
       18
102
RTVSPost2010Prop41ColorRGB
 90
        0
102
RTVSPost2010PropOp41
 70
     1
102
RTVSPost2010Prop42
 90
       50
102
RTVSPost2010PropOp42
 70
     1
102
RTVSPost2010Prop43
 90
        3
102
RTVSPost2010PropOp43
 70
     1
102
RTVSPost2010Prop44ColorIndex
 90
        5
102
RTVSPost2010Prop44ColorRGB
 90
      255
102
RTVSPost2010PropOp44
 70
     1
102
RTVSPost2010Prop45
280
     0
102
RTVSPost2010PropOp45
 70
     1
102
RTVSPost2010Prop46
 90
       50
102
RTVSPost2010PropOp46
 70
     1
102
RTVSPost2010Prop47
 90
       50
102
RTVSPost2010PropOp47
 70
     1
102
RTVSPost2010Prop48
 90
       50
102
RTVSPost2010PropOp48
 70
     1
102
RTVSPost2010Prop49
280
     0
102
RTVSPost2010PropOp49
 70
     1
102
RTVSPost2010Prop50
 90
       50
102
RTVSPost2010PropOp50
 70
     1
102
RTVSPost2010Prop51ColorIndex
 90
      256
102
RTVSPost2010Prop51ColorRGB
 90
-16777216
102
RTVSPost2010PropOp51
 70
     0
102
RTVSPost2010Prop52
140
1.0
102
RTVSPost2010PropOp52
 70
     0
102
RTVSPost2010Prop53
 90
        2
102
RTVSPost2010PropOp53
 70
     1
102
RTVSPost2010Prop54
  1
strokes_ogs.tif
102
RTVSPost2010PropOp54
 70
     1
102
RTVSPost2010Prop55
280
     0
102
RTVSPost2010PropOp55
 70
     1
102
RTVSPost2010Prop56
140
1.0
102
RTVSPost2010PropOp56
 70
     1
102
RTVSPost2010Prop57
140
1.0
102
RTVSPost2010PropOp57
 70
     1
  0
XRECORD
  5
D3
102
{ACAD_REACTORS
330
D2
102
}
330
D2
100
AcDbXrecord
280
     1
102
RTVSPropertyOp0
 70
     1
102
RTVSPropertyOp1
 70
     1
102
RTVSPropertyOp2
 70
     1
102
RTVSPropertyOp3
 70
     1
102
RTVSPropertyOp4
 70
     1
102
RTVSPropertyOp5
 70
     1
102
RTVSPropertyOp6
 70
     1
102
RTVSPropertyOp7
 70
     1
102
RTVSPropertyOp8
 70
     1
102
RTVSPropertyOp9
 70
     1
102
RTVSPropertyOp10
 70
     1
102
RTVSPropertyOp11
 70
     1
102
RTVSPropertyOp12
 70
     1
102
RTVSPropertyOp13
 70
     1
102
RTVSPropertyOp14
 70
     1
102
RTVSPropertyOp15
 70
     1
102
RTVSPropertyOp16
 70
     1
102
RTVSPropertyOp17
 70
     1
102
RTVSPropertyOp18
 70
     1
102
RTVSPropertyOp19
 70
     1
102
RTVSPropertyOp20
 70
     1
102
RTVSPropertyOp21
 70
     1
102
RTVSPropertyOp22
 70
     1
102
RTVSPropertyOp23
 70
     1
102
RTVSPropertyOp24
 70
     1
102
RTVSPropertyOp25
 70
     1
102
RTVSPropertyOp26
 70
     1
102
RTVSPropertyOp27
 70
     1
102
RTVSPropertyOp28
 70
     1
102
RTVSPropertyOp29
 70
     1
102
RTVSPropertyOp30
 70
     1
102
RTVSPropertyOp31
 70
     1
102
RTVSPropertyOp32
 70
     1
102
RTVSPropertyOp33
 70
     1
102
RTVSPropertyOp34
 70
     1
102
RTVSPropertyOp35
 70
     1
102
RTVSPropertyOp36
 70
     1
102
RTVSPropertyOp37
 70
     1
102
RTVSPropertyOp38
 70
     1
102
RTVSPropertyOp39
 70
     1
102
RTVSPropertyOp40
 70
     1
102
RTVSPropertyOp41
 70
     1
102
RTVSPropertyOp42
 70
     1
102
RTVSPropertyOp43
 70
     1
102
RTVSPropertyOp44
 70
     1
102
RTVSPropertyOp45
 70
     1
102
RTVSPropertyOp46
 70
     1
102
RTVSPropertyOp47
 70
     1
102
RTVSPropertyOp48
 70
     1
102
RTVSPropertyOp49
 70
     1
102
RTVSPropertyOp50
 70
     1
102
RTVSPropertyOp51
 70
     0
102
RTVSPropertyOp52
 70
     0
102
RTVSPropertyOp53
 70
     1
102
RTVSPropertyOp54
 70
     1
102
RTVSPropertyOp55
 70
     1
102
RTVSPropertyOp56
 70
     1
102
RTVSPropertyOp57
 70
     1
102
RTVSPost2010Prop28
280
     0
102
RTVSPost2010PropOp28
 70
     1
102
RTVSPost2010Prop29
280
     1
102
RTVSPost2010PropOp29
 70
     1
102
RTVSPost2010Prop30
280
     1
102
RTVSPost2010PropOp30
 70
     1
102
RTVSPost2010Prop31
280
     0
102
RTVSPost2010PropOp31
 70
     1
102
RTVSPost2010Prop32
280
     0
102
RTVSPost2010PropOp32
 70
     1
102
RTVSPost2010Prop33
280
     0
102
RTVSPost2010PropOp33
 70
     1
102
RTVSPost2010Prop34
280
     0
102
RTVSPost2010PropOp34
 70
     1
102
RTVSPost2010Prop35
280
     0
102
RTVSPost2010PropOp35
 70
     1
102
RTVSPost2010Prop36
280
     0
102
RTVSPost2010PropOp36
 70
     1
102
RTVSPost2010Prop37
 90
       50
102
RTVSPost2010PropOp37
 70
     1
102
RTVSPost2010Prop38
140
0.0
102
RTVSPost2010PropOp38
 70
     1
102
RTVSPost2010Prop39
140
1.0
102
RTVSPost2010PropOp39
 70
     1
102
RTVSPost2010Prop40
 90
        0
102
RTVSPost2010PropOp40
 70
     1
102
RTVSPost2010Prop41ColorIndex
 90
       18
102
RTVSPost2010Prop41ColorRGB
 90
        0
102
RTVSPost2010PropOp41
 70
     1
102
RTVSPost2010Prop42
 90
       50
102
RTVSPost2010PropOp42
 70
     1
102
RTVSPost2010Prop43
 90
        3
102
RTVSPost2010PropOp43
 70
     1
102
RTVSPost2010Prop44ColorIndex
 90
        5
102
RTVSPost2010Prop44ColorRGB
 90
      255
102
RTVSPost2010PropOp44
 70
     1
102
RTVSPost2010Prop45
280
     0
102
RTVSPost2010PropOp45
 70
     1
102
RTVSPost2010Prop46
 90
       50
102
RTVSPost2010PropOp46
 70
     1
102
RTVSPost2010Prop47
 90
       50
102
RTVSPost2010PropOp47
 70
     1
102
RTVSPost2010Prop48
 90
       50
102
RTVSPost2010PropOp48
 70
     1
102
RTVSPost2010Prop49
280
     0
102
RTVSPost2010PropOp49
 70
     1
102
RTVSPost2010Prop50
 90
       50
102
RTVSPost2010PropOp50
 70
     1
102
RTVSPost2010Prop51ColorIndex
 90
      256
102
RTVSPost2010Prop51ColorRGB
 90
-16777216
102
RTVSPost2010PropOp51
 70
     0
102
RTVSPost2010Prop52
140
1.0
102
RTVSPost2010PropOp52
 70
     0
102
RTVSPost2010Prop53
 90
        2
102
RTVSPost2010PropOp53
 70
     1
102
RTVSPost2010Prop54
  1
strokes_ogs.tif
102
RTVSPost2010PropOp54
 70
     1
102
RTVSPost2010Prop55
280
     0
102
RTVSPost2010PropOp55
 70
     1
102
RTVSPost2010Prop56
140
1.0
102
RTVSPost2010PropOp56
 70
     1
102
RTVSPost2010Prop57
140
1.0
102
RTVSPost2010PropOp57
 70
     1
  0
XRECORD
  5
D5
102
{ACAD_REACTORS
330
D4
102
}
330
D4
100
AcDbXrecord
280
     1
102
RTVSPropertyOp0
 70
     1
102
RTVSPropertyOp1
 70
     1
102
RTVSPropertyOp2
 70
     1
102
RTVSPropertyOp3
 70
     1
102
RTVSPropertyOp4
 70
     1
102
RTVSPropertyOp5
 70
     1
102
RTVSPropertyOp6
 70
     1
102
RTVSPropertyOp7
 70
     1
102
RTVSPropertyOp8
 70
     1
102
RTVSPropertyOp9
 70
     1
102
RTVSPropertyOp10
 70
     1
102
RTVSPropertyOp11
 70
     1
102
RTVSPropertyOp12
 70
     1
102
RTVSPropertyOp13
 70
     1
102
RTVSPropertyOp14
 70
     1
102
RTVSPropertyOp15
 70
     1
102
RTVSPropertyOp16
 70
     1
102
RTVSPropertyOp17
 70
     1
102
RTVSPropertyOp18
 70
     1
102
RTVSPropertyOp19
 70
     1
102
RTVSPropertyOp20
 70
     1
102
RTVSPropertyOp21
 70
     1
102
RTVSPropertyOp22
 70
     1
102
RTVSPropertyOp23
 70
     1
102
RTVSPropertyOp24
 70
     1
102
RTVSPropertyOp25
 70
     1
102
RTVSPropertyOp26
 70
     1
102
RTVSPropertyOp27
 70
     1
102
RTVSPropertyOp28
 70
     1
102
RTVSPropertyOp29
 70
     1
102
RTVSPropertyOp30
 70
     1
102
RTVSPropertyOp31
 70
     1
102
RTVSPropertyOp32
 70
     1
102
RTVSPropertyOp33
 70
     1
102
RTVSPropertyOp34
 70
     1
102
RTVSPropertyOp35
 70
     1
102
RTVSPropertyOp36
 70
     1
102
RTVSPropertyOp37
 70
     1
102
RTVSPropertyOp38
 70
     1
102
RTVSPropertyOp39
 70
     1
102
RTVSPropertyOp40
 70
     1
102
RTVSPropertyOp41
 70
     1
102
RTVSPropertyOp42
 70
     1
102
RTVSPropertyOp43
 70
     1
102
RTVSPropertyOp44
 70
     1
102
RTVSPropertyOp45
 70
     1
102
RTVSPropertyOp46
 70
     1
102
RTVSPropertyOp47
 70
     1
102
RTVSPropertyOp48
 70
     1
102
RTVSPropertyOp49
 70
     1
102
RTVSPropertyOp50
 70
     1
102
RTVSPropertyOp51
 70
     0
102
RTVSPropertyOp52
 70
     0
102
RTVSPropertyOp53
 70
     1
102
RTVSPropertyOp54
 70
     1
102
RTVSPropertyOp55
 70
     1
102
RTVSPropertyOp56
 70
     1
102
RTVSPropertyOp57
 70
     1
102
RTVSPost2010Prop28
280
     0
102
RTVSPost2010PropOp28
 70
     1
102
RTVSPost2010Prop29
280
     1
102
RTVSPost2010PropOp29
 70
     1
102
RTVSPost2010Prop30
280
     1
102
RTVSPost2010PropOp30
 70
     1
102
RTVSPost2010Prop31
280
     0
102
RTVSPost2010PropOp31
 70
     1
102
RTVSPost2010Prop32
280
     0
102
RTVSPost2010PropOp32
 70
     1
102
RTVSPost2010Prop33
280
     0
102
RTVSPost2010PropOp33
 70
     1
102
RTVSPost2010Prop34
280
     0
102
RTVSPost2010PropOp34
 70
     1
102
RTVSPost2010Prop35
280
     0
102
RTVSPost2010PropOp35
 70
     1
102
RTVSPost2010Prop36
280
     0
102
RTVSPost2010PropOp36
 70
     1
102
RTVSPost2010Prop37
 90
       50
102
RTVSPost2010PropOp37
 70
     1
102
RTVSPost2010Prop38
140
0.0
102
RTVSPost2010PropOp38
 70
     1
102
RTVSPost2010Prop39
140
1.0
102
RTVSPost2010PropOp39
 70
     1
102
RTVSPost2010Prop40
 90
        0
102
RTVSPost2010PropOp40
 70
     1
102
RTVSPost2010Prop41ColorIndex
 90
       18
102
RTVSPost2010Prop41ColorRGB
 90
        0
102
RTVSPost2010PropOp41
 70
     1
102
RTVSPost2010Prop42
 90
       50
102
RTVSPost2010PropOp42
 70
     1
102
RTVSPost2010Prop43
 90
        3
102
RTVSPost2010PropOp43
 70
     1
102
RTVSPost2010Prop44ColorIndex
 90
        5
102
RTVSPost2010Prop44ColorRGB
 90
      255
102
RTVSPost2010PropOp44
 70
     1
102
RTVSPost2010Prop45
280
     0
102
RTVSPost2010PropOp45
 70
     1
102
RTVSPost2010Prop46
 90
       50
102
RTVSPost2010PropOp46
 70
     1
102
RTVSPost2010Prop47
 90
       50
102
RTVSPost2010PropOp47
 70
     1
102
RTVSPost2010Prop48
 90
       50
102
RTVSPost2010PropOp48
 70
     1
102
RTVSPost2010Prop49
280
     0
102
RTVSPost2010PropOp49
 70
     1
102
RTVSPost2010Prop50
 90
       50
102
RTVSPost2010PropOp50
 70
     1
102
RTVSPost2010Prop51ColorIndex
 90
      256
102
RTVSPost2010Prop51ColorRGB
 90
-16777216
102
RTVSPost2010PropOp51
 70
     0
102
RTVSPost2010Prop52
140
1.0
102
RTVSPost2010PropOp52
 70
     0
102
RTVSPost2010Prop53
 90
        2
102
RTVSPost2010PropOp53
 70
     1
102
RTVSPost2010Prop54
  1
strokes_ogs.tif
102
RTVSPost2010PropOp54
 70
     1
102
RTVSPost2010Prop55
280
     0
102
RTVSPost2010PropOp55
 70
     1
102
RTVSPost2010Prop56
140
1.0
102
RTVSPost2010PropOp56
 70
     1
102
RTVSPost2010Prop57
140
1.0
102
RTVSPost2010PropOp57
 70
     1
  0
XRECORD
  5
D7
102
{ACAD_REACTORS
330
D6
102
}
330
D6
100
AcDbXrecord
280
     1
102
RTVSPropertyOp0
 70
     1
102
RTVSPropertyOp1
 70
     1
102
RTVSPropertyOp2
 70
     1
102
RTVSPropertyOp3
 70
     1
102
RTVSPropertyOp4
 70
     1
102
RTVSPropertyOp5
 70
     1
102
RTVSPropertyOp6
 70
     1
102
RTVSPropertyOp7
 70
     1
102
RTVSPropertyOp8
 70
     1
102
RTVSPropertyOp9
 70
     1
102
RTVSPropertyOp10
 70
     1
102
RTVSPropertyOp11
 70
     1
102
RTVSPropertyOp12
 70
     1
102
RTVSPropertyOp13
 70
     1
102
RTVSPropertyOp14
 70
     1
102
RTVSPropertyOp15
 70
     1
102
RTVSPropertyOp16
 70
     1
102
RTVSPropertyOp17
 70
     1
102
RTVSPropertyOp18
 70
     1
102
RTVSPropertyOp19
 70
     1
102
RTVSPropertyOp20
 70
     1
102
RTVSPropertyOp21
 70
     1
102
RTVSPropertyOp22
 70
     1
102
RTVSPropertyOp23
 70
     1
102
RTVSPropertyOp24
 70
     1
102
RTVSPropertyOp25
 70
     1
102
RTVSPropertyOp26
 70
     1
102
RTVSPropertyOp27
 70
     1
102
RTVSPropertyOp28
 70
     1
102
RTVSPropertyOp29
 70
     1
102
RTVSPropertyOp30
 70
     1
102
RTVSPropertyOp31
 70
     1
102
RTVSPropertyOp32
 70
     1
102
RTVSPropertyOp33
 70
     1
102
RTVSPropertyOp34
 70
     1
102
RTVSPropertyOp35
 70
     1
102
RTVSPropertyOp36
 70
     1
102
RTVSPropertyOp37
 70
     1
102
RTVSPropertyOp38
 70
     1
102
RTVSPropertyOp39
 70
     1
102
RTVSPropertyOp40
 70
     1
102
RTVSPropertyOp41
 70
     1
102
RTVSPropertyOp42
 70
     1
102
RTVSPropertyOp43
 70
     1
102
RTVSPropertyOp44
 70
     1
102
RTVSPropertyOp45
 70
     1
102
RTVSPropertyOp46
 70
     1
102
RTVSPropertyOp47
 70
     1
102
RTVSPropertyOp48
 70
     1
102
RTVSPropertyOp49
 70
     1
102
RTVSPropertyOp50
 70
     1
102
RTVSPropertyOp51
 70
     0
102
RTVSPropertyOp52
 70
     0
102
RTVSPropertyOp53
 70
     1
102
RTVSPropertyOp54
 70
     1
102
RTVSPropertyOp55
 70
     1
102
RTVSPropertyOp56
 70
     1
102
RTVSPropertyOp57
 70
     1
102
RTVSPost2010Prop28
280
     0
102
RTVSPost2010PropOp28
 70
     1
102
RTVSPost2010Prop29
280
     1
102
RTVSPost2010PropOp29
 70
     1
102
RTVSPost2010Prop30
280
     1
102
RTVSPost2010PropOp30
 70
     1
102
RTVSPost2010Prop31
280
     0
102
RTVSPost2010PropOp31
 70
     1
102
RTVSPost2010Prop32
280
     0
102
RTVSPost2010PropOp32
 70
     1
102
RTVSPost2010Prop33
280
     0
102
RTVSPost2010PropOp33
 70
     1
102
RTVSPost2010Prop34
280
     0
102
RTVSPost2010PropOp34
 70
     1
102
RTVSPost2010Prop35
280
     0
102
RTVSPost2010PropOp35
 70
     1
102
RTVSPost2010Prop36
280
     0
102
RTVSPost2010PropOp36
 70
     1
102
RTVSPost2010Prop37
 90
       50
102
RTVSPost2010PropOp37
 70
     1
102
RTVSPost2010Prop38
140
0.0
102
RTVSPost2010PropOp38
 70
     1
102
RTVSPost2010Prop39
140
1.0
102
RTVSPost2010PropOp39
 70
     1
102
RTVSPost2010Prop40
 90
        0
102
RTVSPost2010PropOp40
 70
     1
102
RTVSPost2010Prop41ColorIndex
 90
       18
102
RTVSPost2010Prop41ColorRGB
 90
        0
102
RTVSPost2010PropOp41
 70
     1
102
RTVSPost2010Prop42
 90
       50
102
RTVSPost2010PropOp42
 70
     1
102
RTVSPost2010Prop43
 90
        3
102
RTVSPost2010PropOp43
 70
     1
102
RTVSPost2010Prop44ColorIndex
 90
        5
102
RTVSPost2010Prop44ColorRGB
 90
      255
102
RTVSPost2010PropOp44
 70
     1
102
RTVSPost2010Prop45
280
     0
102
RTVSPost2010PropOp45
 70
     1
102
RTVSPost2010Prop46
 90
       50
102
RTVSPost2010PropOp46
 70
     1
102
RTVSPost2010Prop47
 90
       50
102
RTVSPost2010PropOp47
 70
     1
102
RTVSPost2010Prop48
 90
       50
102
RTVSPost2010PropOp48
 70
     1
102
RTVSPost2010Prop49
280
     0
102
RTVSPost2010PropOp49
 70
     1
102
RTVSPost2010Prop50
 90
       50
102
RTVSPost2010PropOp50
 70
     1
102
RTVSPost2010Prop51ColorIndex
 90
      256
102
RTVSPost2010Prop51ColorRGB
 90
-16777216
102
RTVSPost2010PropOp51
 70
     0
102
RTVSPost2010Prop52
140
1.0
102
RTVSPost2010PropOp52
 70
     0
102
RTVSPost2010Prop53
 90
        2
102
RTVSPost2010PropOp53
 70
     1
102
RTVSPost2010Prop54
  1
strokes_ogs.tif
102
RTVSPost2010PropOp54
 70
     1
102
RTVSPost2010Prop55
280
     0
102
RTVSPost2010PropOp55
 70
     1
102
RTVSPost2010Prop56
140
1.0
102
RTVSPost2010PropOp56
 70
     1
102
RTVSPost2010Prop57
140
1.0
102
RTVSPost2010PropOp57
 70
     1
  0
XRECORD
  5
DD
102
{ACAD_REACTORS
330
DC
102
}
330
DC
100
AcDbXrecord
280
     1
102
RTVSPropertyOp0
 70
     1
102
RTVSPropertyOp1
 70
     1
102
RTVSPropertyOp2
 70
     1
102
RTVSPropertyOp3
 70
     1
102
RTVSPropertyOp4
 70
     1
102
RTVSPropertyOp5
 70
     1
102
RTVSPropertyOp6
 70
     1
102
RTVSPropertyOp7
 70
     1
102
RTVSPropertyOp8
 70
     1
102
RTVSPropertyOp9
 70
     1
102
RTVSPropertyOp10
 70
     1
102
RTVSPropertyOp11
 70
     1
102
RTVSPropertyOp12
 70
     1
102
RTVSPropertyOp13
 70
     1
102
RTVSPropertyOp14
 70
     1
102
RTVSPropertyOp15
 70
     1
102
RTVSPropertyOp16
 70
     1
102
RTVSPropertyOp17
 70
     1
102
RTVSPropertyOp18
 70
     1
102
RTVSPropertyOp19
 70
     1
102
RTVSPropertyOp20
 70
     1
102
RTVSPropertyOp21
 70
     1
102
RTVSPropertyOp22
 70
     1
102
RTVSPropertyOp23
 70
     1
102
RTVSPropertyOp24
 70
     1
102
RTVSPropertyOp25
 70
     1
102
RTVSPropertyOp26
 70
     1
102
RTVSPropertyOp27
 70
     1
102
RTVSPropertyOp28
 70
     1
102
RTVSPropertyOp29
 70
     1
102
RTVSPropertyOp30
 70
     1
102
RTVSPropertyOp31
 70
     1
102
RTVSPropertyOp32
 70
     1
102
RTVSPropertyOp33
 70
     1
102
RTVSPropertyOp34
 70
     1
102
RTVSPropertyOp35
 70
     1
102
RTVSPropertyOp36
 70
     1
102
RTVSPropertyOp37
 70
     1
102
RTVSPropertyOp38
 70
     1
102
RTVSPropertyOp39
 70
     1
102
RTVSPropertyOp40
 70
     1
102
RTVSPropertyOp41
 70
     1
102
RTVSPropertyOp42
 70
     1
102
RTVSPropertyOp43
 70
     1
102
RTVSPropertyOp44
 70
     1
102
RTVSPropertyOp45
 70
     1
102
RTVSPropertyOp46
 70
     1
102
RTVSPropertyOp47
 70
     1
102
RTVSPropertyOp48
 70
     1
102
RTVSPropertyOp49
 70
     1
102
RTVSPropertyOp50
 70
     1
102
RTVSPropertyOp51
 70
     0
102
RTVSPropertyOp52
 70
     0
102
RTVSPropertyOp53
 70
     1
102
RTVSPropertyOp54
 70
     1
102
RTVSPropertyOp55
 70
     1
102
RTVSPropertyOp56
 70
     1
102
RTVSPropertyOp57
 70
     1
102
RTVSPost2010Prop28
280
     0
102
RTVSPost2010PropOp28
 70
     1
102
RTVSPost2010Prop29
280
     1
102
RTVSPost2010PropOp29
 70
     1
102
RTVSPost2010Prop30
280
     1
102
RTVSPost2010PropOp30
 70
     1
102
RTVSPost2010Prop31
280
     0
102
RTVSPost2010PropOp31
 70
     1
102
RTVSPost2010Prop32
280
     0
102
RTVSPost2010PropOp32
 70
     1
102
RTVSPost2010Prop33
280
     0
102
RTVSPost2010PropOp33
 70
     1
102
RTVSPost2010Prop34
280
     0
102
RTVSPost2010PropOp34
 70
     1
102
RTVSPost2010Prop35
280
     0
102
RTVSPost2010PropOp35
 70
     1
102
RTVSPost2010Prop36
280
     0
102
RTVSPost2010PropOp36
 70
     1
102
RTVSPost2010Prop37
 90
       50
102
RTVSPost2010PropOp37
 70
     1
102
RTVSPost2010Prop38
140
0.0
102
RTVSPost2010PropOp38
 70
     1
102
RTVSPost2010Prop39
140
1.0
102
RTVSPost2010PropOp39
 70
     1
102
RTVSPost2010Prop40
 90
        0
102
RTVSPost2010PropOp40
 70
     1
102
RTVSPost2010Prop41ColorIndex
 90
       18
102
RTVSPost2010Prop41ColorRGB
 90
        0
102
RTVSPost2010PropOp41
 70
     1
102
RTVSPost2010Prop42
 90
       50
102
RTVSPost2010PropOp42
 70
     1
102
RTVSPost2010Prop43
 90
        3
102
RTVSPost2010PropOp43
 70
     1
102
RTVSPost2010Prop44ColorIndex
 90
        5
102
RTVSPost2010Prop44ColorRGB
 90
      255
102
RTVSPost2010PropOp44
 70
     1
102
RTVSPost2010Prop45
280
     0
102
RTVSPost2010PropOp45
 70
     1
102
RTVSPost2010Prop46
 90
       50
102
RTVSPost2010PropOp46
 70
     1
102
RTVSPost2010Prop47
 90
       50
102
RTVSPost2010PropOp47
 70
     1
102
RTVSPost2010Prop48
 90
       50
102
RTVSPost2010PropOp48
 70
     1
102
RTVSPost2010Prop49
280
     0
102
RTVSPost2010PropOp49
 70
     1
102
RTVSPost2010Prop50
 90
       50
102
RTVSPost2010PropOp50
 70
     1
102
RTVSPost2010Prop51ColorIndex
 90
      256
102
RTVSPost2010Prop51ColorRGB
 90
-16777216
102
RTVSPost2010PropOp51
 70
     0
102
RTVSPost2010Prop52
140
1.0
102
RTVSPost2010PropOp52
 70
     0
102
RTVSPost2010Prop53
 90
        2
102
RTVSPost2010PropOp53
 70
     1
102
RTVSPost2010Prop54
  1
strokes_ogs.tif
102
RTVSPost2010PropOp54
 70
     1
102
RTVSPost2010Prop55
280
     0
102
RTVSPost2010PropOp55
 70
     1
102
RTVSPost2010Prop56
140
1.0
102
RTVSPost2010PropOp56
 70
     1
102
RTVSPost2010Prop57
140
1.0
102
RTVSPost2010PropOp57
 70
     1
  0
XRECORD
  5
F1
102
{ACAD_REACTORS
330
F0
102
}
330
F0
100
AcDbXrecord
280
     1
102
RTVSPropertyOp0
 70
     0
102
RTVSPropertyOp1
 70
     0
102
RTVSPropertyOp2
 70
     0
102
RTVSPropertyOp3
 70
     0
102
RTVSPropertyOp4
 70
     0
102
RTVSPropertyOp5
 70
     0
102
RTVSPropertyOp6
 70
     0
102
RTVSPropertyOp7
 70
     0
102
RTVSPropertyOp8
 70
     0
102
RTVSPropertyOp9
 70
     0
102
RTVSPropertyOp10
 70
     0
102
RTVSPropertyOp11
 70
     0
102
RTVSPropertyOp12
 70
     0
102
RTVSPropertyOp13
 70
     0
102
RTVSPropertyOp14
 70
     2
102
RTVSPropertyOp15
 70
     0
102
RTVSPropertyOp16
 70
     0
102
RTVSPropertyOp17
 70
     0
102
RTVSPropertyOp18
 70
     0
102
RTVSPropertyOp19
 70
     0
102
RTVSPropertyOp20
 70
     0
102
RTVSPropertyOp21
 70
     0
102
RTVSPropertyOp22
 70
     0
102
RTVSPropertyOp23
 70
     0
102
RTVSPropertyOp24
 70
     0
102
RTVSPropertyOp25
 70
     0
102
RTVSPropertyOp26
 70
     0
102
RTVSPropertyOp27
 70
     0
102
RTVSPropertyOp28
 70
     0
102
RTVSPropertyOp29
 70
     0
102
RTVSPropertyOp30
 70
     0
102
RTVSPropertyOp31
 70
     0
102
RTVSPropertyOp32
 70
     0
102
RTVSPropertyOp33
 70
     0
102
RTVSPropertyOp34
 70
     0
102
RTVSPropertyOp35
 70
     0
102
RTVSPropertyOp36
 70
     0
102
RTVSPropertyOp37
 70
     0
102
RTVSPropertyOp38
 70
     0
102
RTVSPropertyOp39
 70
     0
102
RTVSPropertyOp40
 70
     0
102
RTVSPropertyOp41
 70
     0
102
RTVSPropertyOp42
 70
     0
102
RTVSPropertyOp43
 70
     0
102
RTVSPropertyOp44
 70
     0
102
RTVSPropertyOp45
 70
     0
102
RTVSPropertyOp46
 70
     0
102
RTVSPropertyOp47
 70
     0
102
RTVSPropertyOp48
 70
     0
102
RTVSPropertyOp49
 70
     0
102
RTVSPropertyOp50
 70
     0
102
RTVSPropertyOp51
 70
     0
102
RTVSPropertyOp52
 70
     0
102
RTVSPropertyOp53
 70
     0
102
RTVSPropertyOp54
 70
     0
102
RTVSPropertyOp55
 70
     0
102
RTVSPropertyOp56
 70
     0
102
RTVSPropertyOp57
 70
     0
102
RTVSPost2010Prop28
280
     0
102
RTVSPost2010PropOp28
 70
     0
102
RTVSPost2010Prop29
280
     1
102
RTVSPost2010PropOp29
 70
     0
102
RTVSPost2010Prop30
280
     1
102
RTVSPost2010PropOp30
 70
     0
102
RTVSPost2010Prop31
280
     0
102
RTVSPost2010PropOp31
 70
     0
102
RTVSPost2010Prop32
280
     0
102
RTVSPost2010PropOp32
 70
     0
102
RTVSPost2010Prop33
280
     0
102
RTVSPost2010PropOp33
 70
     0
102
RTVSPost2010Prop34
280
     0
102
RTVSPost2010PropOp34
 70
     0
102
RTVSPost2010Prop35
280
     0
102
RTVSPost2010PropOp35
 70
     0
102
RTVSPost2010Prop36
280
     0
102
RTVSPost2010PropOp36
 70
     0
102
RTVSPost2010Prop37
 90
       50
102
RTVSPost2010PropOp37
 70
     0
102
RTVSPost2010Prop38
140
0.0
102
RTVSPost2010PropOp38
 70
     0
102
RTVSPost2010Prop39
140
1.0
102
RTVSPost2010PropOp39
 70
     0
102
RTVSPost2010Prop40
 90
        0
102
RTVSPost2010PropOp40
 70
     0
102
RTVSPost2010Prop41ColorIndex
 90
       18
102
RTVSPost2010Prop41ColorRGB
 90
        0
102
RTVSPost2010PropOp41
 70
     0
102
RTVSPost2010Prop42
 90
       50
102
RTVSPost2010PropOp42
 70
     0
102
RTVSPost2010Prop43
 90
        3
102
RTVSPost2010PropOp43
 70
     0
102
RTVSPost2010Prop44ColorIndex
 90
        5
102
RTVSPost2010Prop44ColorRGB
 90
      255
102
RTVSPost2010PropOp44
 70
     0
102
RTVSPost2010Prop45
280
     0
102
RTVSPost2010PropOp45
 70
     0
102
RTVSPost2010Prop46
 90
       50
102
RTVSPost2010PropOp46
 70
     0
102
RTVSPost2010Prop47
 90
       50
102
RTVSPost2010PropOp47
 70
     0
102
RTVSPost2010Prop48
 90
       50
102
RTVSPost2010PropOp48
 70
     0
102
RTVSPost2010Prop49
280
     0
102
RTVSPost2010PropOp49
 70
     0
102
RTVSPost2010Prop50
 90
       50
102
RTVSPost2010PropOp50
 70
     0
102
RTVSPost2010Prop51ColorIndex
 90
      256
102
RTVSPost2010Prop51ColorRGB
 90
-16777216
102
RTVSPost2010PropOp51
 70
     0
102
RTVSPost2010Prop52
140
1.0
102
RTVSPost2010PropOp52
 70
     0
102
RTVSPost2010Prop53
 90
        2
102
RTVSPost2010PropOp53
 70
     0
102
RTVSPost2010Prop54
  1
strokes_ogs.tif
102
RTVSPost2010PropOp54
 70
     0
102
RTVSPost2010Prop55
280
     0
102
RTVSPost2010PropOp55
 70
     0
102
RTVSPost2010Prop56
140
1.0
102
RTVSPost2010PropOp56
 70
     0
102
RTVSPost2010Prop57
140
1.0
102
RTVSPost2010PropOp57
 70
     0
  0
XRECORD
  5
EB
102
{ACAD_REACTORS
330
EA
102
}
330
EA
100
AcDbXrecord
280
     1
102
RTVSPropertyOp0
 70
     1
102
RTVSPropertyOp1
 70
     1
102
RTVSPropertyOp2
 70
     1
102
RTVSPropertyOp3
 70
     1
102
RTVSPropertyOp4
 70
     1
102
RTVSPropertyOp5
 70
     1
102
RTVSPropertyOp6
 70
     1
102
RTVSPropertyOp7
 70
     1
102
RTVSPropertyOp8
 70
     1
102
RTVSPropertyOp9
 70
     1
102
RTVSPropertyOp10
 70
     1
102
RTVSPropertyOp11
 70
     1
102
RTVSPropertyOp12
 70
     1
102
RTVSPropertyOp13
 70
     1
102
RTVSPropertyOp14
 70
     1
102
RTVSPropertyOp15
 70
     1
102
RTVSPropertyOp16
 70
     1
102
RTVSPropertyOp17
 70
     1
102
RTVSPropertyOp18
 70
     1
102
RTVSPropertyOp19
 70
     1
102
RTVSPropertyOp20
 70
     1
102
RTVSPropertyOp21
 70
     1
102
RTVSPropertyOp22
 70
     1
102
RTVSPropertyOp23
 70
     1
102
RTVSPropertyOp24
 70
     1
102
RTVSPropertyOp25
 70
     1
102
RTVSPropertyOp26
 70
     1
102
RTVSPropertyOp27
 70
     1
102
RTVSPropertyOp28
 70
     1
102
RTVSPropertyOp29
 70
     1
102
RTVSPropertyOp30
 70
     1
102
RTVSPropertyOp31
 70
     1
102
RTVSPropertyOp32
 70
     1
102
RTVSPropertyOp33
 70
     1
102
RTVSPropertyOp34
 70
     1
102
RTVSPropertyOp35
 70
     1
102
RTVSPropertyOp36
 70
     1
102
RTVSPropertyOp37
 70
     1
102
RTVSPropertyOp38
 70
     1
102
RTVSPropertyOp39
 70
     1
102
RTVSPropertyOp40
 70
     1
102
RTVSPropertyOp41
 70
     1
102
RTVSPropertyOp42
 70
     1
102
RTVSPropertyOp43
 70
     1
102
RTVSPropertyOp44
 70
     1
102
RTVSPropertyOp45
 70
     1
102
RTVSPropertyOp46
 70
     1
102
RTVSPropertyOp47
 70
     1
102
RTVSPropertyOp48
 70
     1
102
RTVSPropertyOp49
 70
     1
102
RTVSPropertyOp50
 70
     1
102
RTVSPropertyOp51
 70
     0
102
RTVSPropertyOp52
 70
     0
102
RTVSPropertyOp53
 70
     1
102
RTVSPropertyOp54
 70
     1
102
RTVSPropertyOp55
 70
     1
102
RTVSPropertyOp56
 70
     1
102
RTVSPropertyOp57
 70
     1
102
RTVSPost2010Prop28
280
     0
102
RTVSPost2010PropOp28
 70
     1
102
RTVSPost2010Prop29
280
     1
102
RTVSPost2010PropOp29
 70
     1
102
RTVSPost2010Prop30
280
     1
102
RTVSPost2010PropOp30
 70
     1
102
RTVSPost2010Prop31
280
     0
102
RTVSPost2010PropOp31
 70
     1
102
RTVSPost2010Prop32
280
     0
102
RTVSPost2010PropOp32
 70
     1
102
RTVSPost2010Prop33
280
     0
102
RTVSPost2010PropOp33
 70
     1
102
RTVSPost2010Prop34
280
     0
102
RTVSPost2010PropOp34
 70
     1
102
RTVSPost2010Prop35
280
     0
102
RTVSPost2010PropOp35
 70
     1
102
RTVSPost2010Prop36
280
     0
102
RTVSPost2010PropOp36
 70
     1
102
RTVSPost2010Prop37
 90
       50
102
RTVSPost2010PropOp37
 70
     1
102
RTVSPost2010Prop38
140
0.0
102
RTVSPost2010PropOp38
 70
     1
102
RTVSPost2010Prop39
140
1.0
102
RTVSPost2010PropOp39
 70
     1
102
RTVSPost2010Prop40
 90
        0
102
RTVSPost2010PropOp40
 70
     1
102
RTVSPost2010Prop41ColorIndex
 90
       18
102
RTVSPost2010Prop41ColorRGB
 90
        0
102
RTVSPost2010PropOp41
 70
     1
102
RTVSPost2010Prop42
 90
       50
102
RTVSPost2010PropOp42
 70
     1
102
RTVSPost2010Prop43
 90
        3
102
RTVSPost2010PropOp43
 70
     1
102
RTVSPost2010Prop44ColorIndex
 90
        5
102
RTVSPost2010Prop44ColorRGB
 90
      255
102
RTVSPost2010PropOp44
 70
     1
102
RTVSPost2010Prop45
280
     0
102
RTVSPost2010PropOp45
 70
     1
102
RTVSPost2010Prop46
 90
       50
102
RTVSPost2010PropOp46
 70
     1
102
RTVSPost2010Prop47
 90
       50
102
RTVSPost2010PropOp47
 70
     1
102
RTVSPost2010Prop48
 90
       50
102
RTVSPost2010PropOp48
 70
     1
102
RTVSPost2010Prop49
280
     0
102
RTVSPost2010PropOp49
 70
     1
102
RTVSPost2010Prop50
 90
       50
102
RTVSPost2010PropOp50
 70
     1
102
RTVSPost2010Prop51ColorIndex
 90
      256
102
RTVSPost2010Prop51ColorRGB
 90
-16777216
102
RTVSPost2010PropOp51
 70
     0
102
RTVSPost2010Prop52
140
1.0
102
RTVSPost2010PropOp52
 70
     0
102
RTVSPost2010Prop53
 90
        2
102
RTVSPost2010PropOp53
 70
     1
102
RTVSPost2010Prop54
  1
strokes_ogs.tif
102
RTVSPost2010PropOp54
 70
     1
102
RTVSPost2010Prop55
280
     0
102
RTVSPost2010PropOp55
 70
     1
102
RTVSPost2010Prop56
140
1.0
102
RTVSPost2010PropOp56
 70
     1
102
RTVSPost2010Prop57
140
1.0
102
RTVSPost2010PropOp57
 70
     1
  0
XRECORD
  5
F3
102
{ACAD_REACTORS
330
F2
102
}
330
F2
100
AcDbXrecord
280
     1
102
RTVSPropertyOp0
 70
     0
102
RTVSPropertyOp1
 70
     0
102
RTVSPropertyOp2
 70
     0
102
RTVSPropertyOp3
 70
     0
102
RTVSPropertyOp4
 70
     0
102
RTVSPropertyOp5
 70
     0
102
RTVSPropertyOp6
 70
     0
102
RTVSPropertyOp7
 70
     0
102
RTVSPropertyOp8
 70
     0
102
RTVSPropertyOp9
 70
     0
102
RTVSPropertyOp10
 70
     0
102
RTVSPropertyOp11
 70
     0
102
RTVSPropertyOp12
 70
     0
102
RTVSPropertyOp13
 70
     0
102
RTVSPropertyOp14
 70
     2
102
RTVSPropertyOp15
 70
     0
102
RTVSPropertyOp16
 70
     0
102
RTVSPropertyOp17
 70
     0
102
RTVSPropertyOp18
 70
     0
102
RTVSPropertyOp19
 70
     0
102
RTVSPropertyOp20
 70
     0
102
RTVSPropertyOp21
 70
     0
102
RTVSPropertyOp22
 70
     0
102
RTVSPropertyOp23
 70
     0
102
RTVSPropertyOp24
 70
     0
102
RTVSPropertyOp25
 70
     0
102
RTVSPropertyOp26
 70
     0
102
RTVSPropertyOp27
 70
     0
102
RTVSPropertyOp28
 70
     0
102
RTVSPropertyOp29
 70
     0
102
RTVSPropertyOp30
 70
     0
102
RTVSPropertyOp31
 70
     0
102
RTVSPropertyOp32
 70
     0
102
RTVSPropertyOp33
 70
     0
102
RTVSPropertyOp34
 70
     0
102
RTVSPropertyOp35
 70
     0
102
RTVSPropertyOp36
 70
     0
102
RTVSPropertyOp37
 70
     0
102
RTVSPropertyOp38
 70
     0
102
RTVSPropertyOp39
 70
     0
102
RTVSPropertyOp40
 70
     0
102
RTVSPropertyOp41
 70
     0
102
RTVSPropertyOp42
 70
     0
102
RTVSPropertyOp43
 70
     0
102
RTVSPropertyOp44
 70
     0
102
RTVSPropertyOp45
 70
     0
102
RTVSPropertyOp46
 70
     0
102
RTVSPropertyOp47
 70
     0
102
RTVSPropertyOp48
 70
     0
102
RTVSPropertyOp49
 70
     0
102
RTVSPropertyOp50
 70
     0
102
RTVSPropertyOp51
 70
     0
102
RTVSPropertyOp52
 70
     0
102
RTVSPropertyOp53
 70
     0
102
RTVSPropertyOp54
 70
     0
102
RTVSPropertyOp55
 70
     0
102
RTVSPropertyOp56
 70
     0
102
RTVSPropertyOp57
 70
     0
102
RTVSPost2010Prop28
280
     0
102
RTVSPost2010PropOp28
 70
     0
102
RTVSPost2010Prop29
280
     1
102
RTVSPost2010PropOp29
 70
     0
102
RTVSPost2010Prop30
280
     1
102
RTVSPost2010PropOp30
 70
     0
102
RTVSPost2010Prop31
280
     0
102
RTVSPost2010PropOp31
 70
     0
102
RTVSPost2010Prop32
280
     0
102
RTVSPost2010PropOp32
 70
     0
102
RTVSPost2010Prop33
280
     0
102
RTVSPost2010PropOp33
 70
     0
102
RTVSPost2010Prop34
280
     0
102
RTVSPost2010PropOp34
 70
     0
102
RTVSPost2010Prop35
280
     0
102
RTVSPost2010PropOp35
 70
     0
102
RTVSPost2010Prop36
280
     0
102
RTVSPost2010PropOp36
 70
     0
102
RTVSPost2010Prop37
 90
       50
102
RTVSPost2010PropOp37
 70
     0
102
RTVSPost2010Prop38
140
0.0
102
RTVSPost2010PropOp38
 70
     0
102
RTVSPost2010Prop39
140
1.0
102
RTVSPost2010PropOp39
 70
     0
102
RTVSPost2010Prop40
 90
        0
102
RTVSPost2010PropOp40
 70
     0
102
RTVSPost2010Prop41ColorIndex
 90
       18
102
RTVSPost2010Prop41ColorRGB
 90
        0
102
RTVSPost2010PropOp41
 70
     0
102
RTVSPost2010Prop42
 90
       50
102
RTVSPost2010PropOp42
 70
     0
102
RTVSPost2010Prop43
 90
        3
102
RTVSPost2010PropOp43
 70
     0
102
RTVSPost2010Prop44ColorIndex
 90
        5
102
RTVSPost2010Prop44ColorRGB
 90
      255
102
RTVSPost2010PropOp44
 70
     0
102
RTVSPost2010Prop45
280
     0
102
RTVSPost2010PropOp45
 70
     0
102
RTVSPost2010Prop46
 90
       50
102
RTVSPost2010PropOp46
 70
     0
102
RTVSPost2010Prop47
 90
       50
102
RTVSPost2010PropOp47
 70
     0
102
RTVSPost2010Prop48
 90
       50
102
RTVSPost2010PropOp48
 70
     0
102
RTVSPost2010Prop49
280
     0
102
RTVSPost2010PropOp49
 70
     0
102
RTVSPost2010Prop50
 90
       50
102
RTVSPost2010PropOp50
 70
     0
102
RTVSPost2010Prop51ColorIndex
 90
      256
102
RTVSPost2010Prop51ColorRGB
 90
-16777216
102
RTVSPost2010PropOp51
 70
     0
102
RTVSPost2010Prop52
140
1.0
102
RTVSPost2010PropOp52
 70
     0
102
RTVSPost2010Prop53
 90
        2
102
RTVSPost2010PropOp53
 70
     0
102
RTVSPost2010Prop54
  1
strokes_ogs.tif
102
RTVSPost2010PropOp54
 70
     0
102
RTVSPost2010Prop55
280
     0
102
RTVSPost2010PropOp55
 70
     0
102
RTVSPost2010Prop56
140
1.0
102
RTVSPost2010PropOp56
 70
     0
102
RTVSPost2010Prop57
140
1.0
102
RTVSPost2010PropOp57
 70
     0
  0
XRECORD
  5
E1
102
{ACAD_REACTORS
330
E0
102
}
330
E0
100
AcDbXrecord
280
     1
102
RTVSPropertyOp0
 70
     1
102
RTVSPropertyOp1
 70
     1
102
RTVSPropertyOp2
 70
     1
102
RTVSPropertyOp3
 70
     1
102
RTVSPropertyOp4
 70
     1
102
RTVSPropertyOp5
 70
     1
102
RTVSPropertyOp6
 70
     1
102
RTVSPropertyOp7
 70
     1
102
RTVSPropertyOp8
 70
     1
102
RTVSPropertyOp9
 70
     1
102
RTVSPropertyOp10
 70
     1
102
RTVSPropertyOp11
 70
     1
102
RTVSPropertyOp12
 70
     1
102
RTVSPropertyOp13
 70
     1
102
RTVSPropertyOp14
 70
     1
102
RTVSPropertyOp15
 70
     1
102
RTVSPropertyOp16
 70
     1
102
RTVSPropertyOp17
 70
     1
102
RTVSPropertyOp18
 70
     1
102
RTVSPropertyOp19
 70
     1
102
RTVSPropertyOp20
 70
     1
102
RTVSPropertyOp21
 70
     1
102
RTVSPropertyOp22
 70
     1
102
RTVSPropertyOp23
 70
     1
102
RTVSPropertyOp24
 70
     1
102
RTVSPropertyOp25
 70
     1
102
RTVSPropertyOp26
 70
     1
102
RTVSPropertyOp27
 70
     1
102
RTVSPropertyOp28
 70
     1
102
RTVSPropertyOp29
 70
     1
102
RTVSPropertyOp30
 70
     1
102
RTVSPropertyOp31
 70
     1
102
RTVSPropertyOp32
 70
     1
102
RTVSPropertyOp33
 70
     1
102
RTVSPropertyOp34
 70
     1
102
RTVSPropertyOp35
 70
     1
102
RTVSPropertyOp36
 70
     1
102
RTVSPropertyOp37
 70
     1
102
RTVSPropertyOp38
 70
     1
102
RTVSPropertyOp39
 70
     1
102
RTVSPropertyOp40
 70
     1
102
RTVSPropertyOp41
 70
     1
102
RTVSPropertyOp42
 70
     1
102
RTVSPropertyOp43
 70
     1
102
RTVSPropertyOp44
 70
     1
102
RTVSPropertyOp45
 70
     1
102
RTVSPropertyOp46
 70
     1
102
RTVSPropertyOp47
 70
     1
102
RTVSPropertyOp48
 70
     1
102
RTVSPropertyOp49
 70
     1
102
RTVSPropertyOp50
 70
     1
102
RTVSPropertyOp51
 70
     0
102
RTVSPropertyOp52
 70
     0
102
RTVSPropertyOp53
 70
     1
102
RTVSPropertyOp54
 70
     1
102
RTVSPropertyOp55
 70
     1
102
RTVSPropertyOp56
 70
     1
102
RTVSPropertyOp57
 70
     1
102
RTVSPost2010Prop28
280
     0
102
RTVSPost2010PropOp28
 70
     1
102
RTVSPost2010Prop29
280
     1
102
RTVSPost2010PropOp29
 70
     1
102
RTVSPost2010Prop30
280
     1
102
RTVSPost2010PropOp30
 70
     1
102
RTVSPost2010Prop31
280
     0
102
RTVSPost2010PropOp31
 70
     1
102
RTVSPost2010Prop32
280
     0
102
RTVSPost2010PropOp32
 70
     1
102
RTVSPost2010Prop33
280
     0
102
RTVSPost2010PropOp33
 70
     1
102
RTVSPost2010Prop34
280
     0
102
RTVSPost2010PropOp34
 70
     1
102
RTVSPost2010Prop35
280
     0
102
RTVSPost2010PropOp35
 70
     1
102
RTVSPost2010Prop36
280
     0
102
RTVSPost2010PropOp36
 70
     1
102
RTVSPost2010Prop37
 90
       50
102
RTVSPost2010PropOp37
 70
     1
102
RTVSPost2010Prop38
140
0.0
102
RTVSPost2010PropOp38
 70
     1
102
RTVSPost2010Prop39
140
1.0
102
RTVSPost2010PropOp39
 70
     1
102
RTVSPost2010Prop40
 90
        0
102
RTVSPost2010PropOp40
 70
     1
102
RTVSPost2010Prop41ColorIndex
 90
       18
102
RTVSPost2010Prop41ColorRGB
 90
        0
102
RTVSPost2010PropOp41
 70
     1
102
RTVSPost2010Prop42
 90
       50
102
RTVSPost2010PropOp42
 70
     1
102
RTVSPost2010Prop43
 90
        3
102
RTVSPost2010PropOp43
 70
     1
102
RTVSPost2010Prop44ColorIndex
 90
        5
102
RTVSPost2010Prop44ColorRGB
 90
      255
102
RTVSPost2010PropOp44
 70
     1
102
RTVSPost2010Prop45
280
     0
102
RTVSPost2010PropOp45
 70
     1
102
RTVSPost2010Prop46
 90
       50
102
RTVSPost2010PropOp46
 70
     1
102
RTVSPost2010Prop47
 90
       50
102
RTVSPost2010PropOp47
 70
     1
102
RTVSPost2010Prop48
 90
       50
102
RTVSPost2010PropOp48
 70
     1
102
RTVSPost2010Prop49
280
     0
102
RTVSPost2010PropOp49
 70
     1
102
RTVSPost2010Prop50
 90
       50
102
RTVSPost2010PropOp50
 70
     1
102
RTVSPost2010Prop51ColorIndex
 90
      256
102
RTVSPost2010Prop51ColorRGB
 90
-16777216
102
RTVSPost2010PropOp51
 70
     0
102
RTVSPost2010Prop52
140
1.0
102
RTVSPost2010PropOp52
 70
     0
102
RTVSPost2010Prop53
 90
        2
102
RTVSPost2010PropOp53
 70
     1
102
RTVSPost2010Prop54
  1
strokes_ogs.tif
102
RTVSPost2010PropOp54
 70
     1
102
RTVSPost2010Prop55
280
     0
102
RTVSPost2010PropOp55
 70
     1
102
RTVSPost2010Prop56
140
1.0
102
RTVSPost2010PropOp56
 70
     1
102
RTVSPost2010Prop57
140
1.0
102
RTVSPost2010PropOp57
 70
     1
  0
XRECORD
  5
FF
102
{ACAD_REACTORS
330
FE
102
}
330
FE
100
AcDbXrecord
280
     1
102
RTVSPropertyOp0
 70
     1
102
RTVSPropertyOp1
 70
     1
102
RTVSPropertyOp2
 70
     1
102
RTVSPropertyOp3
 70
     1
102
RTVSPropertyOp4
 70
     1
102
RTVSPropertyOp5
 70
     1
102
RTVSPropertyOp6
 70
     1
102
RTVSPropertyOp7
 70
     1
102
RTVSPropertyOp8
 70
     1
102
RTVSPropertyOp9
 70
     1
102
RTVSPropertyOp10
 70
     1
102
RTVSPropertyOp11
 70
     1
102
RTVSPropertyOp12
 70
     1
102
RTVSPropertyOp13
 70
     1
102
RTVSPropertyOp14
 70
     1
102
RTVSPropertyOp15
 70
     1
102
RTVSPropertyOp16
 70
     1
102
RTVSPropertyOp17
 70
     1
102
RTVSPropertyOp18
 70
     1
102
RTVSPropertyOp19
 70
     1
102
RTVSPropertyOp20
 70
     1
102
RTVSPropertyOp21
 70
     1
102
RTVSPropertyOp22
 70
     1
102
RTVSPropertyOp23
 70
     1
102
RTVSPropertyOp24
 70
     1
102
RTVSPropertyOp25
 70
     1
102
RTVSPropertyOp26
 70
     1
102
RTVSPropertyOp27
 70
     1
102
RTVSPropertyOp28
 70
     1
102
RTVSPropertyOp29
 70
     1
102
RTVSPropertyOp30
 70
     1
102
RTVSPropertyOp31
 70
     1
102
RTVSPropertyOp32
 70
     1
102
RTVSPropertyOp33
 70
     1
102
RTVSPropertyOp34
 70
     1
102
RTVSPropertyOp35
 70
     1
102
RTVSPropertyOp36
 70
     1
102
RTVSPropertyOp37
 70
     1
102
RTVSPropertyOp38
 70
     1
102
RTVSPropertyOp39
 70
     1
102
RTVSPropertyOp40
 70
     1
102
RTVSPropertyOp41
 70
     1
102
RTVSPropertyOp42
 70
     1
102
RTVSPropertyOp43
 70
     1
102
RTVSPropertyOp44
 70
     1
102
RTVSPropertyOp45
 70
     1
102
RTVSPropertyOp46
 70
     1
102
RTVSPropertyOp47
 70
     1
102
RTVSPropertyOp48
 70
     1
102
RTVSPropertyOp49
 70
     1
102
RTVSPropertyOp50
 70
     1
102
RTVSPropertyOp51
 70
     0
102
RTVSPropertyOp52
 70
     0
102
RTVSPropertyOp53
 70
     1
102
RTVSPropertyOp54
 70
     1
102
RTVSPropertyOp55
 70
     1
102
RTVSPropertyOp56
 70
     1
102
RTVSPropertyOp57
 70
     1
102
RTVSPost2010Prop28
280
     0
102
RTVSPost2010PropOp28
 70
     1
102
RTVSPost2010Prop29
280
     1
102
RTVSPost2010PropOp29
 70
     1
102
RTVSPost2010Prop30
280
     1
102
RTVSPost2010PropOp30
 70
     1
102
RTVSPost2010Prop31
280
     0
102
RTVSPost2010PropOp31
 70
     1
102
RTVSPost2010Prop32
280
     0
102
RTVSPost2010PropOp32
 70
     1
102
RTVSPost2010Prop33
280
     0
102
RTVSPost2010PropOp33
 70
     1
102
RTVSPost2010Prop34
280
     0
102
RTVSPost2010PropOp34
 70
     1
102
RTVSPost2010Prop35
280
     0
102
RTVSPost2010PropOp35
 70
     1
102
RTVSPost2010Prop36
280
     0
102
RTVSPost2010PropOp36
 70
     1
102
RTVSPost2010Prop37
 90
       50
102
RTVSPost2010PropOp37
 70
     1
102
RTVSPost2010Prop38
140
0.0
102
RTVSPost2010PropOp38
 70
     1
102
RTVSPost2010Prop39
140
1.0
102
RTVSPost2010PropOp39
 70
     1
102
RTVSPost2010Prop40
 90
        0
102
RTVSPost2010PropOp40
 70
     1
102
RTVSPost2010Prop41ColorIndex
 90
       18
102
RTVSPost2010Prop41ColorRGB
 90
        0
102
RTVSPost2010PropOp41
 70
     1
102
RTVSPost2010Prop42
 90
       50
102
RTVSPost2010PropOp42
 70
     1
102
RTVSPost2010Prop43
 90
        3
102
RTVSPost2010PropOp43
 70
     1
102
RTVSPost2010Prop44ColorIndex
 90
        5
102
RTVSPost2010Prop44ColorRGB
 90
      255
102
RTVSPost2010PropOp44
 70
     1
102
RTVSPost2010Prop45
280
     0
102
RTVSPost2010PropOp45
 70
     1
102
RTVSPost2010Prop46
 90
       50
102
RTVSPost2010PropOp46
 70
     1
102
RTVSPost2010Prop47
 90
       50
102
RTVSPost2010PropOp47
 70
     1
102
RTVSPost2010Prop48
 90
       50
102
RTVSPost2010PropOp48
 70
     1
102
RTVSPost2010Prop49
280
     0
102
RTVSPost2010PropOp49
 70
     1
102
RTVSPost2010Prop50
 90
       50
102
RTVSPost2010PropOp50
 70
     1
102
RTVSPost2010Prop51ColorIndex
 90
      256
102
RTVSPost2010Prop51ColorRGB
 90
-16777216
102
RTVSPost2010PropOp51
 70
     0
102
RTVSPost2010Prop52
140
1.0
102
RTVSPost2010PropOp52
 70
     0
102
RTVSPost2010Prop53
 90
        2
102
RTVSPost2010PropOp53
 70
     1
102
RTVSPost2010Prop54
  1
strokes_ogs.tif
102
RTVSPost2010PropOp54
 70
     1
102
RTVSPost2010Prop55
280
     0
102
RTVSPost2010PropOp55
 70
     1
102
RTVSPost2010Prop56
140
1.0
102
RTVSPost2010PropOp56
 70
     1
102
RTVSPost2010Prop57
140
1.0
102
RTVSPost2010PropOp57
 70
     1
  0
XRECORD
  5
FD
102
{ACAD_REACTORS
330
FC
102
}
330
FC
100
AcDbXrecord
280
     1
102
RTVSPropertyOp0
 70
     1
102
RTVSPropertyOp1
 70
     1
102
RTVSPropertyOp2
 70
     1
102
RTVSPropertyOp3
 70
     1
102
RTVSPropertyOp4
 70
     1
102
RTVSPropertyOp5
 70
     1
102
RTVSPropertyOp6
 70
     1
102
RTVSPropertyOp7
 70
     1
102
RTVSPropertyOp8
 70
     1
102
RTVSPropertyOp9
 70
     1
102
RTVSPropertyOp10
 70
     1
102
RTVSPropertyOp11
 70
     1
102
RTVSPropertyOp12
 70
     1
102
RTVSPropertyOp13
 70
     1
102
RTVSPropertyOp14
 70
     1
102
RTVSPropertyOp15
 70
     1
102
RTVSPropertyOp16
 70
     1
102
RTVSPropertyOp17
 70
     1
102
RTVSPropertyOp18
 70
     1
102
RTVSPropertyOp19
 70
     1
102
RTVSPropertyOp20
 70
     1
102
RTVSPropertyOp21
 70
     1
102
RTVSPropertyOp22
 70
     1
102
RTVSPropertyOp23
 70
     1
102
RTVSPropertyOp24
 70
     1
102
RTVSPropertyOp25
 70
     1
102
RTVSPropertyOp26
 70
     1
102
RTVSPropertyOp27
 70
     1
102
RTVSPropertyOp28
 70
     1
102
RTVSPropertyOp29
 70
     1
102
RTVSPropertyOp30
 70
     1
102
RTVSPropertyOp31
 70
     1
102
RTVSPropertyOp32
 70
     1
102
RTVSPropertyOp33
 70
     1
102
RTVSPropertyOp34
 70
     1
102
RTVSPropertyOp35
 70
     1
102
RTVSPropertyOp36
 70
     1
102
RTVSPropertyOp37
 70
     1
102
RTVSPropertyOp38
 70
     1
102
RTVSPropertyOp39
 70
     1
102
RTVSPropertyOp40
 70
     1
102
RTVSPropertyOp41
 70
     1
102
RTVSPropertyOp42
 70
     1
102
RTVSPropertyOp43
 70
     1
102
RTVSPropertyOp44
 70
     1
102
RTVSPropertyOp45
 70
     1
102
RTVSPropertyOp46
 70
     1
102
RTVSPropertyOp47
 70
     1
102
RTVSPropertyOp48
 70
     1
102
RTVSPropertyOp49
 70
     1
102
RTVSPropertyOp50
 70
     1
102
RTVSPropertyOp51
 70
     0
102
RTVSPropertyOp52
 70
     0
102
RTVSPropertyOp53
 70
     1
102
RTVSPropertyOp54
 70
     1
102
RTVSPropertyOp55
 70
     1
102
RTVSPropertyOp56
 70
     1
102
RTVSPropertyOp57
 70
     1
102
RTVSPost2010Prop28
280
     0
102
RTVSPost2010PropOp28
 70
     1
102
RTVSPost2010Prop29
280
     1
102
RTVSPost2010PropOp29
 70
     1
102
RTVSPost2010Prop30
280
     1
102
RTVSPost2010PropOp30
 70
     1
102
RTVSPost2010Prop31
280
     0
102
RTVSPost2010PropOp31
 70
     1
102
RTVSPost2010Prop32
280
     0
102
RTVSPost2010PropOp32
 70
     1
102
RTVSPost2010Prop33
280
     0
102
RTVSPost2010PropOp33
 70
     1
102
RTVSPost2010Prop34
280
     0
102
RTVSPost2010PropOp34
 70
     1
102
RTVSPost2010Prop35
280
     0
102
RTVSPost2010PropOp35
 70
     1
102
RTVSPost2010Prop36
280
     0
102
RTVSPost2010PropOp36
 70
     1
102
RTVSPost2010Prop37
 90
       50
102
RTVSPost2010PropOp37
 70
     1
102
RTVSPost2010Prop38
140
0.0
102
RTVSPost2010PropOp38
 70
     1
102
RTVSPost2010Prop39
140
1.0
102
RTVSPost2010PropOp39
 70
     1
102
RTVSPost2010Prop40
 90
        0
102
RTVSPost2010PropOp40
 70
     1
102
RTVSPost2010Prop41ColorIndex
 90
       18
102
RTVSPost2010Prop41ColorRGB
 90
        0
102
RTVSPost2010PropOp41
 70
     1
102
RTVSPost2010Prop42
 90
       50
102
RTVSPost2010PropOp42
 70
     1
102
RTVSPost2010Prop43
 90
        3
102
RTVSPost2010PropOp43
 70
     1
102
RTVSPost2010Prop44ColorIndex
 90
        5
102
RTVSPost2010Prop44ColorRGB
 90
      255
102
RTVSPost2010PropOp44
 70
     1
102
RTVSPost2010Prop45
280
     0
102
RTVSPost2010PropOp45
 70
     1
102
RTVSPost2010Prop46
 90
       50
102
RTVSPost2010PropOp46
 70
     1
102
RTVSPost2010Prop47
 90
       50
102
RTVSPost2010PropOp47
 70
     1
102
RTVSPost2010Prop48
 90
       50
102
RTVSPost2010PropOp48
 70
     1
102
RTVSPost2010Prop49
280
     0
102
RTVSPost2010PropOp49
 70
     1
102
RTVSPost2010Prop50
 90
       50
102
RTVSPost2010PropOp50
 70
     1
102
RTVSPost2010Prop51ColorIndex
 90
      256
102
RTVSPost2010Prop51ColorRGB
 90
-16777216
102
RTVSPost2010PropOp51
 70
     0
102
RTVSPost2010Prop52
140
1.0
102
RTVSPost2010PropOp52
 70
     0
102
RTVSPost2010Prop53
 90
        2
102
RTVSPost2010PropOp53
 70
     1
102
RTVSPost2010Prop54
  1
strokes_ogs.tif
102
RTVSPost2010PropOp54
 70
     1
102
RTVSPost2010Prop55
280
     0
102
RTVSPost2010PropOp55
 70
     1
102
RTVSPost2010Prop56
140
1.0
102
RTVSPost2010PropOp56
 70
     1
102
RTVSPost2010Prop57
140
1.0
102
RTVSPost2010PropOp57
 70
     1
  0
XRECORD
  5
F7
102
{ACAD_REACTORS
330
F6
102
}
330
F6
100
AcDbXrecord
280
     1
102
RTVSPropertyOp0
 70
     1
102
RTVSPropertyOp1
 70
     1
102
RTVSPropertyOp2
 70
     1
102
RTVSPropertyOp3
 70
     1
102
RTVSPropertyOp4
 70
     1
102
RTVSPropertyOp5
 70
     1
102
RTVSPropertyOp6
 70
     1
102
RTVSPropertyOp7
 70
     1
102
RTVSPropertyOp8
 70
     1
102
RTVSPropertyOp9
 70
     1
102
RTVSPropertyOp10
 70
     1
102
RTVSPropertyOp11
 70
     1
102
RTVSPropertyOp12
 70
     1
102
RTVSPropertyOp13
 70
     1
102
RTVSPropertyOp14
 70
     1
102
RTVSPropertyOp15
 70
     1
102
RTVSPropertyOp16
 70
     1
102
RTVSPropertyOp17
 70
     1
102
RTVSPropertyOp18
 70
     1
102
RTVSPropertyOp19
 70
     1
102
RTVSPropertyOp20
 70
     1
102
RTVSPropertyOp21
 70
     1
102
RTVSPropertyOp22
 70
     1
102
RTVSPropertyOp23
 70
     1
102
RTVSPropertyOp24
 70
     1
102
RTVSPropertyOp25
 70
     1
102
RTVSPropertyOp26
 70
     1
102
RTVSPropertyOp27
 70
     1
102
RTVSPropertyOp28
 70
     1
102
RTVSPropertyOp29
 70
     1
102
RTVSPropertyOp30
 70
     1
102
RTVSPropertyOp31
 70
     1
102
RTVSPropertyOp32
 70
     1
102
RTVSPropertyOp33
 70
     1
102
RTVSPropertyOp34
 70
     1
102
RTVSPropertyOp35
 70
     1
102
RTVSPropertyOp36
 70
     1
102
RTVSPropertyOp37
 70
     1
102
RTVSPropertyOp38
 70
     1
102
RTVSPropertyOp39
 70
     1
102
RTVSPropertyOp40
 70
     1
102
RTVSPropertyOp41
 70
     1
102
RTVSPropertyOp42
 70
     1
102
RTVSPropertyOp43
 70
     1
102
RTVSPropertyOp44
 70
     1
102
RTVSPropertyOp45
 70
     1
102
RTVSPropertyOp46
 70
     1
102
RTVSPropertyOp47
 70
     1
102
RTVSPropertyOp48
 70
     1
102
RTVSPropertyOp49
 70
     1
102
RTVSPropertyOp50
 70
     1
102
RTVSPropertyOp51
 70
     0
102
RTVSPropertyOp52
 70
     0
102
RTVSPropertyOp53
 70
     1
102
RTVSPropertyOp54
 70
     1
102
RTVSPropertyOp55
 70
     1
102
RTVSPropertyOp56
 70
     1
102
RTVSPropertyOp57
 70
     1
102
RTVSPost2010Prop28
280
     0
102
RTVSPost2010PropOp28
 70
     1
102
RTVSPost2010Prop29
280
     1
102
RTVSPost2010PropOp29
 70
     1
102
RTVSPost2010Prop30
280
     1
102
RTVSPost2010PropOp30
 70
     1
102
RTVSPost2010Prop31
280
     0
102
RTVSPost2010PropOp31
 70
     1
102
RTVSPost2010Prop32
280
     0
102
RTVSPost2010PropOp32
 70
     1
102
RTVSPost2010Prop33
280
     0
102
RTVSPost2010PropOp33
 70
     1
102
RTVSPost2010Prop34
280
     0
102
RTVSPost2010PropOp34
 70
     1
102
RTVSPost2010Prop35
280
     0
102
RTVSPost2010PropOp35
 70
     1
102
RTVSPost2010Prop36
280
     0
102
RTVSPost2010PropOp36
 70
     1
102
RTVSPost2010Prop37
 90
       50
102
RTVSPost2010PropOp37
 70
     1
102
RTVSPost2010Prop38
140
0.0
102
RTVSPost2010PropOp38
 70
     1
102
RTVSPost2010Prop39
140
1.0
102
RTVSPost2010PropOp39
 70
     1
102
RTVSPost2010Prop40
 90
        0
102
RTVSPost2010PropOp40
 70
     1
102
RTVSPost2010Prop41ColorIndex
 90
       18
102
RTVSPost2010Prop41ColorRGB
 90
        0
102
RTVSPost2010PropOp41
 70
     1
102
RTVSPost2010Prop42
 90
       50
102
RTVSPost2010PropOp42
 70
     1
102
RTVSPost2010Prop43
 90
        3
102
RTVSPost2010PropOp43
 70
     1
102
RTVSPost2010Prop44ColorIndex
 90
        5
102
RTVSPost2010Prop44ColorRGB
 90
      255
102
RTVSPost2010PropOp44
 70
     1
102
RTVSPost2010Prop45
280
     0
102
RTVSPost2010PropOp45
 70
     1
102
RTVSPost2010Prop46
 90
       50
102
RTVSPost2010PropOp46
 70
     1
102
RTVSPost2010Prop47
 90
       50
102
RTVSPost2010PropOp47
 70
     1
102
RTVSPost2010Prop48
 90
       50
102
RTVSPost2010PropOp48
 70
     1
102
RTVSPost2010Prop49
280
     0
102
RTVSPost2010PropOp49
 70
     1
102
RTVSPost2010Prop50
 90
       50
102
RTVSPost2010PropOp50
 70
     1
102
RTVSPost2010Prop51ColorIndex
 90
      256
102
RTVSPost2010Prop51ColorRGB
 90
-16777216
102
RTVSPost2010PropOp51
 70
     0
102
RTVSPost2010Prop52
140
1.0
102
RTVSPost2010PropOp52
 70
     0
102
RTVSPost2010Prop53
 90
        2
102
RTVSPost2010PropOp53
 70
     1
102
RTVSPost2010Prop54
  1
strokes_ogs.tif
102
RTVSPost2010PropOp54
 70
     1
102
RTVSPost2010Prop55
280
     0
102
RTVSPost2010PropOp55
 70
     1
102
RTVSPost2010Prop56
140
1.0
102
RTVSPost2010PropOp56
 70
     1
102
RTVSPost2010Prop57
140
1.0
102
RTVSPost2010PropOp57
 70
     1
  0
XRECORD
  5
F9
102
{ACAD_REACTORS
330
F8
102
}
330
F8
100
AcDbXrecord
280
     1
102
RTVSPropertyOp0
 70
     1
102
RTVSPropertyOp1
 70
     1
102
RTVSPropertyOp2
 70
     1
102
RTVSPropertyOp3
 70
     1
102
RTVSPropertyOp4
 70
     1
102
RTVSPropertyOp5
 70
     1
102
RTVSPropertyOp6
 70
     1
102
RTVSPropertyOp7
 70
     1
102
RTVSPropertyOp8
 70
     1
102
RTVSPropertyOp9
 70
     1
102
RTVSPropertyOp10
 70
     1
102
RTVSPropertyOp11
 70
     1
102
RTVSPropertyOp12
 70
     1
102
RTVSPropertyOp13
 70
     1
102
RTVSPropertyOp14
 70
     1
102
RTVSPropertyOp15
 70
     1
102
RTVSPropertyOp16
 70
     1
102
RTVSPropertyOp17
 70
     1
102
RTVSPropertyOp18
 70
     1
102
RTVSPropertyOp19
 70
     1
102
RTVSPropertyOp20
 70
     1
102
RTVSPropertyOp21
 70
     1
102
RTVSPropertyOp22
 70
     1
102
RTVSPropertyOp23
 70
     1
102
RTVSPropertyOp24
 70
     1
102
RTVSPropertyOp25
 70
     1
102
RTVSPropertyOp26
 70
     1
102
RTVSPropertyOp27
 70
     1
102
RTVSPropertyOp28
 70
     1
102
RTVSPropertyOp29
 70
     1
102
RTVSPropertyOp30
 70
     1
102
RTVSPropertyOp31
 70
     1
102
RTVSPropertyOp32
 70
     1
102
RTVSPropertyOp33
 70
     1
102
RTVSPropertyOp34
 70
     1
102
RTVSPropertyOp35
 70
     1
102
RTVSPropertyOp36
 70
     1
102
RTVSPropertyOp37
 70
     1
102
RTVSPropertyOp38
 70
     1
102
RTVSPropertyOp39
 70
     1
102
RTVSPropertyOp40
 70
     1
102
RTVSPropertyOp41
 70
     1
102
RTVSPropertyOp42
 70
     1
102
RTVSPropertyOp43
 70
     1
102
RTVSPropertyOp44
 70
     1
102
RTVSPropertyOp45
 70
     1
102
RTVSPropertyOp46
 70
     1
102
RTVSPropertyOp47
 70
     1
102
RTVSPropertyOp48
 70
     1
102
RTVSPropertyOp49
 70
     1
102
RTVSPropertyOp50
 70
     1
102
RTVSPropertyOp51
 70
     0
102
RTVSPropertyOp52
 70
     0
102
RTVSPropertyOp53
 70
     1
102
RTVSPropertyOp54
 70
     1
102
RTVSPropertyOp55
 70
     1
102
RTVSPropertyOp56
 70
     1
102
RTVSPropertyOp57
 70
     1
102
RTVSPost2010Prop28
280
     0
102
RTVSPost2010PropOp28
 70
     1
102
RTVSPost2010Prop29
280
     1
102
RTVSPost2010PropOp29
 70
     1
102
RTVSPost2010Prop30
280
     1
102
RTVSPost2010PropOp30
 70
     1
102
RTVSPost2010Prop31
280
     0
102
RTVSPost2010PropOp31
 70
     1
102
RTVSPost2010Prop32
280
     0
102
RTVSPost2010PropOp32
 70
     1
102
RTVSPost2010Prop33
280
     0
102
RTVSPost2010PropOp33
 70
     1
102
RTVSPost2010Prop34
280
     0
102
RTVSPost2010PropOp34
 70
     1
102
RTVSPost2010Prop35
280
     0
102
RTVSPost2010PropOp35
 70
     1
102
RTVSPost2010Prop36
280
     0
102
RTVSPost2010PropOp36
 70
     1
102
RTVSPost2010Prop37
 90
       50
102
RTVSPost2010PropOp37
 70
     1
102
RTVSPost2010Prop38
140
0.0
102
RTVSPost2010PropOp38
 70
     1
102
RTVSPost2010Prop39
140
1.0
102
RTVSPost2010PropOp39
 70
     1
102
RTVSPost2010Prop40
 90
        0
102
RTVSPost2010PropOp40
 70
     1
102
RTVSPost2010Prop41ColorIndex
 90
       18
102
RTVSPost2010Prop41ColorRGB
 90
        0
102
RTVSPost2010PropOp41
 70
     1
102
RTVSPost2010Prop42
 90
       50
102
RTVSPost2010PropOp42
 70
     1
102
RTVSPost2010Prop43
 90
        3
102
RTVSPost2010PropOp43
 70
     1
102
RTVSPost2010Prop44ColorIndex
 90
        5
102
RTVSPost2010Prop44ColorRGB
 90
      255
102
RTVSPost2010PropOp44
 70
     1
102
RTVSPost2010Prop45
280
     0
102
RTVSPost2010PropOp45
 70
     1
102
RTVSPost2010Prop46
 90
       50
102
RTVSPost2010PropOp46
 70
     1
102
RTVSPost2010Prop47
 90
       50
102
RTVSPost2010PropOp47
 70
     1
102
RTVSPost2010Prop48
 90
       50
102
RTVSPost2010PropOp48
 70
     1
102
RTVSPost2010Prop49
280
     0
102
RTVSPost2010PropOp49
 70
     1
102
RTVSPost2010Prop50
 90
       50
102
RTVSPost2010PropOp50
 70
     1
102
RTVSPost2010Prop51ColorIndex
 90
      256
102
RTVSPost2010Prop51ColorRGB
 90
-16777216
102
RTVSPost2010PropOp51
 70
     0
102
RTVSPost2010Prop52
140
1.0
102
RTVSPost2010PropOp52
 70
     0
102
RTVSPost2010Prop53
 90
        2
102
RTVSPost2010PropOp53
 70
     1
102
RTVSPost2010Prop54
  1
strokes_ogs.tif
102
RTVSPost2010PropOp54
 70
     1
102
RTVSPost2010Prop55
280
     0
102
RTVSPost2010PropOp55
 70
     1
102
RTVSPost2010Prop56
140
1.0
102
RTVSPost2010PropOp56
 70
     1
102
RTVSPost2010Prop57
140
1.0
102
RTVSPost2010PropOp57
 70
     1
  0
XRECORD
  5
E9
102
{ACAD_REACTORS
330
E8
102
}
330
E8
100
AcDbXrecord
280
     1
102
RTVSPropertyOp0
 70
     1
102
RTVSPropertyOp1
 70
     1
102
RTVSPropertyOp2
 70
     1
102
RTVSPropertyOp3
 70
     1
102
RTVSPropertyOp4
 70
     1
102
RTVSPropertyOp5
 70
     1
102
RTVSPropertyOp6
 70
     1
102
RTVSPropertyOp7
 70
     1
102
RTVSPropertyOp8
 70
     1
102
RTVSPropertyOp9
 70
     1
102
RTVSPropertyOp10
 70
     1
102
RTVSPropertyOp11
 70
     1
102
RTVSPropertyOp12
 70
     1
102
RTVSPropertyOp13
 70
     1
102
RTVSPropertyOp14
 70
     1
102
RTVSPropertyOp15
 70
     1
102
RTVSPropertyOp16
 70
     1
102
RTVSPropertyOp17
 70
     1
102
RTVSPropertyOp18
 70
     1
102
RTVSPropertyOp19
 70
     1
102
RTVSPropertyOp20
 70
     1
102
RTVSPropertyOp21
 70
     1
102
RTVSPropertyOp22
 70
     1
102
RTVSPropertyOp23
 70
     1
102
RTVSPropertyOp24
 70
     1
102
RTVSPropertyOp25
 70
     1
102
RTVSPropertyOp26
 70
     1
102
RTVSPropertyOp27
 70
     1
102
RTVSPropertyOp28
 70
     1
102
RTVSPropertyOp29
 70
     1
102
RTVSPropertyOp30
 70
     1
102
RTVSPropertyOp31
 70
     1
102
RTVSPropertyOp32
 70
     1
102
RTVSPropertyOp33
 70
     1
102
RTVSPropertyOp34
 70
     1
102
RTVSPropertyOp35
 70
     1
102
RTVSPropertyOp36
 70
     1
102
RTVSPropertyOp37
 70
     1
102
RTVSPropertyOp38
 70
     1
102
RTVSPropertyOp39
 70
     1
102
RTVSPropertyOp40
 70
     1
102
RTVSPropertyOp41
 70
     1
102
RTVSPropertyOp42
 70
     1
102
RTVSPropertyOp43
 70
     1
102
RTVSPropertyOp44
 70
     1
102
RTVSPropertyOp45
 70
     1
102
RTVSPropertyOp46
 70
     1
102
RTVSPropertyOp47
 70
     1
102
RTVSPropertyOp48
 70
     1
102
RTVSPropertyOp49
 70
     1
102
RTVSPropertyOp50
 70
     1
102
RTVSPropertyOp51
 70
     0
102
RTVSPropertyOp52
 70
     0
102
RTVSPropertyOp53
 70
     1
102
RTVSPropertyOp54
 70
     1
102
RTVSPropertyOp55
 70
     1
102
RTVSPropertyOp56
 70
     1
102
RTVSPropertyOp57
 70
     1
102
RTVSPost2010Prop28
280
     0
102
RTVSPost2010PropOp28
 70
     1
102
RTVSPost2010Prop29
280
     1
102
RTVSPost2010PropOp29
 70
     1
102
RTVSPost2010Prop30
280
     1
102
RTVSPost2010PropOp30
 70
     1
102
RTVSPost2010Prop31
280
     0
102
RTVSPost2010PropOp31
 70
     1
102
RTVSPost2010Prop32
280
     0
102
RTVSPost2010PropOp32
 70
     1
102
RTVSPost2010Prop33
280
     0
102
RTVSPost2010PropOp33
 70
     1
102
RTVSPost2010Prop34
280
     0
102
RTVSPost2010PropOp34
 70
     1
102
RTVSPost2010Prop35
280
     0
102
RTVSPost2010PropOp35
 70
     1
102
RTVSPost2010Prop36
280
     0
102
RTVSPost2010PropOp36
 70
     1
102
RTVSPost2010Prop37
 90
       50
102
RTVSPost2010PropOp37
 70
     1
102
RTVSPost2010Prop38
140
0.0
102
RTVSPost2010PropOp38
 70
     1
102
RTVSPost2010Prop39
140
1.0
102
RTVSPost2010PropOp39
 70
     1
102
RTVSPost2010Prop40
 90
        0
102
RTVSPost2010PropOp40
 70
     1
102
RTVSPost2010Prop41ColorIndex
 90
       18
102
RTVSPost2010Prop41ColorRGB
 90
        0
102
RTVSPost2010PropOp41
 70
     1
102
RTVSPost2010Prop42
 90
       50
102
RTVSPost2010PropOp42
 70
     1
102
RTVSPost2010Prop43
 90
        3
102
RTVSPost2010PropOp43
 70
     1
102
RTVSPost2010Prop44ColorIndex
 90
        5
102
RTVSPost2010Prop44ColorRGB
 90
      255
102
RTVSPost2010PropOp44
 70
     1
102
RTVSPost2010Prop45
280
     0
102
RTVSPost2010PropOp45
 70
     1
102
RTVSPost2010Prop46
 90
       50
102
RTVSPost2010PropOp46
 70
     1
102
RTVSPost2010Prop47
 90
       50
102
RTVSPost2010PropOp47
 70
     1
102
RTVSPost2010Prop48
 90
       50
102
RTVSPost2010PropOp48
 70
     1
102
RTVSPost2010Prop49
280
     0
102
RTVSPost2010PropOp49
 70
     1
102
RTVSPost2010Prop50
 90
       50
102
RTVSPost2010PropOp50
 70
     1
102
RTVSPost2010Prop51ColorIndex
 90
      256
102
RTVSPost2010Prop51ColorRGB
 90
-16777216
102
RTVSPost2010PropOp51
 70
     0
102
RTVSPost2010Prop52
140
1.0
102
RTVSPost2010PropOp52
 70
     0
102
RTVSPost2010Prop53
 90
        2
102
RTVSPost2010PropOp53
 70
     1
102
RTVSPost2010Prop54
  1
strokes_ogs.tif
102
RTVSPost2010PropOp54
 70
     1
102
RTVSPost2010Prop55
280
     0
102
RTVSPost2010PropOp55
 70
     1
102
RTVSPost2010Prop56
140
1.0
102
RTVSPost2010PropOp56
 70
     1
102
RTVSPost2010Prop57
140
1.0
102
RTVSPost2010PropOp57
 70
     1
  0
XRECORD
  5
DB
102
{ACAD_REACTORS
330
DA
102
}
330
DA
100
AcDbXrecord
280
     1
102
RTVSPropertyOp0
 70
     1
102
RTVSPropertyOp1
 70
     1
102
RTVSPropertyOp2
 70
     1
102
RTVSPropertyOp3
 70
     1
102
RTVSPropertyOp4
 70
     1
102
RTVSPropertyOp5
 70
     1
102
RTVSPropertyOp6
 70
     1
102
RTVSPropertyOp7
 70
     1
102
RTVSPropertyOp8
 70
     1
102
RTVSPropertyOp9
 70
     1
102
RTVSPropertyOp10
 70
     1
102
RTVSPropertyOp11
 70
     1
102
RTVSPropertyOp12
 70
     1
102
RTVSPropertyOp13
 70
     1
102
RTVSPropertyOp14
 70
     1
102
RTVSPropertyOp15
 70
     1
102
RTVSPropertyOp16
 70
     1
102
RTVSPropertyOp17
 70
     1
102
RTVSPropertyOp18
 70
     1
102
RTVSPropertyOp19
 70
     1
102
RTVSPropertyOp20
 70
     1
102
RTVSPropertyOp21
 70
     1
102
RTVSPropertyOp22
 70
     1
102
RTVSPropertyOp23
 70
     1
102
RTVSPropertyOp24
 70
     1
102
RTVSPropertyOp25
 70
     1
102
RTVSPropertyOp26
 70
     1
102
RTVSPropertyOp27
 70
     1
102
RTVSPropertyOp28
 70
     1
102
RTVSPropertyOp29
 70
     1
102
RTVSPropertyOp30
 70
     1
102
RTVSPropertyOp31
 70
     1
102
RTVSPropertyOp32
 70
     1
102
RTVSPropertyOp33
 70
     1
102
RTVSPropertyOp34
 70
     1
102
RTVSPropertyOp35
 70
     1
102
RTVSPropertyOp36
 70
     1
102
RTVSPropertyOp37
 70
     1
102
RTVSPropertyOp38
 70
     1
102
RTVSPropertyOp39
 70
     1
102
RTVSPropertyOp40
 70
     1
102
RTVSPropertyOp41
 70
     1
102
RTVSPropertyOp42
 70
     1
102
RTVSPropertyOp43
 70
     1
102
RTVSPropertyOp44
 70
     1
102
RTVSPropertyOp45
 70
     1
102
RTVSPropertyOp46
 70
     1
102
RTVSPropertyOp47
 70
     1
102
RTVSPropertyOp48
 70
     1
102
RTVSPropertyOp49
 70
     1
102
RTVSPropertyOp50
 70
     1
102
RTVSPropertyOp51
 70
     0
102
RTVSPropertyOp52
 70
     0
102
RTVSPropertyOp53
 70
     1
102
RTVSPropertyOp54
 70
     1
102
RTVSPropertyOp55
 70
     1
102
RTVSPropertyOp56
 70
     1
102
RTVSPropertyOp57
 70
     1
102
RTVSPost2010Prop28
280
     0
102
RTVSPost2010PropOp28
 70
     1
102
RTVSPost2010Prop29
280
     1
102
RTVSPost2010PropOp29
 70
     1
102
RTVSPost2010Prop30
280
     1
102
RTVSPost2010PropOp30
 70
     1
102
RTVSPost2010Prop31
280
     0
102
RTVSPost2010PropOp31
 70
     1
102
RTVSPost2010Prop32
280
     0
102
RTVSPost2010PropOp32
 70
     1
102
RTVSPost2010Prop33
280
     0
102
RTVSPost2010PropOp33
 70
     1
102
RTVSPost2010Prop34
280
     0
102
RTVSPost2010PropOp34
 70
     1
102
RTVSPost2010Prop35
280
     0
102
RTVSPost2010PropOp35
 70
     1
102
RTVSPost2010Prop36
280
     0
102
RTVSPost2010PropOp36
 70
     1
102
RTVSPost2010Prop37
 90
       50
102
RTVSPost2010PropOp37
 70
     1
102
RTVSPost2010Prop38
140
0.0
102
RTVSPost2010PropOp38
 70
     1
102
RTVSPost2010Prop39
140
1.0
102
RTVSPost2010PropOp39
 70
     1
102
RTVSPost2010Prop40
 90
        0
102
RTVSPost2010PropOp40
 70
     1
102
RTVSPost2010Prop41ColorIndex
 90
       18
102
RTVSPost2010Prop41ColorRGB
 90
        0
102
RTVSPost2010PropOp41
 70
     1
102
RTVSPost2010Prop42
 90
       50
102
RTVSPost2010PropOp42
 70
     1
102
RTVSPost2010Prop43
 90
        3
102
RTVSPost2010PropOp43
 70
     1
102
RTVSPost2010Prop44ColorIndex
 90
        5
102
RTVSPost2010Prop44ColorRGB
 90
      255
102
RTVSPost2010PropOp44
 70
     1
102
RTVSPost2010Prop45
280
     0
102
RTVSPost2010PropOp45
 70
     1
102
RTVSPost2010Prop46
 90
       50
102
RTVSPost2010PropOp46
 70
     1
102
RTVSPost2010Prop47
 90
       50
102
RTVSPost2010PropOp47
 70
     1
102
RTVSPost2010Prop48
 90
       50
102
RTVSPost2010PropOp48
 70
     1
102
RTVSPost2010Prop49
280
     0
102
RTVSPost2010PropOp49
 70
     1
102
RTVSPost2010Prop50
 90
       50
102
RTVSPost2010PropOp50
 70
     1
102
RTVSPost2010Prop51ColorIndex
 90
      256
102
RTVSPost2010Prop51ColorRGB
 90
-16777216
102
RTVSPost2010PropOp51
 70
     0
102
RTVSPost2010Prop52
140
1.0
102
RTVSPost2010PropOp52
 70
     0
102
RTVSPost2010Prop53
 90
        2
102
RTVSPost2010PropOp53
 70
     1
102
RTVSPost2010Prop54
  1
strokes_ogs.tif
102
RTVSPost2010PropOp54
 70
     1
102
RTVSPost2010Prop55
280
     0
102
RTVSPost2010PropOp55
 70
     1
102
RTVSPost2010Prop56
140
1.0
102
RTVSPost2010PropOp56
 70
     1
102
RTVSPost2010Prop57
140
1.0
102
RTVSPost2010PropOp57
 70
     1
  0
XRECORD
  5
FB
102
{ACAD_REACTORS
330
FA
102
}
330
FA
100
AcDbXrecord
280
     1
102
RTVSPropertyOp0
 70
     1
102
RTVSPropertyOp1
 70
     1
102
RTVSPropertyOp2
 70
     1
102
RTVSPropertyOp3
 70
     1
102
RTVSPropertyOp4
 70
     1
102
RTVSPropertyOp5
 70
     1
102
RTVSPropertyOp6
 70
     1
102
RTVSPropertyOp7
 70
     1
102
RTVSPropertyOp8
 70
     1
102
RTVSPropertyOp9
 70
     1
102
RTVSPropertyOp10
 70
     1
102
RTVSPropertyOp11
 70
     1
102
RTVSPropertyOp12
 70
     1
102
RTVSPropertyOp13
 70
     1
102
RTVSPropertyOp14
 70
     1
102
RTVSPropertyOp15
 70
     1
102
RTVSPropertyOp16
 70
     1
102
RTVSPropertyOp17
 70
     1
102
RTVSPropertyOp18
 70
     1
102
RTVSPropertyOp19
 70
     1
102
RTVSPropertyOp20
 70
     1
102
RTVSPropertyOp21
 70
     1
102
RTVSPropertyOp22
 70
     1
102
RTVSPropertyOp23
 70
     1
102
RTVSPropertyOp24
 70
     1
102
RTVSPropertyOp25
 70
     1
102
RTVSPropertyOp26
 70
     1
102
RTVSPropertyOp27
 70
     1
102
RTVSPropertyOp28
 70
     1
102
RTVSPropertyOp29
 70
     1
102
RTVSPropertyOp30
 70
     1
102
RTVSPropertyOp31
 70
     1
102
RTVSPropertyOp32
 70
     1
102
RTVSPropertyOp33
 70
     1
102
RTVSPropertyOp34
 70
     1
102
RTVSPropertyOp35
 70
     1
102
RTVSPropertyOp36
 70
     1
102
RTVSPropertyOp37
 70
     1
102
RTVSPropertyOp38
 70
     1
102
RTVSPropertyOp39
 70
     1
102
RTVSPropertyOp40
 70
     1
102
RTVSPropertyOp41
 70
     1
102
RTVSPropertyOp42
 70
     1
102
RTVSPropertyOp43
 70
     1
102
RTVSPropertyOp44
 70
     1
102
RTVSPropertyOp45
 70
     1
102
RTVSPropertyOp46
 70
     1
102
RTVSPropertyOp47
 70
     1
102
RTVSPropertyOp48
 70
     1
102
RTVSPropertyOp49
 70
     1
102
RTVSPropertyOp50
 70
     1
102
RTVSPropertyOp51
 70
     0
102
RTVSPropertyOp52
 70
     0
102
RTVSPropertyOp53
 70
     1
102
RTVSPropertyOp54
 70
     1
102
RTVSPropertyOp55
 70
     1
102
RTVSPropertyOp56
 70
     1
102
RTVSPropertyOp57
 70
     1
102
RTVSPost2010Prop28
280
     0
102
RTVSPost2010PropOp28
 70
     1
102
RTVSPost2010Prop29
280
     1
102
RTVSPost2010PropOp29
 70
     1
102
RTVSPost2010Prop30
280
     1
102
RTVSPost2010PropOp30
 70
     1
102
RTVSPost2010Prop31
280
     0
102
RTVSPost2010PropOp31
 70
     1
102
RTVSPost2010Prop32
280
     0
102
RTVSPost2010PropOp32
 70
     1
102
RTVSPost2010Prop33
280
     0
102
RTVSPost2010PropOp33
 70
     1
102
RTVSPost2010Prop34
280
     0
102
RTVSPost2010PropOp34
 70
     1
102
RTVSPost2010Prop35
280
     0
102
RTVSPost2010PropOp35
 70
     1
102
RTVSPost2010Prop36
280
     0
102
RTVSPost2010PropOp36
 70
     1
102
RTVSPost2010Prop37
 90
       50
102
RTVSPost2010PropOp37
 70
     1
102
RTVSPost2010Prop38
140
0.0
102
RTVSPost2010PropOp38
 70
     1
102
RTVSPost2010Prop39
140
1.0
102
RTVSPost2010PropOp39
 70
     1
102
RTVSPost2010Prop40
 90
        0
102
RTVSPost2010PropOp40
 70
     1
102
RTVSPost2010Prop41ColorIndex
 90
       18
102
RTVSPost2010Prop41ColorRGB
 90
        0
102
RTVSPost2010PropOp41
 70
     1
102
RTVSPost2010Prop42
 90
       50
102
RTVSPost2010PropOp42
 70
     1
102
RTVSPost2010Prop43
 90
        3
102
RTVSPost2010PropOp43
 70
     1
102
RTVSPost2010Prop44ColorIndex
 90
        5
102
RTVSPost2010Prop44ColorRGB
 90
      255
102
RTVSPost2010PropOp44
 70
     1
102
RTVSPost2010Prop45
280
     0
102
RTVSPost2010PropOp45
 70
     1
102
RTVSPost2010Prop46
 90
       50
102
RTVSPost2010PropOp46
 70
     1
102
RTVSPost2010Prop47
 90
       50
102
RTVSPost2010PropOp47
 70
     1
102
RTVSPost2010Prop48
 90
       50
102
RTVSPost2010PropOp48
 70
     1
102
RTVSPost2010Prop49
280
     0
102
RTVSPost2010PropOp49
 70
     1
102
RTVSPost2010Prop50
 90
       50
102
RTVSPost2010PropOp50
 70
     1
102
RTVSPost2010Prop51ColorIndex
 90
      256
102
RTVSPost2010Prop51ColorRGB
 90
-16777216
102
RTVSPost2010PropOp51
 70
     0
102
RTVSPost2010Prop52
140
1.0
102
RTVSPost2010PropOp52
 70
     0
102
RTVSPost2010Prop53
 90
        2
102
RTVSPost2010PropOp53
 70
     1
102
RTVSPost2010Prop54
  1
strokes_ogs.tif
102
RTVSPost2010PropOp54
 70
     1
102
RTVSPost2010Prop55
280
     0
102
RTVSPost2010PropOp55
 70
     1
102
RTVSPost2010Prop56
140
1.0
102
RTVSPost2010PropOp56
 70
     1
102
RTVSPost2010Prop57
140
1.0
102
RTVSPost2010PropOp57
 70
     1
  0
ENDSEC
  0
EOF
