  0
SECTION
  2
HEADER
  9
$ACADVER
  1
AC1015
  9
$ACADMAINTVER
 70
6
  9
$DWGCODEPAGE
  3
ANSI_1252
  9
$EXTMIN
 10
1e+20
 20
1e+20
 30
1e+20
  9
$EXTMAX
 10
-1e+20
 20
-1e+20
 30
-1e+20
  9
$LIMMIN
 10
0.0
 20
0.0
  9
$LIMMAX
 10
420.0
 20
297.0
  9
$TDCREATE
 40
2461228.901076389
  9
$TDUPDATE
 40
2461228.901076389
  9
$HANDSEED
  5
A6F
  9
$PEXTMIN
 10
1e+20
 20
1e+20
 30
1e+20
  9
$PEXTMAX
 10
-1e+20
 20
-1e+20
 30
-1e+20
  9
$PLIMMIN
 10
0.0
 20
0.0
  9
$PLIMMAX
 10
420.0
 20
297.0
  9
$FINGERPRINTGUID
  2
{022B9B3C-97D7-4E2F-A718-28C106C9E561}
  9
$VERSIONGUID
  2
{166CAACA-12B6-4CD1-B758-5021B5276408}
  0
ENDSEC
  0
SECTION
  2
CLASSES
  0
CLASS
  1
ACDBDICTIONARYWDFLT
  2
AcDbDictionaryWithDefault
  3
ObjectDBX Classes
 90
0
280
0
281
0
  0
CLASS
  1
SUN
  2
AcDbSun
  3
SCENEOE
 90
1153
280
0
281
0
  0
CLASS
  1
VISUALSTYLE
  2
AcDbVisualStyle
  3
ObjectDBX Classes
 90
4095
280
0
281
0
  0
CLASS
  1
MATERIAL
  2
AcDbMaterial
  3
ObjectDBX Classes
 90
1153
280
0
281
0
  0
CLASS
  1
SCALE
  2
AcDbScale
  3
ObjectDBX Classes
 90
1153
280
0
281
0
  0
CLASS
  1
TABLESTYLE
  2
AcDbTableStyle
  3
ObjectDBX Classes
 90
4095
280
0
281
0
  0
CLASS
  1
MLEADERSTYLE
  2
AcDbMLeaderStyle
  3
ACDB_MLEADERSTYLE_CLASS
 90
4095
280
0
281
0
  0
CLASS
  1
DICTIONARYVAR
  2
AcDbDictionaryVar
  3
ObjectDBX Classes
 90
0
280
0
281
0
  0
CLASS
  1
CELLSTYLEMAP
  2
AcDbCellStyleMap
  3
ObjectDBX Classes
 90
1152
280
0
281
0
  0
CLASS
  1
MENTALRAYRENDERSETTINGS
  2
AcDbMentalRayRenderSettings
  3
SCENEOE
 90
1024
280
0
281
0
  0
CLASS
  1
ACDBDETAILVIEWSTYLE
  2
AcDbDetailViewStyle
  3
ObjectDBX Classes
 90
1025
280
0
281
0
  0
CLASS
  1
ACDBSECTIONVIEWSTYLE
  2
AcDbSectionViewStyle
  3
ObjectDBX Classes
 90
1025
280
0
281
0
  0
CLASS
  1
RASTERVARIABLES
  2
AcDbRasterVariables
  3
ISM
 90
0
280
0
281
0
  0
CLASS
  1
ACDBPLACEHOLDER
  2
AcDbPlaceHolder
  3
ObjectDBX Classes
 90
0
280
0
281
0
  0
CLASS
  1
LAYOUT
  2
AcDbLayout
  3
ObjectDBX Classes
 90
0
280
0
281
0
  0
ENDSEC
  0
SECTION
  2
TABLES
  0
TABLE
  2
VPORT
  5
A3D
330
0
100
AcDbSymbolTable
 70
1
  0
VPORT
  5
A61
330
A3D
100
AcDbSymbolTableRecord
100
AcDbViewportTableRecord
  2
*Active
 70
0
 10
0.0
 20
0.0
 11
1.0
 21
1.0
 12
0.0
 22
0.0
 13
0.0
 23
0.0
 14
0.5
 24
0.5
 15
0.5
 25
0.5
 16
0.0
 26
0.0
 36
1.0
 17
0.0
 27
0.0
 37
0.0
 40
1000.0
 41
1.34
 42
50.0
 43
0.0
 44
0.0
 50
0.0
 51
0.0
 71
0
 72
1000
 73
1
 74
3
 75
0
 76
0
 77
0
 78
0
281
0
 65
0
146
0.0
  0
ENDTAB
  0
TABLE
  2
LTYPE
  5
A37
330
0
100
AcDbSymbolTable
 70
3
  0
LTYPE
  5
A62
330
A37
100
AcDbSymbolTableRecord
100
AcDbLinetypeTableRecord
  2
ByBlock
 70
0
  3

 72
65
 73
0
 40
0.0
  0
LTYPE
  5
A63
330
A37
100
AcDbSymbolTableRecord
100
AcDbLinetypeTableRecord
  2
ByLayer
 70
0
  3

 72
65
 73
0
 40
0.0
  0
LTYPE
  5
A64
330
A37
100
AcDbSymbolTableRecord
100
AcDbLinetypeTableRecord
  2
Continuous
 70
0
  3

 72
65
 73
0
 40
0.0
  0
ENDTAB
  0
TABLE
  2
LAYER
  5
A36
330
0
100
AcDbSymbolTable
 70
2
  0
LAYER
  5
A65
330
A36
100
AcDbSymbolTableRecord
100
AcDbLayerTableRecord
  2
0
 70
0
 62
7
  6
Continuous
370
-3
390
A57
  0
LAYER
  5
A66
330
A36
100
AcDbSymbolTableRecord
100
AcDbLayerTableRecord
  2
Defpoints
 70
0
 62
7
  6
Continuous
290
0
370
-3
390
A57
  0
ENDTAB
  0
TABLE
  2
STYLE
  5
A3A
330
0
100
AcDbSymbolTable
 70
1
  0
STYLE
  5
A67
330
A3A
100
AcDbSymbolTableRecord
100
AcDbTextStyleTableRecord
  2
Standard
 70
0
 40
0.0
 41
1.0
 50
0.0
 71
0
 42
2.5
  3
txt
  4

  0
ENDTAB
  0
TABLE
  2
VIEW
  5
A3C
330
0
100
AcDbSymbolTable
 70
0
  0
ENDTAB
  0
TABLE
  2
UCS
  5
A3B
330
0
100
AcDbSymbolTable
 70
0
  0
ENDTAB
  0
TABLE
  2
APPID
  5
A38
330
0
100
AcDbSymbolTable
 70
3
  0
APPID
  5
A68
330
A38
100
AcDbSymbolTableRecord
100
AcDbRegAppTableRecord
  2
ACAD
 70
0
  0
APPID
  5
A6B
330
A38
100
AcDbSymbolTableRecord
100
AcDbRegAppTableRecord
  2
HATCHBACKGROUNDCOLOR
 70
0
  0
APPID
  5
A6C
330
A38
100
AcDbSymbolTableRecord
100
AcDbRegAppTableRecord
  2
EZDXF
 70
0
  0
ENDTAB
  0
TABLE
  2
DIMSTYLE
  5
A39
330
0
100
AcDbSymbolTable
 70
1
100
AcDbDimStyleTable
  0
DIMSTYLE
105
A69
330
A39
100
AcDbSymbolTableRecord
100
AcDbDimStyleTableRecord
  2
Standard
 70
0
  3

  4

 40
1.0
 41
2.5
 42
0.625
 43
3.75
 44
1.25
 45
0.0
 46
0.0
 47
0.0
 48
0.0
140
2.5
141
2.5
142
0.0
143
0.03937007874
144
1.0
145
0.0
146
1.0
147
0.625
148
0.0
 71
0
 72
0
 73
0
 74
0
 75
0
 76
0
 77
1
 78
8
 79
3
170
0
171
3
172
1
173
0
174
0
175
0
176
0
177
0
178
0
179
2
271
2
272
2
273
2
274
3
275
0
276
0
277
2
278
44
279
0
280
0
281
0
282
0
283
0
284
8
285
0
286
0
288
0
289
3
371
-2
372
-2
  0
ENDTAB
  0
TABLE
  2
BLOCK_RECORD
  5
A3E
330
0
100
AcDbSymbolTable
 70
2
  0
BLOCK_RECORD
  5
A3F
330
A3E
100
AcDbSymbolTableRecord
100
AcDbBlockTableRecord
  2
*Model_Space
340
A5B
  0
BLOCK_RECORD
  5
A40
330
A3E
100
AcDbSymbolTableRecord
100
AcDbBlockTableRecord
  2
*Paper_Space
340
A5C
  0
ENDTAB
  0
ENDSEC
  0
SECTION
  2
BLOCKS
  0
BLOCK
  5
A41
330
A3F
100
AcDbEntity
  8
0
100
AcDbBlockBegin
  2
*Model_Space
 70
0
 10
0.0
 20
0.0
 30
0.0
  3
*Model_Space
  1

  0
ENDBLK
  5
A42
330
A3F
100
AcDbEntity
  8
0
100
AcDbBlockEnd
  0
BLOCK
  5
A43
330
A40
100
AcDbEntity
  8
0
100
AcDbBlockBegin
  2
*Paper_Space
 70
0
 10
0.0
 20
0.0
 30
0.0
  3
*Paper_Space
  1

  0
ENDBLK
  5
A44
330
A40
100
AcDbEntity
  8
0
100
AcDbBlockEnd
  0
ENDSEC
  0
SECTION
  2
ENTITIES
  0
POLYLINE
  5
1
330
A3F
100
AcDbEntity
  8
Layer 1
 62
7
100
AcDb2dPolyline
 66
1
 10
0.0
 20
0.0
 30
0.0
 70
0
  0
VERTEX
  5
3
330
1
100
AcDbEntity
  8
Layer 1
100
AcDbVertex
100
AcDb2dVertex
 10
0.0
 20
152.74438
 30
0.0
 70
0
  0
VERTEX
  5
4
330
1
100
AcDbEntity
  8
Layer 1
100
AcDbVertex
100
AcDb2dVertex
 10
29.4684
 20
102.89367
 30
0.0
 70
0
  0
VERTEX
  5
5
330
1
100
AcDbEntity
  8
Layer 1
100
AcDbVertex
100
AcDb2dVertex
 10
41.25576
 20
114.18989
 30
0.0
 70
0
  0
VERTEX
  5
6
330
1
100
AcDbEntity
  8
Layer 1
100
AcDbVertex
100
AcDb2dVertex
 10
9.08609
 20
162.07604
 30
0.0
 70
0
  0
VERTEX
  5
7
330
1
100
AcDbEntity
  8
Layer 1
100
AcDbVertex
100
AcDb2dVertex
 10
0.0
 20
152.74438
 30
0.0
 70
0
  0
SEQEND
  5
8
330
A3F
100
AcDbEntity
  8
Layer 1
  0
POLYLINE
  5
9
330
A3F
100
AcDbEntity
  8
Layer 1
 62
7
100
AcDb2dPolyline
 66
1
 10
0.0
 20
0.0
 30
0.0
 70
0
  0
VERTEX
  5
B
330
9
100
AcDbEntity
  8
Layer 1
100
AcDbVertex
100
AcDb2dVertex
 10
438.58802
 20
192.03558
 30
0.0
 70
0
  0
VERTEX
  5
C
330
9
100
AcDbEntity
  8
Layer 1
100
AcDbVertex
100
AcDb2dVertex
 10
437.36017
 20
185.40519
 30
0.0
 70
0
  0
VERTEX
  5
D
330
9
100
AcDbEntity
  8
Layer 1
100
AcDbVertex
100
AcDb2dVertex
 10
451.35766
 20
190.07102
 30
0.0
 70
0
  0
VERTEX
  5
E
330
9
100
AcDbEntity
  8
Layer 1
100
AcDbVertex
100
AcDb2dVertex
 10
449.63867
 20
198.17483
 30
0.0
 70
0
  0
VERTEX
  5
F
330
9
100
AcDbEntity
  8
Layer 1
100
AcDbVertex
100
AcDb2dVertex
 10
438.58802
 20
192.03558
 30
0.0
 70
0
  0
SEQEND
  5
10
330
A3F
100
AcDbEntity
  8
Layer 1
  0
POLYLINE
  5
11
330
A3F
100
AcDbEntity
  8
Layer 1
 62
7
100
AcDb2dPolyline
 66
1
 10
0.0
 20
0.0
 30
0.0
 70
0
  0
VERTEX
  5
13
330
11
100
AcDbEntity
  8
Layer 1
100
AcDbVertex
100
AcDb2dVertex
 10
356.0765
 20
236.97489
 30
0.0
 70
0
  0
VERTEX
  5
14
330
11
100
AcDbEntity
  8
Layer 1
100
AcDbVertex
100
AcDb2dVertex
 10
310.64605
 20
184.91405
 30
0.0
 70
0
  0
VERTEX
  5
15
330
11
100
AcDbEntity
  8
Layer 1
100
AcDbVertex
100
AcDb2dVertex
 10
323.90683
 20
188.5976
 30
0.0
 70
0
  0
VERTEX
  5
16
330
11
100
AcDbEntity
  8
Layer 1
100
AcDbVertex
100
AcDb2dVertex
 10
367.12715
 20
242.623
 30
0.0
 70
0
  0
VERTEX
  5
17
330
11
100
AcDbEntity
  8
Layer 1
100
AcDbVertex
100
AcDb2dVertex
 10
356.0765
 20
236.97489
 30
0.0
 70
0
  0
SEQEND
  5
18
330
A3F
100
AcDbEntity
  8
Layer 1
  0
POLYLINE
  5
19
330
A3F
100
AcDbEntity
  8
Layer 1
 62
7
100
AcDb2dPolyline
 66
1
 10
0.0
 20
0.0
 30
0.0
 70
0
  0
VERTEX
  5
1B
330
19
100
AcDbEntity
  8
Layer 1
100
AcDbVertex
100
AcDb2dVertex
 10
599.43637
 20
165.75959
 30
0.0
 70
0
  0
VERTEX
  5
1C
330
19
100
AcDbEntity
  8
Layer 1
100
AcDbVertex
100
AcDb2dVertex
 10
610.48702
 20
171.65327
 30
0.0
 70
0
  0
VERTEX
  5
1D
330
19
100
AcDbEntity
  8
Layer 1
100
AcDbVertex
100
AcDb2dVertex
 10
607.29461
 20
143.65829
 30
0.0
 70
0
  0
VERTEX
  5
1E
330
19
100
AcDbEntity
  8
Layer 1
100
AcDbVertex
100
AcDb2dVertex
 10
599.43637
 20
165.75959
 30
0.0
 70
0
  0
SEQEND
  5
1F
330
A3F
100
AcDbEntity
  8
Layer 1
  0
POLYLINE
  5
20
330
A3F
100
AcDbEntity
  8
Layer 1
 62
7
100
AcDb2dPolyline
 66
1
 10
0.0
 20
0.0
 30
0.0
 70
0
  0
VERTEX
  5
22
330
20
100
AcDbEntity
  8
Layer 1
100
AcDbVertex
100
AcDb2dVertex
 10
529.94006
 20
147.83298
 30
0.0
 70
0
  0
VERTEX
  5
23
330
20
100
AcDbEntity
  8
Layer 1
100
AcDbVertex
100
AcDb2dVertex
 10
540.00843
 20
145.62285
 30
0.0
 70
0
  0
VERTEX
  5
24
330
20
100
AcDbEntity
  8
Layer 1
100
AcDbVertex
100
AcDb2dVertex
 10
552.5325
 20
151.7621
 30
0.0
 70
0
  0
VERTEX
  5
25
330
20
100
AcDbEntity
  8
Layer 1
100
AcDbVertex
100
AcDb2dVertex
 10
541.48185
 20
155.93679
 30
0.0
 70
0
  0
VERTEX
  5
26
330
20
100
AcDbEntity
  8
Layer 1
100
AcDbVertex
100
AcDb2dVertex
 10
529.94006
 20
147.83298
 30
0.0
 70
0
  0
SEQEND
  5
27
330
A3F
100
AcDbEntity
  8
Layer 1
  0
POLYLINE
  5
28
330
A3F
100
AcDbEntity
  8
Layer 1
 62
7
100
AcDb2dPolyline
 66
1
 10
0.0
 20
0.0
 30
0.0
 70
0
  0
VERTEX
  5
2A
330
28
100
AcDbEntity
  8
Layer 1
100
AcDbVertex
100
AcDb2dVertex
 10
188.10662
 20
177.30138
 30
0.0
 70
0
  0
VERTEX
  5
2B
330
28
100
AcDbEntity
  8
Layer 1
100
AcDbVertex
100
AcDb2dVertex
 10
189.58004
 20
145.13171
 30
0.0
 70
0
  0
VERTEX
  5
2C
330
28
100
AcDbEntity
  8
Layer 1
100
AcDbVertex
100
AcDb2dVertex
 10
203.57753
 20
150.53425
 30
0.0
 70
0
  0
VERTEX
  5
2D
330
28
100
AcDbEntity
  8
Layer 1
100
AcDbVertex
100
AcDb2dVertex
 10
199.40284
 20
183.44063
 30
0.0
 70
0
  0
VERTEX
  5
2E
330
28
100
AcDbEntity
  8
Layer 1
100
AcDbVertex
100
AcDb2dVertex
 10
188.10662
 20
177.30138
 30
0.0
 70
0
  0
SEQEND
  5
2F
330
A3F
100
AcDbEntity
  8
Layer 1
  0
POLYLINE
  5
30
330
A3F
100
AcDbEntity
  8
Layer 1
 62
7
100
AcDb2dPolyline
 66
1
 10
0.0
 20
0.0
 30
0.0
 70
0
  0
VERTEX
  5
32
330
30
100
AcDbEntity
  8
Layer 1
100
AcDbVertex
100
AcDb2dVertex
 10
540.74514
 20
187.12418
 30
0.0
 70
0
  0
VERTEX
  5
33
330
30
100
AcDbEntity
  8
Layer 1
100
AcDbVertex
100
AcDb2dVertex
 10
529.69449
 20
180.98493
 30
0.0
 70
0
  0
VERTEX
  5
34
330
30
100
AcDbEntity
  8
Layer 1
100
AcDbVertex
100
AcDb2dVertex
 10
529.94006
 20
147.83298
 30
0.0
 70
0
  0
VERTEX
  5
35
330
30
100
AcDbEntity
  8
Layer 1
100
AcDbVertex
100
AcDb2dVertex
 10
541.23628
 20
153.48109
 30
0.0
 70
0
  0
VERTEX
  5
36
330
30
100
AcDbEntity
  8
Layer 1
100
AcDbVertex
100
AcDb2dVertex
 10
544.67426
 20
169.68871
 30
0.0
 70
0
  0
VERTEX
  5
37
330
30
100
AcDbEntity
  8
Layer 1
100
AcDbVertex
100
AcDb2dVertex
 10
540.74514
 20
187.12418
 30
0.0
 70
0
  0
SEQEND
  5
38
330
A3F
100
AcDbEntity
  8
Layer 1
  0
POLYLINE
  5
39
330
A3F
100
AcDbEntity
  8
Layer 1
 62
7
100
AcDb2dPolyline
 66
1
 10
0.0
 20
0.0
 30
0.0
 70
0
  0
VERTEX
  5
3B
330
39
100
AcDbEntity
  8
Layer 1
100
AcDbVertex
100
AcDb2dVertex
 10
539.27172
 20
145.62285
 30
0.0
 70
0
  0
VERTEX
  5
3C
330
39
100
AcDbEntity
  8
Layer 1
100
AcDbVertex
100
AcDb2dVertex
 10
526.99322
 20
36.58977
 30
0.0
 70
0
  0
VERTEX
  5
3D
330
39
100
AcDbEntity
  8
Layer 1
100
AcDbVertex
100
AcDb2dVertex
 10
546.63882
 20
40.51889
 30
0.0
 70
0
  0
VERTEX
  5
3E
330
39
100
AcDbEntity
  8
Layer 1
100
AcDbVertex
100
AcDb2dVertex
 10
550.32237
 20
151.51653
 30
0.0
 70
0
  0
VERTEX
  5
3F
330
39
100
AcDbEntity
  8
Layer 1
100
AcDbVertex
100
AcDb2dVertex
 10
539.27172
 20
145.62285
 30
0.0
 70
0
  0
SEQEND
  5
40
330
A3F
100
AcDbEntity
  8
Layer 1
  0
POLYLINE
  5
41
330
A3F
100
AcDbEntity
  8
Layer 1
 62
7
100
AcDb2dPolyline
 66
1
 10
0.0
 20
0.0
 30
0.0
 70
0
  0
VERTEX
  5
43
330
41
100
AcDbEntity
  8
Layer 1
100
AcDbVertex
100
AcDb2dVertex
 10
563.09201
 20
31.4328
 30
0.0
 70
0
  0
VERTEX
  5
44
330
41
100
AcDbEntity
  8
Layer 1
100
AcDbVertex
100
AcDb2dVertex
 10
563.58315
 20
16.6986
 30
0.0
 70
0
  0
VERTEX
  5
45
330
41
100
AcDbEntity
  8
Layer 1
100
AcDbVertex
100
AcDb2dVertex
 10
601.15536
 20
4.66567
 30
0.0
 70
0
  0
VERTEX
  5
46
330
41
100
AcDbEntity
  8
Layer 1
100
AcDbVertex
100
AcDb2dVertex
 10
612.45158
 20
10.55935
 30
0.0
 70
0
  0
VERTEX
  5
47
330
41
100
AcDbEntity
  8
Layer 1
100
AcDbVertex
100
AcDb2dVertex
 10
575.37051
 20
39.29104
 30
0.0
 70
0
  0
VERTEX
  5
48
330
41
100
AcDbEntity
  8
Layer 1
100
AcDbVertex
100
AcDb2dVertex
 10
538.04387
 20
42.48345
 30
0.0
 70
0
  0
VERTEX
  5
49
330
41
100
AcDbEntity
  8
Layer 1
100
AcDbVertex
100
AcDb2dVertex
 10
526.99322
 20
36.58977
 30
0.0
 70
0
  0
VERTEX
  5
4A
330
41
100
AcDbEntity
  8
Layer 1
100
AcDbVertex
100
AcDb2dVertex
 10
563.09201
 20
31.4328
 30
0.0
 70
0
  0
SEQEND
  5
4B
330
A3F
100
AcDbEntity
  8
Layer 1
  0
POLYLINE
  5
4C
330
A3F
100
AcDbEntity
  8
Layer 1
 62
7
100
AcDb2dPolyline
 66
1
 10
0.0
 20
0.0
 30
0.0
 70
0
  0
VERTEX
  5
4E
330
4C
100
AcDbEntity
  8
Layer 1
100
AcDbVertex
100
AcDb2dVertex
 10
423.60825
 20
57.46322
 30
0.0
 70
0
  0
VERTEX
  5
4F
330
4C
100
AcDbEntity
  8
Layer 1
100
AcDbVertex
100
AcDb2dVertex
 10
432.69434
 20
62.37462
 30
0.0
 70
0
  0
VERTEX
  5
50
330
4C
100
AcDbEntity
  8
Layer 1
100
AcDbVertex
100
AcDb2dVertex
 10
438.83359
 20
51.56954
 30
0.0
 70
0
  0
VERTEX
  5
51
330
4C
100
AcDbEntity
  8
Layer 1
100
AcDbVertex
100
AcDb2dVertex
 10
447.42854
 20
56.23537
 30
0.0
 70
0
  0
VERTEX
  5
52
330
4C
100
AcDbEntity
  8
Layer 1
100
AcDbVertex
100
AcDb2dVertex
 10
449.14753
 20
41.99231
 30
0.0
 70
0
  0
VERTEX
  5
53
330
4C
100
AcDbEntity
  8
Layer 1
100
AcDbVertex
100
AcDb2dVertex
 10
503.90964
 20
32.16951
 30
0.0
 70
0
  0
VERTEX
  5
54
330
4C
100
AcDbEntity
  8
Layer 1
100
AcDbVertex
100
AcDb2dVertex
 10
514.71472
 20
38.30876
 30
0.0
 70
0
  0
VERTEX
  5
55
330
4C
100
AcDbEntity
  8
Layer 1
100
AcDbVertex
100
AcDb2dVertex
 10
439.32473
 20
84.23035
 30
0.0
 70
0
  0
VERTEX
  5
56
330
4C
100
AcDbEntity
  8
Layer 1
100
AcDbVertex
100
AcDb2dVertex
 10
385.79047
 20
75.14426
 30
0.0
 70
0
  0
VERTEX
  5
57
330
4C
100
AcDbEntity
  8
Layer 1
100
AcDbVertex
100
AcDb2dVertex
 10
375.47653
 20
65.07589
 30
0.0
 70
0
  0
VERTEX
  5
58
330
4C
100
AcDbEntity
  8
Layer 1
100
AcDbVertex
100
AcDb2dVertex
 10
423.60825
 20
57.46322
 30
0.0
 70
0
  0
SEQEND
  5
59
330
A3F
100
AcDbEntity
  8
Layer 1
  0
POLYLINE
  5
5A
330
A3F
100
AcDbEntity
  8
Layer 1
 62
7
100
AcDb2dPolyline
 66
1
 10
0.0
 20
0.0
 30
0.0
 70
0
  0
VERTEX
  5
5C
330
5A
100
AcDbEntity
  8
Layer 1
100
AcDbVertex
100
AcDb2dVertex
 10
406.17278
 20
191.54444
 30
0.0
 70
0
  0
VERTEX
  5
5D
330
5A
100
AcDbEntity
  8
Layer 1
100
AcDbVertex
100
AcDb2dVertex
 10
395.12213
 20
185.40519
 30
0.0
 70
0
  0
VERTEX
  5
5E
330
5A
100
AcDbEntity
  8
Layer 1
100
AcDbVertex
100
AcDb2dVertex
 10
375.47653
 20
65.07589
 30
0.0
 70
0
  0
VERTEX
  5
5F
330
5A
100
AcDbEntity
  8
Layer 1
100
AcDbVertex
100
AcDb2dVertex
 10
386.52718
 20
70.96957
 30
0.0
 70
0
  0
VERTEX
  5
60
330
5A
100
AcDbEntity
  8
Layer 1
100
AcDbVertex
100
AcDb2dVertex
 10
405.43607
 20
138.50132
 30
0.0
 70
0
  0
VERTEX
  5
61
330
5A
100
AcDbEntity
  8
Layer 1
100
AcDbVertex
100
AcDb2dVertex
 10
406.17278
 20
191.54444
 30
0.0
 70
0
  0
SEQEND
  5
62
330
A3F
100
AcDbEntity
  8
Layer 1
  0
POLYLINE
  5
63
330
A3F
100
AcDbEntity
  8
Layer 1
 62
7
100
AcDb2dPolyline
 66
1
 10
0.0
 20
0.0
 30
0.0
 70
0
  0
VERTEX
  5
65
330
63
100
AcDbEntity
  8
Layer 1
100
AcDbVertex
100
AcDb2dVertex
 10
318.74986
 20
175.33682
 30
0.0
 70
0
  0
VERTEX
  5
66
330
63
100
AcDbEntity
  8
Layer 1
100
AcDbVertex
100
AcDb2dVertex
 10
309.90934
 20
170.67099
 30
0.0
 70
0
  0
VERTEX
  5
67
330
63
100
AcDbEntity
  8
Layer 1
100
AcDbVertex
100
AcDb2dVertex
 10
310.64605
 20
167.72415
 30
0.0
 70
0
  0
VERTEX
  5
68
330
63
100
AcDbEntity
  8
Layer 1
100
AcDbVertex
100
AcDb2dVertex
 10
331.5195
 20
180.98493
 30
0.0
 70
0
  0
VERTEX
  5
69
330
63
100
AcDbEntity
  8
Layer 1
100
AcDbVertex
100
AcDb2dVertex
 10
322.43341
 20
190.80773
 30
0.0
 70
0
  0
VERTEX
  5
6A
330
63
100
AcDbEntity
  8
Layer 1
100
AcDbVertex
100
AcDb2dVertex
 10
310.64605
 20
184.91405
 30
0.0
 70
0
  0
VERTEX
  5
6B
330
63
100
AcDbEntity
  8
Layer 1
100
AcDbVertex
100
AcDb2dVertex
 10
318.74986
 20
175.33682
 30
0.0
 70
0
  0
SEQEND
  5
6C
330
A3F
100
AcDbEntity
  8
Layer 1
  0
POLYLINE
  5
6D
330
A3F
100
AcDbEntity
  8
Layer 1
 62
7
100
AcDb2dPolyline
 66
1
 10
0.0
 20
0.0
 30
0.0
 70
0
  0
VERTEX
  5
6F
330
6D
100
AcDbEntity
  8
Layer 1
100
AcDbVertex
100
AcDb2dVertex
 10
342.57015
 20
33.15179
 30
0.0
 70
0
  0
VERTEX
  5
70
330
6D
100
AcDbEntity
  8
Layer 1
100
AcDbVertex
100
AcDb2dVertex
 10
253.42824
 20
77.35439
 30
0.0
 70
0
  0
VERTEX
  5
71
330
6D
100
AcDbEntity
  8
Layer 1
100
AcDbVertex
100
AcDb2dVertex
 10
264.47889
 20
85.94934
 30
0.0
 70
0
  0
VERTEX
  5
72
330
6D
100
AcDbEntity
  8
Layer 1
100
AcDbVertex
100
AcDb2dVertex
 10
353.6208
 20
39.29104
 30
0.0
 70
0
  0
VERTEX
  5
73
330
6D
100
AcDbEntity
  8
Layer 1
100
AcDbVertex
100
AcDb2dVertex
 10
342.57015
 20
33.15179
 30
0.0
 70
0
  0
SEQEND
  5
74
330
A3F
100
AcDbEntity
  8
Layer 1
  0
POLYLINE
  5
75
330
A3F
100
AcDbEntity
  8
Layer 1
 62
7
100
AcDb2dPolyline
 66
1
 10
0.0
 20
0.0
 30
0.0
 70
0
  0
VERTEX
  5
77
330
75
100
AcDbEntity
  8
Layer 1
100
AcDbVertex
100
AcDb2dVertex
 10
261.77762
 20
197.68369
 30
0.0
 70
0
  0
VERTEX
  5
78
330
75
100
AcDbEntity
  8
Layer 1
100
AcDbVertex
100
AcDb2dVertex
 10
248.27127
 20
172.14441
 30
0.0
 70
0
  0
VERTEX
  5
79
330
75
100
AcDbEntity
  8
Layer 1
100
AcDbVertex
100
AcDb2dVertex
 10
262.51433
 20
176.3191
 30
0.0
 70
0
  0
VERTEX
  5
7A
330
75
100
AcDbEntity
  8
Layer 1
100
AcDbVertex
100
AcDb2dVertex
 10
272.82827
 20
203.82294
 30
0.0
 70
0
  0
VERTEX
  5
7B
330
75
100
AcDbEntity
  8
Layer 1
100
AcDbVertex
100
AcDb2dVertex
 10
261.77762
 20
197.68369
 30
0.0
 70
0
  0
SEQEND
  5
7C
330
A3F
100
AcDbEntity
  8
Layer 1
  0
POLYLINE
  5
7D
330
A3F
100
AcDbEntity
  8
Layer 1
 62
7
100
AcDb2dPolyline
 66
1
 10
0.0
 20
0.0
 30
0.0
 70
0
  0
VERTEX
  5
7F
330
7D
100
AcDbEntity
  8
Layer 1
100
AcDbVertex
100
AcDb2dVertex
 10
138.99262
 20
91.84302
 30
0.0
 70
0
  0
VERTEX
  5
80
330
7D
100
AcDbEntity
  8
Layer 1
100
AcDbVertex
100
AcDb2dVertex
 10
127.6964
 20
83.98478
 30
0.0
 70
0
  0
VERTEX
  5
81
330
7D
100
AcDbEntity
  8
Layer 1
100
AcDbVertex
100
AcDb2dVertex
 10
129.323301
 20
76.494895
 30
0.0
 70
0
  0
VERTEX
  5
82
330
7D
100
AcDbEntity
  8
Layer 1
100
AcDbVertex
100
AcDb2dVertex
 10
131.115195
 20
69.480802
 30
0.0
 70
0
  0
VERTEX
  5
83
330
7D
100
AcDbEntity
  8
Layer 1
100
AcDbVertex
100
AcDb2dVertex
 10
133.34451
 20
62.37462
 30
0.0
 70
0
  0
VERTEX
  5
84
330
7D
100
AcDbEntity
  8
Layer 1
100
AcDbVertex
100
AcDb2dVertex
 10
134.71481
 20
59.150554
 30
0.0
 70
0
  0
VERTEX
  5
85
330
7D
100
AcDbEntity
  8
Layer 1
100
AcDbVertex
100
AcDb2dVertex
 10
136.341231
 20
56.150955
 30
0.0
 70
0
  0
VERTEX
  5
86
330
7D
100
AcDbEntity
  8
Layer 1
100
AcDbVertex
100
AcDb2dVertex
 10
138.08852
 20
53.439133
 30
0.0
 70
0
  0
VERTEX
  5
87
330
7D
100
AcDbEntity
  8
Layer 1
100
AcDbVertex
100
AcDb2dVertex
 10
139.821419
 20
51.0784
 30
0.0
 70
0
  0
VERTEX
  5
88
330
7D
100
AcDbEntity
  8
Layer 1
100
AcDbVertex
100
AcDb2dVertex
 10
142.703029
 20
47.663442
 30
0.0
 70
0
  0
VERTEX
  5
89
330
7D
100
AcDbEntity
  8
Layer 1
100
AcDbVertex
100
AcDb2dVertex
 10
143.90402
 20
46.41257
 30
0.0
 70
0
  0
VERTEX
  5
8A
330
7D
100
AcDbEntity
  8
Layer 1
100
AcDbVertex
100
AcDb2dVertex
 10
147.72954
 20
43.147256
 30
0.0
 70
0
  0
VERTEX
  5
8B
330
7D
100
AcDbEntity
  8
Layer 1
100
AcDbVertex
100
AcDb2dVertex
 10
151.854349
 20
40.365409
 30
0.0
 70
0
  0
VERTEX
  5
8C
330
7D
100
AcDbEntity
  8
Layer 1
100
AcDbVertex
100
AcDb2dVertex
 10
154.036181
 20
39.162979
 30
0.0
 70
0
  0
VERTEX
  5
8D
330
7D
100
AcDbEntity
  8
Layer 1
100
AcDbVertex
100
AcDb2dVertex
 10
156.301468
 20
38.090049
 30
0.0
 70
0
  0
VERTEX
  5
8E
330
7D
100
AcDbEntity
  8
Layer 1
100
AcDbVertex
100
AcDb2dVertex
 10
158.653088
 20
37.149497
 30
0.0
 70
0
  0
VERTEX
  5
8F
330
7D
100
AcDbEntity
  8
Layer 1
100
AcDbVertex
100
AcDb2dVertex
 10
161.09392
 20
36.3442
 30
0.0
 70
0
  0
VERTEX
  5
90
330
7D
100
AcDbEntity
  8
Layer 1
100
AcDbVertex
100
AcDb2dVertex
 10
165.863829
 20
35.249207
 30
0.0
 70
0
  0
VERTEX
  5
91
330
7D
100
AcDbEntity
  8
Layer 1
100
AcDbVertex
100
AcDb2dVertex
 10
170.751728
 20
34.721136
 30
0.0
 70
0
  0
VERTEX
  5
92
330
7D
100
AcDbEntity
  8
Layer 1
100
AcDbVertex
100
AcDb2dVertex
 10
175.714448
 20
34.751352
 30
0.0
 70
0
  0
VERTEX
  5
93
330
7D
100
AcDbEntity
  8
Layer 1
100
AcDbVertex
100
AcDb2dVertex
 10
180.708824
 20
35.331224
 30
0.0
 70
0
  0
VERTEX
  5
94
330
7D
100
AcDbEntity
  8
Layer 1
100
AcDbVertex
100
AcDb2dVertex
 10
185.691688
 20
36.452117
 30
0.0
 70
0
  0
VERTEX
  5
95
330
7D
100
AcDbEntity
  8
Layer 1
100
AcDbVertex
100
AcDb2dVertex
 10
190.619875
 20
38.105397
 30
0.0
 70
0
  0
VERTEX
  5
96
330
7D
100
AcDbEntity
  8
Layer 1
100
AcDbVertex
100
AcDb2dVertex
 10
195.450218
 20
40.282433
 30
0.0
 70
0
  0
VERTEX
  5
97
330
7D
100
AcDbEntity
  8
Layer 1
100
AcDbVertex
100
AcDb2dVertex
 10
200.13955
 20
42.97459
 30
0.0
 70
0
  0
VERTEX
  5
98
330
7D
100
AcDbEntity
  8
Layer 1
100
AcDbVertex
100
AcDb2dVertex
 10
202.718035
 20
44.651373
 30
0.0
 70
0
  0
VERTEX
  5
99
330
7D
100
AcDbEntity
  8
Layer 1
100
AcDbVertex
100
AcDb2dVertex
 10
205.480698
 20
46.627444
 30
0.0
 70
0
  0
VERTEX
  5
9A
330
7D
100
AcDbEntity
  8
Layer 1
100
AcDbVertex
100
AcDb2dVertex
 10
208.151271
 20
48.741648
 30
0.0
 70
0
  0
VERTEX
  5
9B
330
7D
100
AcDbEntity
  8
Layer 1
100
AcDbVertex
100
AcDb2dVertex
 10
210.45349
 20
50.83283
 30
0.0
 70
0
  0
VERTEX
  5
9C
330
7D
100
AcDbEntity
  8
Layer 1
100
AcDbVertex
100
AcDb2dVertex
 10
209.18981
 20
50.3023
 30
0.0
 70
0
  0
VERTEX
  5
9D
330
7D
100
AcDbEntity
  8
Layer 1
100
AcDbVertex
100
AcDb2dVertex
 10
207.667985
 20
50.079333
 30
0.0
 70
0
  0
VERTEX
  5
9E
330
7D
100
AcDbEntity
  8
Layer 1
100
AcDbVertex
100
AcDb2dVertex
 10
205.907575
 20
50.144862
 30
0.0
 70
0
  0
VERTEX
  5
9F
330
7D
100
AcDbEntity
  8
Layer 1
100
AcDbVertex
100
AcDb2dVertex
 10
203.928139
 20
50.479823
 30
0.0
 70
0
  0
VERTEX
  5
A0
330
7D
100
AcDbEntity
  8
Layer 1
100
AcDbVertex
100
AcDb2dVertex
 10
201.749237
 20
51.06515
 30
0.0
 70
0
  0
VERTEX
  5
A1
330
7D
100
AcDbEntity
  8
Layer 1
100
AcDbVertex
100
AcDb2dVertex
 10
199.39043
 20
51.881778
 30
0.0
 70
0
  0
VERTEX
  5
A2
330
7D
100
AcDbEntity
  8
Layer 1
100
AcDbVertex
100
AcDb2dVertex
 10
194.211337
 20
54.132677
 30
0.0
 70
0
  0
VERTEX
  5
A3
330
7D
100
AcDbEntity
  8
Layer 1
100
AcDbVertex
100
AcDb2dVertex
 10
188.547339
 20
57.079997
 30
0.0
 70
0
  0
VERTEX
  5
A4
330
7D
100
AcDbEntity
  8
Layer 1
100
AcDbVertex
100
AcDb2dVertex
 10
182.554915
 20
60.571215
 30
0.0
 70
0
  0
VERTEX
  5
A5
330
7D
100
AcDbEntity
  8
Layer 1
100
AcDbVertex
100
AcDb2dVertex
 10
176.390545
 20
64.453811
 30
0.0
 70
0
  0
VERTEX
  5
A6
330
7D
100
AcDbEntity
  8
Layer 1
100
AcDbVertex
100
AcDb2dVertex
 10
170.210706
 20
68.575263
 30
0.0
 70
0
  0
VERTEX
  5
A7
330
7D
100
AcDbEntity
  8
Layer 1
100
AcDbVertex
100
AcDb2dVertex
 10
158.430541
 20
76.924643
 30
0.0
 70
0
  0
VERTEX
  5
A8
330
7D
100
AcDbEntity
  8
Layer 1
100
AcDbVertex
100
AcDb2dVertex
 10
148.46625
 20
84.399179
 30
0.0
 70
0
  0
VERTEX
  5
A9
330
7D
100
AcDbEntity
  8
Layer 1
100
AcDbVertex
100
AcDb2dVertex
 10
138.99262
 20
91.84302
 30
0.0
 70
0
  0
SEQEND
  5
AB
330
A3F
100
AcDbEntity
  8
Layer 1
  0
POLYLINE
  5
AC
330
A3F
100
AcDbEntity
  8
Layer 1
 62
7
100
AcDb2dPolyline
 66
1
 10
0.0
 20
0.0
 30
0.0
 70
0
  0
VERTEX
  5
AE
330
AC
100
AcDbEntity
  8
Layer 1
100
AcDbVertex
100
AcDb2dVertex
 10
200.13955
 20
147.58741
 30
0.0
 70
0
  0
VERTEX
  5
AF
330
AC
100
AcDbEntity
  8
Layer 1
100
AcDbVertex
100
AcDb2dVertex
 10
210.45349
 20
32.90622
 30
0.0
 70
0
  0
VERTEX
  5
B0
330
AC
100
AcDbEntity
  8
Layer 1
100
AcDbVertex
100
AcDb2dVertex
 10
253.18267
 20
39.04547
 30
0.0
 70
0
  0
VERTEX
  5
B1
330
AC
100
AcDbEntity
  8
Layer 1
100
AcDbVertex
100
AcDb2dVertex
 10
264.47889
 20
44.93915
 30
0.0
 70
0
  0
VERTEX
  5
B2
330
AC
100
AcDbEntity
  8
Layer 1
100
AcDbVertex
100
AcDb2dVertex
 10
211.68134
 20
154.46337
 30
0.0
 70
0
  0
VERTEX
  5
B3
330
AC
100
AcDbEntity
  8
Layer 1
100
AcDbVertex
100
AcDb2dVertex
 10
200.87626
 20
150.77982
 30
0.0
 70
0
  0
VERTEX
  5
B4
330
AC
100
AcDbEntity
  8
Layer 1
100
AcDbVertex
100
AcDb2dVertex
 10
189.58004
 20
145.13171
 30
0.0
 70
0
  0
VERTEX
  5
B5
330
AC
100
AcDbEntity
  8
Layer 1
100
AcDbVertex
100
AcDb2dVertex
 10
200.13955
 20
147.58741
 30
0.0
 70
0
  0
SEQEND
  5
B6
330
A3F
100
AcDbEntity
  8
Layer 1
  0
POLYLINE
  5
B7
330
A3F
100
AcDbEntity
  8
Layer 1
 62
7
100
AcDb2dPolyline
 66
1
 10
0.0
 20
0.0
 30
0.0
 70
0
  0
VERTEX
  5
B9
330
B7
100
AcDbEntity
  8
Layer 1
100
AcDbVertex
100
AcDb2dVertex
 10
40.51905
 20
107.80507
 30
0.0
 70
0
  0
VERTEX
  5
BA
330
B7
100
AcDbEntity
  8
Layer 1
100
AcDbVertex
100
AcDb2dVertex
 10
88.15963
 20
-0.00016
 30
0.0
 70
0
  0
VERTEX
  5
BB
330
B7
100
AcDbEntity
  8
Layer 1
100
AcDbVertex
100
AcDb2dVertex
 10
133.34451
 20
14.48847
 30
0.0
 70
0
  0
VERTEX
  5
BC
330
B7
100
AcDbEntity
  8
Layer 1
100
AcDbVertex
100
AcDb2dVertex
 10
144.39516
 20
21.85557
 30
0.0
 70
0
  0
VERTEX
  5
BD
330
B7
100
AcDbEntity
  8
Layer 1
100
AcDbVertex
100
AcDb2dVertex
 10
50.58742
 20
120.08357
 30
0.0
 70
0
  0
VERTEX
  5
BE
330
B7
100
AcDbEntity
  8
Layer 1
100
AcDbVertex
100
AcDb2dVertex
 10
38.80006
 20
112.96204
 30
0.0
 70
0
  0
VERTEX
  5
BF
330
B7
100
AcDbEntity
  8
Layer 1
100
AcDbVertex
100
AcDb2dVertex
 10
29.4684
 20
102.89367
 30
0.0
 70
0
  0
VERTEX
  5
C0
330
B7
100
AcDbEntity
  8
Layer 1
100
AcDbVertex
100
AcDb2dVertex
 10
40.51905
 20
107.80507
 30
0.0
 70
0
  0
SEQEND
  5
C1
330
A3F
100
AcDbEntity
  8
Layer 1
  0
POLYLINE
  5
C2
330
A3F
100
AcDbEntity
  8
Layer 1
 62
7
100
AcDb2dPolyline
 66
1
 10
0.0
 20
0.0
 30
0.0
 70
0
  0
VERTEX
  5
C4
330
C2
100
AcDbEntity
  8
Layer 1
100
AcDbVertex
100
AcDb2dVertex
 10
511.76788
 20
56.97208
 30
0.0
 70
0
  0
VERTEX
  5
C5
330
C2
100
AcDbEntity
  8
Layer 1
100
AcDbVertex
100
AcDb2dVertex
 10
512.50459
 20
51.56954
 30
0.0
 70
0
  0
VERTEX
  5
C6
330
C2
100
AcDbEntity
  8
Layer 1
100
AcDbVertex
100
AcDb2dVertex
 10
518.367574
 20
52.398339
 30
0.0
 70
0
  0
VERTEX
  5
C7
330
C2
100
AcDbEntity
  8
Layer 1
100
AcDbVertex
100
AcDb2dVertex
 10
521.24151
 20
52.985405
 30
0.0
 70
0
  0
VERTEX
  5
C8
330
C2
100
AcDbEntity
  8
Layer 1
100
AcDbVertex
100
AcDb2dVertex
 10
524.04638
 20
53.77967
 30
0.0
 70
0
  0
VERTEX
  5
C9
330
C2
100
AcDbEntity
  8
Layer 1
100
AcDbVertex
100
AcDb2dVertex
 10
527.891085
 20
55.29146
 30
0.0
 70
0
  0
VERTEX
  5
CA
330
C2
100
AcDbEntity
  8
Layer 1
100
AcDbVertex
100
AcDb2dVertex
 10
532.518545
 20
57.401827
 30
0.0
 70
0
  0
VERTEX
  5
CB
330
C2
100
AcDbEntity
  8
Layer 1
100
AcDbVertex
100
AcDb2dVertex
 10
536.961827
 20
59.788461
 30
0.0
 70
0
  0
VERTEX
  5
CC
330
C2
100
AcDbEntity
  8
Layer 1
100
AcDbVertex
100
AcDb2dVertex
 10
538.812236
 20
60.984655
 30
0.0
 70
0
  0
VERTEX
  5
CD
330
C2
100
AcDbEntity
  8
Layer 1
100
AcDbVertex
100
AcDb2dVertex
 10
540.254
 20
62.12905
 30
0.0
 70
0
  0
VERTEX
  5
CE
330
C2
100
AcDbEntity
  8
Layer 1
100
AcDbVertex
100
AcDb2dVertex
 10
536.07931
 20
61.012474
 30
0.0
 70
0
  0
VERTEX
  5
CF
330
C2
100
AcDbEntity
  8
Layer 1
100
AcDbVertex
100
AcDb2dVertex
 10
527.852715
 20
59.090121
 30
0.0
 70
0
  0
VERTEX
  5
D0
330
C2
100
AcDbEntity
  8
Layer 1
100
AcDbVertex
100
AcDb2dVertex
 10
523.198396
 20
58.150528
 30
0.0
 70
0
  0
VERTEX
  5
D1
330
C2
100
AcDbEntity
  8
Layer 1
100
AcDbVertex
100
AcDb2dVertex
 10
518.705233
 20
57.39799
 30
0.0
 70
0
  0
VERTEX
  5
D2
330
C2
100
AcDbEntity
  8
Layer 1
100
AcDbVertex
100
AcDb2dVertex
 10
514.764601
 20
56.962008
 30
0.0
 70
0
  0
VERTEX
  5
D3
330
C2
100
AcDbEntity
  8
Layer 1
100
AcDbVertex
100
AcDb2dVertex
 10
511.76788
 20
56.97208
 30
0.0
 70
0
  0
SEQEND
  5
D4
330
A3F
100
AcDbEntity
  8
Layer 1
  0
POLYLINE
  5
D5
330
A3F
100
AcDbEntity
  8
Layer 1
 62
7
100
AcDb2dPolyline
 66
1
 10
0.0
 20
0.0
 30
0.0
 70
0
  0
VERTEX
  5
D7
330
D5
100
AcDbEntity
  8
Layer 1
100
AcDbVertex
100
AcDb2dVertex
 10
351.90181
 20
84.47592
 30
0.0
 70
0
  0
VERTEX
  5
D8
330
D5
100
AcDbEntity
  8
Layer 1
100
AcDbVertex
100
AcDb2dVertex
 10
353.6208
 20
75.88097
 30
0.0
 70
0
  0
VERTEX
  5
D9
330
D5
100
AcDbEntity
  8
Layer 1
100
AcDbVertex
100
AcDb2dVertex
 10
356.972926
 20
76.513601
 30
0.0
 70
0
  0
VERTEX
  5
DA
330
D5
100
AcDbEntity
  8
Layer 1
100
AcDbVertex
100
AcDb2dVertex
 10
360.224331
 20
77.304509
 30
0.0
 70
0
  0
VERTEX
  5
DB
330
D5
100
AcDbEntity
  8
Layer 1
100
AcDbVertex
100
AcDb2dVertex
 10
363.389402
 20
78.250816
 30
0.0
 70
0
  0
VERTEX
  5
DC
330
D5
100
AcDbEntity
  8
Layer 1
100
AcDbVertex
100
AcDb2dVertex
 10
366.482529
 20
79.349646
 30
0.0
 70
0
  0
VERTEX
  5
DD
330
D5
100
AcDbEntity
  8
Layer 1
100
AcDbVertex
100
AcDb2dVertex
 10
369.5181
 20
80.59812
 30
0.0
 70
0
  0
VERTEX
  5
DE
330
D5
100
AcDbEntity
  8
Layer 1
100
AcDbVertex
100
AcDb2dVertex
 10
372.510505
 20
81.993361
 30
0.0
 70
0
  0
VERTEX
  5
DF
330
D5
100
AcDbEntity
  8
Layer 1
100
AcDbVertex
100
AcDb2dVertex
 10
378.42337
 20
85.21263
 30
0.0
 70
0
  0
VERTEX
  5
E0
330
D5
100
AcDbEntity
  8
Layer 1
100
AcDbVertex
100
AcDb2dVertex
 10
382.095409
 20
87.587752
 30
0.0
 70
0
  0
VERTEX
  5
E1
330
D5
100
AcDbEntity
  8
Layer 1
100
AcDbVertex
100
AcDb2dVertex
 10
385.514204
 20
90.031941
 30
0.0
 70
0
  0
VERTEX
  5
E2
330
D5
100
AcDbEntity
  8
Layer 1
100
AcDbVertex
100
AcDb2dVertex
 10
390.21073
 20
93.56201
 30
0.0
 70
0
  0
VERTEX
  5
E3
330
D5
100
AcDbEntity
  8
Layer 1
100
AcDbVertex
100
AcDb2dVertex
 10
383.706962
 20
91.831509
 30
0.0
 70
0
  0
VERTEX
  5
E4
330
D5
100
AcDbEntity
  8
Layer 1
100
AcDbVertex
100
AcDb2dVertex
 10
370.595826
 20
88.742699
 30
0.0
 70
0
  0
VERTEX
  5
E5
330
D5
100
AcDbEntity
  8
Layer 1
100
AcDbVertex
100
AcDb2dVertex
 10
351.90181
 20
84.47592
 30
0.0
 70
0
  0
SEQEND
  5
E7
330
A3F
100
AcDbEntity
  8
Layer 1
  0
POLYLINE
  5
E8
330
A3F
100
AcDbEntity
  8
Layer 1
 62
7
100
AcDb2dPolyline
 66
1
 10
0.0
 20
0.0
 30
0.0
 70
0
  0
VERTEX
  5
EA
330
E8
100
AcDbEntity
  8
Layer 1
100
AcDbVertex
100
AcDb2dVertex
 10
100.55848
 20
10.27909
 30
0.0
 70
0
  0
VERTEX
  5
EB
330
E8
100
AcDbEntity
  8
Layer 1
100
AcDbVertex
100
AcDb2dVertex
 10
97.1205
 20
18.13733
 30
0.0
 70
0
  0
VERTEX
  5
EC
330
E8
100
AcDbEntity
  8
Layer 1
100
AcDbVertex
100
AcDb2dVertex
 10
51.93562
 20
118.82103
 30
0.0
 70
0
  0
VERTEX
  5
ED
330
E8
100
AcDbEntity
  8
Layer 1
100
AcDbVertex
100
AcDb2dVertex
 10
50.95334
 20
120.78559
 30
0.0
 70
0
  0
VERTEX
  5
EE
330
E8
100
AcDbEntity
  8
Layer 1
100
AcDbVertex
100
AcDb2dVertex
 10
48.98878
 20
119.80331
 30
0.0
 70
0
  0
VERTEX
  5
EF
330
E8
100
AcDbEntity
  8
Layer 1
100
AcDbVertex
100
AcDb2dVertex
 10
47.51536
 20
119.0666
 30
0.0
 70
0
  0
VERTEX
  5
F0
330
E8
100
AcDbEntity
  8
Layer 1
100
AcDbVertex
100
AcDb2dVertex
 10
39.41155
 20
115.13748
 30
0.0
 70
0
  0
VERTEX
  5
F1
330
E8
100
AcDbEntity
  8
Layer 1
100
AcDbVertex
100
AcDb2dVertex
 10
34.99129
 20
122.75015
 30
0.0
 70
0
  0
VERTEX
  5
F2
330
E8
100
AcDbEntity
  8
Layer 1
100
AcDbVertex
100
AcDb2dVertex
 10
16.81911
 20
153.4464
 30
0.0
 70
0
  0
VERTEX
  5
F3
330
E8
100
AcDbEntity
  8
Layer 1
100
AcDbVertex
100
AcDb2dVertex
 10
12.15328
 20
161.55021
 30
0.0
 70
0
  0
VERTEX
  5
F4
330
E8
100
AcDbEntity
  8
Layer 1
100
AcDbVertex
100
AcDb2dVertex
 10
20.01152
 20
166.46161
 30
0.0
 70
0
  0
VERTEX
  5
F5
330
E8
100
AcDbEntity
  8
Layer 1
100
AcDbVertex
100
AcDb2dVertex
 10
25.721023
 20
169.911101
 30
0.0
 70
0
  0
VERTEX
  5
F6
330
E8
100
AcDbEntity
  8
Layer 1
100
AcDbVertex
100
AcDb2dVertex
 10
31.79888
 20
173.245481
 30
0.0
 70
0
  0
VERTEX
  5
F7
330
E8
100
AcDbEntity
  8
Layer 1
100
AcDbVertex
100
AcDb2dVertex
 10
38.245093
 20
176.441728
 30
0.0
 70
0
  0
VERTEX
  5
F8
330
E8
100
AcDbEntity
  8
Layer 1
100
AcDbVertex
100
AcDb2dVertex
 10
45.05966
 20
179.47682
 30
0.0
 70
0
  0
VERTEX
  5
F9
330
E8
100
AcDbEntity
  8
Layer 1
100
AcDbVertex
100
AcDb2dVertex
 10
51.882381
 20
182.168977
 30
0.0
 70
0
  0
VERTEX
  5
FA
330
E8
100
AcDbEntity
  8
Layer 1
100
AcDbVertex
100
AcDb2dVertex
 10
58.70798
 20
184.53019
 30
0.0
 70
0
  0
VERTEX
  5
FB
330
E8
100
AcDbEntity
  8
Layer 1
100
AcDbVertex
100
AcDb2dVertex
 10
65.516312
 20
186.551826
 30
0.0
 70
0
  0
VERTEX
  5
FC
330
E8
100
AcDbEntity
  8
Layer 1
100
AcDbVertex
100
AcDb2dVertex
 10
72.287234
 20
188.225251
 30
0.0
 70
0
  0
VERTEX
  5
FD
330
E8
100
AcDbEntity
  8
Layer 1
100
AcDbVertex
100
AcDb2dVertex
 10
79.0006
 20
189.541833
 30
0.0
 70
0
  0
VERTEX
  5
FE
330
E8
100
AcDbEntity
  8
Layer 1
100
AcDbVertex
100
AcDb2dVertex
 10
85.636265
 20
190.492937
 30
0.0
 70
0
  0
VERTEX
  5
FF
330
E8
100
AcDbEntity
  8
Layer 1
100
AcDbVertex
100
AcDb2dVertex
 10
92.174087
 20
191.06993
 30
0.0
 70
0
  0
VERTEX
  5
100
330
E8
100
AcDbEntity
  8
Layer 1
100
AcDbVertex
100
AcDb2dVertex
 10
98.59392
 20
191.26418
 30
0.0
 70
0
  0
VERTEX
  5
101
330
E8
100
AcDbEntity
  8
Layer 1
100
AcDbVertex
100
AcDb2dVertex
 10
102.780121
 20
191.175928
 30
0.0
 70
0
  0
VERTEX
  5
102
330
E8
100
AcDbEntity
  8
Layer 1
100
AcDbVertex
100
AcDb2dVertex
 10
106.851211
 20
190.926521
 30
0.0
 70
0
  0
VERTEX
  5
103
330
E8
100
AcDbEntity
  8
Layer 1
100
AcDbVertex
100
AcDb2dVertex
 10
114.55597
 20
190.03633
 30
0.0
 70
0
  0
VERTEX
  5
104
330
E8
100
AcDbEntity
  8
Layer 1
100
AcDbVertex
100
AcDb2dVertex
 10
117.662047
 20
189.587397
 30
0.0
 70
0
  0
VERTEX
  5
105
330
E8
100
AcDbEntity
  8
Layer 1
100
AcDbVertex
100
AcDb2dVertex
 10
120.710568
 20
188.977309
 30
0.0
 70
0
  0
VERTEX
  5
106
330
E8
100
AcDbEntity
  8
Layer 1
100
AcDbVertex
100
AcDb2dVertex
 10
123.690023
 20
188.206066
 30
0.0
 70
0
  0
VERTEX
  5
107
330
E8
100
AcDbEntity
  8
Layer 1
100
AcDbVertex
100
AcDb2dVertex
 10
126.5889
 20
187.273667
 30
0.0
 70
0
  0
VERTEX
  5
108
330
E8
100
AcDbEntity
  8
Layer 1
100
AcDbVertex
100
AcDb2dVertex
 10
129.395688
 20
186.180114
 30
0.0
 70
0
  0
VERTEX
  5
109
330
E8
100
AcDbEntity
  8
Layer 1
100
AcDbVertex
100
AcDb2dVertex
 10
132.098877
 20
184.925404
 30
0.0
 70
0
  0
VERTEX
  5
10A
330
E8
100
AcDbEntity
  8
Layer 1
100
AcDbVertex
100
AcDb2dVertex
 10
134.686954
 20
183.50954
 30
0.0
 70
0
  0
VERTEX
  5
10B
330
E8
100
AcDbEntity
  8
Layer 1
100
AcDbVertex
100
AcDb2dVertex
 10
137.14841
 20
181.93252
 30
0.0
 70
0
  0
VERTEX
  5
10C
330
E8
100
AcDbEntity
  8
Layer 1
100
AcDbVertex
100
AcDb2dVertex
 10
140.644905
 20
179.771312
 30
0.0
 70
0
  0
VERTEX
  5
10D
330
E8
100
AcDbEntity
  8
Layer 1
100
AcDbVertex
100
AcDb2dVertex
 10
143.939955
 20
177.351105
 30
0.0
 70
0
  0
VERTEX
  5
10E
330
E8
100
AcDbEntity
  8
Layer 1
100
AcDbVertex
100
AcDb2dVertex
 10
147.016295
 20
174.689164
 30
0.0
 70
0
  0
VERTEX
  5
10F
330
E8
100
AcDbEntity
  8
Layer 1
100
AcDbVertex
100
AcDb2dVertex
 10
149.856658
 20
171.802758
 30
0.0
 70
0
  0
VERTEX
  5
110
330
E8
100
AcDbEntity
  8
Layer 1
100
AcDbVertex
100
AcDb2dVertex
 10
152.443776
 20
168.709151
 30
0.0
 70
0
  0
VERTEX
  5
111
330
E8
100
AcDbEntity
  8
Layer 1
100
AcDbVertex
100
AcDb2dVertex
 10
154.760383
 20
165.425612
 30
0.0
 70
0
  0
VERTEX
  5
112
330
E8
100
AcDbEntity
  8
Layer 1
100
AcDbVertex
100
AcDb2dVertex
 10
156.789214
 20
161.969406
 30
0.0
 70
0
  0
VERTEX
  5
113
330
E8
100
AcDbEntity
  8
Layer 1
100
AcDbVertex
100
AcDb2dVertex
 10
158.513
 20
158.3578
 30
0.0
 70
0
  0
VERTEX
  5
114
330
E8
100
AcDbEntity
  8
Layer 1
100
AcDbVertex
100
AcDb2dVertex
 10
159.675141
 20
155.252203
 30
0.0
 70
0
  0
VERTEX
  5
115
330
E8
100
AcDbEntity
  8
Layer 1
100
AcDbVertex
100
AcDb2dVertex
 10
160.58116
 20
152.022861
 30
0.0
 70
0
  0
VERTEX
  5
116
330
E8
100
AcDbEntity
  8
Layer 1
100
AcDbVertex
100
AcDb2dVertex
 10
161.228179
 20
148.684165
 30
0.0
 70
0
  0
VERTEX
  5
117
330
E8
100
AcDbEntity
  8
Layer 1
100
AcDbVertex
100
AcDb2dVertex
 10
161.613321
 20
145.250501
 30
0.0
 70
0
  0
VERTEX
  5
118
330
E8
100
AcDbEntity
  8
Layer 1
100
AcDbVertex
100
AcDb2dVertex
 10
161.733708
 20
141.73626
 30
0.0
 70
0
  0
VERTEX
  5
119
330
E8
100
AcDbEntity
  8
Layer 1
100
AcDbVertex
100
AcDb2dVertex
 10
161.586462
 20
138.15583
 30
0.0
 70
0
  0
VERTEX
  5
11A
330
E8
100
AcDbEntity
  8
Layer 1
100
AcDbVertex
100
AcDb2dVertex
 10
161.168705
 20
134.523601
 30
0.0
 70
0
  0
VERTEX
  5
11B
330
E8
100
AcDbEntity
  8
Layer 1
100
AcDbVertex
100
AcDb2dVertex
 10
160.47756
 20
130.85396
 30
0.0
 70
0
  0
VERTEX
  5
11C
330
E8
100
AcDbEntity
  8
Layer 1
100
AcDbVertex
100
AcDb2dVertex
 10
159.24971
 20
124.96028
 30
0.0
 70
0
  0
VERTEX
  5
11D
330
E8
100
AcDbEntity
  8
Layer 1
100
AcDbVertex
100
AcDb2dVertex
 10
164.16111
 20
128.39826
 30
0.0
 70
0
  0
VERTEX
  5
11E
330
E8
100
AcDbEntity
  8
Layer 1
100
AcDbVertex
100
AcDb2dVertex
 10
166.601462
 20
130.147946
 30
0.0
 70
0
  0
VERTEX
  5
11F
330
E8
100
AcDbEntity
  8
Layer 1
100
AcDbVertex
100
AcDb2dVertex
 10
169.133903
 20
131.713455
 30
0.0
 70
0
  0
VERTEX
  5
120
330
E8
100
AcDbEntity
  8
Layer 1
100
AcDbVertex
100
AcDb2dVertex
 10
171.758432
 20
133.094786
 30
0.0
 70
0
  0
VERTEX
  5
121
330
E8
100
AcDbEntity
  8
Layer 1
100
AcDbVertex
100
AcDb2dVertex
 10
174.47505
 20
134.29194
 30
0.0
 70
0
  0
VERTEX
  5
122
330
E8
100
AcDbEntity
  8
Layer 1
100
AcDbVertex
100
AcDb2dVertex
 10
179.305872
 20
136.083834
 30
0.0
 70
0
  0
VERTEX
  5
123
330
E8
100
AcDbEntity
  8
Layer 1
100
AcDbVertex
100
AcDb2dVertex
 10
184.205761
 20
137.392261
 30
0.0
 70
0
  0
VERTEX
  5
124
330
E8
100
AcDbEntity
  8
Layer 1
100
AcDbVertex
100
AcDb2dVertex
 10
189.151695
 20
138.194201
 30
0.0
 70
0
  0
VERTEX
  5
125
330
E8
100
AcDbEntity
  8
Layer 1
100
AcDbVertex
100
AcDb2dVertex
 10
194.12065
 20
138.46663
 30
0.0
 70
0
  0
VERTEX
  5
126
330
E8
100
AcDbEntity
  8
Layer 1
100
AcDbVertex
100
AcDb2dVertex
 10
198.817176
 20
138.236408
 30
0.0
 70
0
  0
VERTEX
  5
127
330
E8
100
AcDbEntity
  8
Layer 1
100
AcDbVertex
100
AcDb2dVertex
 10
203.329525
 20
137.545743
 30
0.0
 70
0
  0
VERTEX
  5
128
330
E8
100
AcDbEntity
  8
Layer 1
100
AcDbVertex
100
AcDb2dVertex
 10
207.657696
 20
136.394633
 30
0.0
 70
0
  0
VERTEX
  5
129
330
E8
100
AcDbEntity
  8
Layer 1
100
AcDbVertex
100
AcDb2dVertex
 10
211.80169
 20
134.78308
 30
0.0
 70
0
  0
VERTEX
  5
12A
330
E8
100
AcDbEntity
  8
Layer 1
100
AcDbVertex
100
AcDb2dVertex
 10
215.23967
 20
133.30966
 30
0.0
 70
0
  0
VERTEX
  5
12B
330
E8
100
AcDbEntity
  8
Layer 1
100
AcDbVertex
100
AcDb2dVertex
 10
214.9941
 20
137.23878
 30
0.0
 70
0
  0
VERTEX
  5
12C
330
E8
100
AcDbEntity
  8
Layer 1
100
AcDbVertex
100
AcDb2dVertex
 10
213.52068
 20
153.69197
 30
0.0
 70
0
  0
VERTEX
  5
12D
330
E8
100
AcDbEntity
  8
Layer 1
100
AcDbVertex
100
AcDb2dVertex
 10
213.27511
 20
156.39324
 30
0.0
 70
0
  0
VERTEX
  5
12E
330
E8
100
AcDbEntity
  8
Layer 1
100
AcDbVertex
100
AcDb2dVertex
 10
210.81941
 20
155.65653
 30
0.0
 70
0
  0
VERTEX
  5
12F
330
E8
100
AcDbEntity
  8
Layer 1
100
AcDbVertex
100
AcDb2dVertex
 10
203.20674
 20
153.69197
 30
0.0
 70
0
  0
VERTEX
  5
130
330
E8
100
AcDbEntity
  8
Layer 1
100
AcDbVertex
100
AcDb2dVertex
 10
201.97889
 20
181.68695
 30
0.0
 70
0
  0
VERTEX
  5
131
330
E8
100
AcDbEntity
  8
Layer 1
100
AcDbVertex
100
AcDb2dVertex
 10
257.96885
 20
199.61356
 30
0.0
 70
0
  0
VERTEX
  5
132
330
E8
100
AcDbEntity
  8
Layer 1
100
AcDbVertex
100
AcDb2dVertex
 10
257.47771
 20
177.75783
 30
0.0
 70
0
  0
VERTEX
  5
133
330
E8
100
AcDbEntity
  8
Layer 1
100
AcDbVertex
100
AcDb2dVertex
 10
261.6524
 20
176.77555
 30
0.0
 70
0
  0
VERTEX
  5
134
330
E8
100
AcDbEntity
  8
Layer 1
100
AcDbVertex
100
AcDb2dVertex
 10
273.9309
 20
200.1047
 30
0.0
 70
0
  0
VERTEX
  5
135
330
E8
100
AcDbEntity
  8
Layer 1
100
AcDbVertex
100
AcDb2dVertex
 10
310.52083
 20
167.68946
 30
0.0
 70
0
  0
VERTEX
  5
136
330
E8
100
AcDbEntity
  8
Layer 1
100
AcDbVertex
100
AcDb2dVertex
 10
311.99425
 20
166.21604
 30
0.0
 70
0
  0
VERTEX
  5
137
330
E8
100
AcDbEntity
  8
Layer 1
100
AcDbVertex
100
AcDb2dVertex
 10
313.46767
 20
167.68946
 30
0.0
 70
0
  0
VERTEX
  5
138
330
E8
100
AcDbEntity
  8
Layer 1
100
AcDbVertex
100
AcDb2dVertex
 10
317.369931
 20
171.043025
 30
0.0
 70
0
  0
VERTEX
  5
139
330
E8
100
AcDbEntity
  8
Layer 1
100
AcDbVertex
100
AcDb2dVertex
 10
321.663569
 20
174.07428
 30
0.0
 70
0
  0
VERTEX
  5
13A
330
E8
100
AcDbEntity
  8
Layer 1
100
AcDbVertex
100
AcDb2dVertex
 10
326.279517
 20
176.73718
 30
0.0
 70
0
  0
VERTEX
  5
13B
330
E8
100
AcDbEntity
  8
Layer 1
100
AcDbVertex
100
AcDb2dVertex
 10
331.14871
 20
178.98568
 30
0.0
 70
0
  0
VERTEX
  5
13C
330
E8
100
AcDbEntity
  8
Layer 1
100
AcDbVertex
100
AcDb2dVertex
 10
333.84998
 20
180.21353
 30
0.0
 70
0
  0
VERTEX
  5
13D
330
E8
100
AcDbEntity
  8
Layer 1
100
AcDbVertex
100
AcDb2dVertex
 10
331.88542
 20
182.66923
 30
0.0
 70
0
  0
VERTEX
  5
13E
330
E8
100
AcDbEntity
  8
Layer 1
100
AcDbVertex
100
AcDb2dVertex
 10
325.25503
 20
190.77304
 30
0.0
 70
0
  0
VERTEX
  5
13F
330
E8
100
AcDbEntity
  8
Layer 1
100
AcDbVertex
100
AcDb2dVertex
 10
367.2475
 20
239.15033
 30
0.0
 70
0
  0
VERTEX
  5
140
330
E8
100
AcDbEntity
  8
Layer 1
100
AcDbVertex
100
AcDb2dVertex
 10
389.3488
 20
206.24395
 30
0.0
 70
0
  0
VERTEX
  5
141
330
E8
100
AcDbEntity
  8
Layer 1
100
AcDbVertex
100
AcDb2dVertex
 10
355.70571
 20
188.07177
 30
0.0
 70
0
  0
VERTEX
  5
142
330
E8
100
AcDbEntity
  8
Layer 1
100
AcDbVertex
100
AcDb2dVertex
 10
348.33861
 20
184.14265
 30
0.0
 70
0
  0
VERTEX
  5
143
330
E8
100
AcDbEntity
  8
Layer 1
100
AcDbVertex
100
AcDb2dVertex
 10
356.93356
 20
183.89708
 30
0.0
 70
0
  0
VERTEX
  5
144
330
E8
100
AcDbEntity
  8
Layer 1
100
AcDbVertex
100
AcDb2dVertex
 10
359.905581
 20
183.773755
 30
0.0
 70
0
  0
VERTEX
  5
145
330
E8
100
AcDbEntity
  8
Layer 1
100
AcDbVertex
100
AcDb2dVertex
 10
362.832996
 20
183.497549
 30
0.0
 70
0
  0
VERTEX
  5
146
330
E8
100
AcDbEntity
  8
Layer 1
100
AcDbVertex
100
AcDb2dVertex
 10
365.711488
 20
183.070979
 30
0.0
 70
0
  0
VERTEX
  5
147
330
E8
100
AcDbEntity
  8
Layer 1
100
AcDbVertex
100
AcDb2dVertex
 10
368.536743
 20
182.496564
 30
0.0
 70
0
  0
VERTEX
  5
148
330
E8
100
AcDbEntity
  8
Layer 1
100
AcDbVertex
100
AcDb2dVertex
 10
371.304441
 20
181.77682
 30
0.0
 70
0
  0
VERTEX
  5
149
330
E8
100
AcDbEntity
  8
Layer 1
100
AcDbVertex
100
AcDb2dVertex
 10
374.010268
 20
180.914268
 30
0.0
 70
0
  0
VERTEX
  5
14A
330
E8
100
AcDbEntity
  8
Layer 1
100
AcDbVertex
100
AcDb2dVertex
 10
376.649905
 20
179.911424
 30
0.0
 70
0
  0
VERTEX
  5
14B
330
E8
100
AcDbEntity
  8
Layer 1
100
AcDbVertex
100
AcDb2dVertex
 10
379.219038
 20
178.770806
 30
0.0
 70
0
  0
VERTEX
  5
14C
330
E8
100
AcDbEntity
  8
Layer 1
100
AcDbVertex
100
AcDb2dVertex
 10
381.713348
 20
177.494933
 30
0.0
 70
0
  0
VERTEX
  5
14D
330
E8
100
AcDbEntity
  8
Layer 1
100
AcDbVertex
100
AcDb2dVertex
 10
384.128519
 20
176.086323
 30
0.0
 70
0
  0
VERTEX
  5
14E
330
E8
100
AcDbEntity
  8
Layer 1
100
AcDbVertex
100
AcDb2dVertex
 10
386.460235
 20
174.547494
 30
0.0
 70
0
  0
VERTEX
  5
14F
330
E8
100
AcDbEntity
  8
Layer 1
100
AcDbVertex
100
AcDb2dVertex
 10
388.704179
 20
172.880963
 30
0.0
 70
0
  0
VERTEX
  5
150
330
E8
100
AcDbEntity
  8
Layer 1
100
AcDbVertex
100
AcDb2dVertex
 10
390.856034
 20
171.08925
 30
0.0
 70
0
  0
VERTEX
  5
151
330
E8
100
AcDbEntity
  8
Layer 1
100
AcDbVertex
100
AcDb2dVertex
 10
392.911484
 20
169.174871
 30
0.0
 70
0
  0
VERTEX
  5
152
330
E8
100
AcDbEntity
  8
Layer 1
100
AcDbVertex
100
AcDb2dVertex
 10
394.866211
 20
167.140345
 30
0.0
 70
0
  0
VERTEX
  5
153
330
E8
100
AcDbEntity
  8
Layer 1
100
AcDbVertex
100
AcDb2dVertex
 10
396.7159
 20
164.98819
 30
0.0
 70
0
  0
VERTEX
  5
154
330
E8
100
AcDbEntity
  8
Layer 1
100
AcDbVertex
100
AcDb2dVertex
 10
400.15388
 20
160.56793
 30
0.0
 70
0
  0
VERTEX
  5
155
330
E8
100
AcDbEntity
  8
Layer 1
100
AcDbVertex
100
AcDb2dVertex
 10
402.36401
 20
157.86666
 30
0.0
 70
0
  0
VERTEX
  5
156
330
E8
100
AcDbEntity
  8
Layer 1
100
AcDbVertex
100
AcDb2dVertex
 10
398.68046
 20
153.93754
 30
0.0
 70
0
  0
VERTEX
  5
157
330
E8
100
AcDbEntity
  8
Layer 1
100
AcDbVertex
100
AcDb2dVertex
 10
396.22476
 20
151.23627
 30
0.0
 70
0
  0
VERTEX
  5
158
330
E8
100
AcDbEntity
  8
Layer 1
100
AcDbVertex
100
AcDb2dVertex
 10
387.87538
 20
142.15018
 30
0.0
 70
0
  0
VERTEX
  5
159
330
E8
100
AcDbEntity
  8
Layer 1
100
AcDbVertex
100
AcDb2dVertex
 10
386.40196
 20
140.43119
 30
0.0
 70
0
  0
VERTEX
  5
15A
330
E8
100
AcDbEntity
  8
Layer 1
100
AcDbVertex
100
AcDb2dVertex
 10
388.12095
 20
138.95777
 30
0.0
 70
0
  0
VERTEX
  5
15B
330
E8
100
AcDbEntity
  8
Layer 1
100
AcDbVertex
100
AcDb2dVertex
 10
395.97919
 20
131.83624
 30
0.0
 70
0
  0
VERTEX
  5
15C
330
E8
100
AcDbEntity
  8
Layer 1
100
AcDbVertex
100
AcDb2dVertex
 10
398.92603
 20
129.13497
 30
0.0
 70
0
  0
VERTEX
  5
15D
330
E8
100
AcDbEntity
  8
Layer 1
100
AcDbVertex
100
AcDb2dVertex
 10
399.66274
 20
133.06409
 30
0.0
 70
0
  0
VERTEX
  5
15E
330
E8
100
AcDbEntity
  8
Layer 1
100
AcDbVertex
100
AcDb2dVertex
 10
402.60958
 20
151.72741
 30
0.0
 70
0
  0
VERTEX
  5
15F
330
E8
100
AcDbEntity
  8
Layer 1
100
AcDbVertex
100
AcDb2dVertex
 10
403.34629
 20
156.63881
 30
0.0
 70
0
  0
VERTEX
  5
160
330
E8
100
AcDbEntity
  8
Layer 1
100
AcDbVertex
100
AcDb2dVertex
 10
404.083
 20
161.55021
 30
0.0
 70
0
  0
VERTEX
  5
161
330
E8
100
AcDbEntity
  8
Layer 1
100
AcDbVertex
100
AcDb2dVertex
 10
408.50326
 20
189.29962
 30
0.0
 70
0
  0
VERTEX
  5
162
330
E8
100
AcDbEntity
  8
Layer 1
100
AcDbVertex
100
AcDb2dVertex
 10
450.25016
 20
189.29962
 30
0.0
 70
0
  0
VERTEX
  5
163
330
E8
100
AcDbEntity
  8
Layer 1
100
AcDbVertex
100
AcDb2dVertex
 10
450.49573
 20
191.26418
 30
0.0
 70
0
  0
VERTEX
  5
164
330
E8
100
AcDbEntity
  8
Layer 1
100
AcDbVertex
100
AcDb2dVertex
 10
451.23244
 20
195.93001
 30
0.0
 70
0
  0
VERTEX
  5
165
330
E8
100
AcDbEntity
  8
Layer 1
100
AcDbVertex
100
AcDb2dVertex
 10
487.5768
 20
195.93001
 30
0.0
 70
0
  0
VERTEX
  5
166
330
E8
100
AcDbEntity
  8
Layer 1
100
AcDbVertex
100
AcDb2dVertex
 10
496.41732
 20
140.43119
 30
0.0
 70
0
  0
VERTEX
  5
167
330
E8
100
AcDbEntity
  8
Layer 1
100
AcDbVertex
100
AcDb2dVertex
 10
496.90846
 20
136.74764
 30
0.0
 70
0
  0
VERTEX
  5
168
330
E8
100
AcDbEntity
  8
Layer 1
100
AcDbVertex
100
AcDb2dVertex
 10
499.8553
 20
138.95777
 30
0.0
 70
0
  0
VERTEX
  5
169
330
E8
100
AcDbEntity
  8
Layer 1
100
AcDbVertex
100
AcDb2dVertex
 10
502.664007
 20
140.853263
 30
0.0
 70
0
  0
VERTEX
  5
16A
330
E8
100
AcDbEntity
  8
Layer 1
100
AcDbVertex
100
AcDb2dVertex
 10
505.564802
 20
142.518535
 30
0.0
 70
0
  0
VERTEX
  5
16B
330
E8
100
AcDbEntity
  8
Layer 1
100
AcDbVertex
100
AcDb2dVertex
 10
508.557687
 20
143.999629
 30
0.0
 70
0
  0
VERTEX
  5
16C
330
E8
100
AcDbEntity
  8
Layer 1
100
AcDbVertex
100
AcDb2dVertex
 10
511.64266
 20
145.34259
 30
0.0
 70
0
  0
VERTEX
  5
16D
330
E8
100
AcDbEntity
  8
Layer 1
100
AcDbVertex
100
AcDb2dVertex
 10
515.88258
 20
146.773803
 30
0.0
 70
0
  0
VERTEX
  5
16E
330
E8
100
AcDbEntity
  8
Layer 1
100
AcDbVertex
100
AcDb2dVertex
 10
520.145521
 20
147.767594
 30
0.0
 70
0
  0
VERTEX
  5
16F
330
E8
100
AcDbEntity
  8
Layer 1
100
AcDbVertex
100
AcDb2dVertex
 10
524.454507
 20
148.346985
 30
0.0
 70
0
  0
VERTEX
  5
170
330
E8
100
AcDbEntity
  8
Layer 1
100
AcDbVertex
100
AcDb2dVertex
 10
528.83256
 20
148.535
 30
0.0
 70
0
  0
VERTEX
  5
171
330
E8
100
AcDbEntity
  8
Layer 1
100
AcDbVertex
100
AcDb2dVertex
 10
533.931975
 20
148.254897
 30
0.0
 70
0
  0
VERTEX
  5
172
330
E8
100
AcDbEntity
  8
Layer 1
100
AcDbVertex
100
AcDb2dVertex
 10
536.425565
 20
147.900451
 30
0.0
 70
0
  0
VERTEX
  5
173
330
E8
100
AcDbEntity
  8
Layer 1
100
AcDbVertex
100
AcDb2dVertex
 10
538.870234
 20
147.399239
 30
0.0
 70
0
  0
VERTEX
  5
174
330
E8
100
AcDbEntity
  8
Layer 1
100
AcDbVertex
100
AcDb2dVertex
 10
541.257347
 20
146.748382
 30
0.0
 70
0
  0
VERTEX
  5
175
330
E8
100
AcDbEntity
  8
Layer 1
100
AcDbVertex
100
AcDb2dVertex
 10
543.578271
 20
145.945004
 30
0.0
 70
0
  0
VERTEX
  5
176
330
E8
100
AcDbEntity
  8
Layer 1
100
AcDbVertex
100
AcDb2dVertex
 10
545.824373
 20
144.986226
 30
0.0
 70
0
  0
VERTEX
  5
177
330
E8
100
AcDbEntity
  8
Layer 1
100
AcDbVertex
100
AcDb2dVertex
 10
547.98702
 20
143.86917
 30
0.0
 70
0
  0
VERTEX
  5
178
330
E8
100
AcDbEntity
  8
Layer 1
100
AcDbVertex
100
AcDb2dVertex
 10
548.263286
 20
143.715689
 30
0.0
 70
0
  0
VERTEX
  5
179
330
E8
100
AcDbEntity
  8
Layer 1
100
AcDbVertex
100
AcDb2dVertex
 10
548.72373
 20
143.37803
 30
0.0
 70
0
  0
VERTEX
  5
17A
330
E8
100
AcDbEntity
  8
Layer 1
100
AcDbVertex
100
AcDb2dVertex
 10
551.425
 20
142.39575
 30
0.0
 70
0
  0
VERTEX
  5
17B
330
E8
100
AcDbEntity
  8
Layer 1
100
AcDbVertex
100
AcDb2dVertex
 10
551.67057
 20
145.34259
 30
0.0
 70
0
  0
VERTEX
  5
17C
330
E8
100
AcDbEntity
  8
Layer 1
100
AcDbVertex
100
AcDb2dVertex
 10
552.40728
 20
151.48184
 30
0.0
 70
0
  0
VERTEX
  5
17D
330
E8
100
AcDbEntity
  8
Layer 1
100
AcDbVertex
100
AcDb2dVertex
 10
552.65285
 20
153.4464
 30
0.0
 70
0
  0
VERTEX
  5
17E
330
E8
100
AcDbEntity
  8
Layer 1
100
AcDbVertex
100
AcDb2dVertex
 10
550.68829
 20
153.93754
 30
0.0
 70
0
  0
VERTEX
  5
17F
330
E8
100
AcDbEntity
  8
Layer 1
100
AcDbVertex
100
AcDb2dVertex
 10
543.32119
 20
155.65653
 30
0.0
 70
0
  0
VERTEX
  5
180
330
E8
100
AcDbEntity
  8
Layer 1
100
AcDbVertex
100
AcDb2dVertex
 10
543.07562
 20
184.63379
 30
0.0
 70
0
  0
VERTEX
  5
181
330
E8
100
AcDbEntity
  8
Layer 1
100
AcDbVertex
100
AcDb2dVertex
 10
599.31115
 20
172.35529
 30
0.0
 70
0
  0
VERTEX
  5
182
330
E8
100
AcDbEntity
  8
Layer 1
100
AcDbVertex
100
AcDb2dVertex
 10
603.48584
 20
151.48184
 30
0.0
 70
0
  0
VERTEX
  5
183
330
E8
100
AcDbEntity
  8
Layer 1
100
AcDbVertex
100
AcDb2dVertex
 10
607.9061
 20
151.48184
 30
0.0
 70
0
  0
VERTEX
  5
184
330
E8
100
AcDbEntity
  8
Layer 1
100
AcDbVertex
100
AcDb2dVertex
 10
612.32636
 20
169.40845
 30
0.0
 70
0
  0
VERTEX
  5
185
330
E8
100
AcDbEntity
  8
Layer 1
100
AcDbVertex
100
AcDb2dVertex
 10
659.23023
 20
158.11223
 30
0.0
 70
0
  0
VERTEX
  5
186
330
E8
100
AcDbEntity
  8
Layer 1
100
AcDbVertex
100
AcDb2dVertex
 10
611.09851
 20
13.4715
 30
0.0
 70
0
  0
VERTEX
  5
187
330
E8
100
AcDbEntity
  8
Layer 1
100
AcDbVertex
100
AcDb2dVertex
 10
576.96428
 20
24.27658
 30
0.0
 70
0
  0
VERTEX
  5
188
330
E8
100
AcDbEntity
  8
Layer 1
100
AcDbVertex
100
AcDb2dVertex
 10
576.71871
 20
37.53736
 30
0.0
 70
0
  0
VERTEX
  5
189
330
E8
100
AcDbEntity
  8
Layer 1
100
AcDbVertex
100
AcDb2dVertex
 10
576.71871
 20
39.50192
 30
0.0
 70
0
  0
VERTEX
  5
18A
330
E8
100
AcDbEntity
  8
Layer 1
100
AcDbVertex
100
AcDb2dVertex
 10
574.75415
 20
39.74749
 30
0.0
 70
0
  0
VERTEX
  5
18B
330
E8
100
AcDbEntity
  8
Layer 1
100
AcDbVertex
100
AcDb2dVertex
 10
540.61992
 20
44.65889
 30
0.0
 70
0
  0
VERTEX
  5
18C
330
E8
100
AcDbEntity
  8
Layer 1
100
AcDbVertex
100
AcDb2dVertex
 10
542.58448
 20
62.09436
 30
0.0
 70
0
  0
VERTEX
  5
18D
330
E8
100
AcDbEntity
  8
Layer 1
100
AcDbVertex
100
AcDb2dVertex
 10
543.07562
 20
66.26905
 30
0.0
 70
0
  0
VERTEX
  5
18E
330
E8
100
AcDbEntity
  8
Layer 1
100
AcDbVertex
100
AcDb2dVertex
 10
539.39207
 20
64.30449
 30
0.0
 70
0
  0
VERTEX
  5
18F
330
E8
100
AcDbEntity
  8
Layer 1
100
AcDbVertex
100
AcDb2dVertex
 10
536.813585
 20
63.015247
 30
0.0
 70
0
  0
VERTEX
  5
190
330
E8
100
AcDbEntity
  8
Layer 1
100
AcDbVertex
100
AcDb2dVertex
 10
534.2351
 20
62.09436
 30
0.0
 70
0
  0
VERTEX
  5
191
330
E8
100
AcDbEntity
  8
Layer 1
100
AcDbVertex
100
AcDb2dVertex
 10
529.999018
 20
60.663147
 30
0.0
 70
0
  0
VERTEX
  5
192
330
E8
100
AcDbEntity
  8
Layer 1
100
AcDbVertex
100
AcDb2dVertex
 10
525.762935
 20
59.669356
 30
0.0
 70
0
  0
VERTEX
  5
193
330
E8
100
AcDbEntity
  8
Layer 1
100
AcDbVertex
100
AcDb2dVertex
 10
521.526853
 20
59.089965
 30
0.0
 70
0
  0
VERTEX
  5
194
330
E8
100
AcDbEntity
  8
Layer 1
100
AcDbVertex
100
AcDb2dVertex
 10
517.29077
 20
58.90195
 30
0.0
 70
0
  0
VERTEX
  5
195
330
E8
100
AcDbEntity
  8
Layer 1
100
AcDbVertex
100
AcDb2dVertex
 10
514.83507
 20
58.932646
 30
0.0
 70
0
  0
VERTEX
  5
196
330
E8
100
AcDbEntity
  8
Layer 1
100
AcDbVertex
100
AcDb2dVertex
 10
512.37937
 20
59.14752
 30
0.0
 70
0
  0
VERTEX
  5
197
330
E8
100
AcDbEntity
  8
Layer 1
100
AcDbVertex
100
AcDb2dVertex
 10
509.43253
 20
59.39309
 30
0.0
 70
0
  0
VERTEX
  5
198
330
E8
100
AcDbEntity
  8
Layer 1
100
AcDbVertex
100
AcDb2dVertex
 10
509.92367
 20
56.44625
 30
0.0
 70
0
  0
VERTEX
  5
199
330
E8
100
AcDbEntity
  8
Layer 1
100
AcDbVertex
100
AcDb2dVertex
 10
512.37937
 20
41.22091
 30
0.0
 70
0
  0
VERTEX
  5
19A
330
E8
100
AcDbEntity
  8
Layer 1
100
AcDbVertex
100
AcDb2dVertex
 10
462.52866
 20
50.06143
 30
0.0
 70
0
  0
VERTEX
  5
19B
330
E8
100
AcDbEntity
  8
Layer 1
100
AcDbVertex
100
AcDb2dVertex
 10
459.82739
 20
72.65387
 30
0.0
 70
0
  0
VERTEX
  5
19C
330
E8
100
AcDbEntity
  8
Layer 1
100
AcDbVertex
100
AcDb2dVertex
 10
459.09068
 20
80.02097
 30
0.0
 70
0
  0
VERTEX
  5
19D
330
E8
100
AcDbEntity
  8
Layer 1
100
AcDbVertex
100
AcDb2dVertex
 10
455.6527
 20
73.63615
 30
0.0
 70
0
  0
VERTEX
  5
19E
330
E8
100
AcDbEntity
  8
Layer 1
100
AcDbVertex
100
AcDb2dVertex
 10
450.00459
 20
62.5855
 30
0.0
 70
0
  0
VERTEX
  5
19F
330
E8
100
AcDbEntity
  8
Layer 1
100
AcDbVertex
100
AcDb2dVertex
 10
439.44508
 20
81.98553
 30
0.0
 70
0
  0
VERTEX
  5
1A0
330
E8
100
AcDbEntity
  8
Layer 1
100
AcDbVertex
100
AcDb2dVertex
 10
436.25267
 20
87.87921
 30
0.0
 70
0
  0
VERTEX
  5
1A1
330
E8
100
AcDbEntity
  8
Layer 1
100
AcDbVertex
100
AcDb2dVertex
 10
435.27039
 20
81.24882
 30
0.0
 70
0
  0
VERTEX
  5
1A2
330
E8
100
AcDbEntity
  8
Layer 1
100
AcDbVertex
100
AcDb2dVertex
 10
433.06026
 20
66.26905
 30
0.0
 70
0
  0
VERTEX
  5
1A3
330
E8
100
AcDbEntity
  8
Layer 1
100
AcDbVertex
100
AcDb2dVertex
 10
389.3488
 20
73.14501
 30
0.0
 70
0
  0
VERTEX
  5
1A4
330
E8
100
AcDbEntity
  8
Layer 1
100
AcDbVertex
100
AcDb2dVertex
 10
392.78678
 20
93.77289
 30
0.0
 70
0
  0
VERTEX
  5
1A5
330
E8
100
AcDbEntity
  8
Layer 1
100
AcDbVertex
100
AcDb2dVertex
 10
393.52349
 20
98.43872
 30
0.0
 70
0
  0
VERTEX
  5
1A6
330
E8
100
AcDbEntity
  8
Layer 1
100
AcDbVertex
100
AcDb2dVertex
 10
389.3488
 20
95.98302
 30
0.0
 70
0
  0
VERTEX
  5
1A7
330
E8
100
AcDbEntity
  8
Layer 1
100
AcDbVertex
100
AcDb2dVertex
 10
383.777431
 20
92.99781
 30
0.0
 70
0
  0
VERTEX
  5
1A8
330
E8
100
AcDbEntity
  8
Layer 1
100
AcDbVertex
100
AcDb2dVertex
 10
377.745617
 20
90.33491
 30
0.0
 70
0
  0
VERTEX
  5
1A9
330
E8
100
AcDbEntity
  8
Layer 1
100
AcDbVertex
100
AcDb2dVertex
 10
371.253361
 20
88.040365
 30
0.0
 70
0
  0
VERTEX
  5
1AA
330
E8
100
AcDbEntity
  8
Layer 1
100
AcDbVertex
100
AcDb2dVertex
 10
364.30066
 20
86.16022
 30
0.0
 70
0
  0
VERTEX
  5
1AB
330
E8
100
AcDbEntity
  8
Layer 1
100
AcDbVertex
100
AcDb2dVertex
 10
359.112994
 20
85.116547
 30
0.0
 70
0
  0
VERTEX
  5
1AC
330
E8
100
AcDbEntity
  8
Layer 1
100
AcDbVertex
100
AcDb2dVertex
 10
356.461605
 20
84.709822
 30
0.0
 70
0
  0
VERTEX
  5
1AD
330
E8
100
AcDbEntity
  8
Layer 1
100
AcDbVertex
100
AcDb2dVertex
 10
353.74115
 20
84.44123
 30
0.0
 70
0
  0
VERTEX
  5
1AE
330
E8
100
AcDbEntity
  8
Layer 1
100
AcDbVertex
100
AcDb2dVertex
 10
351.77659
 20
84.19566
 30
0.0
 70
0
  0
VERTEX
  5
1AF
330
E8
100
AcDbEntity
  8
Layer 1
100
AcDbVertex
100
AcDb2dVertex
 10
351.77659
 20
42.9399
 30
0.0
 70
0
  0
VERTEX
  5
1B0
330
E8
100
AcDbEntity
  8
Layer 1
100
AcDbVertex
100
AcDb2dVertex
 10
265.82709
 20
85.42351
 30
0.0
 70
0
  0
VERTEX
  5
1B1
330
E8
100
AcDbEntity
  8
Layer 1
100
AcDbVertex
100
AcDb2dVertex
 10
262.63468
 20
86.89693
 30
0.0
 70
0
  0
VERTEX
  5
1B2
330
E8
100
AcDbEntity
  8
Layer 1
100
AcDbVertex
100
AcDb2dVertex
 10
262.63468
 20
46.86902
 30
0.0
 70
0
  0
VERTEX
  5
1B3
330
E8
100
AcDbEntity
  8
Layer 1
100
AcDbVertex
100
AcDb2dVertex
 10
224.08019
 20
41.22091
 30
0.0
 70
0
  0
VERTEX
  5
1B4
330
E8
100
AcDbEntity
  8
Layer 1
100
AcDbVertex
100
AcDb2dVertex
 10
222.3612
 20
58.65638
 30
0.0
 70
0
  0
VERTEX
  5
1B5
330
E8
100
AcDbEntity
  8
Layer 1
100
AcDbVertex
100
AcDb2dVertex
 10
221.87006
 20
63.32221
 30
0.0
 70
0
  0
VERTEX
  5
1B6
330
E8
100
AcDbEntity
  8
Layer 1
100
AcDbVertex
100
AcDb2dVertex
 10
218.43208
 20
60.1298
 30
0.0
 70
0
  0
VERTEX
  5
1B7
330
E8
100
AcDbEntity
  8
Layer 1
100
AcDbVertex
100
AcDb2dVertex
 10
214.472264
 20
56.634265
 30
0.0
 70
0
  0
VERTEX
  5
1B8
330
E8
100
AcDbEntity
  8
Layer 1
100
AcDbVertex
100
AcDb2dVertex
 10
210.32827
 20
53.530106
 30
0.0
 70
0
  0
VERTEX
  5
1B9
330
E8
100
AcDbEntity
  8
Layer 1
100
AcDbVertex
100
AcDb2dVertex
 10
206.000099
 20
50.840347
 30
0.0
 70
0
  0
VERTEX
  5
1BA
330
E8
100
AcDbEntity
  8
Layer 1
100
AcDbVertex
100
AcDb2dVertex
 10
201.48775
 20
48.58801
 30
0.0
 70
0
  0
VERTEX
  5
1BB
330
E8
100
AcDbEntity
  8
Layer 1
100
AcDbVertex
100
AcDb2dVertex
 10
196.660765
 20
46.796116
 30
0.0
 70
0
  0
VERTEX
  5
1BC
330
E8
100
AcDbEntity
  8
Layer 1
100
AcDbVertex
100
AcDb2dVertex
 10
191.787735
 20
45.487689
 30
0.0
 70
0
  0
VERTEX
  5
1BD
330
E8
100
AcDbEntity
  8
Layer 1
100
AcDbVertex
100
AcDb2dVertex
 10
186.914705
 20
44.685749
 30
0.0
 70
0
  0
VERTEX
  5
1BE
330
E8
100
AcDbEntity
  8
Layer 1
100
AcDbVertex
100
AcDb2dVertex
 10
182.08772
 20
44.41332
 30
0.0
 70
0
  0
VERTEX
  5
1BF
330
E8
100
AcDbEntity
  8
Layer 1
100
AcDbVertex
100
AcDb2dVertex
 10
177.207016
 20
44.681912
 30
0.0
 70
0
  0
VERTEX
  5
1C0
330
E8
100
AcDbEntity
  8
Layer 1
100
AcDbVertex
100
AcDb2dVertex
 10
172.51049
 20
45.456992
 30
0.0
 70
0
  0
VERTEX
  5
1C1
330
E8
100
AcDbEntity
  8
Layer 1
100
AcDbVertex
100
AcDb2dVertex
 10
167.998141
 20
46.692517
 30
0.0
 70
0
  0
VERTEX
  5
1C2
330
E8
100
AcDbEntity
  8
Layer 1
100
AcDbVertex
100
AcDb2dVertex
 10
163.66997
 20
48.34244
 30
0.0
 70
0
  0
VERTEX
  5
1C3
330
E8
100
AcDbEntity
  8
Layer 1
100
AcDbVertex
100
AcDb2dVertex
 10
159.932222
 20
50.376546
 30
0.0
 70
0
  0
VERTEX
  5
1C4
330
E8
100
AcDbEntity
  8
Layer 1
100
AcDbVertex
100
AcDb2dVertex
 10
156.467862
 20
52.781885
 30
0.0
 70
0
  0
VERTEX
  5
1C5
330
E8
100
AcDbEntity
  8
Layer 1
100
AcDbVertex
100
AcDb2dVertex
 10
153.297036
 20
55.538312
 30
0.0
 70
0
  0
VERTEX
  5
1C6
330
E8
100
AcDbEntity
  8
Layer 1
100
AcDbVertex
100
AcDb2dVertex
 10
150.439886
 20
58.625684
 30
0.0
 70
0
  0
VERTEX
  5
1C7
330
E8
100
AcDbEntity
  8
Layer 1
100
AcDbVertex
100
AcDb2dVertex
 10
147.916559
 20
62.023855
 30
0.0
 70
0
  0
VERTEX
  5
1C8
330
E8
100
AcDbEntity
  8
Layer 1
100
AcDbVertex
100
AcDb2dVertex
 10
145.747197
 20
65.71268
 30
0.0
 70
0
  0
VERTEX
  5
1C9
330
E8
100
AcDbEntity
  8
Layer 1
100
AcDbVertex
100
AcDb2dVertex
 10
143.951946
 20
69.672017
 30
0.0
 70
0
  0
VERTEX
  5
1CA
330
E8
100
AcDbEntity
  8
Layer 1
100
AcDbVertex
100
AcDb2dVertex
 10
142.55095
 20
73.88172
 30
0.0
 70
0
  0
VERTEX
  5
1CB
330
E8
100
AcDbEntity
  8
Layer 1
100
AcDbVertex
100
AcDb2dVertex
 10
141.6339
 20
77.979669
 30
0.0
 70
0
  0
VERTEX
  5
1CC
330
E8
100
AcDbEntity
  8
Layer 1
100
AcDbVertex
100
AcDb2dVertex
 10
141.108226
 20
82.169707
 30
0.0
 70
0
  0
VERTEX
  5
1CD
330
E8
100
AcDbEntity
  8
Layer 1
100
AcDbVertex
100
AcDb2dVertex
 10
140.996952
 20
86.451834
 30
0.0
 70
0
  0
VERTEX
  5
1CE
330
E8
100
AcDbEntity
  8
Layer 1
100
AcDbVertex
100
AcDb2dVertex
 10
141.3231
 20
90.82605
 30
0.0
 70
0
  0
VERTEX
  5
1CF
330
E8
100
AcDbEntity
  8
Layer 1
100
AcDbVertex
100
AcDb2dVertex
 10
142.05981
 20
96.9653
 30
0.0
 70
0
  0
VERTEX
  5
1D0
330
E8
100
AcDbEntity
  8
Layer 1
100
AcDbVertex
100
AcDb2dVertex
 10
137.63955
 20
92.54504
 30
0.0
 70
0
  0
VERTEX
  5
1D1
330
E8
100
AcDbEntity
  8
Layer 1
100
AcDbVertex
100
AcDb2dVertex
 10
132.666757
 20
88.155476
 30
0.0
 70
0
  0
VERTEX
  5
1D2
330
E8
100
AcDbEntity
  8
Layer 1
100
AcDbVertex
100
AcDb2dVertex
 10
127.32561
 20
83.95009
 30
0.0
 70
0
  0
VERTEX
  5
1D3
330
E8
100
AcDbEntity
  8
Layer 1
100
AcDbVertex
100
AcDb2dVertex
 10
126.09776
 20
82.96781
 30
0.0
 70
0
  0
VERTEX
  5
1D4
330
E8
100
AcDbEntity
  8
Layer 1
100
AcDbVertex
100
AcDb2dVertex
 10
126.5889
 20
81.49439
 30
0.0
 70
0
  0
VERTEX
  5
1D5
330
E8
100
AcDbEntity
  8
Layer 1
100
AcDbVertex
100
AcDb2dVertex
 10
139.60411
 20
31.88925
 30
0.0
 70
0
  0
VERTEX
  5
1D6
330
E8
100
AcDbEntity
  8
Layer 1
100
AcDbVertex
100
AcDb2dVertex
 10
141.81424
 20
23.04873
 30
0.0
 70
0
  0
VERTEX
  5
1D7
330
E8
100
AcDbEntity
  8
Layer 1
100
AcDbVertex
100
AcDb2dVertex
 10
133.21929
 20
20.34746
 30
0.0
 70
0
  0
VERTEX
  5
1D8
330
E8
100
AcDbEntity
  8
Layer 1
100
AcDbVertex
100
AcDb2dVertex
 10
108.90786
 20
12.48922
 30
0.0
 70
0
  0
VERTEX
  5
1D9
330
E8
100
AcDbEntity
  8
Layer 1
100
AcDbVertex
100
AcDb2dVertex
 10
100.55848
 20
10.27909
 30
0.0
 70
0
  0
SEQEND
  5
1DB
330
A3F
100
AcDbEntity
  8
Layer 1
  0
POLYLINE
  5
1DC
330
A3F
100
AcDbEntity
  8
Layer 1
 62
7
100
AcDb2dPolyline
 66
1
 10
0.0
 20
0.0
 30
0.0
 70
0
  0
VERTEX
  5
1DE
330
1DC
100
AcDbEntity
  8
Layer 1
100
AcDbVertex
100
AcDb2dVertex
 10
111.36356
 20
143.6236
 30
0.0
 70
0
  0
VERTEX
  5
1DF
330
1DC
100
AcDbEntity
  8
Layer 1
100
AcDbVertex
100
AcDb2dVertex
 10
109.491089
 20
143.592904
 30
0.0
 70
0
  0
VERTEX
  5
1E0
330
1DC
100
AcDbEntity
  8
Layer 1
100
AcDbVertex
100
AcDb2dVertex
 10
107.43444
 20
143.37803
 30
0.0
 70
0
  0
VERTEX
  5
1E1
330
1DC
100
AcDbEntity
  8
Layer 1
100
AcDbVertex
100
AcDb2dVertex
 10
105.71545
 20
143.13246
 30
0.0
 70
0
  0
VERTEX
  5
1E2
330
1DC
100
AcDbEntity
  8
Layer 1
100
AcDbVertex
100
AcDb2dVertex
 10
103.25975
 20
142.64132
 30
0.0
 70
0
  0
VERTEX
  5
1E3
330
1DC
100
AcDbEntity
  8
Layer 1
100
AcDbVertex
100
AcDb2dVertex
 10
103.99646
 20
140.18562
 30
0.0
 70
0
  0
VERTEX
  5
1E4
330
1DC
100
AcDbEntity
  8
Layer 1
100
AcDbVertex
100
AcDb2dVertex
 10
104.4876
 20
138.7122
 30
0.0
 70
0
  0
VERTEX
  5
1E5
330
1DC
100
AcDbEntity
  8
Layer 1
100
AcDbVertex
100
AcDb2dVertex
 10
111.36356
 20
115.87419
 30
0.0
 70
0
  0
VERTEX
  5
1E6
330
1DC
100
AcDbEntity
  8
Layer 1
100
AcDbVertex
100
AcDb2dVertex
 10
112.10027
 20
113.66406
 30
0.0
 70
0
  0
VERTEX
  5
1E7
330
1DC
100
AcDbEntity
  8
Layer 1
100
AcDbVertex
100
AcDb2dVertex
 10
113.08255
 20
110.47165
 30
0.0
 70
0
  0
VERTEX
  5
1E8
330
1DC
100
AcDbEntity
  8
Layer 1
100
AcDbVertex
100
AcDb2dVertex
 10
115.53825
 20
112.68178
 30
0.0
 70
0
  0
VERTEX
  5
1E9
330
1DC
100
AcDbEntity
  8
Layer 1
100
AcDbVertex
100
AcDb2dVertex
 10
117.25724
 20
114.1552
 30
0.0
 70
0
  0
VERTEX
  5
1EA
330
1DC
100
AcDbEntity
  8
Layer 1
100
AcDbVertex
100
AcDb2dVertex
 10
119.618933
 20
116.460776
 30
0.0
 70
0
  0
VERTEX
  5
1EB
330
1DC
100
AcDbEntity
  8
Layer 1
100
AcDbVertex
100
AcDb2dVertex
 10
121.554715
 20
118.786497
 30
0.0
 70
0
  0
VERTEX
  5
1EC
330
1DC
100
AcDbEntity
  8
Layer 1
100
AcDbVertex
100
AcDb2dVertex
 10
123.076098
 20
121.152506
 30
0.0
 70
0
  0
VERTEX
  5
1ED
330
1DC
100
AcDbEntity
  8
Layer 1
100
AcDbVertex
100
AcDb2dVertex
 10
124.194592
 20
123.578949
 30
0.0
 70
0
  0
VERTEX
  5
1EE
330
1DC
100
AcDbEntity
  8
Layer 1
100
AcDbVertex
100
AcDb2dVertex
 10
124.92171
 20
126.085969
 30
0.0
 70
0
  0
VERTEX
  5
1EF
330
1DC
100
AcDbEntity
  8
Layer 1
100
AcDbVertex
100
AcDb2dVertex
 10
125.268961
 20
128.693711
 30
0.0
 70
0
  0
VERTEX
  5
1F0
330
1DC
100
AcDbEntity
  8
Layer 1
100
AcDbVertex
100
AcDb2dVertex
 10
125.247858
 20
131.42232
 30
0.0
 70
0
  0
VERTEX
  5
1F1
330
1DC
100
AcDbEntity
  8
Layer 1
100
AcDbVertex
100
AcDb2dVertex
 10
124.86991
 20
134.29194
 30
0.0
 70
0
  0
VERTEX
  5
1F2
330
1DC
100
AcDbEntity
  8
Layer 1
100
AcDbVertex
100
AcDb2dVertex
 10
124.393638
 20
135.928913
 30
0.0
 70
0
  0
VERTEX
  5
1F3
330
1DC
100
AcDbEntity
  8
Layer 1
100
AcDbVertex
100
AcDb2dVertex
 10
123.730312
 20
137.350054
 30
0.0
 70
0
  0
VERTEX
  5
1F4
330
1DC
100
AcDbEntity
  8
Layer 1
100
AcDbVertex
100
AcDb2dVertex
 10
122.923096
 20
138.56975
 30
0.0
 70
0
  0
VERTEX
  5
1F5
330
1DC
100
AcDbEntity
  8
Layer 1
100
AcDbVertex
100
AcDb2dVertex
 10
122.015159
 20
139.602391
 30
0.0
 70
0
  0
VERTEX
  5
1F6
330
1DC
100
AcDbEntity
  8
Layer 1
100
AcDbVertex
100
AcDb2dVertex
 10
120.069784
 20
141.164063
 30
0.0
 70
0
  0
VERTEX
  5
1F7
330
1DC
100
AcDbEntity
  8
Layer 1
100
AcDbVertex
100
AcDb2dVertex
 10
118.23952
 20
142.15018
 30
0.0
 70
0
  0
VERTEX
  5
1F8
330
1DC
100
AcDbEntity
  8
Layer 1
100
AcDbVertex
100
AcDb2dVertex
 10
116.923418
 20
142.794801
 30
0.0
 70
0
  0
VERTEX
  5
1F9
330
1DC
100
AcDbEntity
  8
Layer 1
100
AcDbVertex
100
AcDb2dVertex
 10
115.261984
 20
143.255245
 30
0.0
 70
0
  0
VERTEX
  5
1FA
330
1DC
100
AcDbEntity
  8
Layer 1
100
AcDbVertex
100
AcDb2dVertex
 10
113.370327
 20
143.531511
 30
0.0
 70
0
  0
VERTEX
  5
1FB
330
1DC
100
AcDbEntity
  8
Layer 1
100
AcDbVertex
100
AcDb2dVertex
 10
111.36356
 20
143.6236
 30
0.0
 70
0
  0
SEQEND
  5
1FD
330
A3F
100
AcDbEntity
  8
Layer 1
  0
POLYLINE
  5
1FE
330
A3F
100
AcDbEntity
  8
Layer 1
 62
7
100
AcDb2dPolyline
 66
1
 10
0.0
 20
0.0
 30
0.0
 70
0
  0
VERTEX
  5
200
330
1FE
100
AcDbEntity
  8
Layer 1
100
AcDbVertex
100
AcDb2dVertex
 10
298.4879
 20
142.88689
 30
0.0
 70
0
  0
VERTEX
  5
201
330
1FE
100
AcDbEntity
  8
Layer 1
100
AcDbVertex
100
AcDb2dVertex
 10
294.06764
 20
138.7122
 30
0.0
 70
0
  0
VERTEX
  5
202
330
1FE
100
AcDbEntity
  8
Layer 1
100
AcDbVertex
100
AcDb2dVertex
 10
282.52585
 20
127.66155
 30
0.0
 70
0
  0
VERTEX
  5
203
330
1FE
100
AcDbEntity
  8
Layer 1
100
AcDbVertex
100
AcDb2dVertex
 10
280.07015
 20
125.20585
 30
0.0
 70
0
  0
VERTEX
  5
204
330
1FE
100
AcDbEntity
  8
Layer 1
100
AcDbVertex
100
AcDb2dVertex
 10
283.26256
 20
123.978
 30
0.0
 70
0
  0
VERTEX
  5
205
330
1FE
100
AcDbEntity
  8
Layer 1
100
AcDbVertex
100
AcDb2dVertex
 10
295.54106
 20
119.31217
 30
0.0
 70
0
  0
VERTEX
  5
206
330
1FE
100
AcDbEntity
  8
Layer 1
100
AcDbVertex
100
AcDb2dVertex
 10
299.22461
 20
117.83875
 30
0.0
 70
0
  0
VERTEX
  5
207
330
1FE
100
AcDbEntity
  8
Layer 1
100
AcDbVertex
100
AcDb2dVertex
 10
298.4879
 20
121.76787
 30
0.0
 70
0
  0
VERTEX
  5
208
330
1FE
100
AcDbEntity
  8
Layer 1
100
AcDbVertex
100
AcDb2dVertex
 10
297.889323
 20
125.63176
 30
0.0
 70
0
  0
VERTEX
  5
209
330
1FE
100
AcDbEntity
  8
Layer 1
100
AcDbVertex
100
AcDb2dVertex
 10
297.567013
 20
129.472629
 30
0.0
 70
0
  0
VERTEX
  5
20A
330
1FE
100
AcDbEntity
  8
Layer 1
100
AcDbVertex
100
AcDb2dVertex
 10
297.520968
 20
133.267453
 30
0.0
 70
0
  0
VERTEX
  5
20B
330
1FE
100
AcDbEntity
  8
Layer 1
100
AcDbVertex
100
AcDb2dVertex
 10
297.75119
 20
136.99321
 30
0.0
 70
0
  0
VERTEX
  5
20C
330
1FE
100
AcDbEntity
  8
Layer 1
100
AcDbVertex
100
AcDb2dVertex
 10
298.4879
 20
142.88689
 30
0.0
 70
0
  0
SEQEND
  5
20E
330
A3F
100
AcDbEntity
  8
Layer 1
  0
POLYLINE
  5
20F
330
A3F
100
AcDbEntity
  8
Layer 1
 62
7
100
AcDb2dPolyline
 66
1
 10
0.0
 20
0.0
 30
0.0
 70
0
  0
VERTEX
  5
211
330
20F
100
AcDbEntity
  8
Layer 1
100
AcDbVertex
100
AcDb2dVertex
 10
348.58418
 20
155.65653
 30
0.0
 70
0
  0
VERTEX
  5
212
330
20F
100
AcDbEntity
  8
Layer 1
100
AcDbVertex
100
AcDb2dVertex
 10
346.837372
 20
155.564921
 30
0.0
 70
0
  0
VERTEX
  5
213
330
20F
100
AcDbEntity
  8
Layer 1
100
AcDbVertex
100
AcDb2dVertex
 10
345.10783
 20
155.292012
 30
0.0
 70
0
  0
VERTEX
  5
214
330
20F
100
AcDbEntity
  8
Layer 1
100
AcDbVertex
100
AcDb2dVertex
 10
343.412821
 20
154.840681
 30
0.0
 70
0
  0
VERTEX
  5
215
330
20F
100
AcDbEntity
  8
Layer 1
100
AcDbVertex
100
AcDb2dVertex
 10
341.769612
 20
154.213806
 30
0.0
 70
0
  0
VERTEX
  5
216
330
20F
100
AcDbEntity
  8
Layer 1
100
AcDbVertex
100
AcDb2dVertex
 10
340.19547
 20
153.414265
 30
0.0
 70
0
  0
VERTEX
  5
217
330
20F
100
AcDbEntity
  8
Layer 1
100
AcDbVertex
100
AcDb2dVertex
 10
338.707662
 20
152.444935
 30
0.0
 70
0
  0
VERTEX
  5
218
330
20F
100
AcDbEntity
  8
Layer 1
100
AcDbVertex
100
AcDb2dVertex
 10
337.323453
 20
151.308694
 30
0.0
 70
0
  0
VERTEX
  5
219
330
20F
100
AcDbEntity
  8
Layer 1
100
AcDbVertex
100
AcDb2dVertex
 10
336.06011
 20
150.00842
 30
0.0
 70
0
  0
VERTEX
  5
21A
330
20F
100
AcDbEntity
  8
Layer 1
100
AcDbVertex
100
AcDb2dVertex
 10
334.403472
 20
147.864479
 30
0.0
 70
0
  0
VERTEX
  5
21B
330
20F
100
AcDbEntity
  8
Layer 1
100
AcDbVertex
100
AcDb2dVertex
 10
333.120944
 20
145.519093
 30
0.0
 70
0
  0
VERTEX
  5
21C
330
20F
100
AcDbEntity
  8
Layer 1
100
AcDbVertex
100
AcDb2dVertex
 10
332.218282
 20
143.024064
 30
0.0
 70
0
  0
VERTEX
  5
21D
330
20F
100
AcDbEntity
  8
Layer 1
100
AcDbVertex
100
AcDb2dVertex
 10
331.701243
 20
140.43119
 30
0.0
 70
0
  0
VERTEX
  5
21E
330
20F
100
AcDbEntity
  8
Layer 1
100
AcDbVertex
100
AcDb2dVertex
 10
331.57558
 20
137.792272
 30
0.0
 70
0
  0
VERTEX
  5
21F
330
20F
100
AcDbEntity
  8
Layer 1
100
AcDbVertex
100
AcDb2dVertex
 10
331.84705
 20
135.159109
 30
0.0
 70
0
  0
VERTEX
  5
220
330
20F
100
AcDbEntity
  8
Layer 1
100
AcDbVertex
100
AcDb2dVertex
 10
332.521408
 20
132.583502
 30
0.0
 70
0
  0
VERTEX
  5
221
330
20F
100
AcDbEntity
  8
Layer 1
100
AcDbVertex
100
AcDb2dVertex
 10
333.60441
 20
130.11725
 30
0.0
 70
0
  0
VERTEX
  5
222
330
20F
100
AcDbEntity
  8
Layer 1
100
AcDbVertex
100
AcDb2dVertex
 10
334.58669
 20
128.39826
 30
0.0
 70
0
  0
VERTEX
  5
223
330
20F
100
AcDbEntity
  8
Layer 1
100
AcDbVertex
100
AcDb2dVertex
 10
336.06011
 20
125.69699
 30
0.0
 70
0
  0
VERTEX
  5
224
330
20F
100
AcDbEntity
  8
Layer 1
100
AcDbVertex
100
AcDb2dVertex
 10
338.27024
 20
128.15269
 30
0.0
 70
0
  0
VERTEX
  5
225
330
20F
100
AcDbEntity
  8
Layer 1
100
AcDbVertex
100
AcDb2dVertex
 10
339.74366
 20
129.62611
 30
0.0
 70
0
  0
VERTEX
  5
226
330
20F
100
AcDbEntity
  8
Layer 1
100
AcDbVertex
100
AcDb2dVertex
 10
356.68799
 20
148.78057
 30
0.0
 70
0
  0
VERTEX
  5
227
330
20F
100
AcDbEntity
  8
Layer 1
100
AcDbVertex
100
AcDb2dVertex
 10
357.91584
 20
150.25399
 30
0.0
 70
0
  0
VERTEX
  5
228
330
20F
100
AcDbEntity
  8
Layer 1
100
AcDbVertex
100
AcDb2dVertex
 10
360.12597
 20
152.70969
 30
0.0
 70
0
  0
VERTEX
  5
229
330
20F
100
AcDbEntity
  8
Layer 1
100
AcDbVertex
100
AcDb2dVertex
 10
357.17913
 20
153.93754
 30
0.0
 70
0
  0
VERTEX
  5
22A
330
20F
100
AcDbEntity
  8
Layer 1
100
AcDbVertex
100
AcDb2dVertex
 10
355.21457
 20
154.67425
 30
0.0
 70
0
  0
VERTEX
  5
22B
330
20F
100
AcDbEntity
  8
Layer 1
100
AcDbVertex
100
AcDb2dVertex
 10
351.807286
 20
155.349567
 30
0.0
 70
0
  0
VERTEX
  5
22C
330
20F
100
AcDbEntity
  8
Layer 1
100
AcDbVertex
100
AcDb2dVertex
 10
350.207244
 20
155.572115
 30
0.0
 70
0
  0
VERTEX
  5
22D
330
20F
100
AcDbEntity
  8
Layer 1
100
AcDbVertex
100
AcDb2dVertex
 10
348.58418
 20
155.65653
 30
0.0
 70
0
  0
SEQEND
  5
22F
330
A3F
100
AcDbEntity
  8
Layer 1
  0
POLYLINE
  5
230
330
A3F
100
AcDbEntity
  8
Layer 1
 62
7
100
AcDb2dPolyline
 66
1
 10
0.0
 20
0.0
 30
0.0
 70
0
  0
VERTEX
  5
232
330
230
100
AcDbEntity
  8
Layer 1
100
AcDbVertex
100
AcDb2dVertex
 10
374.24868
 20
127.2051
 30
0.0
 70
0
  0
VERTEX
  5
233
330
230
100
AcDbEntity
  8
Layer 1
100
AcDbVertex
100
AcDb2dVertex
 10
373.75754
 20
126.71396
 30
0.0
 70
0
  0
VERTEX
  5
234
330
230
100
AcDbEntity
  8
Layer 1
100
AcDbVertex
100
AcDb2dVertex
 10
374.095199
 20
126.867441
 30
0.0
 70
0
  0
VERTEX
  5
235
330
230
100
AcDbEntity
  8
Layer 1
100
AcDbVertex
100
AcDb2dVertex
 10
374.24868
 20
127.2051
 30
0.0
 70
0
  0
SEQEND
  5
237
330
A3F
100
AcDbEntity
  8
Layer 1
  0
POLYLINE
  5
238
330
A3F
100
AcDbEntity
  8
Layer 1
 62
7
100
AcDb2dPolyline
 66
1
 10
0.0
 20
0.0
 30
0.0
 70
0
  0
VERTEX
  5
23A
330
238
100
AcDbEntity
  8
Layer 1
100
AcDbVertex
100
AcDb2dVertex
 10
388.98288
 20
140.46588
 30
0.0
 70
0
  0
VERTEX
  5
23B
330
238
100
AcDbEntity
  8
Layer 1
100
AcDbVertex
100
AcDb2dVertex
 10
397.33226
 20
149.55197
 30
0.0
 70
0
  0
VERTEX
  5
23C
330
238
100
AcDbEntity
  8
Layer 1
100
AcDbVertex
100
AcDb2dVertex
 10
394.38542
 20
146.60513
 30
0.0
 70
0
  0
VERTEX
  5
23D
330
238
100
AcDbEntity
  8
Layer 1
100
AcDbVertex
100
AcDb2dVertex
 10
394.38542
 20
146.8507
 30
0.0
 70
0
  0
VERTEX
  5
23E
330
238
100
AcDbEntity
  8
Layer 1
100
AcDbVertex
100
AcDb2dVertex
 10
391.92972
 20
144.14943
 30
0.0
 70
0
  0
VERTEX
  5
23F
330
238
100
AcDbEntity
  8
Layer 1
100
AcDbVertex
100
AcDb2dVertex
 10
383.58034
 20
135.30891
 30
0.0
 70
0
  0
VERTEX
  5
240
330
238
100
AcDbEntity
  8
Layer 1
100
AcDbVertex
100
AcDb2dVertex
 10
391.43858
 20
128.18738
 30
0.0
 70
0
  0
VERTEX
  5
241
330
238
100
AcDbEntity
  8
Layer 1
100
AcDbVertex
100
AcDb2dVertex
 10
392.912
 20
137.0279
 30
0.0
 70
0
  0
VERTEX
  5
242
330
238
100
AcDbEntity
  8
Layer 1
100
AcDbVertex
100
AcDb2dVertex
 10
396.84112
 20
133.58992
 30
0.0
 70
0
  0
VERTEX
  5
243
330
238
100
AcDbEntity
  8
Layer 1
100
AcDbVertex
100
AcDb2dVertex
 10
388.98288
 20
140.46588
 30
0.0
 70
0
  0
SEQEND
  5
244
330
A3F
100
AcDbEntity
  8
Layer 1
  0
POLYLINE
  5
245
330
A3F
100
AcDbEntity
  8
Layer 1
 62
7
100
AcDb2dPolyline
 66
1
 10
0.0
 20
0.0
 30
0.0
 70
0
  0
VERTEX
  5
247
330
245
100
AcDbEntity
  8
Layer 1
100
AcDbVertex
100
AcDb2dVertex
 10
388.98288
 20
140.46588
 30
0.0
 70
0
  0
VERTEX
  5
248
330
245
100
AcDbEntity
  8
Layer 1
100
AcDbVertex
100
AcDb2dVertex
 10
396.84112
 20
133.58992
 30
0.0
 70
0
  0
VERTEX
  5
249
330
245
100
AcDbEntity
  8
Layer 1
100
AcDbVertex
100
AcDb2dVertex
 10
399.78796
 20
152.25324
 30
0.0
 70
0
  0
VERTEX
  5
24A
330
245
100
AcDbEntity
  8
Layer 1
100
AcDbVertex
100
AcDb2dVertex
 10
397.33226
 20
149.55197
 30
0.0
 70
0
  0
VERTEX
  5
24B
330
245
100
AcDbEntity
  8
Layer 1
100
AcDbVertex
100
AcDb2dVertex
 10
388.98288
 20
140.46588
 30
0.0
 70
0
  0
SEQEND
  5
24C
330
A3F
100
AcDbEntity
  8
Layer 1
  0
POLYLINE
  5
24D
330
A3F
100
AcDbEntity
  8
Layer 1
 62
7
100
AcDb2dPolyline
 66
1
 10
0.0
 20
0.0
 30
0.0
 70
0
  0
VERTEX
  5
24F
330
24D
100
AcDbEntity
  8
Layer 1
100
AcDbVertex
100
AcDb2dVertex
 10
284.12449
 20
125.97725
 30
0.0
 70
0
  0
SEQEND
  5
251
330
A3F
100
AcDbEntity
  8
Layer 1
  0
POLYLINE
  5
252
330
A3F
100
AcDbEntity
  8
Layer 1
 62
7
100
AcDb2dPolyline
 66
1
 10
0.0
 20
0.0
 30
0.0
 70
0
  0
VERTEX
  5
254
330
252
100
AcDbEntity
  8
Layer 1
100
AcDbVertex
100
AcDb2dVertex
 10
330.78279
 20
118.11901
 30
0.0
 70
0
  0
VERTEX
  5
255
330
252
100
AcDbEntity
  8
Layer 1
100
AcDbVertex
100
AcDb2dVertex
 10
331.151145
 20
117.658566
 30
0.0
 70
0
  0
VERTEX
  5
256
330
252
100
AcDbEntity
  8
Layer 1
100
AcDbVertex
100
AcDb2dVertex
 10
331.5195
 20
117.3823
 30
0.0
 70
0
  0
VERTEX
  5
257
330
252
100
AcDbEntity
  8
Layer 1
100
AcDbVertex
100
AcDb2dVertex
 10
336.67647
 20
121.06585
 30
0.0
 70
0
  0
VERTEX
  5
258
330
252
100
AcDbEntity
  8
Layer 1
100
AcDbVertex
100
AcDb2dVertex
 10
334.46634
 20
122.78484
 30
0.0
 70
0
  0
VERTEX
  5
259
330
252
100
AcDbEntity
  8
Layer 1
100
AcDbVertex
100
AcDb2dVertex
 10
333.192745
 20
124.16821
 30
0.0
 70
0
  0
VERTEX
  5
25A
330
252
100
AcDbEntity
  8
Layer 1
100
AcDbVertex
100
AcDb2dVertex
 10
332.128149
 20
125.724965
 30
0.0
 70
0
  0
VERTEX
  5
25B
330
252
100
AcDbEntity
  8
Layer 1
100
AcDbVertex
100
AcDb2dVertex
 10
331.262839
 20
127.432804
 30
0.0
 70
0
  0
VERTEX
  5
25C
330
252
100
AcDbEntity
  8
Layer 1
100
AcDbVertex
100
AcDb2dVertex
 10
330.587101
 20
129.269423
 30
0.0
 70
0
  0
VERTEX
  5
25D
330
252
100
AcDbEntity
  8
Layer 1
100
AcDbVertex
100
AcDb2dVertex
 10
330.091225
 20
131.212519
 30
0.0
 70
0
  0
VERTEX
  5
25E
330
252
100
AcDbEntity
  8
Layer 1
100
AcDbVertex
100
AcDb2dVertex
 10
329.765497
 20
133.239791
 30
0.0
 70
0
  0
VERTEX
  5
25F
330
252
100
AcDbEntity
  8
Layer 1
100
AcDbVertex
100
AcDb2dVertex
 10
329.600205
 20
135.328935
 30
0.0
 70
0
  0
VERTEX
  5
260
330
252
100
AcDbEntity
  8
Layer 1
100
AcDbVertex
100
AcDb2dVertex
 10
329.585636
 20
137.457647
 30
0.0
 70
0
  0
VERTEX
  5
261
330
252
100
AcDbEntity
  8
Layer 1
100
AcDbVertex
100
AcDb2dVertex
 10
329.969819
 20
141.744571
 30
0.0
 70
0
  0
VERTEX
  5
262
330
252
100
AcDbEntity
  8
Layer 1
100
AcDbVertex
100
AcDb2dVertex
 10
330.840345
 20
145.922138
 30
0.0
 70
0
  0
VERTEX
  5
263
330
252
100
AcDbEntity
  8
Layer 1
100
AcDbVertex
100
AcDb2dVertex
 10
332.119516
 20
149.811929
 30
0.0
 70
0
  0
VERTEX
  5
264
330
252
100
AcDbEntity
  8
Layer 1
100
AcDbVertex
100
AcDb2dVertex
 10
333.72963
 20
153.23552
 30
0.0
 70
0
  0
VERTEX
  5
265
330
252
100
AcDbEntity
  8
Layer 1
100
AcDbVertex
100
AcDb2dVertex
 10
331.492341
 20
151.241283
 30
0.0
 70
0
  0
VERTEX
  5
266
330
252
100
AcDbEntity
  8
Layer 1
100
AcDbVertex
100
AcDb2dVertex
 10
329.564053
 20
149.13805
 30
0.0
 70
0
  0
VERTEX
  5
267
330
252
100
AcDbEntity
  8
Layer 1
100
AcDbVertex
100
AcDb2dVertex
 10
327.937212
 20
146.943448
 30
0.0
 70
0
  0
VERTEX
  5
268
330
252
100
AcDbEntity
  8
Layer 1
100
AcDbVertex
100
AcDb2dVertex
 10
326.604263
 20
144.675103
 30
0.0
 70
0
  0
VERTEX
  5
269
330
252
100
AcDbEntity
  8
Layer 1
100
AcDbVertex
100
AcDb2dVertex
 10
325.557653
 20
142.350642
 30
0.0
 70
0
  0
VERTEX
  5
26A
330
252
100
AcDbEntity
  8
Layer 1
100
AcDbVertex
100
AcDb2dVertex
 10
324.789827
 20
139.98769
 30
0.0
 70
0
  0
VERTEX
  5
26B
330
252
100
AcDbEntity
  8
Layer 1
100
AcDbVertex
100
AcDb2dVertex
 10
324.293231
 20
137.603874
 30
0.0
 70
0
  0
VERTEX
  5
26C
330
252
100
AcDbEntity
  8
Layer 1
100
AcDbVertex
100
AcDb2dVertex
 10
324.060311
 20
135.216821
 30
0.0
 70
0
  0
VERTEX
  5
26D
330
252
100
AcDbEntity
  8
Layer 1
100
AcDbVertex
100
AcDb2dVertex
 10
324.083513
 20
132.844157
 30
0.0
 70
0
  0
VERTEX
  5
26E
330
252
100
AcDbEntity
  8
Layer 1
100
AcDbVertex
100
AcDb2dVertex
 10
324.355283
 20
130.503508
 30
0.0
 70
0
  0
VERTEX
  5
26F
330
252
100
AcDbEntity
  8
Layer 1
100
AcDbVertex
100
AcDb2dVertex
 10
324.868066
 20
128.212501
 30
0.0
 70
0
  0
VERTEX
  5
270
330
252
100
AcDbEntity
  8
Layer 1
100
AcDbVertex
100
AcDb2dVertex
 10
325.614309
 20
125.988761
 30
0.0
 70
0
  0
VERTEX
  5
271
330
252
100
AcDbEntity
  8
Layer 1
100
AcDbVertex
100
AcDb2dVertex
 10
326.586457
 20
123.849916
 30
0.0
 70
0
  0
VERTEX
  5
272
330
252
100
AcDbEntity
  8
Layer 1
100
AcDbVertex
100
AcDb2dVertex
 10
327.776956
 20
121.813591
 30
0.0
 70
0
  0
VERTEX
  5
273
330
252
100
AcDbEntity
  8
Layer 1
100
AcDbVertex
100
AcDb2dVertex
 10
329.178251
 20
119.897414
 30
0.0
 70
0
  0
VERTEX
  5
274
330
252
100
AcDbEntity
  8
Layer 1
100
AcDbVertex
100
AcDb2dVertex
 10
330.78279
 20
118.11901
 30
0.0
 70
0
  0
SEQEND
  5
275
330
A3F
100
AcDbEntity
  8
Layer 1
  0
POLYLINE
  5
276
330
A3F
100
AcDbEntity
  8
Layer 1
 62
7
100
AcDb2dPolyline
 66
1
 10
0.0
 20
0.0
 30
0.0
 70
0
  0
VERTEX
  5
278
330
276
100
AcDbEntity
  8
Layer 1
100
AcDbVertex
100
AcDb2dVertex
 10
392.912
 20
109.52406
 30
0.0
 70
0
  0
VERTEX
  5
279
330
276
100
AcDbEntity
  8
Layer 1
100
AcDbVertex
100
AcDb2dVertex
 10
389.638533
 20
106.977231
 30
0.0
 70
0
  0
VERTEX
  5
27A
330
276
100
AcDbEntity
  8
Layer 1
100
AcDbVertex
100
AcDb2dVertex
 10
386.247077
 20
104.666378
 30
0.0
 70
0
  0
VERTEX
  5
27B
330
276
100
AcDbEntity
  8
Layer 1
100
AcDbVertex
100
AcDb2dVertex
 10
382.711732
 20
102.574237
 30
0.0
 70
0
  0
VERTEX
  5
27C
330
276
100
AcDbEntity
  8
Layer 1
100
AcDbVertex
100
AcDb2dVertex
 10
379.006599
 20
100.68354
 30
0.0
 70
0
  0
VERTEX
  5
27D
330
276
100
AcDbEntity
  8
Layer 1
100
AcDbVertex
100
AcDb2dVertex
 10
375.105777
 20
98.97702
 30
0.0
 70
0
  0
VERTEX
  5
27E
330
276
100
AcDbEntity
  8
Layer 1
100
AcDbVertex
100
AcDb2dVertex
 10
370.983366
 20
97.437412
 30
0.0
 70
0
  0
VERTEX
  5
27F
330
276
100
AcDbEntity
  8
Layer 1
100
AcDbVertex
100
AcDb2dVertex
 10
366.613467
 20
96.047447
 30
0.0
 70
0
  0
VERTEX
  5
280
330
276
100
AcDbEntity
  8
Layer 1
100
AcDbVertex
100
AcDb2dVertex
 10
361.97018
 20
94.78986
 30
0.0
 70
0
  0
VERTEX
  5
281
330
276
100
AcDbEntity
  8
Layer 1
100
AcDbVertex
100
AcDb2dVertex
 10
357.826186
 20
93.899669
 30
0.0
 70
0
  0
VERTEX
  5
282
330
276
100
AcDbEntity
  8
Layer 1
100
AcDbVertex
100
AcDb2dVertex
 10
355.788723
 20
93.650262
 30
0.0
 70
0
  0
VERTEX
  5
283
330
276
100
AcDbEntity
  8
Layer 1
100
AcDbVertex
100
AcDb2dVertex
 10
353.86637
 20
93.56201
 30
0.0
 70
0
  0
VERTEX
  5
284
330
276
100
AcDbEntity
  8
Layer 1
100
AcDbVertex
100
AcDb2dVertex
 10
350.086714
 20
93.324654
 30
0.0
 70
0
  0
VERTEX
  5
285
330
276
100
AcDbEntity
  8
Layer 1
100
AcDbVertex
100
AcDb2dVertex
 10
346.398068
 20
93.343779
 30
0.0
 70
0
  0
VERTEX
  5
286
330
276
100
AcDbEntity
  8
Layer 1
100
AcDbVertex
100
AcDb2dVertex
 10
342.810864
 20
93.611112
 30
0.0
 70
0
  0
VERTEX
  5
287
330
276
100
AcDbEntity
  8
Layer 1
100
AcDbVertex
100
AcDb2dVertex
 10
339.335533
 20
94.11838
 30
0.0
 70
0
  0
VERTEX
  5
288
330
276
100
AcDbEntity
  8
Layer 1
100
AcDbVertex
100
AcDb2dVertex
 10
335.982507
 20
94.857308
 30
0.0
 70
0
  0
VERTEX
  5
289
330
276
100
AcDbEntity
  8
Layer 1
100
AcDbVertex
100
AcDb2dVertex
 10
332.762218
 20
95.819623
 30
0.0
 70
0
  0
VERTEX
  5
28A
330
276
100
AcDbEntity
  8
Layer 1
100
AcDbVertex
100
AcDb2dVertex
 10
329.685099
 20
96.997052
 30
0.0
 70
0
  0
VERTEX
  5
28B
330
276
100
AcDbEntity
  8
Layer 1
100
AcDbVertex
100
AcDb2dVertex
 10
326.761581
 20
98.381321
 30
0.0
 70
0
  0
VERTEX
  5
28C
330
276
100
AcDbEntity
  8
Layer 1
100
AcDbVertex
100
AcDb2dVertex
 10
324.002096
 20
99.964157
 30
0.0
 70
0
  0
VERTEX
  5
28D
330
276
100
AcDbEntity
  8
Layer 1
100
AcDbVertex
100
AcDb2dVertex
 10
321.417076
 20
101.737285
 30
0.0
 70
0
  0
VERTEX
  5
28E
330
276
100
AcDbEntity
  8
Layer 1
100
AcDbVertex
100
AcDb2dVertex
 10
319.016953
 20
103.692432
 30
0.0
 70
0
  0
VERTEX
  5
28F
330
276
100
AcDbEntity
  8
Layer 1
100
AcDbVertex
100
AcDb2dVertex
 10
316.812159
 20
105.821325
 30
0.0
 70
0
  0
VERTEX
  5
290
330
276
100
AcDbEntity
  8
Layer 1
100
AcDbVertex
100
AcDb2dVertex
 10
314.813126
 20
108.11569
 30
0.0
 70
0
  0
VERTEX
  5
291
330
276
100
AcDbEntity
  8
Layer 1
100
AcDbVertex
100
AcDb2dVertex
 10
313.030285
 20
110.567253
 30
0.0
 70
0
  0
VERTEX
  5
292
330
276
100
AcDbEntity
  8
Layer 1
100
AcDbVertex
100
AcDb2dVertex
 10
311.474069
 20
113.167741
 30
0.0
 70
0
  0
VERTEX
  5
293
330
276
100
AcDbEntity
  8
Layer 1
100
AcDbVertex
100
AcDb2dVertex
 10
310.15491
 20
115.90888
 30
0.0
 70
0
  0
VERTEX
  5
294
330
276
100
AcDbEntity
  8
Layer 1
100
AcDbVertex
100
AcDb2dVertex
 10
309.080541
 20
118.640846
 30
0.0
 70
0
  0
VERTEX
  5
295
330
276
100
AcDbEntity
  8
Layer 1
100
AcDbVertex
100
AcDb2dVertex
 10
308.19035
 20
121.55699
 30
0.0
 70
0
  0
VERTEX
  5
296
330
276
100
AcDbEntity
  8
Layer 1
100
AcDbVertex
100
AcDb2dVertex
 10
307.335651
 20
126.2751
 30
0.0
 70
0
  0
VERTEX
  5
297
330
276
100
AcDbEntity
  8
Layer 1
100
AcDbVertex
100
AcDb2dVertex
 10
306.970174
 20
130.846443
 30
0.0
 70
0
  0
VERTEX
  5
298
330
276
100
AcDbEntity
  8
Layer 1
100
AcDbVertex
100
AcDb2dVertex
 10
307.076652
 20
135.262386
 30
0.0
 70
0
  0
VERTEX
  5
299
330
276
100
AcDbEntity
  8
Layer 1
100
AcDbVertex
100
AcDb2dVertex
 10
307.637817
 20
139.514296
 30
0.0
 70
0
  0
VERTEX
  5
29A
330
276
100
AcDbEntity
  8
Layer 1
100
AcDbVertex
100
AcDb2dVertex
 10
308.636405
 20
143.59354
 30
0.0
 70
0
  0
VERTEX
  5
29B
330
276
100
AcDbEntity
  8
Layer 1
100
AcDbVertex
100
AcDb2dVertex
 10
310.055147
 20
147.491484
 30
0.0
 70
0
  0
VERTEX
  5
29C
330
276
100
AcDbEntity
  8
Layer 1
100
AcDbVertex
100
AcDb2dVertex
 10
311.876778
 20
151.199495
 30
0.0
 70
0
  0
VERTEX
  5
29D
330
276
100
AcDbEntity
  8
Layer 1
100
AcDbVertex
100
AcDb2dVertex
 10
314.08403
 20
154.70894
 30
0.0
 70
0
  0
VERTEX
  5
29E
330
276
100
AcDbEntity
  8
Layer 1
100
AcDbVertex
100
AcDb2dVertex
 10
315.06631
 20
156.028879
 30
0.0
 70
0
  0
VERTEX
  5
29F
330
276
100
AcDbEntity
  8
Layer 1
100
AcDbVertex
100
AcDb2dVertex
 10
316.04859
 20
157.16464
 30
0.0
 70
0
  0
VERTEX
  5
2A0
330
276
100
AcDbEntity
  8
Layer 1
100
AcDbVertex
100
AcDb2dVertex
 10
315.06631
 20
156.42793
 30
0.0
 70
0
  0
VERTEX
  5
2A1
330
276
100
AcDbEntity
  8
Layer 1
100
AcDbVertex
100
AcDb2dVertex
 10
311.597634
 20
153.051342
 30
0.0
 70
0
  0
VERTEX
  5
2A2
330
276
100
AcDbEntity
  8
Layer 1
100
AcDbVertex
100
AcDb2dVertex
 10
310.058984
 20
151.247938
 30
0.0
 70
0
  0
VERTEX
  5
2A3
330
276
100
AcDbEntity
  8
Layer 1
100
AcDbVertex
100
AcDb2dVertex
 10
308.68149
 20
149.3064
 30
0.0
 70
0
  0
VERTEX
  5
2A4
330
276
100
AcDbEntity
  8
Layer 1
100
AcDbVertex
100
AcDb2dVertex
 10
306.474238
 20
145.867461
 30
0.0
 70
0
  0
VERTEX
  5
2A5
330
276
100
AcDbEntity
  8
Layer 1
100
AcDbVertex
100
AcDb2dVertex
 10
304.652607
 20
142.192544
 30
0.0
 70
0
  0
VERTEX
  5
2A6
330
276
100
AcDbEntity
  8
Layer 1
100
AcDbVertex
100
AcDb2dVertex
 10
303.233865
 20
138.298917
 30
0.0
 70
0
  0
VERTEX
  5
2A7
330
276
100
AcDbEntity
  8
Layer 1
100
AcDbVertex
100
AcDb2dVertex
 10
302.235278
 20
134.203845
 30
0.0
 70
0
  0
VERTEX
  5
2A8
330
276
100
AcDbEntity
  8
Layer 1
100
AcDbVertex
100
AcDb2dVertex
 10
301.674112
 20
129.924596
 30
0.0
 70
0
  0
VERTEX
  5
2A9
330
276
100
AcDbEntity
  8
Layer 1
100
AcDbVertex
100
AcDb2dVertex
 10
301.567634
 20
125.478436
 30
0.0
 70
0
  0
VERTEX
  5
2AA
330
276
100
AcDbEntity
  8
Layer 1
100
AcDbVertex
100
AcDb2dVertex
 10
301.933111
 20
120.882632
 30
0.0
 70
0
  0
VERTEX
  5
2AB
330
276
100
AcDbEntity
  8
Layer 1
100
AcDbVertex
100
AcDb2dVertex
 10
302.78781
 20
116.15445
 30
0.0
 70
0
  0
VERTEX
  5
2AC
330
276
100
AcDbEntity
  8
Layer 1
100
AcDbVertex
100
AcDb2dVertex
 10
303.585913
 20
113.238306
 30
0.0
 70
0
  0
VERTEX
  5
2AD
330
276
100
AcDbEntity
  8
Layer 1
100
AcDbVertex
100
AcDb2dVertex
 10
304.100075
 20
111.83779
 30
0.0
 70
0
  0
VERTEX
  5
2AE
330
276
100
AcDbEntity
  8
Layer 1
100
AcDbVertex
100
AcDb2dVertex
 10
304.75237
 20
110.50634
 30
0.0
 70
0
  0
VERTEX
  5
2AF
330
276
100
AcDbEntity
  8
Layer 1
100
AcDbVertex
100
AcDb2dVertex
 10
306.074227
 20
107.721974
 30
0.0
 70
0
  0
VERTEX
  5
2B0
330
276
100
AcDbEntity
  8
Layer 1
100
AcDbVertex
100
AcDb2dVertex
 10
307.637818
 20
105.083656
 30
0.0
 70
0
  0
VERTEX
  5
2B1
330
276
100
AcDbEntity
  8
Layer 1
100
AcDbVertex
100
AcDb2dVertex
 10
309.43163
 20
102.599298
 30
0.0
 70
0
  0
VERTEX
  5
2B2
330
276
100
AcDbEntity
  8
Layer 1
100
AcDbVertex
100
AcDb2dVertex
 10
311.444153
 20
100.276815
 30
0.0
 70
0
  0
VERTEX
  5
2B3
330
276
100
AcDbEntity
  8
Layer 1
100
AcDbVertex
100
AcDb2dVertex
 10
313.663875
 20
98.12412
 30
0.0
 70
0
  0
VERTEX
  5
2B4
330
276
100
AcDbEntity
  8
Layer 1
100
AcDbVertex
100
AcDb2dVertex
 10
316.079286
 20
96.149128
 30
0.0
 70
0
  0
VERTEX
  5
2B5
330
276
100
AcDbEntity
  8
Layer 1
100
AcDbVertex
100
AcDb2dVertex
 10
318.678875
 20
94.359753
 30
0.0
 70
0
  0
VERTEX
  5
2B6
330
276
100
AcDbEntity
  8
Layer 1
100
AcDbVertex
100
AcDb2dVertex
 10
321.45113
 20
92.763907
 30
0.0
 70
0
  0
VERTEX
  5
2B7
330
276
100
AcDbEntity
  8
Layer 1
100
AcDbVertex
100
AcDb2dVertex
 10
324.38454
 20
91.369506
 30
0.0
 70
0
  0
VERTEX
  5
2B8
330
276
100
AcDbEntity
  8
Layer 1
100
AcDbVertex
100
AcDb2dVertex
 10
327.467595
 20
90.184463
 30
0.0
 70
0
  0
VERTEX
  5
2B9
330
276
100
AcDbEntity
  8
Layer 1
100
AcDbVertex
100
AcDb2dVertex
 10
330.688783
 20
89.216692
 30
0.0
 70
0
  0
VERTEX
  5
2BA
330
276
100
AcDbEntity
  8
Layer 1
100
AcDbVertex
100
AcDb2dVertex
 10
334.036593
 20
88.474107
 30
0.0
 70
0
  0
VERTEX
  5
2BB
330
276
100
AcDbEntity
  8
Layer 1
100
AcDbVertex
100
AcDb2dVertex
 10
337.499513
 20
87.964621
 30
0.0
 70
0
  0
VERTEX
  5
2BC
330
276
100
AcDbEntity
  8
Layer 1
100
AcDbVertex
100
AcDb2dVertex
 10
341.066034
 20
87.696148
 30
0.0
 70
0
  0
VERTEX
  5
2BD
330
276
100
AcDbEntity
  8
Layer 1
100
AcDbVertex
100
AcDb2dVertex
 10
344.724643
 20
87.676604
 30
0.0
 70
0
  0
VERTEX
  5
2BE
330
276
100
AcDbEntity
  8
Layer 1
100
AcDbVertex
100
AcDb2dVertex
 10
348.46383
 20
87.9139
 30
0.0
 70
0
  0
VERTEX
  5
2BF
330
276
100
AcDbEntity
  8
Layer 1
100
AcDbVertex
100
AcDb2dVertex
 10
352.546431
 20
88.466432
 30
0.0
 70
0
  0
VERTEX
  5
2C0
330
276
100
AcDbEntity
  8
Layer 1
100
AcDbVertex
100
AcDb2dVertex
 10
356.81321
 20
89.38732
 30
0.0
 70
0
  0
VERTEX
  5
2C1
330
276
100
AcDbEntity
  8
Layer 1
100
AcDbVertex
100
AcDb2dVertex
 10
361.46657
 20
90.644907
 30
0.0
 70
0
  0
VERTEX
  5
2C2
330
276
100
AcDbEntity
  8
Layer 1
100
AcDbVertex
100
AcDb2dVertex
 10
365.86093
 20
92.034872
 30
0.0
 70
0
  0
VERTEX
  5
2C3
330
276
100
AcDbEntity
  8
Layer 1
100
AcDbVertex
100
AcDb2dVertex
 10
370.013557
 20
93.57448
 30
0.0
 70
0
  0
VERTEX
  5
2C4
330
276
100
AcDbEntity
  8
Layer 1
100
AcDbVertex
100
AcDb2dVertex
 10
373.941717
 20
95.281
 30
0.0
 70
0
  0
VERTEX
  5
2C5
330
276
100
AcDbEntity
  8
Layer 1
100
AcDbVertex
100
AcDb2dVertex
 10
377.662679
 20
97.171697
 30
0.0
 70
0
  0
VERTEX
  5
2C6
330
276
100
AcDbEntity
  8
Layer 1
100
AcDbVertex
100
AcDb2dVertex
 10
381.193707
 20
99.263838
 30
0.0
 70
0
  0
VERTEX
  5
2C7
330
276
100
AcDbEntity
  8
Layer 1
100
AcDbVertex
100
AcDb2dVertex
 10
384.552068
 20
101.574691
 30
0.0
 70
0
  0
VERTEX
  5
2C8
330
276
100
AcDbEntity
  8
Layer 1
100
AcDbVertex
100
AcDb2dVertex
 10
387.75503
 20
104.12152
 30
0.0
 70
0
  0
VERTEX
  5
2C9
330
276
100
AcDbEntity
  8
Layer 1
100
AcDbVertex
100
AcDb2dVertex
 10
390.824655
 20
106.853486
 30
0.0
 70
0
  0
VERTEX
  5
2CA
330
276
100
AcDbEntity
  8
Layer 1
100
AcDbVertex
100
AcDb2dVertex
 10
393.89428
 20
109.76963
 30
0.0
 70
0
  0
VERTEX
  5
2CB
330
276
100
AcDbEntity
  8
Layer 1
100
AcDbVertex
100
AcDb2dVertex
 10
393.64871
 20
110.0152
 30
0.0
 70
0
  0
VERTEX
  5
2CC
330
276
100
AcDbEntity
  8
Layer 1
100
AcDbVertex
100
AcDb2dVertex
 10
393.096178
 20
109.76963
 30
0.0
 70
0
  0
VERTEX
  5
2CD
330
276
100
AcDbEntity
  8
Layer 1
100
AcDbVertex
100
AcDb2dVertex
 10
392.912
 20
109.52406
 30
0.0
 70
0
  0
SEQEND
  5
2CE
330
A3F
100
AcDbEntity
  8
Layer 1
  0
POLYLINE
  5
2CF
330
A3F
100
AcDbEntity
  8
Layer 1
 62
7
100
AcDb2dPolyline
 66
1
 10
0.0
 20
0.0
 30
0.0
 70
0
  0
VERTEX
  5
2D1
330
2CF
100
AcDbEntity
  8
Layer 1
100
AcDbVertex
100
AcDb2dVertex
 10
249.74469
 20
148.07855
 30
0.0
 70
0
  0
VERTEX
  5
2D2
330
2CF
100
AcDbEntity
  8
Layer 1
100
AcDbVertex
100
AcDb2dVertex
 10
272.33713
 20
180.00265
 30
0.0
 70
0
  0
VERTEX
  5
2D3
330
2CF
100
AcDbEntity
  8
Layer 1
100
AcDbVertex
100
AcDb2dVertex
 10
271.35485
 20
180.73936
 30
0.0
 70
0
  0
VERTEX
  5
2D4
330
2CF
100
AcDbEntity
  8
Layer 1
100
AcDbVertex
100
AcDb2dVertex
 10
249.49912
 20
150.04311
 30
0.0
 70
0
  0
VERTEX
  5
2D5
330
2CF
100
AcDbEntity
  8
Layer 1
100
AcDbVertex
100
AcDb2dVertex
 10
249.74469
 20
148.07855
 30
0.0
 70
0
  0
SEQEND
  5
2D6
330
A3F
100
AcDbEntity
  8
Layer 1
  0
POLYLINE
  5
2D7
330
A3F
100
AcDbEntity
  8
Layer 1
 62
7
100
AcDb2dPolyline
 66
1
 10
0.0
 20
0.0
 30
0.0
 70
0
  0
VERTEX
  5
2D9
330
2D7
100
AcDbEntity
  8
Layer 1
100
AcDbVertex
100
AcDb2dVertex
 10
399.78796
 20
152.25324
 30
0.0
 70
0
  0
VERTEX
  5
2DA
330
2D7
100
AcDbEntity
  8
Layer 1
100
AcDbVertex
100
AcDb2dVertex
 10
396.84112
 20
133.58992
 30
0.0
 70
0
  0
VERTEX
  5
2DB
330
2D7
100
AcDbEntity
  8
Layer 1
100
AcDbVertex
100
AcDb2dVertex
 10
392.912
 20
137.0279
 30
0.0
 70
0
  0
VERTEX
  5
2DC
330
2D7
100
AcDbEntity
  8
Layer 1
100
AcDbVertex
100
AcDb2dVertex
 10
391.43858
 20
128.18738
 30
0.0
 70
0
  0
VERTEX
  5
2DD
330
2D7
100
AcDbEntity
  8
Layer 1
100
AcDbVertex
100
AcDb2dVertex
 10
383.58034
 20
135.30891
 30
0.0
 70
0
  0
VERTEX
  5
2DE
330
2D7
100
AcDbEntity
  8
Layer 1
100
AcDbVertex
100
AcDb2dVertex
 10
391.92972
 20
144.14943
 30
0.0
 70
0
  0
VERTEX
  5
2DF
330
2D7
100
AcDbEntity
  8
Layer 1
100
AcDbVertex
100
AcDb2dVertex
 10
394.38542
 20
146.8507
 30
0.0
 70
0
  0
VERTEX
  5
2E0
330
2D7
100
AcDbEntity
  8
Layer 1
100
AcDbVertex
100
AcDb2dVertex
 10
394.38542
 20
146.60513
 30
0.0
 70
0
  0
VERTEX
  5
2E1
330
2D7
100
AcDbEntity
  8
Layer 1
100
AcDbVertex
100
AcDb2dVertex
 10
397.33226
 20
149.55197
 30
0.0
 70
0
  0
VERTEX
  5
2E2
330
2D7
100
AcDbEntity
  8
Layer 1
100
AcDbVertex
100
AcDb2dVertex
 10
399.78796
 20
152.25324
 30
0.0
 70
0
  0
SEQEND
  5
2E3
330
A3F
100
AcDbEntity
  8
Layer 1
  0
POLYLINE
  5
2E4
330
A3F
100
AcDbEntity
  8
Layer 1
 62
7
100
AcDb2dPolyline
 66
1
 10
0.0
 20
0.0
 30
0.0
 70
0
  0
VERTEX
  5
2E6
330
2E4
100
AcDbEntity
  8
Layer 1
100
AcDbVertex
100
AcDb2dVertex
 10
371.79298
 20
204.80522
 30
0.0
 70
0
  0
VERTEX
  5
2E7
330
2E4
100
AcDbEntity
  8
Layer 1
100
AcDbVertex
100
AcDb2dVertex
 10
379.65122
 20
208.2432
 30
0.0
 70
0
  0
VERTEX
  5
2E8
330
2E4
100
AcDbEntity
  8
Layer 1
100
AcDbVertex
100
AcDb2dVertex
 10
365.16259
 20
226.90652
 30
0.0
 70
0
  0
VERTEX
  5
2E9
330
2E4
100
AcDbEntity
  8
Layer 1
100
AcDbVertex
100
AcDb2dVertex
 10
360.49676
 20
220.03056
 30
0.0
 70
0
  0
VERTEX
  5
2EA
330
2E4
100
AcDbEntity
  8
Layer 1
100
AcDbVertex
100
AcDb2dVertex
 10
371.79298
 20
204.80522
 30
0.0
 70
0
  0
SEQEND
  5
2EB
330
A3F
100
AcDbEntity
  8
Layer 1
  0
POLYLINE
  5
2EC
330
A3F
100
AcDbEntity
  8
Layer 1
 62
7
100
AcDb2dPolyline
 66
1
 10
0.0
 20
0.0
 30
0.0
 70
0
  0
VERTEX
  5
2EE
330
2EC
100
AcDbEntity
  8
Layer 1
100
AcDbVertex
100
AcDb2dVertex
 10
151.76226
 20
158.63806
 30
0.0
 70
0
  0
VERTEX
  5
2EF
330
2EC
100
AcDbEntity
  8
Layer 1
100
AcDbVertex
100
AcDb2dVertex
 10
148.225506
 20
162.62885
 30
0.0
 70
0
  0
VERTEX
  5
2F0
330
2EC
100
AcDbEntity
  8
Layer 1
100
AcDbVertex
100
AcDb2dVertex
 10
144.530655
 20
166.229926
 30
0.0
 70
0
  0
VERTEX
  5
2F1
330
2EC
100
AcDbEntity
  8
Layer 1
100
AcDbVertex
100
AcDb2dVertex
 10
140.690836
 20
169.454464
 30
0.0
 70
0
  0
VERTEX
  5
2F2
330
2EC
100
AcDbEntity
  8
Layer 1
100
AcDbVertex
100
AcDb2dVertex
 10
136.719179
 20
172.315638
 30
0.0
 70
0
  0
VERTEX
  5
2F3
330
2EC
100
AcDbEntity
  8
Layer 1
100
AcDbVertex
100
AcDb2dVertex
 10
132.628814
 20
174.826622
 30
0.0
 70
0
  0
VERTEX
  5
2F4
330
2EC
100
AcDbEntity
  8
Layer 1
100
AcDbVertex
100
AcDb2dVertex
 10
128.43287
 20
177.000593
 30
0.0
 70
0
  0
VERTEX
  5
2F5
330
2EC
100
AcDbEntity
  8
Layer 1
100
AcDbVertex
100
AcDb2dVertex
 10
124.144478
 20
178.850724
 30
0.0
 70
0
  0
VERTEX
  5
2F6
330
2EC
100
AcDbEntity
  8
Layer 1
100
AcDbVertex
100
AcDb2dVertex
 10
119.776768
 20
180.39019
 30
0.0
 70
0
  0
VERTEX
  5
2F7
330
2EC
100
AcDbEntity
  8
Layer 1
100
AcDbVertex
100
AcDb2dVertex
 10
115.342868
 20
181.632167
 30
0.0
 70
0
  0
VERTEX
  5
2F8
330
2EC
100
AcDbEntity
  8
Layer 1
100
AcDbVertex
100
AcDb2dVertex
 10
110.85591
 20
182.589828
 30
0.0
 70
0
  0
VERTEX
  5
2F9
330
2EC
100
AcDbEntity
  8
Layer 1
100
AcDbVertex
100
AcDb2dVertex
 10
106.329022
 20
183.27635
 30
0.0
 70
0
  0
VERTEX
  5
2FA
330
2EC
100
AcDbEntity
  8
Layer 1
100
AcDbVertex
100
AcDb2dVertex
 10
101.775335
 20
183.704906
 30
0.0
 70
0
  0
VERTEX
  5
2FB
330
2EC
100
AcDbEntity
  8
Layer 1
100
AcDbVertex
100
AcDb2dVertex
 10
97.207979
 20
183.888671
 30
0.0
 70
0
  0
VERTEX
  5
2FC
330
2EC
100
AcDbEntity
  8
Layer 1
100
AcDbVertex
100
AcDb2dVertex
 10
92.640083
 20
183.84082
 30
0.0
 70
0
  0
VERTEX
  5
2FD
330
2EC
100
AcDbEntity
  8
Layer 1
100
AcDbVertex
100
AcDb2dVertex
 10
88.084778
 20
183.574529
 30
0.0
 70
0
  0
VERTEX
  5
2FE
330
2EC
100
AcDbEntity
  8
Layer 1
100
AcDbVertex
100
AcDb2dVertex
 10
83.555193
 20
183.102971
 30
0.0
 70
0
  0
VERTEX
  5
2FF
330
2EC
100
AcDbEntity
  8
Layer 1
100
AcDbVertex
100
AcDb2dVertex
 10
79.064457
 20
182.439322
 30
0.0
 70
0
  0
VERTEX
  5
300
330
2EC
100
AcDbEntity
  8
Layer 1
100
AcDbVertex
100
AcDb2dVertex
 10
74.625701
 20
181.596757
 30
0.0
 70
0
  0
VERTEX
  5
301
330
2EC
100
AcDbEntity
  8
Layer 1
100
AcDbVertex
100
AcDb2dVertex
 10
70.252055
 20
180.588449
 30
0.0
 70
0
  0
VERTEX
  5
302
330
2EC
100
AcDbEntity
  8
Layer 1
100
AcDbVertex
100
AcDb2dVertex
 10
65.956649
 20
179.427575
 30
0.0
 70
0
  0
VERTEX
  5
303
330
2EC
100
AcDbEntity
  8
Layer 1
100
AcDbVertex
100
AcDb2dVertex
 10
61.752611
 20
178.127308
 30
0.0
 70
0
  0
VERTEX
  5
304
330
2EC
100
AcDbEntity
  8
Layer 1
100
AcDbVertex
100
AcDb2dVertex
 10
57.653073
 20
176.700825
 30
0.0
 70
0
  0
VERTEX
  5
305
330
2EC
100
AcDbEntity
  8
Layer 1
100
AcDbVertex
100
AcDb2dVertex
 10
49.820014
 20
173.521904
 30
0.0
 70
0
  0
VERTEX
  5
306
330
2EC
100
AcDbEntity
  8
Layer 1
100
AcDbVertex
100
AcDb2dVertex
 10
42.562509
 20
169.996212
 30
0.0
 70
0
  0
VERTEX
  5
307
330
2EC
100
AcDbEntity
  8
Layer 1
100
AcDbVertex
100
AcDb2dVertex
 10
35.985598
 20
166.229147
 30
0.0
 70
0
  0
VERTEX
  5
308
330
2EC
100
AcDbEntity
  8
Layer 1
100
AcDbVertex
100
AcDb2dVertex
 10
30.194318
 20
162.326107
 30
0.0
 70
0
  0
VERTEX
  5
309
330
2EC
100
AcDbEntity
  8
Layer 1
100
AcDbVertex
100
AcDb2dVertex
 10
25.29371
 20
158.39249
 30
0.0
 70
0
  0
VERTEX
  5
30A
330
2EC
100
AcDbEntity
  8
Layer 1
100
AcDbVertex
100
AcDb2dVertex
 10
26.27599
 20
156.6735
 30
0.0
 70
0
  0
VERTEX
  5
30B
330
2EC
100
AcDbEntity
  8
Layer 1
100
AcDbVertex
100
AcDb2dVertex
 10
30.41231
 20
158.983393
 30
0.0
 70
0
  0
VERTEX
  5
30C
330
2EC
100
AcDbEntity
  8
Layer 1
100
AcDbVertex
100
AcDb2dVertex
 10
34.686763
 20
161.155152
 30
0.0
 70
0
  0
VERTEX
  5
30D
330
2EC
100
AcDbEntity
  8
Layer 1
100
AcDbVertex
100
AcDb2dVertex
 10
43.46589
 20
165.26845
 30
0.0
 70
0
  0
VERTEX
  5
30E
330
2EC
100
AcDbEntity
  8
Layer 1
100
AcDbVertex
100
AcDb2dVertex
 10
52.253171
 20
168.712186
 30
0.0
 70
0
  0
VERTEX
  5
30F
330
2EC
100
AcDbEntity
  8
Layer 1
100
AcDbVertex
100
AcDb2dVertex
 10
60.905197
 20
171.499789
 30
0.0
 70
0
  0
VERTEX
  5
310
330
2EC
100
AcDbEntity
  8
Layer 1
100
AcDbVertex
100
AcDb2dVertex
 10
69.378801
 20
173.642771
 30
0.0
 70
0
  0
VERTEX
  5
311
330
2EC
100
AcDbEntity
  8
Layer 1
100
AcDbVertex
100
AcDb2dVertex
 10
77.630816
 20
175.152642
 30
0.0
 70
0
  0
VERTEX
  5
312
330
2EC
100
AcDbEntity
  8
Layer 1
100
AcDbVertex
100
AcDb2dVertex
 10
85.618076
 20
176.040915
 30
0.0
 70
0
  0
VERTEX
  5
313
330
2EC
100
AcDbEntity
  8
Layer 1
100
AcDbVertex
100
AcDb2dVertex
 10
93.297415
 20
176.3191
 30
0.0
 70
0
  0
VERTEX
  5
314
330
2EC
100
AcDbEntity
  8
Layer 1
100
AcDbVertex
100
AcDb2dVertex
 10
97.008124
 20
176.233007
 30
0.0
 70
0
  0
VERTEX
  5
315
330
2EC
100
AcDbEntity
  8
Layer 1
100
AcDbVertex
100
AcDb2dVertex
 10
100.625665
 20
175.998708
 30
0.0
 70
0
  0
VERTEX
  5
316
330
2EC
100
AcDbEntity
  8
Layer 1
100
AcDbVertex
100
AcDb2dVertex
 10
104.144642
 20
175.617643
 30
0.0
 70
0
  0
VERTEX
  5
317
330
2EC
100
AcDbEntity
  8
Layer 1
100
AcDbVertex
100
AcDb2dVertex
 10
107.55966
 20
175.09125
 30
0.0
 70
0
  0
VERTEX
  5
318
330
2EC
100
AcDbEntity
  8
Layer 1
100
AcDbVertex
100
AcDb2dVertex
 10
112.378971
 20
174.296985
 30
0.0
 70
0
  0
VERTEX
  5
319
330
2EC
100
AcDbEntity
  8
Layer 1
100
AcDbVertex
100
AcDb2dVertex
 10
117.198283
 20
172.973209
 30
0.0
 70
0
  0
VERTEX
  5
31A
330
2EC
100
AcDbEntity
  8
Layer 1
100
AcDbVertex
100
AcDb2dVertex
 10
119.57916
 20
172.091171
 30
0.0
 70
0
  0
VERTEX
  5
31B
330
2EC
100
AcDbEntity
  8
Layer 1
100
AcDbVertex
100
AcDb2dVertex
 10
121.925505
 20
171.050856
 30
0.0
 70
0
  0
VERTEX
  5
31C
330
2EC
100
AcDbEntity
  8
Layer 1
100
AcDbVertex
100
AcDb2dVertex
 10
124.225805
 20
169.84363
 30
0.0
 70
0
  0
VERTEX
  5
31D
330
2EC
100
AcDbEntity
  8
Layer 1
100
AcDbVertex
100
AcDb2dVertex
 10
126.46855
 20
168.46086
 30
0.0
 70
0
  0
VERTEX
  5
31E
330
2EC
100
AcDbEntity
  8
Layer 1
100
AcDbVertex
100
AcDb2dVertex
 10
129.414431
 20
166.630116
 30
0.0
 70
0
  0
VERTEX
  5
31F
330
2EC
100
AcDbEntity
  8
Layer 1
100
AcDbVertex
100
AcDb2dVertex
 10
132.170378
 20
164.63534
 30
0.0
 70
0
  0
VERTEX
  5
320
330
2EC
100
AcDbEntity
  8
Layer 1
100
AcDbVertex
100
AcDb2dVertex
 10
134.730638
 20
162.473652
 30
0.0
 70
0
  0
VERTEX
  5
321
330
2EC
100
AcDbEntity
  8
Layer 1
100
AcDbVertex
100
AcDb2dVertex
 10
137.089452
 20
160.142176
 30
0.0
 70
0
  0
VERTEX
  5
322
330
2EC
100
AcDbEntity
  8
Layer 1
100
AcDbVertex
100
AcDb2dVertex
 10
139.241068
 20
157.638034
 30
0.0
 70
0
  0
VERTEX
  5
323
330
2EC
100
AcDbEntity
  8
Layer 1
100
AcDbVertex
100
AcDb2dVertex
 10
141.179728
 20
154.958347
 30
0.0
 70
0
  0
VERTEX
  5
324
330
2EC
100
AcDbEntity
  8
Layer 1
100
AcDbVertex
100
AcDb2dVertex
 10
142.899677
 20
152.100238
 30
0.0
 70
0
  0
VERTEX
  5
325
330
2EC
100
AcDbEntity
  8
Layer 1
100
AcDbVertex
100
AcDb2dVertex
 10
144.39516
 20
149.06083
 30
0.0
 70
0
  0
VERTEX
  5
326
330
2EC
100
AcDbEntity
  8
Layer 1
100
AcDbVertex
100
AcDb2dVertex
 10
145.451962
 20
146.24265
 30
0.0
 70
0
  0
VERTEX
  5
327
330
2EC
100
AcDbEntity
  8
Layer 1
100
AcDbVertex
100
AcDb2dVertex
 10
146.2307
 20
143.321591
 30
0.0
 70
0
  0
VERTEX
  5
328
330
2EC
100
AcDbEntity
  8
Layer 1
100
AcDbVertex
100
AcDb2dVertex
 10
146.735329
 20
140.309881
 30
0.0
 70
0
  0
VERTEX
  5
329
330
2EC
100
AcDbEntity
  8
Layer 1
100
AcDbVertex
100
AcDb2dVertex
 10
146.969808
 20
137.219752
 30
0.0
 70
0
  0
VERTEX
  5
32A
330
2EC
100
AcDbEntity
  8
Layer 1
100
AcDbVertex
100
AcDb2dVertex
 10
146.938093
 20
134.063434
 30
0.0
 70
0
  0
VERTEX
  5
32B
330
2EC
100
AcDbEntity
  8
Layer 1
100
AcDbVertex
100
AcDb2dVertex
 10
146.64414
 20
130.853157
 30
0.0
 70
0
  0
VERTEX
  5
32C
330
2EC
100
AcDbEntity
  8
Layer 1
100
AcDbVertex
100
AcDb2dVertex
 10
146.091907
 20
127.601154
 30
0.0
 70
0
  0
VERTEX
  5
32D
330
2EC
100
AcDbEntity
  8
Layer 1
100
AcDbVertex
100
AcDb2dVertex
 10
145.285351
 20
124.319652
 30
0.0
 70
0
  0
VERTEX
  5
32E
330
2EC
100
AcDbEntity
  8
Layer 1
100
AcDbVertex
100
AcDb2dVertex
 10
144.228429
 20
121.020885
 30
0.0
 70
0
  0
VERTEX
  5
32F
330
2EC
100
AcDbEntity
  8
Layer 1
100
AcDbVertex
100
AcDb2dVertex
 10
142.925097
 20
117.717081
 30
0.0
 70
0
  0
VERTEX
  5
330
330
2EC
100
AcDbEntity
  8
Layer 1
100
AcDbVertex
100
AcDb2dVertex
 10
141.379313
 20
114.420472
 30
0.0
 70
0
  0
VERTEX
  5
331
330
2EC
100
AcDbEntity
  8
Layer 1
100
AcDbVertex
100
AcDb2dVertex
 10
139.595034
 20
111.143287
 30
0.0
 70
0
  0
VERTEX
  5
332
330
2EC
100
AcDbEntity
  8
Layer 1
100
AcDbVertex
100
AcDb2dVertex
 10
137.576216
 20
107.897758
 30
0.0
 70
0
  0
VERTEX
  5
333
330
2EC
100
AcDbEntity
  8
Layer 1
100
AcDbVertex
100
AcDb2dVertex
 10
135.326816
 20
104.696115
 30
0.0
 70
0
  0
VERTEX
  5
334
330
2EC
100
AcDbEntity
  8
Layer 1
100
AcDbVertex
100
AcDb2dVertex
 10
132.850792
 20
101.550589
 30
0.0
 70
0
  0
VERTEX
  5
335
330
2EC
100
AcDbEntity
  8
Layer 1
100
AcDbVertex
100
AcDb2dVertex
 10
130.1521
 20
98.47341
 30
0.0
 70
0
  0
VERTEX
  5
336
330
2EC
100
AcDbEntity
  8
Layer 1
100
AcDbVertex
100
AcDb2dVertex
 10
136.932614
 20
104.996843
 30
0.0
 70
0
  0
VERTEX
  5
337
330
2EC
100
AcDbEntity
  8
Layer 1
100
AcDbVertex
100
AcDb2dVertex
 10
140.05182
 20
108.269531
 30
0.0
 70
0
  0
VERTEX
  5
338
330
2EC
100
AcDbEntity
  8
Layer 1
100
AcDbVertex
100
AcDb2dVertex
 10
142.956273
 20
111.569198
 30
0.0
 70
0
  0
VERTEX
  5
339
330
2EC
100
AcDbEntity
  8
Layer 1
100
AcDbVertex
100
AcDb2dVertex
 10
145.620432
 20
114.910592
 30
0.0
 70
0
  0
VERTEX
  5
33A
330
2EC
100
AcDbEntity
  8
Layer 1
100
AcDbVertex
100
AcDb2dVertex
 10
148.018756
 20
118.308463
 30
0.0
 70
0
  0
VERTEX
  5
33B
330
2EC
100
AcDbEntity
  8
Layer 1
100
AcDbVertex
100
AcDb2dVertex
 10
150.125706
 20
121.777559
 30
0.0
 70
0
  0
VERTEX
  5
33C
330
2EC
100
AcDbEntity
  8
Layer 1
100
AcDbVertex
100
AcDb2dVertex
 10
151.915741
 20
125.332629
 30
0.0
 70
0
  0
VERTEX
  5
33D
330
2EC
100
AcDbEntity
  8
Layer 1
100
AcDbVertex
100
AcDb2dVertex
 10
153.363321
 20
128.98842
 30
0.0
 70
0
  0
VERTEX
  5
33E
330
2EC
100
AcDbEntity
  8
Layer 1
100
AcDbVertex
100
AcDb2dVertex
 10
154.442906
 20
132.759682
 30
0.0
 70
0
  0
VERTEX
  5
33F
330
2EC
100
AcDbEntity
  8
Layer 1
100
AcDbVertex
100
AcDb2dVertex
 10
155.128955
 20
136.661164
 30
0.0
 70
0
  0
VERTEX
  5
340
330
2EC
100
AcDbEntity
  8
Layer 1
100
AcDbVertex
100
AcDb2dVertex
 10
155.395929
 20
140.707613
 30
0.0
 70
0
  0
VERTEX
  5
341
330
2EC
100
AcDbEntity
  8
Layer 1
100
AcDbVertex
100
AcDb2dVertex
 10
155.218286
 20
144.913779
 30
0.0
 70
0
  0
VERTEX
  5
342
330
2EC
100
AcDbEntity
  8
Layer 1
100
AcDbVertex
100
AcDb2dVertex
 10
154.570487
 20
149.294409
 30
0.0
 70
0
  0
VERTEX
  5
343
330
2EC
100
AcDbEntity
  8
Layer 1
100
AcDbVertex
100
AcDb2dVertex
 10
153.426992
 20
153.864254
 30
0.0
 70
0
  0
VERTEX
  5
344
330
2EC
100
AcDbEntity
  8
Layer 1
100
AcDbVertex
100
AcDb2dVertex
 10
151.76226
 20
158.63806
 30
0.0
 70
0
  0
SEQEND
  5
346
330
A3F
100
AcDbEntity
  8
Layer 1
  0
POLYLINE
  5
347
330
A3F
100
AcDbEntity
  8
Layer 1
 62
7
100
AcDb2dPolyline
 66
1
 10
0.0
 20
0.0
 30
0.0
 70
0
  0
VERTEX
  5
349
330
347
100
AcDbEntity
  8
Layer 1
100
AcDbVertex
100
AcDb2dVertex
 10
226.66111
 20
106.57722
 30
0.0
 70
0
  0
VERTEX
  5
34A
330
347
100
AcDbEntity
  8
Layer 1
100
AcDbVertex
100
AcDb2dVertex
 10
226.16997
 20
109.03292
 30
0.0
 70
0
  0
VERTEX
  5
34B
330
347
100
AcDbEntity
  8
Layer 1
100
AcDbVertex
100
AcDb2dVertex
 10
225.320068
 20
111.725557
 30
0.0
 70
0
  0
VERTEX
  5
34C
330
347
100
AcDbEntity
  8
Layer 1
100
AcDbVertex
100
AcDb2dVertex
 10
224.251454
 20
114.274305
 30
0.0
 70
0
  0
VERTEX
  5
34D
330
347
100
AcDbEntity
  8
Layer 1
100
AcDbVertex
100
AcDb2dVertex
 10
222.975641
 20
116.673408
 30
0.0
 70
0
  0
VERTEX
  5
34E
330
347
100
AcDbEntity
  8
Layer 1
100
AcDbVertex
100
AcDb2dVertex
 10
221.50414
 20
118.917112
 30
0.0
 70
0
  0
VERTEX
  5
34F
330
347
100
AcDbEntity
  8
Layer 1
100
AcDbVertex
100
AcDb2dVertex
 10
219.848461
 20
120.999661
 30
0.0
 70
0
  0
VERTEX
  5
350
330
347
100
AcDbEntity
  8
Layer 1
100
AcDbVertex
100
AcDb2dVertex
 10
218.020116
 20
122.915299
 30
0.0
 70
0
  0
VERTEX
  5
351
330
347
100
AcDbEntity
  8
Layer 1
100
AcDbVertex
100
AcDb2dVertex
 10
216.030615
 20
124.658271
 30
0.0
 70
0
  0
VERTEX
  5
352
330
347
100
AcDbEntity
  8
Layer 1
100
AcDbVertex
100
AcDb2dVertex
 10
213.89147
 20
126.22282
 30
0.0
 70
0
  0
VERTEX
  5
353
330
347
100
AcDbEntity
  8
Layer 1
100
AcDbVertex
100
AcDb2dVertex
 10
212.096759
 20
127.359181
 30
0.0
 70
0
  0
VERTEX
  5
354
330
347
100
AcDbEntity
  8
Layer 1
100
AcDbVertex
100
AcDb2dVertex
 10
210.216074
 20
128.372517
 30
0.0
 70
0
  0
VERTEX
  5
355
330
347
100
AcDbEntity
  8
Layer 1
100
AcDbVertex
100
AcDb2dVertex
 10
206.221245
 20
130.021481
 30
0.0
 70
0
  0
VERTEX
  5
356
330
347
100
AcDbEntity
  8
Layer 1
100
AcDbVertex
100
AcDb2dVertex
 10
201.955905
 20
131.152446
 30
0.0
 70
0
  0
VERTEX
  5
357
330
347
100
AcDbEntity
  8
Layer 1
100
AcDbVertex
100
AcDb2dVertex
 10
197.468976
 20
131.748145
 30
0.0
 70
0
  0
VERTEX
  5
358
330
347
100
AcDbEntity
  8
Layer 1
100
AcDbVertex
100
AcDb2dVertex
 10
192.809381
 20
131.791312
 30
0.0
 70
0
  0
VERTEX
  5
359
330
347
100
AcDbEntity
  8
Layer 1
100
AcDbVertex
100
AcDb2dVertex
 10
188.026042
 20
131.264679
 30
0.0
 70
0
  0
VERTEX
  5
35A
330
347
100
AcDbEntity
  8
Layer 1
100
AcDbVertex
100
AcDb2dVertex
 10
183.167881
 20
130.150981
 30
0.0
 70
0
  0
VERTEX
  5
35B
330
347
100
AcDbEntity
  8
Layer 1
100
AcDbVertex
100
AcDb2dVertex
 10
178.28382
 20
128.43295
 30
0.0
 70
0
  0
VERTEX
  5
35C
330
347
100
AcDbEntity
  8
Layer 1
100
AcDbVertex
100
AcDb2dVertex
 10
175.751379
 20
127.249226
 30
0.0
 70
0
  0
VERTEX
  5
35D
330
347
100
AcDbEntity
  8
Layer 1
100
AcDbVertex
100
AcDb2dVertex
 10
173.311028
 20
125.915857
 30
0.0
 70
0
  0
VERTEX
  5
35E
330
347
100
AcDbEntity
  8
Layer 1
100
AcDbVertex
100
AcDb2dVertex
 10
170.962764
 20
124.444356
 30
0.0
 70
0
  0
VERTEX
  5
35F
330
347
100
AcDbEntity
  8
Layer 1
100
AcDbVertex
100
AcDb2dVertex
 10
168.70659
 20
122.846232
 30
0.0
 70
0
  0
VERTEX
  5
360
330
347
100
AcDbEntity
  8
Layer 1
100
AcDbVertex
100
AcDb2dVertex
 10
164.470507
 20
119.316164
 30
0.0
 70
0
  0
VERTEX
  5
361
330
347
100
AcDbEntity
  8
Layer 1
100
AcDbVertex
100
AcDb2dVertex
 10
160.60278
 20
115.41774
 30
0.0
 70
0
  0
VERTEX
  5
362
330
347
100
AcDbEntity
  8
Layer 1
100
AcDbVertex
100
AcDb2dVertex
 10
163.453694
 20
117.677751
 30
0.0
 70
0
  0
VERTEX
  5
363
330
347
100
AcDbEntity
  8
Layer 1
100
AcDbVertex
100
AcDb2dVertex
 10
166.465764
 20
119.684519
 30
0.0
 70
0
  0
VERTEX
  5
364
330
347
100
AcDbEntity
  8
Layer 1
100
AcDbVertex
100
AcDb2dVertex
 10
169.615966
 20
121.461064
 30
0.0
 70
0
  0
VERTEX
  5
365
330
347
100
AcDbEntity
  8
Layer 1
100
AcDbVertex
100
AcDb2dVertex
 10
172.88128
 20
123.03041
 30
0.0
 70
0
  0
VERTEX
  5
366
330
347
100
AcDbEntity
  8
Layer 1
100
AcDbVertex
100
AcDb2dVertex
 10
175.32349
 20
124.006515
 30
0.0
 70
0
  0
VERTEX
  5
367
330
347
100
AcDbEntity
  8
Layer 1
100
AcDbVertex
100
AcDb2dVertex
 10
177.765341
 20
124.818946
 30
0.0
 70
0
  0
VERTEX
  5
368
330
347
100
AcDbEntity
  8
Layer 1
100
AcDbVertex
100
AcDb2dVertex
 10
180.200717
 20
125.470942
 30
0.0
 70
0
  0
VERTEX
  5
369
330
347
100
AcDbEntity
  8
Layer 1
100
AcDbVertex
100
AcDb2dVertex
 10
182.623502
 20
125.965739
 30
0.0
 70
0
  0
VERTEX
  5
36A
330
347
100
AcDbEntity
  8
Layer 1
100
AcDbVertex
100
AcDb2dVertex
 10
187.406841
 20
126.496688
 30
0.0
 70
0
  0
VERTEX
  5
36B
330
347
100
AcDbEntity
  8
Layer 1
100
AcDbVertex
100
AcDb2dVertex
 10
192.066436
 20
126.437694
 30
0.0
 70
0
  0
VERTEX
  5
36C
330
347
100
AcDbEntity
  8
Layer 1
100
AcDbVertex
100
AcDb2dVertex
 10
196.553365
 20
125.814656
 30
0.0
 70
0
  0
VERTEX
  5
36D
330
347
100
AcDbEntity
  8
Layer 1
100
AcDbVertex
100
AcDb2dVertex
 10
200.818705
 20
124.653474
 30
0.0
 70
0
  0
VERTEX
  5
36E
330
347
100
AcDbEntity
  8
Layer 1
100
AcDbVertex
100
AcDb2dVertex
 10
204.813534
 20
122.980049
 30
0.0
 70
0
  0
VERTEX
  5
36F
330
347
100
AcDbEntity
  8
Layer 1
100
AcDbVertex
100
AcDb2dVertex
 10
208.48893
 20
120.82028
 30
0.0
 70
0
  0
VERTEX
  5
370
330
347
100
AcDbEntity
  8
Layer 1
100
AcDbVertex
100
AcDb2dVertex
 10
210.628075
 20
119.255731
 30
0.0
 70
0
  0
VERTEX
  5
371
330
347
100
AcDbEntity
  8
Layer 1
100
AcDbVertex
100
AcDb2dVertex
 10
212.617576
 20
117.512759
 30
0.0
 70
0
  0
VERTEX
  5
372
330
347
100
AcDbEntity
  8
Layer 1
100
AcDbVertex
100
AcDb2dVertex
 10
214.445921
 20
115.597121
 30
0.0
 70
0
  0
VERTEX
  5
373
330
347
100
AcDbEntity
  8
Layer 1
100
AcDbVertex
100
AcDb2dVertex
 10
216.1016
 20
113.514572
 30
0.0
 70
0
  0
VERTEX
  5
374
330
347
100
AcDbEntity
  8
Layer 1
100
AcDbVertex
100
AcDb2dVertex
 10
217.573101
 20
111.270868
 30
0.0
 70
0
  0
VERTEX
  5
375
330
347
100
AcDbEntity
  8
Layer 1
100
AcDbVertex
100
AcDb2dVertex
 10
218.848914
 20
108.871765
 30
0.0
 70
0
  0
VERTEX
  5
376
330
347
100
AcDbEntity
  8
Layer 1
100
AcDbVertex
100
AcDb2dVertex
 10
219.917528
 20
106.323017
 30
0.0
 70
0
  0
VERTEX
  5
377
330
347
100
AcDbEntity
  8
Layer 1
100
AcDbVertex
100
AcDb2dVertex
 10
220.76743
 20
103.63038
 30
0.0
 70
0
  0
VERTEX
  5
378
330
347
100
AcDbEntity
  8
Layer 1
100
AcDbVertex
100
AcDb2dVertex
 10
221.105089
 20
102.40253
 30
0.0
 70
0
  0
VERTEX
  5
379
330
347
100
AcDbEntity
  8
Layer 1
100
AcDbVertex
100
AcDb2dVertex
 10
221.25857
 20
101.17468
 30
0.0
 70
0
  0
VERTEX
  5
37A
330
347
100
AcDbEntity
  8
Layer 1
100
AcDbVertex
100
AcDb2dVertex
 10
221.811103
 20
96.877205
 30
0.0
 70
0
  0
VERTEX
  5
37B
330
347
100
AcDbEntity
  8
Layer 1
100
AcDbVertex
100
AcDb2dVertex
 10
221.99528
 20
92.57973
 30
0.0
 70
0
  0
VERTEX
  5
37C
330
347
100
AcDbEntity
  8
Layer 1
100
AcDbVertex
100
AcDb2dVertex
 10
221.766977
 20
89.359022
 30
0.0
 70
0
  0
VERTEX
  5
37D
330
347
100
AcDbEntity
  8
Layer 1
100
AcDbVertex
100
AcDb2dVertex
 10
221.273918
 20
86.152703
 30
0.0
 70
0
  0
VERTEX
  5
37E
330
347
100
AcDbEntity
  8
Layer 1
100
AcDbVertex
100
AcDb2dVertex
 10
220.527616
 20
82.975161
 30
0.0
 70
0
  0
VERTEX
  5
37F
330
347
100
AcDbEntity
  8
Layer 1
100
AcDbVertex
100
AcDb2dVertex
 10
219.53958
 20
79.840786
 30
0.0
 70
0
  0
VERTEX
  5
380
330
347
100
AcDbEntity
  8
Layer 1
100
AcDbVertex
100
AcDb2dVertex
 10
218.321323
 20
76.763967
 30
0.0
 70
0
  0
VERTEX
  5
381
330
347
100
AcDbEntity
  8
Layer 1
100
AcDbVertex
100
AcDb2dVertex
 10
216.884354
 20
73.759092
 30
0.0
 70
0
  0
VERTEX
  5
382
330
347
100
AcDbEntity
  8
Layer 1
100
AcDbVertex
100
AcDb2dVertex
 10
215.240186
 20
70.84055
 30
0.0
 70
0
  0
VERTEX
  5
383
330
347
100
AcDbEntity
  8
Layer 1
100
AcDbVertex
100
AcDb2dVertex
 10
213.40033
 20
68.02273
 30
0.0
 70
0
  0
VERTEX
  5
384
330
347
100
AcDbEntity
  8
Layer 1
100
AcDbVertex
100
AcDb2dVertex
 10
212.141784
 20
66.30374
 30
0.0
 70
0
  0
VERTEX
  5
385
330
347
100
AcDbEntity
  8
Layer 1
100
AcDbVertex
100
AcDb2dVertex
 10
210.69906
 20
64.58475
 30
0.0
 70
0
  0
VERTEX
  5
386
330
347
100
AcDbEntity
  8
Layer 1
100
AcDbVertex
100
AcDb2dVertex
 10
214.904446
 20
68.698047
 30
0.0
 70
0
  0
VERTEX
  5
387
330
347
100
AcDbEntity
  8
Layer 1
100
AcDbVertex
100
AcDb2dVertex
 10
216.811451
 20
70.869807
 30
0.0
 70
0
  0
VERTEX
  5
388
330
347
100
AcDbEntity
  8
Layer 1
100
AcDbVertex
100
AcDb2dVertex
 10
218.5573
 20
73.1797
 30
0.0
 70
0
  0
VERTEX
  5
389
330
347
100
AcDbEntity
  8
Layer 1
100
AcDbVertex
100
AcDb2dVertex
 10
220.468142
 20
75.99752
 30
0.0
 70
0
  0
VERTEX
  5
38A
330
347
100
AcDbEntity
  8
Layer 1
100
AcDbVertex
100
AcDb2dVertex
 10
222.148761
 20
78.916062
 30
0.0
 70
0
  0
VERTEX
  5
38B
330
347
100
AcDbEntity
  8
Layer 1
100
AcDbVertex
100
AcDb2dVertex
 10
223.599159
 20
81.920937
 30
0.0
 70
0
  0
VERTEX
  5
38C
330
347
100
AcDbEntity
  8
Layer 1
100
AcDbVertex
100
AcDb2dVertex
 10
224.819335
 20
84.997756
 30
0.0
 70
0
  0
VERTEX
  5
38D
330
347
100
AcDbEntity
  8
Layer 1
100
AcDbVertex
100
AcDb2dVertex
 10
225.809289
 20
88.132131
 30
0.0
 70
0
  0
VERTEX
  5
38E
330
347
100
AcDbEntity
  8
Layer 1
100
AcDbVertex
100
AcDb2dVertex
 10
226.569021
 20
91.309673
 30
0.0
 70
0
  0
VERTEX
  5
38F
330
347
100
AcDbEntity
  8
Layer 1
100
AcDbVertex
100
AcDb2dVertex
 10
227.098532
 20
94.515992
 30
0.0
 70
0
  0
VERTEX
  5
390
330
347
100
AcDbEntity
  8
Layer 1
100
AcDbVertex
100
AcDb2dVertex
 10
227.39782
 20
97.7367
 30
0.0
 70
0
  0
VERTEX
  5
391
330
347
100
AcDbEntity
  8
Layer 1
100
AcDbVertex
100
AcDb2dVertex
 10
227.213642
 20
102.15696
 30
0.0
 70
0
  0
VERTEX
  5
392
330
347
100
AcDbEntity
  8
Layer 1
100
AcDbVertex
100
AcDb2dVertex
 10
226.66111
 20
106.57722
 30
0.0
 70
0
  0
SEQEND
  5
393
330
A3F
100
AcDbEntity
  8
Layer 1
  0
POLYLINE
  5
394
330
A3F
100
AcDbEntity
  8
Layer 1
 62
7
100
AcDb2dPolyline
 66
1
 10
0.0
 20
0.0
 30
0.0
 70
0
  0
VERTEX
  5
396
330
394
100
AcDbEntity
  8
Layer 1
100
AcDbVertex
100
AcDb2dVertex
 10
190.56232
 20
117.3823
 30
0.0
 70
0
  0
VERTEX
  5
397
330
394
100
AcDbEntity
  8
Layer 1
100
AcDbVertex
100
AcDb2dVertex
 10
193.232894
 20
120.08357
 30
0.0
 70
0
  0
VERTEX
  5
398
330
394
100
AcDbEntity
  8
Layer 1
100
AcDbVertex
100
AcDb2dVertex
 10
195.017113
 20
121.940693
 30
0.0
 70
0
  0
VERTEX
  5
399
330
394
100
AcDbEntity
  8
Layer 1
100
AcDbVertex
100
AcDb2dVertex
 10
195.71929
 20
122.78484
 30
0.0
 70
0
  0
VERTEX
  5
39A
330
394
100
AcDbEntity
  8
Layer 1
100
AcDbVertex
100
AcDb2dVertex
 10
193.403642
 20
122.59059
 30
0.0
 70
0
  0
VERTEX
  5
39B
330
394
100
AcDbEntity
  8
Layer 1
100
AcDbVertex
100
AcDb2dVertex
 10
191.421815
 20
121.921508
 30
0.0
 70
0
  0
VERTEX
  5
39C
330
394
100
AcDbEntity
  8
Layer 1
100
AcDbVertex
100
AcDb2dVertex
 10
189.762299
 20
120.924359
 30
0.0
 70
0
  0
VERTEX
  5
39D
330
394
100
AcDbEntity
  8
Layer 1
100
AcDbVertex
100
AcDb2dVertex
 10
188.413582
 20
119.745911
 30
0.0
 70
0
  0
VERTEX
  5
39E
330
394
100
AcDbEntity
  8
Layer 1
100
AcDbVertex
100
AcDb2dVertex
 10
187.364154
 20
118.53293
 30
0.0
 70
0
  0
VERTEX
  5
39F
330
394
100
AcDbEntity
  8
Layer 1
100
AcDbVertex
100
AcDb2dVertex
 10
186.602504
 20
117.432181
 30
0.0
 70
0
  0
VERTEX
  5
3A0
330
394
100
AcDbEntity
  8
Layer 1
100
AcDbVertex
100
AcDb2dVertex
 10
185.89649
 20
116.15445
 30
0.0
 70
0
  0
VERTEX
  5
3A1
330
394
100
AcDbEntity
  8
Layer 1
100
AcDbVertex
100
AcDb2dVertex
 10
188.137316
 20
116.952552
 30
0.0
 70
0
  0
VERTEX
  5
3A2
330
394
100
AcDbEntity
  8
Layer 1
100
AcDbVertex
100
AcDb2dVertex
 10
190.56232
 20
117.3823
 30
0.0
 70
0
  0
SEQEND
  5
3A3
330
A3F
100
AcDbEntity
  8
Layer 1
  0
POLYLINE
  5
3A4
330
A3F
100
AcDbEntity
  8
Layer 1
 62
7
100
AcDb2dPolyline
 66
1
 10
0.0
 20
0.0
 30
0.0
 70
0
  0
VERTEX
  5
3A6
330
3A4
100
AcDbEntity
  8
Layer 1
100
AcDbVertex
100
AcDb2dVertex
 10
203.08639
 20
109.76963
 30
0.0
 70
0
  0
VERTEX
  5
3A7
330
3A4
100
AcDbEntity
  8
Layer 1
100
AcDbVertex
100
AcDb2dVertex
 10
203.424049
 20
108.418995
 30
0.0
 70
0
  0
VERTEX
  5
3A8
330
3A4
100
AcDbEntity
  8
Layer 1
100
AcDbVertex
100
AcDb2dVertex
 10
203.57753
 20
107.06836
 30
0.0
 70
0
  0
VERTEX
  5
3A9
330
3A4
100
AcDbEntity
  8
Layer 1
100
AcDbVertex
100
AcDb2dVertex
 10
203.362656
 20
105.011711
 30
0.0
 70
0
  0
VERTEX
  5
3AA
330
3A4
100
AcDbEntity
  8
Layer 1
100
AcDbVertex
100
AcDb2dVertex
 10
203.059531
 20
104.063965
 30
0.0
 70
0
  0
VERTEX
  5
3AB
330
3A4
100
AcDbEntity
  8
Layer 1
100
AcDbVertex
100
AcDb2dVertex
 10
202.59525
 20
103.13924
 30
0.0
 70
0
  0
VERTEX
  5
3AC
330
3A4
100
AcDbEntity
  8
Layer 1
100
AcDbVertex
100
AcDb2dVertex
 10
204.344936
 20
104.15989
 30
0.0
 70
0
  0
VERTEX
  5
3AD
330
3A4
100
AcDbEntity
  8
Layer 1
100
AcDbVertex
100
AcDb2dVertex
 10
205.668712
 20
105.16807
 30
0.0
 70
0
  0
VERTEX
  5
3AE
330
3A4
100
AcDbEntity
  8
Layer 1
100
AcDbVertex
100
AcDb2dVertex
 10
207.01551
 20
106.515827
 30
0.0
 70
0
  0
VERTEX
  5
3AF
330
3A4
100
AcDbEntity
  8
Layer 1
100
AcDbVertex
100
AcDb2dVertex
 10
208.17813
 20
108.208918
 30
0.0
 70
0
  0
VERTEX
  5
3B0
330
3A4
100
AcDbEntity
  8
Layer 1
100
AcDbVertex
100
AcDb2dVertex
 10
208.625624
 20
109.186761
 30
0.0
 70
0
  0
VERTEX
  5
3B1
330
3A4
100
AcDbEntity
  8
Layer 1
100
AcDbVertex
100
AcDb2dVertex
 10
208.949374
 20
110.253096
 30
0.0
 70
0
  0
VERTEX
  5
3B2
330
3A4
100
AcDbEntity
  8
Layer 1
100
AcDbVertex
100
AcDb2dVertex
 10
209.123479
 20
111.408642
 30
0.0
 70
0
  0
VERTEX
  5
3B3
330
3A4
100
AcDbEntity
  8
Layer 1
100
AcDbVertex
100
AcDb2dVertex
 10
209.12204
 20
112.654118
 30
0.0
 70
0
  0
VERTEX
  5
3B4
330
3A4
100
AcDbEntity
  8
Layer 1
100
AcDbVertex
100
AcDb2dVertex
 10
208.919157
 20
113.990244
 30
0.0
 70
0
  0
VERTEX
  5
3B5
330
3A4
100
AcDbEntity
  8
Layer 1
100
AcDbVertex
100
AcDb2dVertex
 10
208.48893
 20
115.41774
 30
0.0
 70
0
  0
VERTEX
  5
3B6
330
3A4
100
AcDbEntity
  8
Layer 1
100
AcDbVertex
100
AcDb2dVertex
 10
208.317223
 20
115.034037
 30
0.0
 70
0
  0
VERTEX
  5
3B7
330
3A4
100
AcDbEntity
  8
Layer 1
100
AcDbVertex
100
AcDb2dVertex
 10
207.71385
 20
114.328023
 30
0.0
 70
0
  0
VERTEX
  5
3B8
330
3A4
100
AcDbEntity
  8
Layer 1
100
AcDbVertex
100
AcDb2dVertex
 10
205.78766
 20
112.409507
 30
0.0
 70
0
  0
VERTEX
  5
3B9
330
3A4
100
AcDbEntity
  8
Layer 1
100
AcDbVertex
100
AcDb2dVertex
 10
203.86147
 20
110.583081
 30
0.0
 70
0
  0
VERTEX
  5
3BA
330
3A4
100
AcDbEntity
  8
Layer 1
100
AcDbVertex
100
AcDb2dVertex
 10
203.08639
 20
109.76963
 30
0.0
 70
0
  0
SEQEND
  5
3BB
330
A3F
100
AcDbEntity
  8
Layer 1
  0
POLYLINE
  5
3BC
330
A3F
100
AcDbEntity
  8
Layer 1
 62
7
100
AcDb2dPolyline
 66
1
 10
0.0
 20
0.0
 30
0.0
 70
0
  0
VERTEX
  5
3BE
330
3BC
100
AcDbEntity
  8
Layer 1
100
AcDbVertex
100
AcDb2dVertex
 10
172.63571
 20
105.1038
 30
0.0
 70
0
  0
VERTEX
  5
3BF
330
3BC
100
AcDbEntity
  8
Layer 1
100
AcDbVertex
100
AcDb2dVertex
 10
172.88176
 20
106.511031
 30
0.0
 70
0
  0
VERTEX
  5
3C0
330
3BC
100
AcDbEntity
  8
Layer 1
100
AcDbVertex
100
AcDb2dVertex
 10
173.545086
 20
108.25784
 30
0.0
 70
0
  0
VERTEX
  5
3C1
330
3BC
100
AcDbEntity
  8
Layer 1
100
AcDbVertex
100
AcDb2dVertex
 10
175.674639
 20
112.286722
 30
0.0
 70
0
  0
VERTEX
  5
3C2
330
3BC
100
AcDbEntity
  8
Layer 1
100
AcDbVertex
100
AcDb2dVertex
 10
178.126502
 20
116.223517
 30
0.0
 70
0
  0
VERTEX
  5
3C3
330
3BC
100
AcDbEntity
  8
Layer 1
100
AcDbVertex
100
AcDb2dVertex
 10
180.00281
 20
119.10129
 30
0.0
 70
0
  0
VERTEX
  5
3C4
330
3BC
100
AcDbEntity
  8
Layer 1
100
AcDbVertex
100
AcDb2dVertex
 10
176.915918
 20
116.898354
 30
0.0
 70
0
  0
VERTEX
  5
3C5
330
3BC
100
AcDbEntity
  8
Layer 1
100
AcDbVertex
100
AcDb2dVertex
 10
174.277959
 20
114.554408
 30
0.0
 70
0
  0
VERTEX
  5
3C6
330
3BC
100
AcDbEntity
  8
Layer 1
100
AcDbVertex
100
AcDb2dVertex
 10
172.077422
 20
112.112617
 30
0.0
 70
0
  0
VERTEX
  5
3C7
330
3BC
100
AcDbEntity
  8
Layer 1
100
AcDbVertex
100
AcDb2dVertex
 10
170.302795
 20
109.616149
 30
0.0
 70
0
  0
VERTEX
  5
3C8
330
3BC
100
AcDbEntity
  8
Layer 1
100
AcDbVertex
100
AcDb2dVertex
 10
168.942567
 20
107.108169
 30
0.0
 70
0
  0
VERTEX
  5
3C9
330
3BC
100
AcDbEntity
  8
Layer 1
100
AcDbVertex
100
AcDb2dVertex
 10
167.985228
 20
104.631845
 30
0.0
 70
0
  0
VERTEX
  5
3CA
330
3BC
100
AcDbEntity
  8
Layer 1
100
AcDbVertex
100
AcDb2dVertex
 10
167.419266
 20
102.230343
 30
0.0
 70
0
  0
VERTEX
  5
3CB
330
3BC
100
AcDbEntity
  8
Layer 1
100
AcDbVertex
100
AcDb2dVertex
 10
167.23317
 20
99.94683
 30
0.0
 70
0
  0
VERTEX
  5
3CC
330
3BC
100
AcDbEntity
  8
Layer 1
100
AcDbVertex
100
AcDb2dVertex
 10
167.337849
 20
98.037547
 30
0.0
 70
0
  0
VERTEX
  5
3CD
330
3BC
100
AcDbEntity
  8
Layer 1
100
AcDbVertex
100
AcDb2dVertex
 10
167.644692
 20
96.183662
 30
0.0
 70
0
  0
VERTEX
  5
3CE
330
3BC
100
AcDbEntity
  8
Layer 1
100
AcDbVertex
100
AcDb2dVertex
 10
168.142906
 20
94.394526
 30
0.0
 70
0
  0
VERTEX
  5
3CF
330
3BC
100
AcDbEntity
  8
Layer 1
100
AcDbVertex
100
AcDb2dVertex
 10
168.821701
 20
92.679493
 30
0.0
 70
0
  0
VERTEX
  5
3D0
330
3BC
100
AcDbEntity
  8
Layer 1
100
AcDbVertex
100
AcDb2dVertex
 10
169.670284
 20
91.047915
 30
0.0
 70
0
  0
VERTEX
  5
3D1
330
3BC
100
AcDbEntity
  8
Layer 1
100
AcDbVertex
100
AcDb2dVertex
 10
170.677865
 20
89.509146
 30
0.0
 70
0
  0
VERTEX
  5
3D2
330
3BC
100
AcDbEntity
  8
Layer 1
100
AcDbVertex
100
AcDb2dVertex
 10
171.833651
 20
88.072537
 30
0.0
 70
0
  0
VERTEX
  5
3D3
330
3BC
100
AcDbEntity
  8
Layer 1
100
AcDbVertex
100
AcDb2dVertex
 10
173.12685
 20
86.747443
 30
0.0
 70
0
  0
VERTEX
  5
3D4
330
3BC
100
AcDbEntity
  8
Layer 1
100
AcDbVertex
100
AcDb2dVertex
 10
174.546671
 20
85.543214
 30
0.0
 70
0
  0
VERTEX
  5
3D5
330
3BC
100
AcDbEntity
  8
Layer 1
100
AcDbVertex
100
AcDb2dVertex
 10
176.082323
 20
84.469205
 30
0.0
 70
0
  0
VERTEX
  5
3D6
330
3BC
100
AcDbEntity
  8
Layer 1
100
AcDbVertex
100
AcDb2dVertex
 10
177.723014
 20
83.534768
 30
0.0
 70
0
  0
VERTEX
  5
3D7
330
3BC
100
AcDbEntity
  8
Layer 1
100
AcDbVertex
100
AcDb2dVertex
 10
179.457952
 20
82.749256
 30
0.0
 70
0
  0
VERTEX
  5
3D8
330
3BC
100
AcDbEntity
  8
Layer 1
100
AcDbVertex
100
AcDb2dVertex
 10
181.276345
 20
82.122021
 30
0.0
 70
0
  0
VERTEX
  5
3D9
330
3BC
100
AcDbEntity
  8
Layer 1
100
AcDbVertex
100
AcDb2dVertex
 10
183.167402
 20
81.662417
 30
0.0
 70
0
  0
VERTEX
  5
3DA
330
3BC
100
AcDbEntity
  8
Layer 1
100
AcDbVertex
100
AcDb2dVertex
 10
185.120331
 20
81.379796
 30
0.0
 70
0
  0
VERTEX
  5
3DB
330
3BC
100
AcDbEntity
  8
Layer 1
100
AcDbVertex
100
AcDb2dVertex
 10
187.12434
 20
81.28351
 30
0.0
 70
0
  0
VERTEX
  5
3DC
330
3BC
100
AcDbEntity
  8
Layer 1
100
AcDbVertex
100
AcDb2dVertex
 10
189.239503
 20
81.418765
 30
0.0
 70
0
  0
VERTEX
  5
3DD
330
3BC
100
AcDbEntity
  8
Layer 1
100
AcDbVertex
100
AcDb2dVertex
 10
191.659711
 20
81.859065
 30
0.0
 70
0
  0
VERTEX
  5
3DE
330
3BC
100
AcDbEntity
  8
Layer 1
100
AcDbVertex
100
AcDb2dVertex
 10
194.298629
 20
82.656208
 30
0.0
 70
0
  0
VERTEX
  5
3DF
330
3BC
100
AcDbEntity
  8
Layer 1
100
AcDbVertex
100
AcDb2dVertex
 10
197.069925
 20
83.861995
 30
0.0
 70
0
  0
VERTEX
  5
3E0
330
3BC
100
AcDbEntity
  8
Layer 1
100
AcDbVertex
100
AcDb2dVertex
 10
199.887265
 20
85.528226
 30
0.0
 70
0
  0
VERTEX
  5
3E1
330
3BC
100
AcDbEntity
  8
Layer 1
100
AcDbVertex
100
AcDb2dVertex
 10
202.664317
 20
87.7067
 30
0.0
 70
0
  0
VERTEX
  5
3E2
330
3BC
100
AcDbEntity
  8
Layer 1
100
AcDbVertex
100
AcDb2dVertex
 10
205.314746
 20
90.449218
 30
0.0
 70
0
  0
VERTEX
  5
3E3
330
3BC
100
AcDbEntity
  8
Layer 1
100
AcDbVertex
100
AcDb2dVertex
 10
206.565498
 20
92.048181
 30
0.0
 70
0
  0
VERTEX
  5
3E4
330
3BC
100
AcDbEntity
  8
Layer 1
100
AcDbVertex
100
AcDb2dVertex
 10
207.75222
 20
93.80758
 30
0.0
 70
0
  0
VERTEX
  5
3E5
330
3BC
100
AcDbEntity
  8
Layer 1
100
AcDbVertex
100
AcDb2dVertex
 10
204.571321
 20
91.762442
 30
0.0
 70
0
  0
VERTEX
  5
3E6
330
3BC
100
AcDbEntity
  8
Layer 1
100
AcDbVertex
100
AcDb2dVertex
 10
200.354424
 20
89.418016
 30
0.0
 70
0
  0
VERTEX
  5
3E7
330
3BC
100
AcDbEntity
  8
Layer 1
100
AcDbVertex
100
AcDb2dVertex
 10
198.109281
 20
88.356597
 30
0.0
 70
0
  0
VERTEX
  5
3E8
330
3BC
100
AcDbEntity
  8
Layer 1
100
AcDbVertex
100
AcDb2dVertex
 10
195.907305
 20
87.48799
 30
0.0
 70
0
  0
VERTEX
  5
3E9
330
3BC
100
AcDbEntity
  8
Layer 1
100
AcDbVertex
100
AcDb2dVertex
 10
193.849217
 20
86.901403
 30
0.0
 70
0
  0
VERTEX
  5
3EA
330
3BC
100
AcDbEntity
  8
Layer 1
100
AcDbVertex
100
AcDb2dVertex
 10
192.03574
 20
86.68605
 30
0.0
 70
0
  0
VERTEX
  5
3EB
330
3BC
100
AcDbEntity
  8
Layer 1
100
AcDbVertex
100
AcDb2dVertex
 10
190.037246
 20
86.779578
 30
0.0
 70
0
  0
VERTEX
  5
3EC
330
3BC
100
AcDbEntity
  8
Layer 1
100
AcDbVertex
100
AcDb2dVertex
 10
188.099905
 20
87.054405
 30
0.0
 70
0
  0
VERTEX
  5
3ED
330
3BC
100
AcDbEntity
  8
Layer 1
100
AcDbVertex
100
AcDb2dVertex
 10
186.23307
 20
87.501899
 30
0.0
 70
0
  0
VERTEX
  5
3EE
330
3BC
100
AcDbEntity
  8
Layer 1
100
AcDbVertex
100
AcDb2dVertex
 10
184.446092
 20
88.113426
 30
0.0
 70
0
  0
VERTEX
  5
3EF
330
3BC
100
AcDbEntity
  8
Layer 1
100
AcDbVertex
100
AcDb2dVertex
 10
182.748326
 20
88.880352
 30
0.0
 70
0
  0
VERTEX
  5
3F0
330
3BC
100
AcDbEntity
  8
Layer 1
100
AcDbVertex
100
AcDb2dVertex
 10
181.149123
 20
89.794045
 30
0.0
 70
0
  0
VERTEX
  5
3F1
330
3BC
100
AcDbEntity
  8
Layer 1
100
AcDbVertex
100
AcDb2dVertex
 10
179.657837
 20
90.845872
 30
0.0
 70
0
  0
VERTEX
  5
3F2
330
3BC
100
AcDbEntity
  8
Layer 1
100
AcDbVertex
100
AcDb2dVertex
 10
178.28382
 20
92.027198
 30
0.0
 70
0
  0
VERTEX
  5
3F3
330
3BC
100
AcDbEntity
  8
Layer 1
100
AcDbVertex
100
AcDb2dVertex
 10
177.036425
 20
93.32939
 30
0.0
 70
0
  0
VERTEX
  5
3F4
330
3BC
100
AcDbEntity
  8
Layer 1
100
AcDbVertex
100
AcDb2dVertex
 10
175.925005
 20
94.743816
 30
0.0
 70
0
  0
VERTEX
  5
3F5
330
3BC
100
AcDbEntity
  8
Layer 1
100
AcDbVertex
100
AcDb2dVertex
 10
174.958913
 20
96.261841
 30
0.0
 70
0
  0
VERTEX
  5
3F6
330
3BC
100
AcDbEntity
  8
Layer 1
100
AcDbVertex
100
AcDb2dVertex
 10
174.1475
 20
97.874833
 30
0.0
 70
0
  0
VERTEX
  5
3F7
330
3BC
100
AcDbEntity
  8
Layer 1
100
AcDbVertex
100
AcDb2dVertex
 10
173.500121
 20
99.574158
 30
0.0
 70
0
  0
VERTEX
  5
3F8
330
3BC
100
AcDbEntity
  8
Layer 1
100
AcDbVertex
100
AcDb2dVertex
 10
173.026128
 20
101.351183
 30
0.0
 70
0
  0
VERTEX
  5
3F9
330
3BC
100
AcDbEntity
  8
Layer 1
100
AcDbVertex
100
AcDb2dVertex
 10
172.734873
 20
103.197275
 30
0.0
 70
0
  0
VERTEX
  5
3FA
330
3BC
100
AcDbEntity
  8
Layer 1
100
AcDbVertex
100
AcDb2dVertex
 10
172.63571
 20
105.1038
 30
0.0
 70
0
  0
SEQEND
  5
3FB
330
A3F
100
AcDbEntity
  8
Layer 1
  0
POLYLINE
  5
3FC
330
A3F
100
AcDbEntity
  8
Layer 1
 62
7
100
AcDb2dPolyline
 66
1
 10
0.0
 20
0.0
 30
0.0
 70
0
  0
VERTEX
  5
3FE
330
3FC
100
AcDbEntity
  8
Layer 1
100
AcDbVertex
100
AcDb2dVertex
 10
248.51684
 20
95.77214
 30
0.0
 70
0
  0
VERTEX
  5
3FF
330
3FC
100
AcDbEntity
  8
Layer 1
100
AcDbVertex
100
AcDb2dVertex
 10
248.76241
 20
54.27081
 30
0.0
 70
0
  0
VERTEX
  5
400
330
3FC
100
AcDbEntity
  8
Layer 1
100
AcDbVertex
100
AcDb2dVertex
 10
255.3928
 20
53.77967
 30
0.0
 70
0
  0
VERTEX
  5
401
330
3FC
100
AcDbEntity
  8
Layer 1
100
AcDbVertex
100
AcDb2dVertex
 10
253.91938
 20
101.17468
 30
0.0
 70
0
  0
VERTEX
  5
402
330
3FC
100
AcDbEntity
  8
Layer 1
100
AcDbVertex
100
AcDb2dVertex
 10
248.51684
 20
95.77214
 30
0.0
 70
0
  0
SEQEND
  5
403
330
A3F
100
AcDbEntity
  8
Layer 1
  0
POLYLINE
  5
404
330
A3F
100
AcDbEntity
  8
Layer 1
 62
7
100
AcDb2dPolyline
 66
1
 10
0.0
 20
0.0
 30
0.0
 70
0
  0
VERTEX
  5
406
330
404
100
AcDbEntity
  8
Layer 1
100
AcDbVertex
100
AcDb2dVertex
 10
210.69906
 20
175.09125
 30
0.0
 70
0
  0
VERTEX
  5
407
330
404
100
AcDbEntity
  8
Layer 1
100
AcDbVertex
100
AcDb2dVertex
 10
210.69906
 20
171.4077
 30
0.0
 70
0
  0
VERTEX
  5
408
330
404
100
AcDbEntity
  8
Layer 1
100
AcDbVertex
100
AcDb2dVertex
 10
242.13202
 20
180.73936
 30
0.0
 70
0
  0
VERTEX
  5
409
330
404
100
AcDbEntity
  8
Layer 1
100
AcDbVertex
100
AcDb2dVertex
 10
244.34215
 20
140.71145
 30
0.0
 70
0
  0
VERTEX
  5
40A
330
404
100
AcDbEntity
  8
Layer 1
100
AcDbVertex
100
AcDb2dVertex
 10
249.74469
 20
148.07855
 30
0.0
 70
0
  0
VERTEX
  5
40B
330
404
100
AcDbEntity
  8
Layer 1
100
AcDbVertex
100
AcDb2dVertex
 10
248.51684
 20
188.10646
 30
0.0
 70
0
  0
VERTEX
  5
40C
330
404
100
AcDbEntity
  8
Layer 1
100
AcDbVertex
100
AcDb2dVertex
 10
210.69906
 20
175.09125
 30
0.0
 70
0
  0
SEQEND
  5
40D
330
A3F
100
AcDbEntity
  8
Layer 1
  0
POLYLINE
  5
40E
330
A3F
100
AcDbEntity
  8
Layer 1
 62
7
100
AcDb2dPolyline
 66
1
 10
0.0
 20
0.0
 30
0.0
 70
0
  0
VERTEX
  5
410
330
40E
100
AcDbEntity
  8
Layer 1
100
AcDbVertex
100
AcDb2dVertex
 10
305.24351
 20
160.84819
 30
0.0
 70
0
  0
VERTEX
  5
411
330
40E
100
AcDbEntity
  8
Layer 1
100
AcDbVertex
100
AcDb2dVertex
 10
276.02068
 20
187.86089
 30
0.0
 70
0
  0
VERTEX
  5
412
330
40E
100
AcDbEntity
  8
Layer 1
100
AcDbVertex
100
AcDb2dVertex
 10
272.33713
 20
180.00265
 30
0.0
 70
0
  0
VERTEX
  5
413
330
40E
100
AcDbEntity
  8
Layer 1
100
AcDbVertex
100
AcDb2dVertex
 10
298.36755
 20
155.69122
 30
0.0
 70
0
  0
VERTEX
  5
414
330
40E
100
AcDbEntity
  8
Layer 1
100
AcDbVertex
100
AcDb2dVertex
 10
305.24351
 20
160.84819
 30
0.0
 70
0
  0
SEQEND
  5
415
330
A3F
100
AcDbEntity
  8
Layer 1
  0
POLYLINE
  5
416
330
A3F
100
AcDbEntity
  8
Layer 1
 62
7
100
AcDb2dPolyline
 66
1
 10
0.0
 20
0.0
 30
0.0
 70
0
  0
VERTEX
  5
418
330
416
100
AcDbEntity
  8
Layer 1
100
AcDbVertex
100
AcDb2dVertex
 10
300.82325
 20
110.50634
 30
0.0
 70
0
  0
VERTEX
  5
419
330
416
100
AcDbEntity
  8
Layer 1
100
AcDbVertex
100
AcDb2dVertex
 10
266.19788
 20
122.04813
 30
0.0
 70
0
  0
VERTEX
  5
41A
330
416
100
AcDbEntity
  8
Layer 1
100
AcDbVertex
100
AcDb2dVertex
 10
261.28648
 20
116.64559
 30
0.0
 70
0
  0
VERTEX
  5
41B
330
416
100
AcDbEntity
  8
Layer 1
100
AcDbVertex
100
AcDb2dVertex
 10
295.66628
 20
102.89367
 30
0.0
 70
0
  0
VERTEX
  5
41C
330
416
100
AcDbEntity
  8
Layer 1
100
AcDbVertex
100
AcDb2dVertex
 10
297.230829
 20
100.17897
 30
0.0
 70
0
  0
VERTEX
  5
41D
330
416
100
AcDbEntity
  8
Layer 1
100
AcDbVertex
100
AcDb2dVertex
 10
298.973801
 20
97.567871
 30
0.0
 70
0
  0
VERTEX
  5
41E
330
416
100
AcDbEntity
  8
Layer 1
100
AcDbVertex
100
AcDb2dVertex
 10
300.889439
 20
95.071882
 30
0.0
 70
0
  0
VERTEX
  5
41F
330
416
100
AcDbEntity
  8
Layer 1
100
AcDbVertex
100
AcDb2dVertex
 10
302.971988
 20
92.702515
 30
0.0
 70
0
  0
VERTEX
  5
420
330
416
100
AcDbEntity
  8
Layer 1
100
AcDbVertex
100
AcDb2dVertex
 10
305.215692
 20
90.471281
 30
0.0
 70
0
  0
VERTEX
  5
421
330
416
100
AcDbEntity
  8
Layer 1
100
AcDbVertex
100
AcDb2dVertex
 10
307.614795
 20
88.389692
 30
0.0
 70
0
  0
VERTEX
  5
422
330
416
100
AcDbEntity
  8
Layer 1
100
AcDbVertex
100
AcDb2dVertex
 10
310.163543
 20
86.469258
 30
0.0
 70
0
  0
VERTEX
  5
423
330
416
100
AcDbEntity
  8
Layer 1
100
AcDbVertex
100
AcDb2dVertex
 10
312.85618
 20
84.72149
 30
0.0
 70
0
  0
VERTEX
  5
424
330
416
100
AcDbEntity
  8
Layer 1
100
AcDbVertex
100
AcDb2dVertex
 10
315.582391
 20
83.14495
 30
0.0
 70
0
  0
VERTEX
  5
425
330
416
100
AcDbEntity
  8
Layer 1
100
AcDbVertex
100
AcDb2dVertex
 10
318.412201
 20
81.732443
 30
0.0
 70
0
  0
VERTEX
  5
426
330
416
100
AcDbEntity
  8
Layer 1
100
AcDbVertex
100
AcDb2dVertex
 10
321.334101
 20
80.486846
 30
0.0
 70
0
  0
VERTEX
  5
427
330
416
100
AcDbEntity
  8
Layer 1
100
AcDbVertex
100
AcDb2dVertex
 10
324.336578
 20
79.411039
 30
0.0
 70
0
  0
VERTEX
  5
428
330
416
100
AcDbEntity
  8
Layer 1
100
AcDbVertex
100
AcDb2dVertex
 10
327.408121
 20
78.507898
 30
0.0
 70
0
  0
VERTEX
  5
429
330
416
100
AcDbEntity
  8
Layer 1
100
AcDbVertex
100
AcDb2dVertex
 10
330.53722
 20
77.7803
 30
0.0
 70
0
  0
VERTEX
  5
42A
330
416
100
AcDbEntity
  8
Layer 1
100
AcDbVertex
100
AcDb2dVertex
 10
333.712363
 20
77.231125
 30
0.0
 70
0
  0
VERTEX
  5
42B
330
416
100
AcDbEntity
  8
Layer 1
100
AcDbVertex
100
AcDb2dVertex
 10
336.92204
 20
76.86325
 30
0.0
 70
0
  0
VERTEX
  5
42C
330
416
100
AcDbEntity
  8
Layer 1
100
AcDbVertex
100
AcDb2dVertex
 10
336.92204
 20
59.91892
 30
0.0
 70
0
  0
VERTEX
  5
42D
330
416
100
AcDbEntity
  8
Layer 1
100
AcDbVertex
100
AcDb2dVertex
 10
342.32458
 20
57.21765
 30
0.0
 70
0
  0
VERTEX
  5
42E
330
416
100
AcDbEntity
  8
Layer 1
100
AcDbVertex
100
AcDb2dVertex
 10
344.04357
 20
82.75693
 30
0.0
 70
0
  0
VERTEX
  5
42F
330
416
100
AcDbEntity
  8
Layer 1
100
AcDbVertex
100
AcDb2dVertex
 10
300.82325
 20
110.50634
 30
0.0
 70
0
  0
SEQEND
  5
431
330
A3F
100
AcDbEntity
  8
Layer 1
  0
POLYLINE
  5
432
330
A3F
100
AcDbEntity
  8
Layer 1
 62
7
100
AcDb2dPolyline
 66
1
 10
0.0
 20
0.0
 30
0.0
 70
0
  0
VERTEX
  5
434
330
432
100
AcDbEntity
  8
Layer 1
100
AcDbVertex
100
AcDb2dVertex
 10
356.32207
 20
115.17217
 30
0.0
 70
0
  0
VERTEX
  5
435
330
432
100
AcDbEntity
  8
Layer 1
100
AcDbVertex
100
AcDb2dVertex
 10
359.368193
 20
116.020154
 30
0.0
 70
0
  0
VERTEX
  5
436
330
432
100
AcDbEntity
  8
Layer 1
100
AcDbVertex
100
AcDb2dVertex
 10
362.089128
 20
117.075337
 30
0.0
 70
0
  0
VERTEX
  5
437
330
432
100
AcDbEntity
  8
Layer 1
100
AcDbVertex
100
AcDb2dVertex
 10
364.528041
 20
118.314699
 30
0.0
 70
0
  0
VERTEX
  5
438
330
432
100
AcDbEntity
  8
Layer 1
100
AcDbVertex
100
AcDb2dVertex
 10
366.728099
 20
119.715215
 30
0.0
 70
0
  0
VERTEX
  5
439
330
432
100
AcDbEntity
  8
Layer 1
100
AcDbVertex
100
AcDb2dVertex
 10
368.732468
 20
121.253865
 30
0.0
 70
0
  0
VERTEX
  5
43A
330
432
100
AcDbEntity
  8
Layer 1
100
AcDbVertex
100
AcDb2dVertex
 10
370.584315
 20
122.907625
 30
0.0
 70
0
  0
VERTEX
  5
43B
330
432
100
AcDbEntity
  8
Layer 1
100
AcDbVertex
100
AcDb2dVertex
 10
374.00311
 20
126.46839
 30
0.0
 70
0
  0
VERTEX
  5
43C
330
432
100
AcDbEntity
  8
Layer 1
100
AcDbVertex
100
AcDb2dVertex
 10
372.268772
 20
125.427595
 30
0.0
 70
0
  0
VERTEX
  5
43D
330
432
100
AcDbEntity
  8
Layer 1
100
AcDbVertex
100
AcDb2dVertex
 10
369.659591
 20
124.358023
 30
0.0
 70
0
  0
VERTEX
  5
43E
330
432
100
AcDbEntity
  8
Layer 1
100
AcDbVertex
100
AcDb2dVertex
 10
363.013852
 20
122.2937
 30
0.0
 70
0
  0
VERTEX
  5
43F
330
432
100
AcDbEntity
  8
Layer 1
100
AcDbVertex
100
AcDb2dVertex
 10
352.39295
 20
119.59243
 30
0.0
 70
0
  0
VERTEX
  5
440
330
432
100
AcDbEntity
  8
Layer 1
100
AcDbVertex
100
AcDb2dVertex
 10
347.23598
 20
113.94432
 30
0.0
 70
0
  0
VERTEX
  5
441
330
432
100
AcDbEntity
  8
Layer 1
100
AcDbVertex
100
AcDb2dVertex
 10
351.502759
 20
114.281979
 30
0.0
 70
0
  0
VERTEX
  5
442
330
432
100
AcDbEntity
  8
Layer 1
100
AcDbVertex
100
AcDb2dVertex
 10
356.32207
 20
115.17217
 30
0.0
 70
0
  0
SEQEND
  5
443
330
A3F
100
AcDbEntity
  8
Layer 1
  0
POLYLINE
  5
444
330
A3F
100
AcDbEntity
  8
Layer 1
 62
7
100
AcDb2dPolyline
 66
1
 10
0.0
 20
0.0
 30
0.0
 70
0
  0
VERTEX
  5
446
330
444
100
AcDbEntity
  8
Layer 1
100
AcDbVertex
100
AcDb2dVertex
 10
340.85116
 20
174.10897
 30
0.0
 70
0
  0
VERTEX
  5
447
330
444
100
AcDbEntity
  8
Layer 1
100
AcDbVertex
100
AcDb2dVertex
 10
337.993351
 20
173.613873
 30
0.0
 70
0
  0
VERTEX
  5
448
330
444
100
AcDbEntity
  8
Layer 1
100
AcDbVertex
100
AcDb2dVertex
 10
335.312885
 20
172.887835
 30
0.0
 70
0
  0
VERTEX
  5
449
330
444
100
AcDbEntity
  8
Layer 1
100
AcDbVertex
100
AcDb2dVertex
 10
332.808683
 20
171.964669
 30
0.0
 70
0
  0
VERTEX
  5
44A
330
444
100
AcDbEntity
  8
Layer 1
100
AcDbVertex
100
AcDb2dVertex
 10
330.479665
 20
170.87819
 30
0.0
 70
0
  0
VERTEX
  5
44B
330
444
100
AcDbEntity
  8
Layer 1
100
AcDbVertex
100
AcDb2dVertex
 10
328.324752
 20
169.662211
 30
0.0
 70
0
  0
VERTEX
  5
44C
330
444
100
AcDbEntity
  8
Layer 1
100
AcDbVertex
100
AcDb2dVertex
 10
326.342865
 20
168.350545
 30
0.0
 70
0
  0
VERTEX
  5
44D
330
444
100
AcDbEntity
  8
Layer 1
100
AcDbVertex
100
AcDb2dVertex
 10
322.893854
 20
165.575412
 30
0.0
 70
0
  0
VERTEX
  5
44E
330
444
100
AcDbEntity
  8
Layer 1
100
AcDbVertex
100
AcDb2dVertex
 10
320.123997
 20
162.823302
 30
0.0
 70
0
  0
VERTEX
  5
44F
330
444
100
AcDbEntity
  8
Layer 1
100
AcDbVertex
100
AcDb2dVertex
 10
318.024661
 20
160.364724
 30
0.0
 70
0
  0
VERTEX
  5
450
330
444
100
AcDbEntity
  8
Layer 1
100
AcDbVertex
100
AcDb2dVertex
 10
315.80302
 20
157.41021
 30
0.0
 70
0
  0
VERTEX
  5
451
330
444
100
AcDbEntity
  8
Layer 1
100
AcDbVertex
100
AcDb2dVertex
 10
318.070226
 20
159.192991
 30
0.0
 70
0
  0
VERTEX
  5
452
330
444
100
AcDbEntity
  8
Layer 1
100
AcDbVertex
100
AcDb2dVertex
 10
320.449665
 20
160.852027
 30
0.0
 70
0
  0
VERTEX
  5
453
330
444
100
AcDbEntity
  8
Layer 1
100
AcDbVertex
100
AcDb2dVertex
 10
322.938459
 20
162.378686
 30
0.0
 70
0
  0
VERTEX
  5
454
330
444
100
AcDbEntity
  8
Layer 1
100
AcDbVertex
100
AcDb2dVertex
 10
325.533731
 20
163.764334
 30
0.0
 70
0
  0
VERTEX
  5
455
330
444
100
AcDbEntity
  8
Layer 1
100
AcDbVertex
100
AcDb2dVertex
 10
328.232603
 20
165.000337
 30
0.0
 70
0
  0
VERTEX
  5
456
330
444
100
AcDbEntity
  8
Layer 1
100
AcDbVertex
100
AcDb2dVertex
 10
331.032197
 20
166.078064
 30
0.0
 70
0
  0
VERTEX
  5
457
330
444
100
AcDbEntity
  8
Layer 1
100
AcDbVertex
100
AcDb2dVertex
 10
333.929635
 20
166.988879
 30
0.0
 70
0
  0
VERTEX
  5
458
330
444
100
AcDbEntity
  8
Layer 1
100
AcDbVertex
100
AcDb2dVertex
 10
336.92204
 20
167.72415
 30
0.0
 70
0
  0
VERTEX
  5
459
330
444
100
AcDbEntity
  8
Layer 1
100
AcDbVertex
100
AcDb2dVertex
 10
340.529809
 20
168.476088
 30
0.0
 70
0
  0
VERTEX
  5
45A
330
444
100
AcDbEntity
  8
Layer 1
100
AcDbVertex
100
AcDb2dVertex
 10
344.074266
 20
168.985574
 30
0.0
 70
0
  0
VERTEX
  5
45B
330
444
100
AcDbEntity
  8
Layer 1
100
AcDbVertex
100
AcDb2dVertex
 10
347.549657
 20
169.257644
 30
0.0
 70
0
  0
VERTEX
  5
45C
330
444
100
AcDbEntity
  8
Layer 1
100
AcDbVertex
100
AcDb2dVertex
 10
350.950226
 20
169.297333
 30
0.0
 70
0
  0
VERTEX
  5
45D
330
444
100
AcDbEntity
  8
Layer 1
100
AcDbVertex
100
AcDb2dVertex
 10
354.270218
 20
169.109678
 30
0.0
 70
0
  0
VERTEX
  5
45E
330
444
100
AcDbEntity
  8
Layer 1
100
AcDbVertex
100
AcDb2dVertex
 10
357.503876
 20
168.699715
 30
0.0
 70
0
  0
VERTEX
  5
45F
330
444
100
AcDbEntity
  8
Layer 1
100
AcDbVertex
100
AcDb2dVertex
 10
360.645445
 20
168.07248
 30
0.0
 70
0
  0
VERTEX
  5
460
330
444
100
AcDbEntity
  8
Layer 1
100
AcDbVertex
100
AcDb2dVertex
 10
363.68917
 20
167.23301
 30
0.0
 70
0
  0
VERTEX
  5
461
330
444
100
AcDbEntity
  8
Layer 1
100
AcDbVertex
100
AcDb2dVertex
 10
366.629295
 20
166.18634
 30
0.0
 70
0
  0
VERTEX
  5
462
330
444
100
AcDbEntity
  8
Layer 1
100
AcDbVertex
100
AcDb2dVertex
 10
369.460065
 20
164.937506
 30
0.0
 70
0
  0
VERTEX
  5
463
330
444
100
AcDbEntity
  8
Layer 1
100
AcDbVertex
100
AcDb2dVertex
 10
372.175724
 20
163.491545
 30
0.0
 70
0
  0
VERTEX
  5
464
330
444
100
AcDbEntity
  8
Layer 1
100
AcDbVertex
100
AcDb2dVertex
 10
374.770516
 20
161.853492
 30
0.0
 70
0
  0
VERTEX
  5
465
330
444
100
AcDbEntity
  8
Layer 1
100
AcDbVertex
100
AcDb2dVertex
 10
377.238687
 20
160.028384
 30
0.0
 70
0
  0
VERTEX
  5
466
330
444
100
AcDbEntity
  8
Layer 1
100
AcDbVertex
100
AcDb2dVertex
 10
379.574479
 20
158.021257
 30
0.0
 70
0
  0
VERTEX
  5
467
330
444
100
AcDbEntity
  8
Layer 1
100
AcDbVertex
100
AcDb2dVertex
 10
381.772139
 20
155.837147
 30
0.0
 70
0
  0
VERTEX
  5
468
330
444
100
AcDbEntity
  8
Layer 1
100
AcDbVertex
100
AcDb2dVertex
 10
383.82591
 20
153.48109
 30
0.0
 70
0
  0
VERTEX
  5
469
330
444
100
AcDbEntity
  8
Layer 1
100
AcDbVertex
100
AcDb2dVertex
 10
390.4563
 20
158.88363
 30
0.0
 70
0
  0
VERTEX
  5
46A
330
444
100
AcDbEntity
  8
Layer 1
100
AcDbVertex
100
AcDb2dVertex
 10
388.372192
 20
161.21025
 30
0.0
 70
0
  0
VERTEX
  5
46B
330
444
100
AcDbEntity
  8
Layer 1
100
AcDbVertex
100
AcDb2dVertex
 10
386.088799
 20
163.395499
 30
0.0
 70
0
  0
VERTEX
  5
46C
330
444
100
AcDbEntity
  8
Layer 1
100
AcDbVertex
100
AcDb2dVertex
 10
383.619789
 20
165.430385
 30
0.0
 70
0
  0
VERTEX
  5
46D
330
444
100
AcDbEntity
  8
Layer 1
100
AcDbVertex
100
AcDb2dVertex
 10
380.978833
 20
167.305914
 30
0.0
 70
0
  0
VERTEX
  5
46E
330
444
100
AcDbEntity
  8
Layer 1
100
AcDbVertex
100
AcDb2dVertex
 10
378.179599
 20
169.013093
 30
0.0
 70
0
  0
VERTEX
  5
46F
330
444
100
AcDbEntity
  8
Layer 1
100
AcDbVertex
100
AcDb2dVertex
 10
375.235756
 20
170.542929
 30
0.0
 70
0
  0
VERTEX
  5
470
330
444
100
AcDbEntity
  8
Layer 1
100
AcDbVertex
100
AcDb2dVertex
 10
372.160975
 20
171.88643
 30
0.0
 70
0
  0
VERTEX
  5
471
330
444
100
AcDbEntity
  8
Layer 1
100
AcDbVertex
100
AcDb2dVertex
 10
368.968925
 20
173.034601
 30
0.0
 70
0
  0
VERTEX
  5
472
330
444
100
AcDbEntity
  8
Layer 1
100
AcDbVertex
100
AcDb2dVertex
 10
365.673275
 20
173.978451
 30
0.0
 70
0
  0
VERTEX
  5
473
330
444
100
AcDbEntity
  8
Layer 1
100
AcDbVertex
100
AcDb2dVertex
 10
362.287694
 20
174.708986
 30
0.0
 70
0
  0
VERTEX
  5
474
330
444
100
AcDbEntity
  8
Layer 1
100
AcDbVertex
100
AcDb2dVertex
 10
358.825853
 20
175.217213
 30
0.0
 70
0
  0
VERTEX
  5
475
330
444
100
AcDbEntity
  8
Layer 1
100
AcDbVertex
100
AcDb2dVertex
 10
355.30142
 20
175.494138
 30
0.0
 70
0
  0
VERTEX
  5
476
330
444
100
AcDbEntity
  8
Layer 1
100
AcDbVertex
100
AcDb2dVertex
 10
351.728064
 20
175.53077
 30
0.0
 70
0
  0
VERTEX
  5
477
330
444
100
AcDbEntity
  8
Layer 1
100
AcDbVertex
100
AcDb2dVertex
 10
348.119456
 20
175.318114
 30
0.0
 70
0
  0
VERTEX
  5
478
330
444
100
AcDbEntity
  8
Layer 1
100
AcDbVertex
100
AcDb2dVertex
 10
344.489265
 20
174.847179
 30
0.0
 70
0
  0
VERTEX
  5
479
330
444
100
AcDbEntity
  8
Layer 1
100
AcDbVertex
100
AcDb2dVertex
 10
340.85116
 20
174.10897
 30
0.0
 70
0
  0
SEQEND
  5
47A
330
A3F
100
AcDbEntity
  8
Layer 1
  0
POLYLINE
  5
47B
330
A3F
100
AcDbEntity
  8
Layer 1
 62
7
100
AcDb2dPolyline
 66
1
 10
0.0
 20
0.0
 30
0.0
 70
0
  0
VERTEX
  5
47D
330
47B
100
AcDbEntity
  8
Layer 1
100
AcDbVertex
100
AcDb2dVertex
 10
393.40314
 20
110.0152
 30
0.0
 70
0
  0
VERTEX
  5
47E
330
47B
100
AcDbEntity
  8
Layer 1
100
AcDbVertex
100
AcDb2dVertex
 10
396.963905
 20
112.409507
 30
0.0
 70
0
  0
VERTEX
  5
47F
330
47B
100
AcDbEntity
  8
Layer 1
100
AcDbVertex
100
AcDb2dVertex
 10
398.859398
 20
113.744794
 30
0.0
 70
0
  0
VERTEX
  5
480
330
47B
100
AcDbEntity
  8
Layer 1
100
AcDbVertex
100
AcDb2dVertex
 10
400.52467
 20
115.17217
 30
0.0
 70
0
  0
VERTEX
  5
481
330
47B
100
AcDbEntity
  8
Layer 1
100
AcDbVertex
100
AcDb2dVertex
 10
379.65122
 20
133.83549
 30
0.0
 70
0
  0
VERTEX
  5
482
330
47B
100
AcDbEntity
  8
Layer 1
100
AcDbVertex
100
AcDb2dVertex
 10
378.434881
 20
132.177892
 30
0.0
 70
0
  0
VERTEX
  5
483
330
47B
100
AcDbEntity
  8
Layer 1
100
AcDbVertex
100
AcDb2dVertex
 10
377.287609
 20
130.336118
 30
0.0
 70
0
  0
VERTEX
  5
484
330
47B
100
AcDbEntity
  8
Layer 1
100
AcDbVertex
100
AcDb2dVertex
 10
376.094292
 20
128.586431
 30
0.0
 70
0
  0
VERTEX
  5
485
330
47B
100
AcDbEntity
  8
Layer 1
100
AcDbVertex
100
AcDb2dVertex
 10
374.73982
 20
127.2051
 30
0.0
 70
0
  0
VERTEX
  5
486
330
47B
100
AcDbEntity
  8
Layer 1
100
AcDbVertex
100
AcDb2dVertex
 10
393.40314
 20
110.0152
 30
0.0
 70
0
  0
SEQEND
  5
488
330
A3F
100
AcDbEntity
  8
Layer 1
  0
POLYLINE
  5
489
330
A3F
100
AcDbEntity
  8
Layer 1
 62
7
100
AcDb2dPolyline
 66
1
 10
0.0
 20
0.0
 30
0.0
 70
0
  0
VERTEX
  5
48B
330
489
100
AcDbEntity
  8
Layer 1
100
AcDbVertex
100
AcDb2dVertex
 10
500.71723
 20
59.91892
 30
0.0
 70
0
  0
VERTEX
  5
48C
330
489
100
AcDbEntity
  8
Layer 1
100
AcDbVertex
100
AcDb2dVertex
 10
498.735471
 20
61.680852
 30
0.0
 70
0
  0
VERTEX
  5
48D
330
489
100
AcDbEntity
  8
Layer 1
100
AcDbVertex
100
AcDb2dVertex
 10
496.886494
 20
63.553668
 30
0.0
 70
0
  0
VERTEX
  5
48E
330
489
100
AcDbEntity
  8
Layer 1
100
AcDbVertex
100
AcDb2dVertex
 10
495.167826
 20
65.528825
 30
0.0
 70
0
  0
VERTEX
  5
48F
330
489
100
AcDbEntity
  8
Layer 1
100
AcDbVertex
100
AcDb2dVertex
 10
493.576994
 20
67.597779
 30
0.0
 70
0
  0
VERTEX
  5
490
330
489
100
AcDbEntity
  8
Layer 1
100
AcDbVertex
100
AcDb2dVertex
 10
490.768947
 20
71.982906
 30
0.0
 70
0
  0
VERTEX
  5
491
330
489
100
AcDbEntity
  8
Layer 1
100
AcDbVertex
100
AcDb2dVertex
 10
488.442567
 20
76.640702
 30
0.0
 70
0
  0
VERTEX
  5
492
330
489
100
AcDbEntity
  8
Layer 1
100
AcDbVertex
100
AcDb2dVertex
 10
486.57807
 20
81.50282
 30
0.0
 70
0
  0
VERTEX
  5
493
330
489
100
AcDbEntity
  8
Layer 1
100
AcDbVertex
100
AcDb2dVertex
 10
485.15567
 20
86.500913
 30
0.0
 70
0
  0
VERTEX
  5
494
330
489
100
AcDbEntity
  8
Layer 1
100
AcDbVertex
100
AcDb2dVertex
 10
484.155584
 20
91.566634
 30
0.0
 70
0
  0
VERTEX
  5
495
330
489
100
AcDbEntity
  8
Layer 1
100
AcDbVertex
100
AcDb2dVertex
 10
483.558026
 20
96.631635
 30
0.0
 70
0
  0
VERTEX
  5
496
330
489
100
AcDbEntity
  8
Layer 1
100
AcDbVertex
100
AcDb2dVertex
 10
483.343212
 20
101.62757
 30
0.0
 70
0
  0
VERTEX
  5
497
330
489
100
AcDbEntity
  8
Layer 1
100
AcDbVertex
100
AcDb2dVertex
 10
483.491358
 20
106.486091
 30
0.0
 70
0
  0
VERTEX
  5
498
330
489
100
AcDbEntity
  8
Layer 1
100
AcDbVertex
100
AcDb2dVertex
 10
483.982678
 20
111.138851
 30
0.0
 70
0
  0
VERTEX
  5
499
330
489
100
AcDbEntity
  8
Layer 1
100
AcDbVertex
100
AcDb2dVertex
 10
484.797387
 20
115.517503
 30
0.0
 70
0
  0
VERTEX
  5
49A
330
489
100
AcDbEntity
  8
Layer 1
100
AcDbVertex
100
AcDb2dVertex
 10
485.915702
 20
119.5537
 30
0.0
 70
0
  0
VERTEX
  5
49B
330
489
100
AcDbEntity
  8
Layer 1
100
AcDbVertex
100
AcDb2dVertex
 10
487.317837
 20
123.179095
 30
0.0
 70
0
  0
VERTEX
  5
49C
330
489
100
AcDbEntity
  8
Layer 1
100
AcDbVertex
100
AcDb2dVertex
 10
488.984008
 20
126.325341
 30
0.0
 70
0
  0
VERTEX
  5
49D
330
489
100
AcDbEntity
  8
Layer 1
100
AcDbVertex
100
AcDb2dVertex
 10
490.89443
 20
128.92409
 30
0.0
 70
0
  0
VERTEX
  5
49E
330
489
100
AcDbEntity
  8
Layer 1
100
AcDbVertex
100
AcDb2dVertex
 10
481.3172
 20
189.57988
 30
0.0
 70
0
  0
VERTEX
  5
49F
330
489
100
AcDbEntity
  8
Layer 1
100
AcDbVertex
100
AcDb2dVertex
 10
460.19818
 20
186.87861
 30
0.0
 70
0
  0
VERTEX
  5
4A0
330
489
100
AcDbEntity
  8
Layer 1
100
AcDbVertex
100
AcDb2dVertex
 10
459.2159
 20
181.47607
 30
0.0
 70
0
  0
VERTEX
  5
4A1
330
489
100
AcDbEntity
  8
Layer 1
100
AcDbVertex
100
AcDb2dVertex
 10
475.17795
 20
181.47607
 30
0.0
 70
0
  0
VERTEX
  5
4A2
330
489
100
AcDbEntity
  8
Layer 1
100
AcDbVertex
100
AcDb2dVertex
 10
483.7729
 20
126.46839
 30
0.0
 70
0
  0
VERTEX
  5
4A3
330
489
100
AcDbEntity
  8
Layer 1
100
AcDbVertex
100
AcDb2dVertex
 10
481.813856
 20
124.118568
 30
0.0
 70
0
  0
VERTEX
  5
4A4
330
489
100
AcDbEntity
  8
Layer 1
100
AcDbVertex
100
AcDb2dVertex
 10
479.991506
 20
121.678816
 30
0.0
 70
0
  0
VERTEX
  5
4A5
330
489
100
AcDbEntity
  8
Layer 1
100
AcDbVertex
100
AcDb2dVertex
 10
478.310167
 20
119.157047
 30
0.0
 70
0
  0
VERTEX
  5
4A6
330
489
100
AcDbEntity
  8
Layer 1
100
AcDbVertex
100
AcDb2dVertex
 10
476.774155
 20
116.561175
 30
0.0
 70
0
  0
VERTEX
  5
4A7
330
489
100
AcDbEntity
  8
Layer 1
100
AcDbVertex
100
AcDb2dVertex
 10
475.387788
 20
113.899115
 30
0.0
 70
0
  0
VERTEX
  5
4A8
330
489
100
AcDbEntity
  8
Layer 1
100
AcDbVertex
100
AcDb2dVertex
 10
474.155381
 20
111.17878
 30
0.0
 70
0
  0
VERTEX
  5
4A9
330
489
100
AcDbEntity
  8
Layer 1
100
AcDbVertex
100
AcDb2dVertex
 10
473.081252
 20
108.408083
 30
0.0
 70
0
  0
VERTEX
  5
4AA
330
489
100
AcDbEntity
  8
Layer 1
100
AcDbVertex
100
AcDb2dVertex
 10
472.169717
 20
105.59494
 30
0.0
 70
0
  0
VERTEX
  5
4AB
330
489
100
AcDbEntity
  8
Layer 1
100
AcDbVertex
100
AcDb2dVertex
 10
471.425094
 20
102.747263
 30
0.0
 70
0
  0
VERTEX
  5
4AC
330
489
100
AcDbEntity
  8
Layer 1
100
AcDbVertex
100
AcDb2dVertex
 10
470.851697
 20
99.872967
 30
0.0
 70
0
  0
VERTEX
  5
4AD
330
489
100
AcDbEntity
  8
Layer 1
100
AcDbVertex
100
AcDb2dVertex
 10
470.453845
 20
96.979965
 30
0.0
 70
0
  0
VERTEX
  5
4AE
330
489
100
AcDbEntity
  8
Layer 1
100
AcDbVertex
100
AcDb2dVertex
 10
470.235854
 20
94.076172
 30
0.0
 70
0
  0
VERTEX
  5
4AF
330
489
100
AcDbEntity
  8
Layer 1
100
AcDbVertex
100
AcDb2dVertex
 10
470.20204
 20
91.169501
 30
0.0
 70
0
  0
VERTEX
  5
4B0
330
489
100
AcDbEntity
  8
Layer 1
100
AcDbVertex
100
AcDb2dVertex
 10
470.35672
 20
88.267866
 30
0.0
 70
0
  0
VERTEX
  5
4B1
330
489
100
AcDbEntity
  8
Layer 1
100
AcDbVertex
100
AcDb2dVertex
 10
470.704211
 20
85.379181
 30
0.0
 70
0
  0
VERTEX
  5
4B2
330
489
100
AcDbEntity
  8
Layer 1
100
AcDbVertex
100
AcDb2dVertex
 10
471.24883
 20
82.51136
 30
0.0
 70
0
  0
VERTEX
  5
4B3
330
489
100
AcDbEntity
  8
Layer 1
100
AcDbVertex
100
AcDb2dVertex
 10
472.47716
 20
78.209089
 30
0.0
 70
0
  0
VERTEX
  5
4B4
330
489
100
AcDbEntity
  8
Layer 1
100
AcDbVertex
100
AcDb2dVertex
 10
474.122766
 20
74.154306
 30
0.0
 70
0
  0
VERTEX
  5
4B5
330
489
100
AcDbEntity
  8
Layer 1
100
AcDbVertex
100
AcDb2dVertex
 10
476.165506
 20
70.364278
 30
0.0
 70
0
  0
VERTEX
  5
4B6
330
489
100
AcDbEntity
  8
Layer 1
100
AcDbVertex
100
AcDb2dVertex
 10
478.585234
 20
66.856273
 30
0.0
 70
0
  0
VERTEX
  5
4B7
330
489
100
AcDbEntity
  8
Layer 1
100
AcDbVertex
100
AcDb2dVertex
 10
481.361805
 20
63.647555
 30
0.0
 70
0
  0
VERTEX
  5
4B8
330
489
100
AcDbEntity
  8
Layer 1
100
AcDbVertex
100
AcDb2dVertex
 10
484.475077
 20
60.755393
 30
0.0
 70
0
  0
VERTEX
  5
4B9
330
489
100
AcDbEntity
  8
Layer 1
100
AcDbVertex
100
AcDb2dVertex
 10
487.904903
 20
58.197052
 30
0.0
 70
0
  0
VERTEX
  5
4BA
330
489
100
AcDbEntity
  8
Layer 1
100
AcDbVertex
100
AcDb2dVertex
 10
491.63114
 20
55.9898
 30
0.0
 70
0
  0
VERTEX
  5
4BB
330
489
100
AcDbEntity
  8
Layer 1
100
AcDbVertex
100
AcDb2dVertex
 10
494.82355
 20
54.51638
 30
0.0
 70
0
  0
VERTEX
  5
4BC
330
489
100
AcDbEntity
  8
Layer 1
100
AcDbVertex
100
AcDb2dVertex
 10
495.06912
 20
53.77967
 30
0.0
 70
0
  0
VERTEX
  5
4BD
330
489
100
AcDbEntity
  8
Layer 1
100
AcDbVertex
100
AcDb2dVertex
 10
501.45394
 20
52.79739
 30
0.0
 70
0
  0
VERTEX
  5
4BE
330
489
100
AcDbEntity
  8
Layer 1
100
AcDbVertex
100
AcDb2dVertex
 10
501.407896
 20
53.737463
 30
0.0
 70
0
  0
VERTEX
  5
4BF
330
489
100
AcDbEntity
  8
Layer 1
100
AcDbVertex
100
AcDb2dVertex
 10
501.45394
 20
56.081889
 30
0.0
 70
0
  0
VERTEX
  5
4C0
330
489
100
AcDbEntity
  8
Layer 1
100
AcDbVertex
100
AcDb2dVertex
 10
501.315807
 20
58.564448
 30
0.0
 70
0
  0
VERTEX
  5
4C1
330
489
100
AcDbEntity
  8
Layer 1
100
AcDbVertex
100
AcDb2dVertex
 10
501.091341
 20
59.461834
 30
0.0
 70
0
  0
VERTEX
  5
4C2
330
489
100
AcDbEntity
  8
Layer 1
100
AcDbVertex
100
AcDb2dVertex
 10
500.71723
 20
59.91892
 30
0.0
 70
0
  0
SEQEND
  5
4C4
330
A3F
100
AcDbEntity
  8
Layer 1
  0
POLYLINE
  5
4C5
330
A3F
100
AcDbEntity
  8
Layer 1
 62
7
100
AcDb2dPolyline
 66
1
 10
0.0
 20
0.0
 30
0.0
 70
0
  0
VERTEX
  5
4C7
330
4C5
100
AcDbEntity
  8
Layer 1
100
AcDbVertex
100
AcDb2dVertex
 10
416.48672
 20
180.73936
 30
0.0
 70
0
  0
VERTEX
  5
4C8
330
4C5
100
AcDbEntity
  8
Layer 1
100
AcDbVertex
100
AcDb2dVertex
 10
415.50444
 20
175.33682
 30
0.0
 70
0
  0
VERTEX
  5
4C9
330
4C5
100
AcDbEntity
  8
Layer 1
100
AcDbVertex
100
AcDb2dVertex
 10
439.5703
 20
175.33682
 30
0.0
 70
0
  0
VERTEX
  5
4CA
330
4C5
100
AcDbEntity
  8
Layer 1
100
AcDbVertex
100
AcDb2dVertex
 10
446.69183
 20
136.29119
 30
0.0
 70
0
  0
VERTEX
  5
4CB
330
4C5
100
AcDbEntity
  8
Layer 1
100
AcDbVertex
100
AcDb2dVertex
 10
452.09437
 20
141.69373
 30
0.0
 70
0
  0
VERTEX
  5
4CC
330
4C5
100
AcDbEntity
  8
Layer 1
100
AcDbVertex
100
AcDb2dVertex
 10
446.44626
 20
182.94949
 30
0.0
 70
0
  0
VERTEX
  5
4CD
330
4C5
100
AcDbEntity
  8
Layer 1
100
AcDbVertex
100
AcDb2dVertex
 10
416.48672
 20
180.73936
 30
0.0
 70
0
  0
SEQEND
  5
4CE
330
A3F
100
AcDbEntity
  8
Layer 1
  0
POLYLINE
  5
4CF
330
A3F
100
AcDbEntity
  8
Layer 1
 62
7
100
AcDb2dPolyline
 66
1
 10
0.0
 20
0.0
 30
0.0
 70
0
  0
VERTEX
  5
4D1
330
4CF
100
AcDbEntity
  8
Layer 1
100
AcDbVertex
100
AcDb2dVertex
 10
457.74248
 20
105.1038
 30
0.0
 70
0
  0
VERTEX
  5
4D2
330
4CF
100
AcDbEntity
  8
Layer 1
100
AcDbVertex
100
AcDb2dVertex
 10
449.88424
 20
84.96706
 30
0.0
 70
0
  0
VERTEX
  5
4D3
330
4CF
100
AcDbEntity
  8
Layer 1
100
AcDbVertex
100
AcDb2dVertex
 10
451.8488
 20
79.56452
 30
0.0
 70
0
  0
VERTEX
  5
4D4
330
4CF
100
AcDbEntity
  8
Layer 1
100
AcDbVertex
100
AcDb2dVertex
 10
462.89945
 20
110.26077
 30
0.0
 70
0
  0
VERTEX
  5
4D5
330
4CF
100
AcDbEntity
  8
Layer 1
100
AcDbVertex
100
AcDb2dVertex
 10
457.74248
 20
105.1038
 30
0.0
 70
0
  0
SEQEND
  5
4D6
330
A3F
100
AcDbEntity
  8
Layer 1
  0
POLYLINE
  5
4D7
330
A3F
100
AcDbEntity
  8
Layer 1
 62
7
100
AcDb2dPolyline
 66
1
 10
0.0
 20
0.0
 30
0.0
 70
0
  0
VERTEX
  5
4D9
330
4D7
100
AcDbEntity
  8
Layer 1
100
AcDbVertex
100
AcDb2dVertex
 10
434.6589
 20
117.62787
 30
0.0
 70
0
  0
VERTEX
  5
4DA
330
4D7
100
AcDbEntity
  8
Layer 1
100
AcDbVertex
100
AcDb2dVertex
 10
429.25636
 20
112.22533
 30
0.0
 70
0
  0
VERTEX
  5
4DB
330
4D7
100
AcDbEntity
  8
Layer 1
100
AcDbVertex
100
AcDb2dVertex
 10
423.36268
 20
75.88097
 30
0.0
 70
0
  0
VERTEX
  5
4DC
330
4D7
100
AcDbEntity
  8
Layer 1
100
AcDbVertex
100
AcDb2dVertex
 10
429.01079
 20
73.91641
 30
0.0
 70
0
  0
VERTEX
  5
4DD
330
4D7
100
AcDbEntity
  8
Layer 1
100
AcDbVertex
100
AcDb2dVertex
 10
434.6589
 20
117.62787
 30
0.0
 70
0
  0
SEQEND
  5
4DE
330
A3F
100
AcDbEntity
  8
Layer 1
  0
POLYLINE
  5
4DF
330
A3F
100
AcDbEntity
  8
Layer 1
 62
7
100
AcDb2dPolyline
 66
1
 10
0.0
 20
0.0
 30
0.0
 70
0
  0
VERTEX
  5
4E1
330
4DF
100
AcDbEntity
  8
Layer 1
100
AcDbVertex
100
AcDb2dVertex
 10
542.95527
 20
129.41523
 30
0.0
 70
0
  0
VERTEX
  5
4E2
330
4DF
100
AcDbEntity
  8
Layer 1
100
AcDbVertex
100
AcDb2dVertex
 10
545.253652
 20
127.623336
 30
0.0
 70
0
  0
VERTEX
  5
4E3
330
4DF
100
AcDbEntity
  8
Layer 1
100
AcDbVertex
100
AcDb2dVertex
 10
547.344834
 20
125.578199
 30
0.0
 70
0
  0
VERTEX
  5
4E4
330
4DF
100
AcDbEntity
  8
Layer 1
100
AcDbVertex
100
AcDb2dVertex
 10
549.205794
 20
123.302839
 30
0.0
 70
0
  0
VERTEX
  5
4E5
330
4DF
100
AcDbEntity
  8
Layer 1
100
AcDbVertex
100
AcDb2dVertex
 10
550.81351
 20
120.82028
 30
0.0
 70
0
  0
VERTEX
  5
4E6
330
4DF
100
AcDbEntity
  8
Layer 1
100
AcDbVertex
100
AcDb2dVertex
 10
551.97613
 20
118.782816
 30
0.0
 70
0
  0
VERTEX
  5
4E7
330
4DF
100
AcDbEntity
  8
Layer 1
100
AcDbVertex
100
AcDb2dVertex
 10
552.931551
 20
116.676286
 30
0.0
 70
0
  0
VERTEX
  5
4E8
330
4DF
100
AcDbEntity
  8
Layer 1
100
AcDbVertex
100
AcDb2dVertex
 10
554.49706
 20
111.97976
 30
0.0
 70
0
  0
VERTEX
  5
4E9
330
4DF
100
AcDbEntity
  8
Layer 1
100
AcDbVertex
100
AcDb2dVertex
 10
555.238087
 20
107.807468
 30
0.0
 70
0
  0
VERTEX
  5
4EA
330
4DF
100
AcDbEntity
  8
Layer 1
100
AcDbVertex
100
AcDb2dVertex
 10
555.452481
 20
103.603521
 30
0.0
 70
0
  0
VERTEX
  5
4EB
330
4DF
100
AcDbEntity
  8
Layer 1
100
AcDbVertex
100
AcDb2dVertex
 10
555.166142
 20
99.405329
 30
0.0
 70
0
  0
VERTEX
  5
4EC
330
4DF
100
AcDbEntity
  8
Layer 1
100
AcDbVertex
100
AcDb2dVertex
 10
554.404971
 20
95.250304
 30
0.0
 70
0
  0
VERTEX
  5
4ED
330
4DF
100
AcDbEntity
  8
Layer 1
100
AcDbVertex
100
AcDb2dVertex
 10
553.194868
 20
91.175856
 30
0.0
 70
0
  0
VERTEX
  5
4EE
330
4DF
100
AcDbEntity
  8
Layer 1
100
AcDbVertex
100
AcDb2dVertex
 10
551.561731
 20
87.219397
 30
0.0
 70
0
  0
VERTEX
  5
4EF
330
4DF
100
AcDbEntity
  8
Layer 1
100
AcDbVertex
100
AcDb2dVertex
 10
549.531462
 20
83.418338
 30
0.0
 70
0
  0
VERTEX
  5
4F0
330
4DF
100
AcDbEntity
  8
Layer 1
100
AcDbVertex
100
AcDb2dVertex
 10
547.12996
 20
79.81009
 30
0.0
 70
0
  0
VERTEX
  5
4F1
330
4DF
100
AcDbEntity
  8
Layer 1
100
AcDbVertex
100
AcDb2dVertex
 10
546.024895
 20
78.367366
 30
0.0
 70
0
  0
VERTEX
  5
4F2
330
4DF
100
AcDbEntity
  8
Layer 1
100
AcDbVertex
100
AcDb2dVertex
 10
544.91983
 20
77.10882
 30
0.0
 70
0
  0
VERTEX
  5
4F3
330
4DF
100
AcDbEntity
  8
Layer 1
100
AcDbVertex
100
AcDb2dVertex
 10
547.223488
 20
79.070982
 30
0.0
 70
0
  0
VERTEX
  5
4F4
330
4DF
100
AcDbEntity
  8
Layer 1
100
AcDbVertex
100
AcDb2dVertex
 10
549.124797
 20
80.800104
 30
0.0
 70
0
  0
VERTEX
  5
4F5
330
4DF
100
AcDbEntity
  8
Layer 1
100
AcDbVertex
100
AcDb2dVertex
 10
551.331509
 20
82.998663
 30
0.0
 70
0
  0
VERTEX
  5
4F6
330
4DF
100
AcDbEntity
  8
Layer 1
100
AcDbVertex
100
AcDb2dVertex
 10
553.697938
 20
85.644716
 30
0.0
 70
0
  0
VERTEX
  5
4F7
330
4DF
100
AcDbEntity
  8
Layer 1
100
AcDbVertex
100
AcDb2dVertex
 10
556.078397
 20
88.716319
 30
0.0
 70
0
  0
VERTEX
  5
4F8
330
4DF
100
AcDbEntity
  8
Layer 1
100
AcDbVertex
100
AcDb2dVertex
 10
558.327197
 20
92.19153
 30
0.0
 70
0
  0
VERTEX
  5
4F9
330
4DF
100
AcDbEntity
  8
Layer 1
100
AcDbVertex
100
AcDb2dVertex
 10
560.298651
 20
96.048406
 30
0.0
 70
0
  0
VERTEX
  5
4FA
330
4DF
100
AcDbEntity
  8
Layer 1
100
AcDbVertex
100
AcDb2dVertex
 10
561.134847
 20
98.113111
 30
0.0
 70
0
  0
VERTEX
  5
4FB
330
4DF
100
AcDbEntity
  8
Layer 1
100
AcDbVertex
100
AcDb2dVertex
 10
561.847073
 20
100.265004
 30
0.0
 70
0
  0
VERTEX
  5
4FC
330
4DF
100
AcDbEntity
  8
Layer 1
100
AcDbVertex
100
AcDb2dVertex
 10
562.41712
 20
102.501341
 30
0.0
 70
0
  0
VERTEX
  5
4FD
330
4DF
100
AcDbEntity
  8
Layer 1
100
AcDbVertex
100
AcDb2dVertex
 10
562.826775
 20
104.81938
 30
0.0
 70
0
  0
VERTEX
  5
4FE
330
4DF
100
AcDbEntity
  8
Layer 1
100
AcDbVertex
100
AcDb2dVertex
 10
563.057829
 20
107.216378
 30
0.0
 70
0
  0
VERTEX
  5
4FF
330
4DF
100
AcDbEntity
  8
Layer 1
100
AcDbVertex
100
AcDb2dVertex
 10
563.09207
 20
109.689592
 30
0.0
 70
0
  0
VERTEX
  5
500
330
4DF
100
AcDbEntity
  8
Layer 1
100
AcDbVertex
100
AcDb2dVertex
 10
562.911287
 20
112.236279
 30
0.0
 70
0
  0
VERTEX
  5
501
330
4DF
100
AcDbEntity
  8
Layer 1
100
AcDbVertex
100
AcDb2dVertex
 10
562.49727
 20
114.853696
 30
0.0
 70
0
  0
VERTEX
  5
502
330
4DF
100
AcDbEntity
  8
Layer 1
100
AcDbVertex
100
AcDb2dVertex
 10
561.831808
 20
117.539101
 30
0.0
 70
0
  0
VERTEX
  5
503
330
4DF
100
AcDbEntity
  8
Layer 1
100
AcDbVertex
100
AcDb2dVertex
 10
560.896689
 20
120.28975
 30
0.0
 70
0
  0
VERTEX
  5
504
330
4DF
100
AcDbEntity
  8
Layer 1
100
AcDbVertex
100
AcDb2dVertex
 10
559.673702
 20
123.102901
 30
0.0
 70
0
  0
VERTEX
  5
505
330
4DF
100
AcDbEntity
  8
Layer 1
100
AcDbVertex
100
AcDb2dVertex
 10
558.144638
 20
125.975811
 30
0.0
 70
0
  0
VERTEX
  5
506
330
4DF
100
AcDbEntity
  8
Layer 1
100
AcDbVertex
100
AcDb2dVertex
 10
556.291284
 20
128.905737
 30
0.0
 70
0
  0
VERTEX
  5
507
330
4DF
100
AcDbEntity
  8
Layer 1
100
AcDbVertex
100
AcDb2dVertex
 10
554.095431
 20
131.889935
 30
0.0
 70
0
  0
VERTEX
  5
508
330
4DF
100
AcDbEntity
  8
Layer 1
100
AcDbVertex
100
AcDb2dVertex
 10
551.538866
 20
134.925664
 30
0.0
 70
0
  0
VERTEX
  5
509
330
4DF
100
AcDbEntity
  8
Layer 1
100
AcDbVertex
100
AcDb2dVertex
 10
548.60338
 20
138.01018
 30
0.0
 70
0
  0
VERTEX
  5
50A
330
4DF
100
AcDbEntity
  8
Layer 1
100
AcDbVertex
100
AcDb2dVertex
 10
545.216653
 20
139.034997
 30
0.0
 70
0
  0
VERTEX
  5
50B
330
4DF
100
AcDbEntity
  8
Layer 1
100
AcDbVertex
100
AcDb2dVertex
 10
541.961899
 20
139.860349
 30
0.0
 70
0
  0
VERTEX
  5
50C
330
4DF
100
AcDbEntity
  8
Layer 1
100
AcDbVertex
100
AcDb2dVertex
 10
538.837274
 20
140.496846
 30
0.0
 70
0
  0
VERTEX
  5
50D
330
4DF
100
AcDbEntity
  8
Layer 1
100
AcDbVertex
100
AcDb2dVertex
 10
535.840934
 20
140.955101
 30
0.0
 70
0
  0
VERTEX
  5
50E
330
4DF
100
AcDbEntity
  8
Layer 1
100
AcDbVertex
100
AcDb2dVertex
 10
532.971037
 20
141.245727
 30
0.0
 70
0
  0
VERTEX
  5
50F
330
4DF
100
AcDbEntity
  8
Layer 1
100
AcDbVertex
100
AcDb2dVertex
 10
530.225739
 20
141.379333
 30
0.0
 70
0
  0
VERTEX
  5
510
330
4DF
100
AcDbEntity
  8
Layer 1
100
AcDbVertex
100
AcDb2dVertex
 10
525.101564
 20
141.217938
 30
0.0
 70
0
  0
VERTEX
  5
511
330
4DF
100
AcDbEntity
  8
Layer 1
100
AcDbVertex
100
AcDb2dVertex
 10
520.45366
 20
140.55581
 30
0.0
 70
0
  0
VERTEX
  5
512
330
4DF
100
AcDbEntity
  8
Layer 1
100
AcDbVertex
100
AcDb2dVertex
 10
516.267279
 20
139.477844
 30
0.0
 70
0
  0
VERTEX
  5
513
330
4DF
100
AcDbEntity
  8
Layer 1
100
AcDbVertex
100
AcDb2dVertex
 10
512.527672
 20
138.068935
 30
0.0
 70
0
  0
VERTEX
  5
514
330
4DF
100
AcDbEntity
  8
Layer 1
100
AcDbVertex
100
AcDb2dVertex
 10
509.220091
 20
136.413975
 30
0.0
 70
0
  0
VERTEX
  5
515
330
4DF
100
AcDbEntity
  8
Layer 1
100
AcDbVertex
100
AcDb2dVertex
 10
506.329788
 20
134.59786
 30
0.0
 70
0
  0
VERTEX
  5
516
330
4DF
100
AcDbEntity
  8
Layer 1
100
AcDbVertex
100
AcDb2dVertex
 10
503.842012
 20
132.705484
 30
0.0
 70
0
  0
VERTEX
  5
517
330
4DF
100
AcDbEntity
  8
Layer 1
100
AcDbVertex
100
AcDb2dVertex
 10
501.742017
 20
130.821742
 30
0.0
 70
0
  0
VERTEX
  5
518
330
4DF
100
AcDbEntity
  8
Layer 1
100
AcDbVertex
100
AcDb2dVertex
 10
500.015053
 20
129.031527
 30
0.0
 70
0
  0
VERTEX
  5
519
330
4DF
100
AcDbEntity
  8
Layer 1
100
AcDbVertex
100
AcDb2dVertex
 10
497.621225
 20
126.071257
 30
0.0
 70
0
  0
VERTEX
  5
51A
330
4DF
100
AcDbEntity
  8
Layer 1
100
AcDbVertex
100
AcDb2dVertex
 10
496.54254
 20
124.50383
 30
0.0
 70
0
  0
VERTEX
  5
51B
330
4DF
100
AcDbEntity
  8
Layer 1
100
AcDbVertex
100
AcDb2dVertex
 10
499.581469
 20
126.836745
 30
0.0
 70
0
  0
VERTEX
  5
51C
330
4DF
100
AcDbEntity
  8
Layer 1
100
AcDbVertex
100
AcDb2dVertex
 10
502.804575
 20
128.985482
 30
0.0
 70
0
  0
VERTEX
  5
51D
330
4DF
100
AcDbEntity
  8
Layer 1
100
AcDbVertex
100
AcDb2dVertex
 10
506.211859
 20
130.857954
 30
0.0
 70
0
  0
VERTEX
  5
51E
330
4DF
100
AcDbEntity
  8
Layer 1
100
AcDbVertex
100
AcDb2dVertex
 10
509.80332
 20
132.36207
 30
0.0
 70
0
  0
VERTEX
  5
51F
330
4DF
100
AcDbEntity
  8
Layer 1
100
AcDbVertex
100
AcDb2dVertex
 10
514.400563
 20
133.897362
 30
0.0
 70
0
  0
VERTEX
  5
520
330
4DF
100
AcDbEntity
  8
Layer 1
100
AcDbVertex
100
AcDb2dVertex
 10
518.95464
 20
134.836955
 30
0.0
 70
0
  0
VERTEX
  5
521
330
4DF
100
AcDbEntity
  8
Layer 1
100
AcDbVertex
100
AcDb2dVertex
 10
523.422383
 20
135.206749
 30
0.0
 70
0
  0
VERTEX
  5
522
330
4DF
100
AcDbEntity
  8
Layer 1
100
AcDbVertex
100
AcDb2dVertex
 10
527.760626
 20
135.032644
 30
0.0
 70
0
  0
VERTEX
  5
523
330
4DF
100
AcDbEntity
  8
Layer 1
100
AcDbVertex
100
AcDb2dVertex
 10
531.926203
 20
134.340539
 30
0.0
 70
0
  0
VERTEX
  5
524
330
4DF
100
AcDbEntity
  8
Layer 1
100
AcDbVertex
100
AcDb2dVertex
 10
535.875947
 20
133.156335
 30
0.0
 70
0
  0
VERTEX
  5
525
330
4DF
100
AcDbEntity
  8
Layer 1
100
AcDbVertex
100
AcDb2dVertex
 10
539.566692
 20
131.505932
 30
0.0
 70
0
  0
VERTEX
  5
526
330
4DF
100
AcDbEntity
  8
Layer 1
100
AcDbVertex
100
AcDb2dVertex
 10
542.95527
 20
129.41523
 30
0.0
 70
0
  0
SEQEND
  5
527
330
A3F
100
AcDbEntity
  8
Layer 1
  0
POLYLINE
  5
528
330
A3F
100
AcDbEntity
  8
Layer 1
 62
7
100
AcDb2dPolyline
 66
1
 10
0.0
 20
0.0
 30
0.0
 70
0
  0
VERTEX
  5
52A
330
528
100
AcDbEntity
  8
Layer 1
100
AcDbVertex
100
AcDb2dVertex
 10
524.53752
 20
126.95953
 30
0.0
 70
0
  0
VERTEX
  5
52B
330
528
100
AcDbEntity
  8
Layer 1
100
AcDbVertex
100
AcDb2dVertex
 10
525.381667
 20
127.700077
 30
0.0
 70
0
  0
VERTEX
  5
52C
330
528
100
AcDbEntity
  8
Layer 1
100
AcDbVertex
100
AcDb2dVertex
 10
527.23879
 20
129.568711
 30
0.0
 70
0
  0
VERTEX
  5
52D
330
528
100
AcDbEntity
  8
Layer 1
100
AcDbVertex
100
AcDb2dVertex
 10
529.94006
 20
132.36207
 30
0.0
 70
0
  0
VERTEX
  5
52E
330
528
100
AcDbEntity
  8
Layer 1
100
AcDbVertex
100
AcDb2dVertex
 10
527.615299
 20
132.140961
 30
0.0
 70
0
  0
VERTEX
  5
52F
330
528
100
AcDbEntity
  8
Layer 1
100
AcDbVertex
100
AcDb2dVertex
 10
525.615726
 20
131.698264
 30
0.0
 70
0
  0
VERTEX
  5
530
330
528
100
AcDbEntity
  8
Layer 1
100
AcDbVertex
100
AcDb2dVertex
 10
523.944219
 20
131.088655
 30
0.0
 70
0
  0
VERTEX
  5
531
330
528
100
AcDbEntity
  8
Layer 1
100
AcDbVertex
100
AcDb2dVertex
 10
522.603656
 20
130.366814
 30
0.0
 70
0
  0
VERTEX
  5
532
330
528
100
AcDbEntity
  8
Layer 1
100
AcDbVertex
100
AcDb2dVertex
 10
521.596915
 20
129.587417
 30
0.0
 70
0
  0
VERTEX
  5
533
330
528
100
AcDbEntity
  8
Layer 1
100
AcDbVertex
100
AcDb2dVertex
 10
520.926874
 20
128.805142
 30
0.0
 70
0
  0
VERTEX
  5
534
330
528
100
AcDbEntity
  8
Layer 1
100
AcDbVertex
100
AcDb2dVertex
 10
520.596409
 20
128.074667
 30
0.0
 70
0
  0
VERTEX
  5
535
330
528
100
AcDbEntity
  8
Layer 1
100
AcDbVertex
100
AcDb2dVertex
 10
520.6084
 20
127.45067
 30
0.0
 70
0
  0
VERTEX
  5
536
330
528
100
AcDbEntity
  8
Layer 1
100
AcDbVertex
100
AcDb2dVertex
 10
520.025171
 20
126.591175
 30
0.0
 70
0
  0
VERTEX
  5
537
330
528
100
AcDbEntity
  8
Layer 1
100
AcDbVertex
100
AcDb2dVertex
 10
519.62612
 20
125.73168
 30
0.0
 70
0
  0
VERTEX
  5
538
330
528
100
AcDbEntity
  8
Layer 1
100
AcDbVertex
100
AcDb2dVertex
 10
520.773392
 20
126.234331
 30
0.0
 70
0
  0
VERTEX
  5
539
330
528
100
AcDbEntity
  8
Layer 1
100
AcDbVertex
100
AcDb2dVertex
 10
522.173909
 20
126.621871
 30
0.0
 70
0
  0
VERTEX
  5
53A
330
528
100
AcDbEntity
  8
Layer 1
100
AcDbVertex
100
AcDb2dVertex
 10
524.53752
 20
126.95953
 30
0.0
 70
0
  0
SEQEND
  5
53B
330
A3F
100
AcDbEntity
  8
Layer 1
  0
POLYLINE
  5
53C
330
A3F
100
AcDbEntity
  8
Layer 1
 62
7
100
AcDb2dPolyline
 66
1
 10
0.0
 20
0.0
 30
0.0
 70
0
  0
VERTEX
  5
53E
330
53C
100
AcDbEntity
  8
Layer 1
100
AcDbVertex
100
AcDb2dVertex
 10
536.81602
 20
118.61015
 30
0.0
 70
0
  0
VERTEX
  5
53F
330
53C
100
AcDbEntity
  8
Layer 1
100
AcDbVertex
100
AcDb2dVertex
 10
537.030894
 20
117.259515
 30
0.0
 70
0
  0
VERTEX
  5
540
330
53C
100
AcDbEntity
  8
Layer 1
100
AcDbVertex
100
AcDb2dVertex
 10
537.06159
 20
115.90888
 30
0.0
 70
0
  0
VERTEX
  5
541
330
53C
100
AcDbEntity
  8
Layer 1
100
AcDbVertex
100
AcDb2dVertex
 10
536.977175
 20
114.99183
 30
0.0
 70
0
  0
VERTEX
  5
542
330
53C
100
AcDbEntity
  8
Layer 1
100
AcDbVertex
100
AcDb2dVertex
 10
536.754627
 20
114.097801
 30
0.0
 70
0
  0
VERTEX
  5
543
330
53C
100
AcDbEntity
  8
Layer 1
100
AcDbVertex
100
AcDb2dVertex
 10
536.07931
 20
112.4709
 30
0.0
 70
0
  0
VERTEX
  5
544
330
53C
100
AcDbEntity
  8
Layer 1
100
AcDbVertex
100
AcDb2dVertex
 10
537.828996
 20
113.276677
 30
0.0
 70
0
  0
VERTEX
  5
545
330
53C
100
AcDbEntity
  8
Layer 1
100
AcDbVertex
100
AcDb2dVertex
 10
539.152772
 20
114.085331
 30
0.0
 70
0
  0
VERTEX
  5
546
330
53C
100
AcDbEntity
  8
Layer 1
100
AcDbVertex
100
AcDb2dVertex
 10
540.49957
 20
115.233562
 30
0.0
 70
0
  0
VERTEX
  5
547
330
53C
100
AcDbEntity
  8
Layer 1
100
AcDbVertex
100
AcDb2dVertex
 10
541.66219
 20
116.773171
 30
0.0
 70
0
  0
VERTEX
  5
548
330
53C
100
AcDbEntity
  8
Layer 1
100
AcDbVertex
100
AcDb2dVertex
 10
542.109684
 20
117.70593
 30
0.0
 70
0
  0
VERTEX
  5
549
330
53C
100
AcDbEntity
  8
Layer 1
100
AcDbVertex
100
AcDb2dVertex
 10
542.433434
 20
118.755957
 30
0.0
 70
0
  0
VERTEX
  5
54A
330
53C
100
AcDbEntity
  8
Layer 1
100
AcDbVertex
100
AcDb2dVertex
 10
542.607539
 20
119.929729
 30
0.0
 70
0
  0
VERTEX
  5
54B
330
53C
100
AcDbEntity
  8
Layer 1
100
AcDbVertex
100
AcDb2dVertex
 10
542.6061
 20
121.23372
 30
0.0
 70
0
  0
VERTEX
  5
54C
330
53C
100
AcDbEntity
  8
Layer 1
100
AcDbVertex
100
AcDb2dVertex
 10
542.403217
 20
122.674405
 30
0.0
 70
0
  0
VERTEX
  5
54D
330
53C
100
AcDbEntity
  8
Layer 1
100
AcDbVertex
100
AcDb2dVertex
 10
541.97299
 20
124.25826
 30
0.0
 70
0
  0
VERTEX
  5
54E
330
53C
100
AcDbEntity
  8
Layer 1
100
AcDbVertex
100
AcDb2dVertex
 10
541.811835
 20
123.874557
 30
0.0
 70
0
  0
VERTEX
  5
54F
330
53C
100
AcDbEntity
  8
Layer 1
100
AcDbVertex
100
AcDb2dVertex
 10
541.23628
 20
123.168543
 30
0.0
 70
0
  0
VERTEX
  5
550
330
53C
100
AcDbEntity
  8
Layer 1
100
AcDbVertex
100
AcDb2dVertex
 10
539.394505
 20
121.250027
 30
0.0
 70
0
  0
VERTEX
  5
551
330
53C
100
AcDbEntity
  8
Layer 1
100
AcDbVertex
100
AcDb2dVertex
 10
537.55273
 20
119.423601
 30
0.0
 70
0
  0
VERTEX
  5
552
330
53C
100
AcDbEntity
  8
Layer 1
100
AcDbVertex
100
AcDb2dVertex
 10
536.81602
 20
118.61015
 30
0.0
 70
0
  0
SEQEND
  5
553
330
A3F
100
AcDbEntity
  8
Layer 1
  0
POLYLINE
  5
554
330
A3F
100
AcDbEntity
  8
Layer 1
 62
7
100
AcDb2dPolyline
 66
1
 10
0.0
 20
0.0
 30
0.0
 70
0
  0
VERTEX
  5
556
330
554
100
AcDbEntity
  8
Layer 1
100
AcDbVertex
100
AcDb2dVertex
 10
519.38055
 20
90.86074
 30
0.0
 70
0
  0
VERTEX
  5
557
330
554
100
AcDbEntity
  8
Layer 1
100
AcDbVertex
100
AcDb2dVertex
 10
522.182542
 20
90.985444
 30
0.0
 70
0
  0
VERTEX
  5
558
330
554
100
AcDbEntity
  8
Layer 1
100
AcDbVertex
100
AcDb2dVertex
 10
525.036334
 20
91.536057
 30
0.0
 70
0
  0
VERTEX
  5
559
330
554
100
AcDbEntity
  8
Layer 1
100
AcDbVertex
100
AcDb2dVertex
 10
527.901637
 20
92.501071
 30
0.0
 70
0
  0
VERTEX
  5
55A
330
554
100
AcDbEntity
  8
Layer 1
100
AcDbVertex
100
AcDb2dVertex
 10
530.738163
 20
93.868972
 30
0.0
 70
0
  0
VERTEX
  5
55B
330
554
100
AcDbEntity
  8
Layer 1
100
AcDbVertex
100
AcDb2dVertex
 10
533.505621
 20
95.628251
 30
0.0
 70
0
  0
VERTEX
  5
55C
330
554
100
AcDbEntity
  8
Layer 1
100
AcDbVertex
100
AcDb2dVertex
 10
536.163725
 20
97.767396
 30
0.0
 70
0
  0
VERTEX
  5
55D
330
554
100
AcDbEntity
  8
Layer 1
100
AcDbVertex
100
AcDb2dVertex
 10
538.672184
 20
100.274896
 30
0.0
 70
0
  0
VERTEX
  5
55E
330
554
100
AcDbEntity
  8
Layer 1
100
AcDbVertex
100
AcDb2dVertex
 10
540.99071
 20
103.13924
 30
0.0
 70
0
  0
VERTEX
  5
55F
330
554
100
AcDbEntity
  8
Layer 1
100
AcDbVertex
100
AcDb2dVertex
 10
539.584041
 20
102.921841
 30
0.0
 70
0
  0
VERTEX
  5
560
330
554
100
AcDbEntity
  8
Layer 1
100
AcDbVertex
100
AcDb2dVertex
 10
538.174989
 20
102.861955
 30
0.0
 70
0
  0
VERTEX
  5
561
330
554
100
AcDbEntity
  8
Layer 1
100
AcDbVertex
100
AcDb2dVertex
 10
535.363224
 20
103.177131
 30
0.0
 70
0
  0
VERTEX
  5
562
330
554
100
AcDbEntity
  8
Layer 1
100
AcDbVertex
100
AcDb2dVertex
 10
532.582396
 20
104.009587
 30
0.0
 70
0
  0
VERTEX
  5
563
330
554
100
AcDbEntity
  8
Layer 1
100
AcDbVertex
100
AcDb2dVertex
 10
529.859482
 20
105.28414
 30
0.0
 70
0
  0
VERTEX
  5
564
330
554
100
AcDbEntity
  8
Layer 1
100
AcDbVertex
100
AcDb2dVertex
 10
527.221463
 20
106.92561
 30
0.0
 70
0
  0
VERTEX
  5
565
330
554
100
AcDbEntity
  8
Layer 1
100
AcDbVertex
100
AcDb2dVertex
 10
524.695318
 20
108.858815
 30
0.0
 70
0
  0
VERTEX
  5
566
330
554
100
AcDbEntity
  8
Layer 1
100
AcDbVertex
100
AcDb2dVertex
 10
522.308025
 20
111.008571
 30
0.0
 70
0
  0
VERTEX
  5
567
330
554
100
AcDbEntity
  8
Layer 1
100
AcDbVertex
100
AcDb2dVertex
 10
520.086564
 20
113.299699
 30
0.0
 70
0
  0
VERTEX
  5
568
330
554
100
AcDbEntity
  8
Layer 1
100
AcDbVertex
100
AcDb2dVertex
 10
518.057913
 20
115.657015
 30
0.0
 70
0
  0
VERTEX
  5
569
330
554
100
AcDbEntity
  8
Layer 1
100
AcDbVertex
100
AcDb2dVertex
 10
516.249053
 20
118.005338
 30
0.0
 70
0
  0
VERTEX
  5
56A
330
554
100
AcDbEntity
  8
Layer 1
100
AcDbVertex
100
AcDb2dVertex
 10
513.398618
 20
122.374278
 30
0.0
 70
0
  0
VERTEX
  5
56B
330
554
100
AcDbEntity
  8
Layer 1
100
AcDbVertex
100
AcDb2dVertex
 10
512.411002
 20
124.244531
 30
0.0
 70
0
  0
VERTEX
  5
56C
330
554
100
AcDbEntity
  8
Layer 1
100
AcDbVertex
100
AcDb2dVertex
 10
511.751093
 20
125.805063
 30
0.0
 70
0
  0
VERTEX
  5
56D
330
554
100
AcDbEntity
  8
Layer 1
100
AcDbVertex
100
AcDb2dVertex
 10
511.445869
 20
126.980694
 30
0.0
 70
0
  0
VERTEX
  5
56E
330
554
100
AcDbEntity
  8
Layer 1
100
AcDbVertex
100
AcDb2dVertex
 10
511.52231
 20
127.69624
 30
0.0
 70
0
  0
VERTEX
  5
56F
330
554
100
AcDbEntity
  8
Layer 1
100
AcDbVertex
100
AcDb2dVertex
 10
509.435924
 20
125.969576
 30
0.0
 70
0
  0
VERTEX
  5
570
330
554
100
AcDbEntity
  8
Layer 1
100
AcDbVertex
100
AcDb2dVertex
 10
507.447383
 20
123.966646
 30
0.0
 70
0
  0
VERTEX
  5
571
330
554
100
AcDbEntity
  8
Layer 1
100
AcDbVertex
100
AcDb2dVertex
 10
505.608486
 20
121.756516
 30
0.0
 70
0
  0
VERTEX
  5
572
330
554
100
AcDbEntity
  8
Layer 1
100
AcDbVertex
100
AcDb2dVertex
 10
503.971033
 20
119.408252
 30
0.0
 70
0
  0
VERTEX
  5
573
330
554
100
AcDbEntity
  8
Layer 1
100
AcDbVertex
100
AcDb2dVertex
 10
502.586823
 20
116.990923
 30
0.0
 70
0
  0
VERTEX
  5
574
330
554
100
AcDbEntity
  8
Layer 1
100
AcDbVertex
100
AcDb2dVertex
 10
501.507658
 20
114.573593
 30
0.0
 70
0
  0
VERTEX
  5
575
330
554
100
AcDbEntity
  8
Layer 1
100
AcDbVertex
100
AcDb2dVertex
 10
500.785337
 20
112.22533
 30
0.0
 70
0
  0
VERTEX
  5
576
330
554
100
AcDbEntity
  8
Layer 1
100
AcDbVertex
100
AcDb2dVertex
 10
500.47166
 20
110.0152
 30
0.0
 70
0
  0
VERTEX
  5
577
330
554
100
AcDbEntity
  8
Layer 1
100
AcDbVertex
100
AcDb2dVertex
 10
500.48437
 20
108.105797
 30
0.0
 70
0
  0
VERTEX
  5
578
330
554
100
AcDbEntity
  8
Layer 1
100
AcDbVertex
100
AcDb2dVertex
 10
500.699963
 20
106.251072
 30
0.0
 70
0
  0
VERTEX
  5
579
330
554
100
AcDbEntity
  8
Layer 1
100
AcDbVertex
100
AcDb2dVertex
 10
501.108367
 20
104.459658
 30
0.0
 70
0
  0
VERTEX
  5
57A
330
554
100
AcDbEntity
  8
Layer 1
100
AcDbVertex
100
AcDb2dVertex
 10
501.69951
 20
102.740189
 30
0.0
 70
0
  0
VERTEX
  5
57B
330
554
100
AcDbEntity
  8
Layer 1
100
AcDbVertex
100
AcDb2dVertex
 10
502.463319
 20
101.101297
 30
0.0
 70
0
  0
VERTEX
  5
57C
330
554
100
AcDbEntity
  8
Layer 1
100
AcDbVertex
100
AcDb2dVertex
 10
503.389722
 20
99.551616
 30
0.0
 70
0
  0
VERTEX
  5
57D
330
554
100
AcDbEntity
  8
Layer 1
100
AcDbVertex
100
AcDb2dVertex
 10
504.468647
 20
98.099779
 30
0.0
 70
0
  0
VERTEX
  5
57E
330
554
100
AcDbEntity
  8
Layer 1
100
AcDbVertex
100
AcDb2dVertex
 10
505.690023
 20
96.75442
 30
0.0
 70
0
  0
VERTEX
  5
57F
330
554
100
AcDbEntity
  8
Layer 1
100
AcDbVertex
100
AcDb2dVertex
 10
507.043775
 20
95.524172
 30
0.0
 70
0
  0
VERTEX
  5
580
330
554
100
AcDbEntity
  8
Layer 1
100
AcDbVertex
100
AcDb2dVertex
 10
508.519833
 20
94.417668
 30
0.0
 70
0
  0
VERTEX
  5
581
330
554
100
AcDbEntity
  8
Layer 1
100
AcDbVertex
100
AcDb2dVertex
 10
510.108124
 20
93.443542
 30
0.0
 70
0
  0
VERTEX
  5
582
330
554
100
AcDbEntity
  8
Layer 1
100
AcDbVertex
100
AcDb2dVertex
 10
511.798576
 20
92.610426
 30
0.0
 70
0
  0
VERTEX
  5
583
330
554
100
AcDbEntity
  8
Layer 1
100
AcDbVertex
100
AcDb2dVertex
 10
513.581117
 20
91.926955
 30
0.0
 70
0
  0
VERTEX
  5
584
330
554
100
AcDbEntity
  8
Layer 1
100
AcDbVertex
100
AcDb2dVertex
 10
515.445674
 20
91.401761
 30
0.0
 70
0
  0
VERTEX
  5
585
330
554
100
AcDbEntity
  8
Layer 1
100
AcDbVertex
100
AcDb2dVertex
 10
517.382176
 20
91.043479
 30
0.0
 70
0
  0
VERTEX
  5
586
330
554
100
AcDbEntity
  8
Layer 1
100
AcDbVertex
100
AcDb2dVertex
 10
519.38055
 20
90.86074
 30
0.0
 70
0
  0
SEQEND
  5
587
330
A3F
100
AcDbEntity
  8
Layer 1
  0
POLYLINE
  5
588
330
A3F
100
AcDbEntity
  8
Layer 1
 62
7
100
AcDb2dPolyline
 66
1
 10
0.0
 20
0.0
 30
0.0
 70
0
  0
VERTEX
  5
58A
330
588
100
AcDbEntity
  8
Layer 1
100
AcDbVertex
100
AcDb2dVertex
 10
602.13764
 20
25.29355
 30
0.0
 70
0
  0
VERTEX
  5
58B
330
588
100
AcDbEntity
  8
Layer 1
100
AcDbVertex
100
AcDb2dVertex
 10
605.57562
 20
23.08342
 30
0.0
 70
0
  0
VERTEX
  5
58C
330
588
100
AcDbEntity
  8
Layer 1
100
AcDbVertex
100
AcDb2dVertex
 10
648.79594
 20
152.74438
 30
0.0
 70
0
  0
VERTEX
  5
58D
330
588
100
AcDbEntity
  8
Layer 1
100
AcDbVertex
100
AcDb2dVertex
 10
616.3807
 20
160.11148
 30
0.0
 70
0
  0
VERTEX
  5
58E
330
588
100
AcDbEntity
  8
Layer 1
100
AcDbVertex
100
AcDb2dVertex
 10
616.13513
 20
152.49881
 30
0.0
 70
0
  0
VERTEX
  5
58F
330
588
100
AcDbEntity
  8
Layer 1
100
AcDbVertex
100
AcDb2dVertex
 10
642.16555
 20
146.8507
 30
0.0
 70
0
  0
VERTEX
  5
590
330
588
100
AcDbEntity
  8
Layer 1
100
AcDbVertex
100
AcDb2dVertex
 10
602.13764
 20
25.29355
 30
0.0
 70
0
  0
SEQEND
  5
591
330
A3F
100
AcDbEntity
  8
Layer 1
  0
POLYLINE
  5
592
330
A3F
100
AcDbEntity
  8
Layer 1
 62
7
100
AcDb2dPolyline
 66
1
 10
0.0
 20
0.0
 30
0.0
 70
0
  0
VERTEX
  5
594
330
592
100
AcDbEntity
  8
Layer 1
100
AcDbVertex
100
AcDb2dVertex
 10
550.81351
 20
174.10897
 30
0.0
 70
0
  0
VERTEX
  5
595
330
592
100
AcDbEntity
  8
Layer 1
100
AcDbVertex
100
AcDb2dVertex
 10
551.05908
 20
166.74187
 30
0.0
 70
0
  0
VERTEX
  5
596
330
592
100
AcDbEntity
  8
Layer 1
100
AcDbVertex
100
AcDb2dVertex
 10
585.43888
 20
159.86591
 30
0.0
 70
0
  0
VERTEX
  5
597
330
592
100
AcDbEntity
  8
Layer 1
100
AcDbVertex
100
AcDb2dVertex
 10
598.69966
 20
96.99999
 30
0.0
 70
0
  0
VERTEX
  5
598
330
592
100
AcDbEntity
  8
Layer 1
100
AcDbVertex
100
AcDb2dVertex
 10
604.1022
 20
102.40253
 30
0.0
 70
0
  0
VERTEX
  5
599
330
592
100
AcDbEntity
  8
Layer 1
100
AcDbVertex
100
AcDb2dVertex
 10
591.33256
 20
166.00516
 30
0.0
 70
0
  0
VERTEX
  5
59A
330
592
100
AcDbEntity
  8
Layer 1
100
AcDbVertex
100
AcDb2dVertex
 10
550.81351
 20
174.10897
 30
0.0
 70
0
  0
SEQEND
  5
59B
330
A3F
100
AcDbEntity
  8
Layer 1
  0
POLYLINE
  5
59C
330
A3F
100
AcDbEntity
  8
Layer 1
 62
7
100
AcDb2dPolyline
 66
1
 10
0.0
 20
0.0
 30
0.0
 70
0
  0
VERTEX
  5
59E
330
59C
100
AcDbEntity
  8
Layer 1
100
AcDbVertex
100
AcDb2dVertex
 10
577.33507
 20
102.40253
 30
0.0
 70
0
  0
VERTEX
  5
59F
330
59C
100
AcDbEntity
  8
Layer 1
100
AcDbVertex
100
AcDb2dVertex
 10
567.75784
 20
48.86827
 30
0.0
 70
0
  0
VERTEX
  5
5A0
330
59C
100
AcDbEntity
  8
Layer 1
100
AcDbVertex
100
AcDb2dVertex
 10
573.16038
 20
47.14928
 30
0.0
 70
0
  0
VERTEX
  5
5A1
330
59C
100
AcDbEntity
  8
Layer 1
100
AcDbVertex
100
AcDb2dVertex
 10
582.73761
 20
107.80507
 30
0.0
 70
0
  0
VERTEX
  5
5A2
330
59C
100
AcDbEntity
  8
Layer 1
100
AcDbVertex
100
AcDb2dVertex
 10
577.33507
 20
102.40253
 30
0.0
 70
0
  0
SEQEND
  5
5A3
330
A3F
100
AcDbEntity
  8
Layer 1
  0
POLYLINE
  5
5A4
330
A3F
100
AcDbEntity
  8
Layer 1
 62
7
100
AcDb2dPolyline
 66
1
 10
0.0
 20
0.0
 30
0.0
 70
0
  0
VERTEX
  5
5A6
330
5A4
100
AcDbEntity
  8
Layer 1
100
AcDbVertex
100
AcDb2dVertex
 10
131.13438
 20
29.22267
 30
0.0
 70
0
  0
VERTEX
  5
5A7
330
5A4
100
AcDbEntity
  8
Layer 1
100
AcDbVertex
100
AcDb2dVertex
 10
115.17233
 20
87.66833
 30
0.0
 70
0
  0
VERTEX
  5
5A8
330
5A4
100
AcDbEntity
  8
Layer 1
100
AcDbVertex
100
AcDb2dVertex
 10
109.27865
 20
83.49364
 30
0.0
 70
0
  0
VERTEX
  5
5A9
330
5A4
100
AcDbEntity
  8
Layer 1
100
AcDbVertex
100
AcDb2dVertex
 10
124.25842
 20
27.74925
 30
0.0
 70
0
  0
VERTEX
  5
5AA
330
5A4
100
AcDbEntity
  8
Layer 1
100
AcDbVertex
100
AcDb2dVertex
 10
131.13438
 20
29.22267
 30
0.0
 70
0
  0
SEQEND
  5
5AB
330
A3F
100
AcDbEntity
  8
Layer 1
  0
POLYLINE
  5
5AC
330
A3F
100
AcDbEntity
  8
Layer 1
 62
7
100
AcDb2dPolyline
 66
1
 10
0.0
 20
0.0
 30
0.0
 70
0
  0
VERTEX
  5
5AE
330
5AC
100
AcDbEntity
  8
Layer 1
100
AcDbVertex
100
AcDb2dVertex
 10
126.95969
 20
116.89116
 30
0.0
 70
0
  0
VERTEX
  5
5AF
330
5AC
100
AcDbEntity
  8
Layer 1
100
AcDbVertex
100
AcDb2dVertex
 10
123.452643
 20
113.384113
 30
0.0
 70
0
  0
VERTEX
  5
5B0
330
5AC
100
AcDbEntity
  8
Layer 1
100
AcDbVertex
100
AcDb2dVertex
 10
118.978665
 20
109.27849
 30
0.0
 70
0
  0
VERTEX
  5
5B1
330
5AC
100
AcDbEntity
  8
Layer 1
100
AcDbVertex
100
AcDb2dVertex
 10
114.320509
 20
105.357044
 30
0.0
 70
0
  0
VERTEX
  5
5B2
330
5AC
100
AcDbEntity
  8
Layer 1
100
AcDbVertex
100
AcDb2dVertex
 10
110.26093
 20
102.40253
 30
0.0
 70
0
  0
VERTEX
  5
5B3
330
5AC
100
AcDbEntity
  8
Layer 1
100
AcDbVertex
100
AcDb2dVertex
 10
107.31409
 20
111.48862
 30
0.0
 70
0
  0
VERTEX
  5
5B4
330
5AC
100
AcDbEntity
  8
Layer 1
100
AcDbVertex
100
AcDb2dVertex
 10
101.17484
 20
131.62536
 30
0.0
 70
0
  0
VERTEX
  5
5B5
330
5AC
100
AcDbEntity
  8
Layer 1
100
AcDbVertex
100
AcDb2dVertex
 10
97.24572
 20
145.13171
 30
0.0
 70
0
  0
VERTEX
  5
5B6
330
5AC
100
AcDbEntity
  8
Layer 1
100
AcDbVertex
100
AcDb2dVertex
 10
93.3166
 20
140.22031
 30
0.0
 70
0
  0
VERTEX
  5
5B7
330
5AC
100
AcDbEntity
  8
Layer 1
100
AcDbVertex
100
AcDb2dVertex
 10
97.24572
 20
126.71396
 30
0.0
 70
0
  0
VERTEX
  5
5B8
330
5AC
100
AcDbEntity
  8
Layer 1
100
AcDbVertex
100
AcDb2dVertex
 10
103.38497
 20
106.82279
 30
0.0
 70
0
  0
VERTEX
  5
5B9
330
5AC
100
AcDbEntity
  8
Layer 1
100
AcDbVertex
100
AcDb2dVertex
 10
106.33181
 20
97.7367
 30
0.0
 70
0
  0
VERTEX
  5
5BA
330
5AC
100
AcDbEntity
  8
Layer 1
100
AcDbVertex
100
AcDb2dVertex
 10
108.930439
 20
99.305087
 30
0.0
 70
0
  0
VERTEX
  5
5BB
330
5AC
100
AcDbEntity
  8
Layer 1
100
AcDbVertex
100
AcDb2dVertex
 10
111.69598
 20
101.21305
 30
0.0
 70
0
  0
VERTEX
  5
5BC
330
5AC
100
AcDbEntity
  8
Layer 1
100
AcDbVertex
100
AcDb2dVertex
 10
114.542098
 20
103.408791
 30
0.0
 70
0
  0
VERTEX
  5
5BD
330
5AC
100
AcDbEntity
  8
Layer 1
100
AcDbVertex
100
AcDb2dVertex
 10
117.38246
 20
105.84051
 30
0.0
 70
0
  0
VERTEX
  5
5BE
330
5AC
100
AcDbEntity
  8
Layer 1
100
AcDbVertex
100
AcDb2dVertex
 10
120.130734
 20
108.456406
 30
0.0
 70
0
  0
VERTEX
  5
5BF
330
5AC
100
AcDbEntity
  8
Layer 1
100
AcDbVertex
100
AcDb2dVertex
 10
122.700585
 20
111.20468
 30
0.0
 70
0
  0
VERTEX
  5
5C0
330
5AC
100
AcDbEntity
  8
Layer 1
100
AcDbVertex
100
AcDb2dVertex
 10
125.005682
 20
114.033531
 30
0.0
 70
0
  0
VERTEX
  5
5C1
330
5AC
100
AcDbEntity
  8
Layer 1
100
AcDbVertex
100
AcDb2dVertex
 10
126.95969
 20
116.89116
 30
0.0
 70
0
  0
SEQEND
  5
5C2
330
A3F
100
AcDbEntity
  8
Layer 1
  0
POLYLINE
  5
5C3
330
A3F
100
AcDbEntity
  8
Layer 1
 62
7
100
AcDb2dPolyline
 66
1
 10
0.0
 20
0.0
 30
0.0
 70
0
  0
VERTEX
  5
5C5
330
5C3
100
AcDbEntity
  8
Layer 1
100
AcDbVertex
100
AcDb2dVertex
 10
354.84865
 20
151.51653
 30
0.0
 70
0
  0
VERTEX
  5
5C6
330
5C3
100
AcDbEntity
  8
Layer 1
100
AcDbVertex
100
AcDb2dVertex
 10
352.83277
 20
152.135251
 30
0.0
 70
0
  0
VERTEX
  5
5C7
330
5C3
100
AcDbEntity
  8
Layer 1
100
AcDbVertex
100
AcDb2dVertex
 10
350.693145
 20
152.506484
 30
0.0
 70
0
  0
VERTEX
  5
5C8
330
5C3
100
AcDbEntity
  8
Layer 1
100
AcDbVertex
100
AcDb2dVertex
 10
348.49021
 20
152.612962
 30
0.0
 70
0
  0
VERTEX
  5
5C9
330
5C3
100
AcDbEntity
  8
Layer 1
100
AcDbVertex
100
AcDb2dVertex
 10
346.284396
 20
152.437417
 30
0.0
 70
0
  0
VERTEX
  5
5CA
330
5C3
100
AcDbEntity
  8
Layer 1
100
AcDbVertex
100
AcDb2dVertex
 10
344.136138
 20
151.962585
 30
0.0
 70
0
  0
VERTEX
  5
5CB
330
5C3
100
AcDbEntity
  8
Layer 1
100
AcDbVertex
100
AcDb2dVertex
 10
342.105869
 20
151.171197
 30
0.0
 70
0
  0
VERTEX
  5
5CC
330
5C3
100
AcDbEntity
  8
Layer 1
100
AcDbVertex
100
AcDb2dVertex
 10
340.254022
 20
150.045988
 30
0.0
 70
0
  0
VERTEX
  5
5CD
330
5C3
100
AcDbEntity
  8
Layer 1
100
AcDbVertex
100
AcDb2dVertex
 10
338.64103
 20
148.56969
 30
0.0
 70
0
  0
VERTEX
  5
5CE
330
5C3
100
AcDbEntity
  8
Layer 1
100
AcDbVertex
100
AcDb2dVertex
 10
336.860648
 20
146.328864
 30
0.0
 70
0
  0
VERTEX
  5
5CF
330
5C3
100
AcDbEntity
  8
Layer 1
100
AcDbVertex
100
AcDb2dVertex
 10
335.44862
 20
143.90386
 30
0.0
 70
0
  0
VERTEX
  5
5D0
330
5C3
100
AcDbEntity
  8
Layer 1
100
AcDbVertex
100
AcDb2dVertex
 10
336.968084
 20
144.904846
 30
0.0
 70
0
  0
VERTEX
  5
5D1
330
5C3
100
AcDbEntity
  8
Layer 1
100
AcDbVertex
100
AcDb2dVertex
 10
338.717771
 20
145.695754
 30
0.0
 70
0
  0
VERTEX
  5
5D2
330
5C3
100
AcDbEntity
  8
Layer 1
100
AcDbVertex
100
AcDb2dVertex
 10
340.628612
 20
146.273706
 30
0.0
 70
0
  0
VERTEX
  5
5D3
330
5C3
100
AcDbEntity
  8
Layer 1
100
AcDbVertex
100
AcDb2dVertex
 10
342.631543
 20
146.635826
 30
0.0
 70
0
  0
VERTEX
  5
5D4
330
5C3
100
AcDbEntity
  8
Layer 1
100
AcDbVertex
100
AcDb2dVertex
 10
344.657495
 20
146.779235
 30
0.0
 70
0
  0
VERTEX
  5
5D5
330
5C3
100
AcDbEntity
  8
Layer 1
100
AcDbVertex
100
AcDb2dVertex
 10
346.637403
 20
146.701056
 30
0.0
 70
0
  0
VERTEX
  5
5D6
330
5C3
100
AcDbEntity
  8
Layer 1
100
AcDbVertex
100
AcDb2dVertex
 10
348.5022
 20
146.39841
 30
0.0
 70
0
  0
VERTEX
  5
5D7
330
5C3
100
AcDbEntity
  8
Layer 1
100
AcDbVertex
100
AcDb2dVertex
 10
350.18282
 20
145.86842
 30
0.0
 70
0
  0
VERTEX
  5
5D8
330
5C3
100
AcDbEntity
  8
Layer 1
100
AcDbVertex
100
AcDb2dVertex
 10
354.84865
 20
151.51653
 30
0.0
 70
0
  0
SEQEND
  5
5DA
330
A3F
100
AcDbEntity
  8
Layer 1
  0
POLYLINE
  5
5DB
330
A3F
100
AcDbEntity
  8
Layer 1
 62
7
100
AcDb2dPolyline
 66
1
 10
0.0
 20
0.0
 30
0.0
 70
0
  0
VERTEX
  5
5DD
330
5DB
100
AcDbEntity
  8
Layer 1
100
AcDbVertex
100
AcDb2dVertex
 10
122.53943
 20
133.34435
 30
0.0
 70
0
  0
VERTEX
  5
5DE
330
5DB
100
AcDbEntity
  8
Layer 1
100
AcDbVertex
100
AcDb2dVertex
 10
122.247816
 20
134.423995
 30
0.0
 70
0
  0
VERTEX
  5
5DF
330
5DB
100
AcDbEntity
  8
Layer 1
100
AcDbVertex
100
AcDb2dVertex
 10
121.772024
 20
135.443206
 30
0.0
 70
0
  0
VERTEX
  5
5E0
330
5DB
100
AcDbEntity
  8
Layer 1
100
AcDbVertex
100
AcDb2dVertex
 10
120.452085
 20
137.242774
 30
0.0
 70
0
  0
VERTEX
  5
5E1
330
5DB
100
AcDbEntity
  8
Layer 1
100
AcDbVertex
100
AcDb2dVertex
 10
118.947969
 20
138.627942
 30
0.0
 70
0
  0
VERTEX
  5
5E2
330
5DB
100
AcDbEntity
  8
Layer 1
100
AcDbVertex
100
AcDb2dVertex
 10
117.62803
 20
139.4836
 30
0.0
 70
0
  0
VERTEX
  5
5E3
330
5DB
100
AcDbEntity
  8
Layer 1
100
AcDbVertex
100
AcDb2dVertex
 10
115.429411
 20
140.22031
 30
0.0
 70
0
  0
VERTEX
  5
5E4
330
5DB
100
AcDbEntity
  8
Layer 1
100
AcDbVertex
100
AcDb2dVertex
 10
112.747326
 20
140.588665
 30
0.0
 70
0
  0
VERTEX
  5
5E5
330
5DB
100
AcDbEntity
  8
Layer 1
100
AcDbVertex
100
AcDb2dVertex
 10
109.927108
 20
140.588665
 30
0.0
 70
0
  0
VERTEX
  5
5E6
330
5DB
100
AcDbEntity
  8
Layer 1
100
AcDbVertex
100
AcDb2dVertex
 10
107.31409
 20
140.22031
 30
0.0
 70
0
  0
VERTEX
  5
5E7
330
5DB
100
AcDbEntity
  8
Layer 1
100
AcDbVertex
100
AcDb2dVertex
 10
108.78751
 20
134.81777
 30
0.0
 70
0
  0
VERTEX
  5
5E8
330
5DB
100
AcDbEntity
  8
Layer 1
100
AcDbVertex
100
AcDb2dVertex
 10
111.120425
 20
134.418719
 30
0.0
 70
0
  0
VERTEX
  5
5E9
330
5DB
100
AcDbEntity
  8
Layer 1
100
AcDbVertex
100
AcDb2dVertex
 10
113.45334
 20
133.83549
 30
0.0
 70
0
  0
VERTEX
  5
5EA
330
5DB
100
AcDbEntity
  8
Layer 1
100
AcDbVertex
100
AcDb2dVertex
 10
114.696538
 20
133.129476
 30
0.0
 70
0
  0
VERTEX
  5
5EB
330
5DB
100
AcDbEntity
  8
Layer 1
100
AcDbVertex
100
AcDb2dVertex
 10
116.031825
 20
132.055107
 30
0.0
 70
0
  0
VERTEX
  5
5EC
330
5DB
100
AcDbEntity
  8
Layer 1
100
AcDbVertex
100
AcDb2dVertex
 10
116.647669
 20
131.351012
 30
0.0
 70
0
  0
VERTEX
  5
5ED
330
5DB
100
AcDbEntity
  8
Layer 1
100
AcDbVertex
100
AcDb2dVertex
 10
117.182934
 20
130.520295
 30
0.0
 70
0
  0
VERTEX
  5
5EE
330
5DB
100
AcDbEntity
  8
Layer 1
100
AcDbVertex
100
AcDb2dVertex
 10
117.603089
 20
129.551445
 30
0.0
 70
0
  0
VERTEX
  5
5EF
330
5DB
100
AcDbEntity
  8
Layer 1
100
AcDbVertex
100
AcDb2dVertex
 10
117.8736
 20
128.43295
 30
0.0
 70
0
  0
VERTEX
  5
5F0
330
5DB
100
AcDbEntity
  8
Layer 1
100
AcDbVertex
100
AcDb2dVertex
 10
118.234281
 20
125.501458
 30
0.0
 70
0
  0
VERTEX
  5
5F1
330
5DB
100
AcDbEntity
  8
Layer 1
100
AcDbVertex
100
AcDb2dVertex
 10
118.180562
 20
122.662055
 30
0.0
 70
0
  0
VERTEX
  5
5F2
330
5DB
100
AcDbEntity
  8
Layer 1
100
AcDbVertex
100
AcDb2dVertex
 10
117.6664
 20
120.006829
 30
0.0
 70
0
  0
VERTEX
  5
5F3
330
5DB
100
AcDbEntity
  8
Layer 1
100
AcDbVertex
100
AcDb2dVertex
 10
117.222264
 20
118.777061
 30
0.0
 70
0
  0
VERTEX
  5
5F4
330
5DB
100
AcDbEntity
  8
Layer 1
100
AcDbVertex
100
AcDb2dVertex
 10
116.64575
 20
117.62787
 30
0.0
 70
0
  0
VERTEX
  5
5F5
330
5DB
100
AcDbEntity
  8
Layer 1
100
AcDbVertex
100
AcDb2dVertex
 10
118.278886
 20
119.310408
 30
0.0
 70
0
  0
VERTEX
  5
5F6
330
5DB
100
AcDbEntity
  8
Layer 1
100
AcDbVertex
100
AcDb2dVertex
 10
119.673168
 20
121.050502
 30
0.0
 70
0
  0
VERTEX
  5
5F7
330
5DB
100
AcDbEntity
  8
Layer 1
100
AcDbVertex
100
AcDb2dVertex
 10
120.81996
 20
122.859662
 30
0.0
 70
0
  0
VERTEX
  5
5F8
330
5DB
100
AcDbEntity
  8
Layer 1
100
AcDbVertex
100
AcDb2dVertex
 10
121.710631
 20
124.7494
 30
0.0
 70
0
  0
VERTEX
  5
5F9
330
5DB
100
AcDbEntity
  8
Layer 1
100
AcDbVertex
100
AcDb2dVertex
 10
122.336547
 20
126.731227
 30
0.0
 70
0
  0
VERTEX
  5
5FA
330
5DB
100
AcDbEntity
  8
Layer 1
100
AcDbVertex
100
AcDb2dVertex
 10
122.689074
 20
128.816653
 30
0.0
 70
0
  0
VERTEX
  5
5FB
330
5DB
100
AcDbEntity
  8
Layer 1
100
AcDbVertex
100
AcDb2dVertex
 10
122.75958
 20
131.017191
 30
0.0
 70
0
  0
VERTEX
  5
5FC
330
5DB
100
AcDbEntity
  8
Layer 1
100
AcDbVertex
100
AcDb2dVertex
 10
122.53943
 20
133.34435
 30
0.0
 70
0
  0
SEQEND
  5
5FD
330
A3F
100
AcDbEntity
  8
Layer 1
  0
POLYLINE
  5
5FE
330
A3F
100
AcDbEntity
  8
Layer 1
 62
7
100
AcDb2dPolyline
 66
1
 10
0.0
 20
0.0
 30
0.0
 70
0
  0
VERTEX
  5
600
330
5FE
100
AcDbEntity
  8
Layer 1
100
AcDbVertex
100
AcDb2dVertex
 10
130.51802
 20
133.55523
 30
0.0
 70
0
  0
VERTEX
  5
601
330
5FE
100
AcDbEntity
  8
Layer 1
100
AcDbVertex
100
AcDb2dVertex
 10
129.951458
 20
135.702529
 30
0.0
 70
0
  0
VERTEX
  5
602
330
5FE
100
AcDbEntity
  8
Layer 1
100
AcDbVertex
100
AcDb2dVertex
 10
129.093522
 20
137.714572
 30
0.0
 70
0
  0
VERTEX
  5
603
330
5FE
100
AcDbEntity
  8
Layer 1
100
AcDbVertex
100
AcDb2dVertex
 10
127.963636
 20
139.576971
 30
0.0
 70
0
  0
VERTEX
  5
604
330
5FE
100
AcDbEntity
  8
Layer 1
100
AcDbVertex
100
AcDb2dVertex
 10
126.581226
 20
141.275337
 30
0.0
 70
0
  0
VERTEX
  5
605
330
5FE
100
AcDbEntity
  8
Layer 1
100
AcDbVertex
100
AcDb2dVertex
 10
124.965716
 20
142.795281
 30
0.0
 70
0
  0
VERTEX
  5
606
330
5FE
100
AcDbEntity
  8
Layer 1
100
AcDbVertex
100
AcDb2dVertex
 10
123.136531
 20
144.122414
 30
0.0
 70
0
  0
VERTEX
  5
607
330
5FE
100
AcDbEntity
  8
Layer 1
100
AcDbVertex
100
AcDb2dVertex
 10
121.113097
 20
145.242348
 30
0.0
 70
0
  0
VERTEX
  5
608
330
5FE
100
AcDbEntity
  8
Layer 1
100
AcDbVertex
100
AcDb2dVertex
 10
118.914838
 20
146.140693
 30
0.0
 70
0
  0
VERTEX
  5
609
330
5FE
100
AcDbEntity
  8
Layer 1
100
AcDbVertex
100
AcDb2dVertex
 10
116.561179
 20
146.80306
 30
0.0
 70
0
  0
VERTEX
  5
60A
330
5FE
100
AcDbEntity
  8
Layer 1
100
AcDbVertex
100
AcDb2dVertex
 10
114.071545
 20
147.215061
 30
0.0
 70
0
  0
VERTEX
  5
60B
330
5FE
100
AcDbEntity
  8
Layer 1
100
AcDbVertex
100
AcDb2dVertex
 10
111.465361
 20
147.362307
 30
0.0
 70
0
  0
VERTEX
  5
60C
330
5FE
100
AcDbEntity
  8
Layer 1
100
AcDbVertex
100
AcDb2dVertex
 10
108.762053
 20
147.230409
 30
0.0
 70
0
  0
VERTEX
  5
60D
330
5FE
100
AcDbEntity
  8
Layer 1
100
AcDbVertex
100
AcDb2dVertex
 10
105.981045
 20
146.804979
 30
0.0
 70
0
  0
VERTEX
  5
60E
330
5FE
100
AcDbEntity
  8
Layer 1
100
AcDbVertex
100
AcDb2dVertex
 10
103.141761
 20
146.071626
 30
0.0
 70
0
  0
VERTEX
  5
60F
330
5FE
100
AcDbEntity
  8
Layer 1
100
AcDbVertex
100
AcDb2dVertex
 10
100.263628
 20
145.015963
 30
0.0
 70
0
  0
VERTEX
  5
610
330
5FE
100
AcDbEntity
  8
Layer 1
100
AcDbVertex
100
AcDb2dVertex
 10
97.36607
 20
143.6236
 30
0.0
 70
0
  0
VERTEX
  5
611
330
5FE
100
AcDbEntity
  8
Layer 1
100
AcDbVertex
100
AcDb2dVertex
 10
101.29519
 20
130.11725
 30
0.0
 70
0
  0
VERTEX
  5
612
330
5FE
100
AcDbEntity
  8
Layer 1
100
AcDbVertex
100
AcDb2dVertex
 10
107.43444
 20
109.98051
 30
0.0
 70
0
  0
VERTEX
  5
613
330
5FE
100
AcDbEntity
  8
Layer 1
100
AcDbVertex
100
AcDb2dVertex
 10
110.38128
 20
100.89442
 30
0.0
 70
0
  0
VERTEX
  5
614
330
5FE
100
AcDbEntity
  8
Layer 1
100
AcDbVertex
100
AcDb2dVertex
 10
114.681153
 20
103.667634
 30
0.0
 70
0
  0
VERTEX
  5
615
330
5FE
100
AcDbEntity
  8
Layer 1
100
AcDbVertex
100
AcDb2dVertex
 10
118.811238
 20
106.688337
 30
0.0
 70
0
  0
VERTEX
  5
616
330
5FE
100
AcDbEntity
  8
Layer 1
100
AcDbVertex
100
AcDb2dVertex
 10
122.601745
 20
110.01984
 30
0.0
 70
0
  0
VERTEX
  5
617
330
5FE
100
AcDbEntity
  8
Layer 1
100
AcDbVertex
100
AcDb2dVertex
 10
124.316598
 20
111.821925
 30
0.0
 70
0
  0
VERTEX
  5
618
330
5FE
100
AcDbEntity
  8
Layer 1
100
AcDbVertex
100
AcDb2dVertex
 10
125.882886
 20
113.725452
 30
0.0
 70
0
  0
VERTEX
  5
619
330
5FE
100
AcDbEntity
  8
Layer 1
100
AcDbVertex
100
AcDb2dVertex
 10
127.279386
 20
115.738335
 30
0.0
 70
0
  0
VERTEX
  5
61A
330
5FE
100
AcDbEntity
  8
Layer 1
100
AcDbVertex
100
AcDb2dVertex
 10
128.484873
 20
117.868487
 30
0.0
 70
0
  0
VERTEX
  5
61B
330
5FE
100
AcDbEntity
  8
Layer 1
100
AcDbVertex
100
AcDb2dVertex
 10
129.478125
 20
120.123822
 30
0.0
 70
0
  0
VERTEX
  5
61C
330
5FE
100
AcDbEntity
  8
Layer 1
100
AcDbVertex
100
AcDb2dVertex
 10
130.237917
 20
122.512254
 30
0.0
 70
0
  0
VERTEX
  5
61D
330
5FE
100
AcDbEntity
  8
Layer 1
100
AcDbVertex
100
AcDb2dVertex
 10
130.743026
 20
125.041697
 30
0.0
 70
0
  0
VERTEX
  5
61E
330
5FE
100
AcDbEntity
  8
Layer 1
100
AcDbVertex
100
AcDb2dVertex
 10
130.972229
 20
127.720065
 30
0.0
 70
0
  0
VERTEX
  5
61F
330
5FE
100
AcDbEntity
  8
Layer 1
100
AcDbVertex
100
AcDb2dVertex
 10
130.904301
 20
130.555271
 30
0.0
 70
0
  0
VERTEX
  5
620
330
5FE
100
AcDbEntity
  8
Layer 1
100
AcDbVertex
100
AcDb2dVertex
 10
130.51802
 20
133.55523
 30
0.0
 70
0
  0
SEQEND
  5
622
330
A3F
100
AcDbEntity
  8
Layer 1
  0
POLYLINE
  5
623
330
A3F
100
AcDbEntity
  8
Layer 1
 62
7
100
AcDb2dPolyline
 66
1
 10
0.0
 20
0.0
 30
0.0
 70
0
  0
VERTEX
  5
625
330
623
100
AcDbEntity
  8
Layer 1
100
AcDbVertex
100
AcDb2dVertex
 10
115.29268
 20
115.13748
 30
0.0
 70
0
  0
VERTEX
  5
626
330
623
100
AcDbEntity
  8
Layer 1
100
AcDbVertex
100
AcDb2dVertex
 10
109.89014
 20
132.32738
 30
0.0
 70
0
  0
VERTEX
  5
627
330
623
100
AcDbEntity
  8
Layer 1
100
AcDbVertex
100
AcDb2dVertex
 10
108.17115
 20
137.72992
 30
0.0
 70
0
  0
VERTEX
  5
628
330
623
100
AcDbEntity
  8
Layer 1
100
AcDbVertex
100
AcDb2dVertex
 10
110.553946
 20
137.956305
 30
0.0
 70
0
  0
VERTEX
  5
629
330
623
100
AcDbEntity
  8
Layer 1
100
AcDbVertex
100
AcDb2dVertex
 10
112.867676
 20
137.883401
 30
0.0
 70
0
  0
VERTEX
  5
62A
330
623
100
AcDbEntity
  8
Layer 1
100
AcDbVertex
100
AcDb2dVertex
 10
115.043273
 20
137.488187
 30
0.0
 70
0
  0
VERTEX
  5
62B
330
623
100
AcDbEntity
  8
Layer 1
100
AcDbVertex
100
AcDb2dVertex
 10
117.01167
 20
136.74764
 30
0.0
 70
0
  0
VERTEX
  5
62C
330
623
100
AcDbEntity
  8
Layer 1
100
AcDbVertex
100
AcDb2dVertex
 10
118.254868
 20
136.041626
 30
0.0
 70
0
  0
VERTEX
  5
62D
330
623
100
AcDbEntity
  8
Layer 1
100
AcDbVertex
100
AcDb2dVertex
 10
119.590155
 20
134.967258
 30
0.0
 70
0
  0
VERTEX
  5
62E
330
623
100
AcDbEntity
  8
Layer 1
100
AcDbVertex
100
AcDb2dVertex
 10
120.205999
 20
134.263162
 30
0.0
 70
0
  0
VERTEX
  5
62F
330
623
100
AcDbEntity
  8
Layer 1
100
AcDbVertex
100
AcDb2dVertex
 10
120.741264
 20
133.432445
 30
0.0
 70
0
  0
VERTEX
  5
630
330
623
100
AcDbEntity
  8
Layer 1
100
AcDbVertex
100
AcDb2dVertex
 10
121.161419
 20
132.463595
 30
0.0
 70
0
  0
VERTEX
  5
631
330
623
100
AcDbEntity
  8
Layer 1
100
AcDbVertex
100
AcDb2dVertex
 10
121.43193
 20
131.3451
 30
0.0
 70
0
  0
VERTEX
  5
632
330
623
100
AcDbEntity
  8
Layer 1
100
AcDbVertex
100
AcDb2dVertex
 10
121.812755
 20
129.016981
 30
0.0
 70
0
  0
VERTEX
  5
633
330
623
100
AcDbEntity
  8
Layer 1
100
AcDbVertex
100
AcDb2dVertex
 10
121.854003
 20
126.809729
 30
0.0
 70
0
  0
VERTEX
  5
634
330
623
100
AcDbEntity
  8
Layer 1
100
AcDbVertex
100
AcDb2dVertex
 10
121.56143
 20
124.706077
 30
0.0
 70
0
  0
VERTEX
  5
635
330
623
100
AcDbEntity
  8
Layer 1
100
AcDbVertex
100
AcDb2dVertex
 10
120.94079
 20
122.688758
 30
0.0
 70
0
  0
VERTEX
  5
636
330
623
100
AcDbEntity
  8
Layer 1
100
AcDbVertex
100
AcDb2dVertex
 10
119.99784
 20
120.740505
 30
0.0
 70
0
  0
VERTEX
  5
637
330
623
100
AcDbEntity
  8
Layer 1
100
AcDbVertex
100
AcDb2dVertex
 10
118.738334
 20
118.844052
 30
0.0
 70
0
  0
VERTEX
  5
638
330
623
100
AcDbEntity
  8
Layer 1
100
AcDbVertex
100
AcDb2dVertex
 10
117.168029
 20
116.982133
 30
0.0
 70
0
  0
VERTEX
  5
639
330
623
100
AcDbEntity
  8
Layer 1
100
AcDbVertex
100
AcDb2dVertex
 10
115.29268
 20
115.13748
 30
0.0
 70
0
  0
SEQEND
  5
63B
330
A3F
100
AcDbEntity
  8
Layer 1
  0
POLYLINE
  5
63C
330
A3F
100
AcDbEntity
  8
Layer 1
 62
7
100
AcDb2dPolyline
 66
1
 10
0.0
 20
0.0
 30
0.0
 70
0
  0
VERTEX
  5
63E
330
63C
100
AcDbEntity
  8
Layer 1
100
AcDbVertex
100
AcDb2dVertex
 10
362.82724
 20
152.21855
 30
0.0
 70
0
  0
VERTEX
  5
63F
330
63C
100
AcDbEntity
  8
Layer 1
100
AcDbVertex
100
AcDb2dVertex
 10
361.163467
 20
153.594186
 30
0.0
 70
0
  0
VERTEX
  5
640
330
63C
100
AcDbEntity
  8
Layer 1
100
AcDbVertex
100
AcDb2dVertex
 10
359.405088
 20
154.774492
 30
0.0
 70
0
  0
VERTEX
  5
641
330
63C
100
AcDbEntity
  8
Layer 1
100
AcDbVertex
100
AcDb2dVertex
 10
357.56685
 20
155.75983
 30
0.0
 70
0
  0
VERTEX
  5
642
330
63C
100
AcDbEntity
  8
Layer 1
100
AcDbVertex
100
AcDb2dVertex
 10
355.663503
 20
156.550558
 30
0.0
 70
0
  0
VERTEX
  5
643
330
63C
100
AcDbEntity
  8
Layer 1
100
AcDbVertex
100
AcDb2dVertex
 10
353.709794
 20
157.147037
 30
0.0
 70
0
  0
VERTEX
  5
644
330
63C
100
AcDbEntity
  8
Layer 1
100
AcDbVertex
100
AcDb2dVertex
 10
351.720473
 20
157.549625
 30
0.0
 70
0
  0
VERTEX
  5
645
330
63C
100
AcDbEntity
  8
Layer 1
100
AcDbVertex
100
AcDb2dVertex
 10
349.710289
 20
157.758684
 30
0.0
 70
0
  0
VERTEX
  5
646
330
63C
100
AcDbEntity
  8
Layer 1
100
AcDbVertex
100
AcDb2dVertex
 10
347.693989
 20
157.774571
 30
0.0
 70
0
  0
VERTEX
  5
647
330
63C
100
AcDbEntity
  8
Layer 1
100
AcDbVertex
100
AcDb2dVertex
 10
345.686322
 20
157.597648
 30
0.0
 70
0
  0
VERTEX
  5
648
330
63C
100
AcDbEntity
  8
Layer 1
100
AcDbVertex
100
AcDb2dVertex
 10
343.702037
 20
157.228274
 30
0.0
 70
0
  0
VERTEX
  5
649
330
63C
100
AcDbEntity
  8
Layer 1
100
AcDbVertex
100
AcDb2dVertex
 10
341.755883
 20
156.666808
 30
0.0
 70
0
  0
VERTEX
  5
64A
330
63C
100
AcDbEntity
  8
Layer 1
100
AcDbVertex
100
AcDb2dVertex
 10
339.862608
 20
155.913611
 30
0.0
 70
0
  0
VERTEX
  5
64B
330
63C
100
AcDbEntity
  8
Layer 1
100
AcDbVertex
100
AcDb2dVertex
 10
338.03696
 20
154.969042
 30
0.0
 70
0
  0
VERTEX
  5
64C
330
63C
100
AcDbEntity
  8
Layer 1
100
AcDbVertex
100
AcDb2dVertex
 10
336.293689
 20
153.833461
 30
0.0
 70
0
  0
VERTEX
  5
64D
330
63C
100
AcDbEntity
  8
Layer 1
100
AcDbVertex
100
AcDb2dVertex
 10
334.647543
 20
152.507227
 30
0.0
 70
0
  0
VERTEX
  5
64E
330
63C
100
AcDbEntity
  8
Layer 1
100
AcDbVertex
100
AcDb2dVertex
 10
333.11327
 20
150.9907
 30
0.0
 70
0
  0
VERTEX
  5
64F
330
63C
100
AcDbEntity
  8
Layer 1
100
AcDbVertex
100
AcDb2dVertex
 10
331.737634
 20
149.326927
 30
0.0
 70
0
  0
VERTEX
  5
650
330
63C
100
AcDbEntity
  8
Layer 1
100
AcDbVertex
100
AcDb2dVertex
 10
330.557328
 20
147.568548
 30
0.0
 70
0
  0
VERTEX
  5
651
330
63C
100
AcDbEntity
  8
Layer 1
100
AcDbVertex
100
AcDb2dVertex
 10
329.57199
 20
145.73031
 30
0.0
 70
0
  0
VERTEX
  5
652
330
63C
100
AcDbEntity
  8
Layer 1
100
AcDbVertex
100
AcDb2dVertex
 10
328.781262
 20
143.826963
 30
0.0
 70
0
  0
VERTEX
  5
653
330
63C
100
AcDbEntity
  8
Layer 1
100
AcDbVertex
100
AcDb2dVertex
 10
328.184783
 20
141.873254
 30
0.0
 70
0
  0
VERTEX
  5
654
330
63C
100
AcDbEntity
  8
Layer 1
100
AcDbVertex
100
AcDb2dVertex
 10
327.782195
 20
139.883933
 30
0.0
 70
0
  0
VERTEX
  5
655
330
63C
100
AcDbEntity
  8
Layer 1
100
AcDbVertex
100
AcDb2dVertex
 10
327.573136
 20
137.873749
 30
0.0
 70
0
  0
VERTEX
  5
656
330
63C
100
AcDbEntity
  8
Layer 1
100
AcDbVertex
100
AcDb2dVertex
 10
327.557249
 20
135.857449
 30
0.0
 70
0
  0
VERTEX
  5
657
330
63C
100
AcDbEntity
  8
Layer 1
100
AcDbVertex
100
AcDb2dVertex
 10
327.734172
 20
133.849782
 30
0.0
 70
0
  0
VERTEX
  5
658
330
63C
100
AcDbEntity
  8
Layer 1
100
AcDbVertex
100
AcDb2dVertex
 10
328.103546
 20
131.865497
 30
0.0
 70
0
  0
VERTEX
  5
659
330
63C
100
AcDbEntity
  8
Layer 1
100
AcDbVertex
100
AcDb2dVertex
 10
328.665012
 20
129.919343
 30
0.0
 70
0
  0
VERTEX
  5
65A
330
63C
100
AcDbEntity
  8
Layer 1
100
AcDbVertex
100
AcDb2dVertex
 10
329.418209
 20
128.026068
 30
0.0
 70
0
  0
VERTEX
  5
65B
330
63C
100
AcDbEntity
  8
Layer 1
100
AcDbVertex
100
AcDb2dVertex
 10
330.362778
 20
126.20042
 30
0.0
 70
0
  0
VERTEX
  5
65C
330
63C
100
AcDbEntity
  8
Layer 1
100
AcDbVertex
100
AcDb2dVertex
 10
331.498359
 20
124.457149
 30
0.0
 70
0
  0
VERTEX
  5
65D
330
63C
100
AcDbEntity
  8
Layer 1
100
AcDbVertex
100
AcDb2dVertex
 10
332.824593
 20
122.811003
 30
0.0
 70
0
  0
VERTEX
  5
65E
330
63C
100
AcDbEntity
  8
Layer 1
100
AcDbVertex
100
AcDb2dVertex
 10
334.34112
 20
121.27673
 30
0.0
 70
0
  0
VERTEX
  5
65F
330
63C
100
AcDbEntity
  8
Layer 1
100
AcDbVertex
100
AcDb2dVertex
 10
335.446185
 20
120.325146
 30
0.0
 70
0
  0
VERTEX
  5
660
330
63C
100
AcDbEntity
  8
Layer 1
100
AcDbVertex
100
AcDb2dVertex
 10
336.55125
 20
119.55774
 30
0.0
 70
0
  0
VERTEX
  5
661
330
63C
100
AcDbEntity
  8
Layer 1
100
AcDbVertex
100
AcDb2dVertex
 10
364.30066
 20
150.9907
 30
0.0
 70
0
  0
VERTEX
  5
662
330
63C
100
AcDbEntity
  8
Layer 1
100
AcDbVertex
100
AcDb2dVertex
 10
363.56395
 20
151.512536
 30
0.0
 70
0
  0
VERTEX
  5
663
330
63C
100
AcDbEntity
  8
Layer 1
100
AcDbVertex
100
AcDb2dVertex
 10
362.82724
 20
152.21855
 30
0.0
 70
0
  0
SEQEND
  5
665
330
A3F
100
AcDbEntity
  8
Layer 1
  0
POLYLINE
  5
666
330
A3F
100
AcDbEntity
  8
Layer 1
 62
7
100
AcDb2dPolyline
 66
1
 10
0.0
 20
0.0
 30
0.0
 70
0
  0
VERTEX
  5
668
330
666
100
AcDbEntity
  8
Layer 1
100
AcDbVertex
100
AcDb2dVertex
 10
336.79682
 20
130.11725
 30
0.0
 70
0
  0
VERTEX
  5
669
330
666
100
AcDbEntity
  8
Layer 1
100
AcDbVertex
100
AcDb2dVertex
 10
335.934447
 20
132.021377
 30
0.0
 70
0
  0
VERTEX
  5
66A
330
666
100
AcDbEntity
  8
Layer 1
100
AcDbVertex
100
AcDb2dVertex
 10
335.377118
 20
134.023348
 30
0.0
 70
0
  0
VERTEX
  5
66B
330
666
100
AcDbEntity
  8
Layer 1
100
AcDbVertex
100
AcDb2dVertex
 10
335.130589
 20
136.082874
 30
0.0
 70
0
  0
VERTEX
  5
66C
330
666
100
AcDbEntity
  8
Layer 1
100
AcDbVertex
100
AcDb2dVertex
 10
335.200615
 20
138.159668
 30
0.0
 70
0
  0
VERTEX
  5
66D
330
666
100
AcDbEntity
  8
Layer 1
100
AcDbVertex
100
AcDb2dVertex
 10
335.592951
 20
140.213438
 30
0.0
 70
0
  0
VERTEX
  5
66E
330
666
100
AcDbEntity
  8
Layer 1
100
AcDbVertex
100
AcDb2dVertex
 10
336.313354
 20
142.203898
 30
0.0
 70
0
  0
VERTEX
  5
66F
330
666
100
AcDbEntity
  8
Layer 1
100
AcDbVertex
100
AcDb2dVertex
 10
337.367578
 20
144.090759
 30
0.0
 70
0
  0
VERTEX
  5
670
330
666
100
AcDbEntity
  8
Layer 1
100
AcDbVertex
100
AcDb2dVertex
 10
338.76138
 20
145.83373
 30
0.0
 70
0
  0
VERTEX
  5
671
330
666
100
AcDbEntity
  8
Layer 1
100
AcDbVertex
100
AcDb2dVertex
 10
340.321613
 20
147.260626
 30
0.0
 70
0
  0
VERTEX
  5
672
330
666
100
AcDbEntity
  8
Layer 1
100
AcDbVertex
100
AcDb2dVertex
 10
342.034368
 20
148.408378
 30
0.0
 70
0
  0
VERTEX
  5
673
330
666
100
AcDbEntity
  8
Layer 1
100
AcDbVertex
100
AcDb2dVertex
 10
343.867989
 20
149.274108
 30
0.0
 70
0
  0
VERTEX
  5
674
330
666
100
AcDbEntity
  8
Layer 1
100
AcDbVertex
100
AcDb2dVertex
 10
345.790821
 20
149.854939
 30
0.0
 70
0
  0
VERTEX
  5
675
330
666
100
AcDbEntity
  8
Layer 1
100
AcDbVertex
100
AcDb2dVertex
 10
347.771209
 20
150.147992
 30
0.0
 70
0
  0
VERTEX
  5
676
330
666
100
AcDbEntity
  8
Layer 1
100
AcDbVertex
100
AcDb2dVertex
 10
349.777497
 20
150.15039
 30
0.0
 70
0
  0
VERTEX
  5
677
330
666
100
AcDbEntity
  8
Layer 1
100
AcDbVertex
100
AcDb2dVertex
 10
351.778029
 20
149.859255
 30
0.0
 70
0
  0
VERTEX
  5
678
330
666
100
AcDbEntity
  8
Layer 1
100
AcDbVertex
100
AcDb2dVertex
 10
353.74115
 20
149.27171
 30
0.0
 70
0
  0
VERTEX
  5
679
330
666
100
AcDbEntity
  8
Layer 1
100
AcDbVertex
100
AcDb2dVertex
 10
336.79682
 20
130.11725
 30
0.0
 70
0
  0
SEQEND
  5
67B
330
A3F
100
AcDbEntity
  8
Layer 1
  0
POLYLINE
  5
67C
330
A3F
100
AcDbEntity
  8
Layer 1
 62
7
100
AcDb2dPolyline
 66
1
 10
0.0
 20
0.0
 30
0.0
 70
0
  0
VERTEX
  5
67E
330
67C
100
AcDbEntity
  8
Layer 1
100
AcDbVertex
100
AcDb2dVertex
 10
399.78796
 20
155.69122
 30
0.0
 70
0
  0
VERTEX
  5
67F
330
67C
100
AcDbEntity
  8
Layer 1
100
AcDbVertex
100
AcDb2dVertex
 10
384.56262
 20
140.95702
 30
0.0
 70
0
  0
VERTEX
  5
680
330
67C
100
AcDbEntity
  8
Layer 1
100
AcDbVertex
100
AcDb2dVertex
 10
399.05125
 20
127.94181
 30
0.0
 70
0
  0
VERTEX
  5
681
330
67C
100
AcDbEntity
  8
Layer 1
100
AcDbVertex
100
AcDb2dVertex
 10
399.78796
 20
155.69122
 30
0.0
 70
0
  0
SEQEND
  5
682
330
A3F
100
AcDbEntity
  8
Layer 1
  0
POLYLINE
  5
683
330
A3F
100
AcDbEntity
  8
Layer 1
 62
7
100
AcDb2dPolyline
 66
1
 10
0.0
 20
0.0
 30
0.0
 70
0
  0
VERTEX
  5
685
330
683
100
AcDbEntity
  8
Layer 1
100
AcDbVertex
100
AcDb2dVertex
 10
541.97299
 20
124.01269
 30
0.0
 70
0
  0
VERTEX
  5
686
330
683
100
AcDbEntity
  8
Layer 1
100
AcDbVertex
100
AcDb2dVertex
 10
542.187864
 20
122.53927
 30
0.0
 70
0
  0
VERTEX
  5
687
330
683
100
AcDbEntity
  8
Layer 1
100
AcDbVertex
100
AcDb2dVertex
 10
542.21856
 20
121.06585
 30
0.0
 70
0
  0
VERTEX
  5
688
330
683
100
AcDbEntity
  8
Layer 1
100
AcDbVertex
100
AcDb2dVertex
 10
541.892412
 20
118.931022
 30
0.0
 70
0
  0
VERTEX
  5
689
330
683
100
AcDbEntity
  8
Layer 1
100
AcDbVertex
100
AcDb2dVertex
 10
541.128843
 20
116.971738
 30
0.0
 70
0
  0
VERTEX
  5
68A
330
683
100
AcDbEntity
  8
Layer 1
100
AcDbVertex
100
AcDb2dVertex
 10
539.973897
 20
115.225409
 30
0.0
 70
0
  0
VERTEX
  5
68B
330
683
100
AcDbEntity
  8
Layer 1
100
AcDbVertex
100
AcDb2dVertex
 10
538.473618
 20
113.729446
 30
0.0
 70
0
  0
VERTEX
  5
68C
330
683
100
AcDbEntity
  8
Layer 1
100
AcDbVertex
100
AcDb2dVertex
 10
536.67405
 20
112.521261
 30
0.0
 70
0
  0
VERTEX
  5
68D
330
683
100
AcDbEntity
  8
Layer 1
100
AcDbVertex
100
AcDb2dVertex
 10
534.621238
 20
111.638264
 30
0.0
 70
0
  0
VERTEX
  5
68E
330
683
100
AcDbEntity
  8
Layer 1
100
AcDbVertex
100
AcDb2dVertex
 10
532.361227
 20
111.117867
 30
0.0
 70
0
  0
VERTEX
  5
68F
330
683
100
AcDbEntity
  8
Layer 1
100
AcDbVertex
100
AcDb2dVertex
 10
529.94006
 20
110.99748
 30
0.0
 70
0
  0
VERTEX
  5
690
330
683
100
AcDbEntity
  8
Layer 1
100
AcDbVertex
100
AcDb2dVertex
 10
527.530404
 20
111.301085
 30
0.0
 70
0
  0
VERTEX
  5
691
330
683
100
AcDbEntity
  8
Layer 1
100
AcDbVertex
100
AcDb2dVertex
 10
525.304926
 20
111.998945
 30
0.0
 70
0
  0
VERTEX
  5
692
330
683
100
AcDbEntity
  8
Layer 1
100
AcDbVertex
100
AcDb2dVertex
 10
523.30967
 20
113.047894
 30
0.0
 70
0
  0
VERTEX
  5
693
330
683
100
AcDbEntity
  8
Layer 1
100
AcDbVertex
100
AcDb2dVertex
 10
521.59068
 20
114.404764
 30
0.0
 70
0
  0
VERTEX
  5
694
330
683
100
AcDbEntity
  8
Layer 1
100
AcDbVertex
100
AcDb2dVertex
 10
520.194001
 20
116.026389
 30
0.0
 70
0
  0
VERTEX
  5
695
330
683
100
AcDbEntity
  8
Layer 1
100
AcDbVertex
100
AcDb2dVertex
 10
519.165676
 20
117.869603
 30
0.0
 70
0
  0
VERTEX
  5
696
330
683
100
AcDbEntity
  8
Layer 1
100
AcDbVertex
100
AcDb2dVertex
 10
518.551751
 20
119.891239
 30
0.0
 70
0
  0
VERTEX
  5
697
330
683
100
AcDbEntity
  8
Layer 1
100
AcDbVertex
100
AcDb2dVertex
 10
518.39827
 20
122.04813
 30
0.0
 70
0
  0
VERTEX
  5
698
330
683
100
AcDbEntity
  8
Layer 1
100
AcDbVertex
100
AcDb2dVertex
 10
518.701875
 20
124.021803
 30
0.0
 70
0
  0
VERTEX
  5
699
330
683
100
AcDbEntity
  8
Layer 1
100
AcDbVertex
100
AcDb2dVertex
 10
519.399735
 20
125.865976
 30
0.0
 70
0
  0
VERTEX
  5
69A
330
683
100
AcDbEntity
  8
Layer 1
100
AcDbVertex
100
AcDb2dVertex
 10
520.448684
 20
127.543238
 30
0.0
 70
0
  0
VERTEX
  5
69B
330
683
100
AcDbEntity
  8
Layer 1
100
AcDbVertex
100
AcDb2dVertex
 10
521.805554
 20
129.016179
 30
0.0
 70
0
  0
VERTEX
  5
69C
330
683
100
AcDbEntity
  8
Layer 1
100
AcDbVertex
100
AcDb2dVertex
 10
523.427179
 20
130.247386
 30
0.0
 70
0
  0
VERTEX
  5
69D
330
683
100
AcDbEntity
  8
Layer 1
100
AcDbVertex
100
AcDb2dVertex
 10
525.270393
 20
131.19945
 30
0.0
 70
0
  0
VERTEX
  5
69E
330
683
100
AcDbEntity
  8
Layer 1
100
AcDbVertex
100
AcDb2dVertex
 10
527.292029
 20
131.834958
 30
0.0
 70
0
  0
VERTEX
  5
69F
330
683
100
AcDbEntity
  8
Layer 1
100
AcDbVertex
100
AcDb2dVertex
 10
529.44892
 20
132.1165
 30
0.0
 70
0
  0
VERTEX
  5
6A0
330
683
100
AcDbEntity
  8
Layer 1
100
AcDbVertex
100
AcDb2dVertex
 10
527.607145
 20
132.454159
 30
0.0
 70
0
  0
VERTEX
  5
6A1
330
683
100
AcDbEntity
  8
Layer 1
100
AcDbVertex
100
AcDb2dVertex
 10
525.76537
 20
132.60764
 30
0.0
 70
0
  0
VERTEX
  5
6A2
330
683
100
AcDbEntity
  8
Layer 1
100
AcDbVertex
100
AcDb2dVertex
 10
523.720772
 20
132.603503
 30
0.0
 70
0
  0
VERTEX
  5
6A3
330
683
100
AcDbEntity
  8
Layer 1
100
AcDbVertex
100
AcDb2dVertex
 10
521.736967
 20
132.41339
 30
0.0
 70
0
  0
VERTEX
  5
6A4
330
683
100
AcDbEntity
  8
Layer 1
100
AcDbVertex
100
AcDb2dVertex
 10
519.822948
 20
132.047014
 30
0.0
 70
0
  0
VERTEX
  5
6A5
330
683
100
AcDbEntity
  8
Layer 1
100
AcDbVertex
100
AcDb2dVertex
 10
517.987708
 20
131.514086
 30
0.0
 70
0
  0
VERTEX
  5
6A6
330
683
100
AcDbEntity
  8
Layer 1
100
AcDbVertex
100
AcDb2dVertex
 10
516.24024
 20
130.82432
 30
0.0
 70
0
  0
VERTEX
  5
6A7
330
683
100
AcDbEntity
  8
Layer 1
100
AcDbVertex
100
AcDb2dVertex
 10
514.589537
 20
129.987427
 30
0.0
 70
0
  0
VERTEX
  5
6A8
330
683
100
AcDbEntity
  8
Layer 1
100
AcDbVertex
100
AcDb2dVertex
 10
513.044592
 20
129.013121
 30
0.0
 70
0
  0
VERTEX
  5
6A9
330
683
100
AcDbEntity
  8
Layer 1
100
AcDbVertex
100
AcDb2dVertex
 10
511.614399
 20
127.911114
 30
0.0
 70
0
  0
VERTEX
  5
6AA
330
683
100
AcDbEntity
  8
Layer 1
100
AcDbVertex
100
AcDb2dVertex
 10
510.30795
 20
126.691118
 30
0.0
 70
0
  0
VERTEX
  5
6AB
330
683
100
AcDbEntity
  8
Layer 1
100
AcDbVertex
100
AcDb2dVertex
 10
509.134238
 20
125.362845
 30
0.0
 70
0
  0
VERTEX
  5
6AC
330
683
100
AcDbEntity
  8
Layer 1
100
AcDbVertex
100
AcDb2dVertex
 10
508.102256
 20
123.936009
 30
0.0
 70
0
  0
VERTEX
  5
6AD
330
683
100
AcDbEntity
  8
Layer 1
100
AcDbVertex
100
AcDb2dVertex
 10
507.220998
 20
122.420322
 30
0.0
 70
0
  0
VERTEX
  5
6AE
330
683
100
AcDbEntity
  8
Layer 1
100
AcDbVertex
100
AcDb2dVertex
 10
506.499456
 20
120.825496
 30
0.0
 70
0
  0
VERTEX
  5
6AF
330
683
100
AcDbEntity
  8
Layer 1
100
AcDbVertex
100
AcDb2dVertex
 10
505.946624
 20
119.161244
 30
0.0
 70
0
  0
VERTEX
  5
6B0
330
683
100
AcDbEntity
  8
Layer 1
100
AcDbVertex
100
AcDb2dVertex
 10
505.571494
 20
117.437277
 30
0.0
 70
0
  0
VERTEX
  5
6B1
330
683
100
AcDbEntity
  8
Layer 1
100
AcDbVertex
100
AcDb2dVertex
 10
505.38306
 20
115.66331
 30
0.0
 70
0
  0
VERTEX
  5
6B2
330
683
100
AcDbEntity
  8
Layer 1
100
AcDbVertex
100
AcDb2dVertex
 10
505.393012
 20
113.751209
 30
0.0
 70
0
  0
VERTEX
  5
6B3
330
683
100
AcDbEntity
  8
Layer 1
100
AcDbVertex
100
AcDb2dVertex
 10
505.600812
 20
111.88911
 30
0.0
 70
0
  0
VERTEX
  5
6B4
330
683
100
AcDbEntity
  8
Layer 1
100
AcDbVertex
100
AcDb2dVertex
 10
505.997105
 20
110.086725
 30
0.0
 70
0
  0
VERTEX
  5
6B5
330
683
100
AcDbEntity
  8
Layer 1
100
AcDbVertex
100
AcDb2dVertex
 10
506.57254
 20
108.353765
 30
0.0
 70
0
  0
VERTEX
  5
6B6
330
683
100
AcDbEntity
  8
Layer 1
100
AcDbVertex
100
AcDb2dVertex
 10
507.317763
 20
106.699945
 30
0.0
 70
0
  0
VERTEX
  5
6B7
330
683
100
AcDbEntity
  8
Layer 1
100
AcDbVertex
100
AcDb2dVertex
 10
508.223422
 20
105.134976
 30
0.0
 70
0
  0
VERTEX
  5
6B8
330
683
100
AcDbEntity
  8
Layer 1
100
AcDbVertex
100
AcDb2dVertex
 10
509.280165
 20
103.66857
 30
0.0
 70
0
  0
VERTEX
  5
6B9
330
683
100
AcDbEntity
  8
Layer 1
100
AcDbVertex
100
AcDb2dVertex
 10
510.478637
 20
102.310441
 30
0.0
 70
0
  0
VERTEX
  5
6BA
330
683
100
AcDbEntity
  8
Layer 1
100
AcDbVertex
100
AcDb2dVertex
 10
511.809488
 20
101.070301
 30
0.0
 70
0
  0
VERTEX
  5
6BB
330
683
100
AcDbEntity
  8
Layer 1
100
AcDbVertex
100
AcDb2dVertex
 10
513.263363
 20
99.957861
 30
0.0
 70
0
  0
VERTEX
  5
6BC
330
683
100
AcDbEntity
  8
Layer 1
100
AcDbVertex
100
AcDb2dVertex
 10
514.83091
 20
98.982836
 30
0.0
 70
0
  0
VERTEX
  5
6BD
330
683
100
AcDbEntity
  8
Layer 1
100
AcDbVertex
100
AcDb2dVertex
 10
516.502777
 20
98.154936
 30
0.0
 70
0
  0
VERTEX
  5
6BE
330
683
100
AcDbEntity
  8
Layer 1
100
AcDbVertex
100
AcDb2dVertex
 10
518.26961
 20
97.483876
 30
0.0
 70
0
  0
VERTEX
  5
6BF
330
683
100
AcDbEntity
  8
Layer 1
100
AcDbVertex
100
AcDb2dVertex
 10
520.122056
 20
96.979366
 30
0.0
 70
0
  0
VERTEX
  5
6C0
330
683
100
AcDbEntity
  8
Layer 1
100
AcDbVertex
100
AcDb2dVertex
 10
522.050764
 20
96.65112
 30
0.0
 70
0
  0
VERTEX
  5
6C1
330
683
100
AcDbEntity
  8
Layer 1
100
AcDbVertex
100
AcDb2dVertex
 10
524.04638
 20
96.50885
 30
0.0
 70
0
  0
VERTEX
  5
6C2
330
683
100
AcDbEntity
  8
Layer 1
100
AcDbVertex
100
AcDb2dVertex
 10
526.090978
 20
96.513167
 30
0.0
 70
0
  0
VERTEX
  5
6C3
330
683
100
AcDbEntity
  8
Layer 1
100
AcDbVertex
100
AcDb2dVertex
 10
528.074783
 20
96.704539
 30
0.0
 70
0
  0
VERTEX
  5
6C4
330
683
100
AcDbEntity
  8
Layer 1
100
AcDbVertex
100
AcDb2dVertex
 10
529.988802
 20
97.074332
 30
0.0
 70
0
  0
VERTEX
  5
6C5
330
683
100
AcDbEntity
  8
Layer 1
100
AcDbVertex
100
AcDb2dVertex
 10
531.824042
 20
97.613915
 30
0.0
 70
0
  0
VERTEX
  5
6C6
330
683
100
AcDbEntity
  8
Layer 1
100
AcDbVertex
100
AcDb2dVertex
 10
533.57151
 20
98.314653
 30
0.0
 70
0
  0
VERTEX
  5
6C7
330
683
100
AcDbEntity
  8
Layer 1
100
AcDbVertex
100
AcDb2dVertex
 10
535.222213
 20
99.167913
 30
0.0
 70
0
  0
VERTEX
  5
6C8
330
683
100
AcDbEntity
  8
Layer 1
100
AcDbVertex
100
AcDb2dVertex
 10
536.767158
 20
100.165061
 30
0.0
 70
0
  0
VERTEX
  5
6C9
330
683
100
AcDbEntity
  8
Layer 1
100
AcDbVertex
100
AcDb2dVertex
 10
538.197351
 20
101.297465
 30
0.0
 70
0
  0
VERTEX
  5
6CA
330
683
100
AcDbEntity
  8
Layer 1
100
AcDbVertex
100
AcDb2dVertex
 10
539.5038
 20
102.556491
 30
0.0
 70
0
  0
VERTEX
  5
6CB
330
683
100
AcDbEntity
  8
Layer 1
100
AcDbVertex
100
AcDb2dVertex
 10
540.677512
 20
103.933505
 30
0.0
 70
0
  0
VERTEX
  5
6CC
330
683
100
AcDbEntity
  8
Layer 1
100
AcDbVertex
100
AcDb2dVertex
 10
541.709494
 20
105.419875
 30
0.0
 70
0
  0
VERTEX
  5
6CD
330
683
100
AcDbEntity
  8
Layer 1
100
AcDbVertex
100
AcDb2dVertex
 10
542.590752
 20
107.006967
 30
0.0
 70
0
  0
VERTEX
  5
6CE
330
683
100
AcDbEntity
  8
Layer 1
100
AcDbVertex
100
AcDb2dVertex
 10
543.312294
 20
108.686148
 30
0.0
 70
0
  0
VERTEX
  5
6CF
330
683
100
AcDbEntity
  8
Layer 1
100
AcDbVertex
100
AcDb2dVertex
 10
543.865126
 20
110.448785
 30
0.0
 70
0
  0
VERTEX
  5
6D0
330
683
100
AcDbEntity
  8
Layer 1
100
AcDbVertex
100
AcDb2dVertex
 10
544.240256
 20
112.286243
 30
0.0
 70
0
  0
VERTEX
  5
6D1
330
683
100
AcDbEntity
  8
Layer 1
100
AcDbVertex
100
AcDb2dVertex
 10
544.42869
 20
114.18989
 30
0.0
 70
0
  0
VERTEX
  5
6D2
330
683
100
AcDbEntity
  8
Layer 1
100
AcDbVertex
100
AcDb2dVertex
 10
544.615266
 20
115.478173
 30
0.0
 70
0
  0
VERTEX
  5
6D3
330
683
100
AcDbEntity
  8
Layer 1
100
AcDbVertex
100
AcDb2dVertex
 10
544.632053
 20
116.760701
 30
0.0
 70
0
  0
VERTEX
  5
6D4
330
683
100
AcDbEntity
  8
Layer 1
100
AcDbVertex
100
AcDb2dVertex
 10
544.213816
 20
119.285467
 30
0.0
 70
0
  0
VERTEX
  5
6D5
330
683
100
AcDbEntity
  8
Layer 1
100
AcDbVertex
100
AcDb2dVertex
 10
543.289092
 20
121.718145
 30
0.0
 70
0
  0
VERTEX
  5
6D6
330
683
100
AcDbEntity
  8
Layer 1
100
AcDbVertex
100
AcDb2dVertex
 10
541.97299
 20
124.01269
 30
0.0
 70
0
  0
SEQEND
  5
6D7
330
A3F
100
AcDbEntity
  8
Layer 1
  0
POLYLINE
  5
6D8
330
A3F
100
AcDbEntity
  8
Layer 1
 62
7
100
AcDb2dPolyline
 66
1
 10
0.0
 20
0.0
 30
0.0
 70
0
  0
VERTEX
  5
6DA
330
6D8
100
AcDbEntity
  8
Layer 1
100
AcDbVertex
100
AcDb2dVertex
 10
208.98007
 20
112.22533
 30
0.0
 70
0
  0
VERTEX
  5
6DB
330
6D8
100
AcDbEntity
  8
Layer 1
100
AcDbVertex
100
AcDb2dVertex
 10
208.735459
 20
110.07947
 30
0.0
 70
0
  0
VERTEX
  5
6DC
330
6D8
100
AcDbEntity
  8
Layer 1
100
AcDbVertex
100
AcDb2dVertex
 10
208.03616
 20
108.08901
 30
0.0
 70
0
  0
VERTEX
  5
6DD
330
6D8
100
AcDbEntity
  8
Layer 1
100
AcDbVertex
100
AcDb2dVertex
 10
206.933973
 20
106.294239
 30
0.0
 70
0
  0
VERTEX
  5
6DE
330
6D8
100
AcDbEntity
  8
Layer 1
100
AcDbVertex
100
AcDb2dVertex
 10
205.480697
 20
104.735445
 30
0.0
 70
0
  0
VERTEX
  5
6DF
330
6D8
100
AcDbEntity
  8
Layer 1
100
AcDbVertex
100
AcDb2dVertex
 10
203.728133
 20
103.452917
 30
0.0
 70
0
  0
VERTEX
  5
6E0
330
6D8
100
AcDbEntity
  8
Layer 1
100
AcDbVertex
100
AcDb2dVertex
 10
201.728081
 20
102.486945
 30
0.0
 70
0
  0
VERTEX
  5
6E1
330
6D8
100
AcDbEntity
  8
Layer 1
100
AcDbVertex
100
AcDb2dVertex
 10
199.53234
 20
101.877816
 30
0.0
 70
0
  0
VERTEX
  5
6E2
330
6D8
100
AcDbEntity
  8
Layer 1
100
AcDbVertex
100
AcDb2dVertex
 10
197.19271
 20
101.66582
 30
0.0
 70
0
  0
VERTEX
  5
6E3
330
6D8
100
AcDbEntity
  8
Layer 1
100
AcDbVertex
100
AcDb2dVertex
 10
194.782575
 20
101.877816
 30
0.0
 70
0
  0
VERTEX
  5
6E4
330
6D8
100
AcDbEntity
  8
Layer 1
100
AcDbVertex
100
AcDb2dVertex
 10
192.553739
 20
102.486945
 30
0.0
 70
0
  0
VERTEX
  5
6E5
330
6D8
100
AcDbEntity
  8
Layer 1
100
AcDbVertex
100
AcDb2dVertex
 10
190.54937
 20
103.452917
 30
0.0
 70
0
  0
VERTEX
  5
6E6
330
6D8
100
AcDbEntity
  8
Layer 1
100
AcDbVertex
100
AcDb2dVertex
 10
188.812634
 20
104.735445
 30
0.0
 70
0
  0
VERTEX
  5
6E7
330
6D8
100
AcDbEntity
  8
Layer 1
100
AcDbVertex
100
AcDb2dVertex
 10
187.386697
 20
106.294239
 30
0.0
 70
0
  0
VERTEX
  5
6E8
330
6D8
100
AcDbEntity
  8
Layer 1
100
AcDbVertex
100
AcDb2dVertex
 10
186.314726
 20
108.08901
 30
0.0
 70
0
  0
VERTEX
  5
6E9
330
6D8
100
AcDbEntity
  8
Layer 1
100
AcDbVertex
100
AcDb2dVertex
 10
185.639889
 20
110.07947
 30
0.0
 70
0
  0
VERTEX
  5
6EA
330
6D8
100
AcDbEntity
  8
Layer 1
100
AcDbVertex
100
AcDb2dVertex
 10
185.40535
 20
112.22533
 30
0.0
 70
0
  0
VERTEX
  5
6EB
330
6D8
100
AcDbEntity
  8
Layer 1
100
AcDbVertex
100
AcDb2dVertex
 10
185.617826
 20
114.210034
 30
0.0
 70
0
  0
VERTEX
  5
6EC
330
6D8
100
AcDbEntity
  8
Layer 1
100
AcDbVertex
100
AcDb2dVertex
 10
186.230312
 20
116.085383
 30
0.0
 70
0
  0
VERTEX
  5
6ED
330
6D8
100
AcDbEntity
  8
Layer 1
100
AcDbVertex
100
AcDb2dVertex
 10
187.205397
 20
117.811088
 30
0.0
 70
0
  0
VERTEX
  5
6EE
330
6D8
100
AcDbEntity
  8
Layer 1
100
AcDbVertex
100
AcDb2dVertex
 10
188.505671
 20
119.34686
 30
0.0
 70
0
  0
VERTEX
  5
6EF
330
6D8
100
AcDbEntity
  8
Layer 1
100
AcDbVertex
100
AcDb2dVertex
 10
190.093723
 20
120.65241
 30
0.0
 70
0
  0
VERTEX
  5
6F0
330
6D8
100
AcDbEntity
  8
Layer 1
100
AcDbVertex
100
AcDb2dVertex
 10
191.93214
 20
121.687449
 30
0.0
 70
0
  0
VERTEX
  5
6F1
330
6D8
100
AcDbEntity
  8
Layer 1
100
AcDbVertex
100
AcDb2dVertex
 10
193.983513
 20
122.411689
 30
0.0
 70
0
  0
VERTEX
  5
6F2
330
6D8
100
AcDbEntity
  8
Layer 1
100
AcDbVertex
100
AcDb2dVertex
 10
196.21043
 20
122.78484
 30
0.0
 70
0
  0
VERTEX
  5
6F3
330
6D8
100
AcDbEntity
  8
Layer 1
100
AcDbVertex
100
AcDb2dVertex
 10
194.368655
 20
122.999714
 30
0.0
 70
0
  0
VERTEX
  5
6F4
330
6D8
100
AcDbEntity
  8
Layer 1
100
AcDbVertex
100
AcDb2dVertex
 10
192.52688
 20
123.03041
 30
0.0
 70
0
  0
VERTEX
  5
6F5
330
6D8
100
AcDbEntity
  8
Layer 1
100
AcDbVertex
100
AcDb2dVertex
 10
190.48516
 20
122.937002
 30
0.0
 70
0
  0
VERTEX
  5
6F6
330
6D8
100
AcDbEntity
  8
Layer 1
100
AcDbVertex
100
AcDb2dVertex
 10
188.509988
 20
122.663014
 30
0.0
 70
0
  0
VERTEX
  5
6F7
330
6D8
100
AcDbEntity
  8
Layer 1
100
AcDbVertex
100
AcDb2dVertex
 10
186.610358
 20
122.217799
 30
0.0
 70
0
  0
VERTEX
  5
6F8
330
6D8
100
AcDbEntity
  8
Layer 1
100
AcDbVertex
100
AcDb2dVertex
 10
184.795262
 20
121.610708
 30
0.0
 70
0
  0
VERTEX
  5
6F9
330
6D8
100
AcDbEntity
  8
Layer 1
100
AcDbVertex
100
AcDb2dVertex
 10
183.073694
 20
120.851096
 30
0.0
 70
0
  0
VERTEX
  5
6FA
330
6D8
100
AcDbEntity
  8
Layer 1
100
AcDbVertex
100
AcDb2dVertex
 10
181.454647
 20
119.948315
 30
0.0
 70
0
  0
VERTEX
  5
6FB
330
6D8
100
AcDbEntity
  8
Layer 1
100
AcDbVertex
100
AcDb2dVertex
 10
179.947113
 20
118.911717
 30
0.0
 70
0
  0
VERTEX
  5
6FC
330
6D8
100
AcDbEntity
  8
Layer 1
100
AcDbVertex
100
AcDb2dVertex
 10
178.560086
 20
117.750655
 30
0.0
 70
0
  0
VERTEX
  5
6FD
330
6D8
100
AcDbEntity
  8
Layer 1
100
AcDbVertex
100
AcDb2dVertex
 10
177.302559
 20
116.474482
 30
0.0
 70
0
  0
VERTEX
  5
6FE
330
6D8
100
AcDbEntity
  8
Layer 1
100
AcDbVertex
100
AcDb2dVertex
 10
176.183525
 20
115.092552
 30
0.0
 70
0
  0
VERTEX
  5
6FF
330
6D8
100
AcDbEntity
  8
Layer 1
100
AcDbVertex
100
AcDb2dVertex
 10
175.211977
 20
113.614215
 30
0.0
 70
0
  0
VERTEX
  5
700
330
6D8
100
AcDbEntity
  8
Layer 1
100
AcDbVertex
100
AcDb2dVertex
 10
174.396907
 20
112.048827
 30
0.0
 70
0
  0
VERTEX
  5
701
330
6D8
100
AcDbEntity
  8
Layer 1
100
AcDbVertex
100
AcDb2dVertex
 10
173.74731
 20
110.405738
 30
0.0
 70
0
  0
VERTEX
  5
702
330
6D8
100
AcDbEntity
  8
Layer 1
100
AcDbVertex
100
AcDb2dVertex
 10
173.272178
 20
108.694302
 30
0.0
 70
0
  0
VERTEX
  5
703
330
6D8
100
AcDbEntity
  8
Layer 1
100
AcDbVertex
100
AcDb2dVertex
 10
172.980503
 20
106.923872
 30
0.0
 70
0
  0
VERTEX
  5
704
330
6D8
100
AcDbEntity
  8
Layer 1
100
AcDbVertex
100
AcDb2dVertex
 10
172.88128
 20
105.1038
 30
0.0
 70
0
  0
VERTEX
  5
705
330
6D8
100
AcDbEntity
  8
Layer 1
100
AcDbVertex
100
AcDb2dVertex
 10
172.980443
 20
103.197275
 30
0.0
 70
0
  0
VERTEX
  5
706
330
6D8
100
AcDbEntity
  8
Layer 1
100
AcDbVertex
100
AcDb2dVertex
 10
173.271698
 20
101.351183
 30
0.0
 70
0
  0
VERTEX
  5
707
330
6D8
100
AcDbEntity
  8
Layer 1
100
AcDbVertex
100
AcDb2dVertex
 10
173.745691
 20
99.574158
 30
0.0
 70
0
  0
VERTEX
  5
708
330
6D8
100
AcDbEntity
  8
Layer 1
100
AcDbVertex
100
AcDb2dVertex
 10
174.39307
 20
97.874833
 30
0.0
 70
0
  0
VERTEX
  5
709
330
6D8
100
AcDbEntity
  8
Layer 1
100
AcDbVertex
100
AcDb2dVertex
 10
175.204483
 20
96.261841
 30
0.0
 70
0
  0
VERTEX
  5
70A
330
6D8
100
AcDbEntity
  8
Layer 1
100
AcDbVertex
100
AcDb2dVertex
 10
176.170575
 20
94.743816
 30
0.0
 70
0
  0
VERTEX
  5
70B
330
6D8
100
AcDbEntity
  8
Layer 1
100
AcDbVertex
100
AcDb2dVertex
 10
177.281995
 20
93.32939
 30
0.0
 70
0
  0
VERTEX
  5
70C
330
6D8
100
AcDbEntity
  8
Layer 1
100
AcDbVertex
100
AcDb2dVertex
 10
178.52939
 20
92.027197
 30
0.0
 70
0
  0
VERTEX
  5
70D
330
6D8
100
AcDbEntity
  8
Layer 1
100
AcDbVertex
100
AcDb2dVertex
 10
179.903407
 20
90.845872
 30
0.0
 70
0
  0
VERTEX
  5
70E
330
6D8
100
AcDbEntity
  8
Layer 1
100
AcDbVertex
100
AcDb2dVertex
 10
181.394693
 20
89.794045
 30
0.0
 70
0
  0
VERTEX
  5
70F
330
6D8
100
AcDbEntity
  8
Layer 1
100
AcDbVertex
100
AcDb2dVertex
 10
182.993896
 20
88.880352
 30
0.0
 70
0
  0
VERTEX
  5
710
330
6D8
100
AcDbEntity
  8
Layer 1
100
AcDbVertex
100
AcDb2dVertex
 10
184.691662
 20
88.113426
 30
0.0
 70
0
  0
VERTEX
  5
711
330
6D8
100
AcDbEntity
  8
Layer 1
100
AcDbVertex
100
AcDb2dVertex
 10
186.47864
 20
87.501899
 30
0.0
 70
0
  0
VERTEX
  5
712
330
6D8
100
AcDbEntity
  8
Layer 1
100
AcDbVertex
100
AcDb2dVertex
 10
188.345475
 20
87.054405
 30
0.0
 70
0
  0
VERTEX
  5
713
330
6D8
100
AcDbEntity
  8
Layer 1
100
AcDbVertex
100
AcDb2dVertex
 10
190.282816
 20
86.779578
 30
0.0
 70
0
  0
VERTEX
  5
714
330
6D8
100
AcDbEntity
  8
Layer 1
100
AcDbVertex
100
AcDb2dVertex
 10
192.28131
 20
86.68605
 30
0.0
 70
0
  0
VERTEX
  5
715
330
6D8
100
AcDbEntity
  8
Layer 1
100
AcDbVertex
100
AcDb2dVertex
 10
194.32303
 20
86.779578
 30
0.0
 70
0
  0
VERTEX
  5
716
330
6D8
100
AcDbEntity
  8
Layer 1
100
AcDbVertex
100
AcDb2dVertex
 10
196.298202
 20
87.054405
 30
0.0
 70
0
  0
VERTEX
  5
717
330
6D8
100
AcDbEntity
  8
Layer 1
100
AcDbVertex
100
AcDb2dVertex
 10
198.197832
 20
87.501899
 30
0.0
 70
0
  0
VERTEX
  5
718
330
6D8
100
AcDbEntity
  8
Layer 1
100
AcDbVertex
100
AcDb2dVertex
 10
200.012928
 20
88.113426
 30
0.0
 70
0
  0
VERTEX
  5
719
330
6D8
100
AcDbEntity
  8
Layer 1
100
AcDbVertex
100
AcDb2dVertex
 10
201.734496
 20
88.880352
 30
0.0
 70
0
  0
VERTEX
  5
71A
330
6D8
100
AcDbEntity
  8
Layer 1
100
AcDbVertex
100
AcDb2dVertex
 10
203.353543
 20
89.794045
 30
0.0
 70
0
  0
VERTEX
  5
71B
330
6D8
100
AcDbEntity
  8
Layer 1
100
AcDbVertex
100
AcDb2dVertex
 10
204.861077
 20
90.845872
 30
0.0
 70
0
  0
VERTEX
  5
71C
330
6D8
100
AcDbEntity
  8
Layer 1
100
AcDbVertex
100
AcDb2dVertex
 10
206.248104
 20
92.027197
 30
0.0
 70
0
  0
VERTEX
  5
71D
330
6D8
100
AcDbEntity
  8
Layer 1
100
AcDbVertex
100
AcDb2dVertex
 10
207.505631
 20
93.32939
 30
0.0
 70
0
  0
VERTEX
  5
71E
330
6D8
100
AcDbEntity
  8
Layer 1
100
AcDbVertex
100
AcDb2dVertex
 10
208.624665
 20
94.743816
 30
0.0
 70
0
  0
VERTEX
  5
71F
330
6D8
100
AcDbEntity
  8
Layer 1
100
AcDbVertex
100
AcDb2dVertex
 10
209.596213
 20
96.261841
 30
0.0
 70
0
  0
VERTEX
  5
720
330
6D8
100
AcDbEntity
  8
Layer 1
100
AcDbVertex
100
AcDb2dVertex
 10
210.411283
 20
97.874833
 30
0.0
 70
0
  0
VERTEX
  5
721
330
6D8
100
AcDbEntity
  8
Layer 1
100
AcDbVertex
100
AcDb2dVertex
 10
211.06088
 20
99.574158
 30
0.0
 70
0
  0
VERTEX
  5
722
330
6D8
100
AcDbEntity
  8
Layer 1
100
AcDbVertex
100
AcDb2dVertex
 10
211.536012
 20
101.351183
 30
0.0
 70
0
  0
VERTEX
  5
723
330
6D8
100
AcDbEntity
  8
Layer 1
100
AcDbVertex
100
AcDb2dVertex
 10
211.827687
 20
103.197275
 30
0.0
 70
0
  0
VERTEX
  5
724
330
6D8
100
AcDbEntity
  8
Layer 1
100
AcDbVertex
100
AcDb2dVertex
 10
211.92691
 20
105.1038
 30
0.0
 70
0
  0
VERTEX
  5
725
330
6D8
100
AcDbEntity
  8
Layer 1
100
AcDbVertex
100
AcDb2dVertex
 10
211.704362
 20
107.778211
 30
0.0
 70
0
  0
VERTEX
  5
726
330
6D8
100
AcDbEntity
  8
Layer 1
100
AcDbVertex
100
AcDb2dVertex
 10
211.067415
 20
110.291466
 30
0.0
 70
0
  0
VERTEX
  5
727
330
6D8
100
AcDbEntity
  8
Layer 1
100
AcDbVertex
100
AcDb2dVertex
 10
210.062113
 20
112.666589
 30
0.0
 70
0
  0
VERTEX
  5
728
330
6D8
100
AcDbEntity
  8
Layer 1
100
AcDbVertex
100
AcDb2dVertex
 10
208.7345
 20
114.9266
 30
0.0
 70
0
  0
VERTEX
  5
729
330
6D8
100
AcDbEntity
  8
Layer 1
100
AcDbVertex
100
AcDb2dVertex
 10
208.98007
 20
112.22533
 30
0.0
 70
0
  0
SEQEND
  5
72A
330
A3F
100
AcDbEntity
  8
Layer 1
  0
POLYLINE
  5
72B
330
A3F
100
AcDbEntity
  8
Layer 1
 62
7
100
AcDb2dPolyline
 66
1
 10
0.0
 20
0.0
 30
0.0
 70
0
  0
VERTEX
  5
72D
330
72B
100
AcDbEntity
  8
Layer 1
100
AcDbVertex
100
AcDb2dVertex
 10
610.3618
 20
171.61858
 30
0.0
 70
0
  0
VERTEX
  5
72E
330
72B
100
AcDbEntity
  8
Layer 1
100
AcDbVertex
100
AcDb2dVertex
 10
605.4504
 20
151.48184
 30
0.0
 70
0
  0
VERTEX
  5
72F
330
72B
100
AcDbEntity
  8
Layer 1
100
AcDbVertex
100
AcDb2dVertex
 10
601.03014
 20
173.82871
 30
0.0
 70
0
  0
VERTEX
  5
730
330
72B
100
AcDbEntity
  8
Layer 1
100
AcDbVertex
100
AcDb2dVertex
 10
540.61992
 20
187.08949
 30
0.0
 70
0
  0
VERTEX
  5
731
330
72B
100
AcDbEntity
  8
Layer 1
100
AcDbVertex
100
AcDb2dVertex
 10
541.11106
 20
153.4464
 30
0.0
 70
0
  0
VERTEX
  5
732
330
72B
100
AcDbEntity
  8
Layer 1
100
AcDbVertex
100
AcDb2dVertex
 10
550.19715
 20
151.48184
 30
0.0
 70
0
  0
VERTEX
  5
733
330
72B
100
AcDbEntity
  8
Layer 1
100
AcDbVertex
100
AcDb2dVertex
 10
549.46044
 20
145.34259
 30
0.0
 70
0
  0
VERTEX
  5
734
330
72B
100
AcDbEntity
  8
Layer 1
100
AcDbVertex
100
AcDb2dVertex
 10
549.337655
 20
145.373286
 30
0.0
 70
0
  0
VERTEX
  5
735
330
72B
100
AcDbEntity
  8
Layer 1
100
AcDbVertex
100
AcDb2dVertex
 10
549.21487
 20
145.58816
 30
0.0
 70
0
  0
VERTEX
  5
736
330
72B
100
AcDbEntity
  8
Layer 1
100
AcDbVertex
100
AcDb2dVertex
 10
544.85936
 20
147.555118
 30
0.0
 70
0
  0
VERTEX
  5
737
330
72B
100
AcDbEntity
  8
Layer 1
100
AcDbVertex
100
AcDb2dVertex
 10
540.293772
 20
149.029977
 30
0.0
 70
0
  0
VERTEX
  5
738
330
72B
100
AcDbEntity
  8
Layer 1
100
AcDbVertex
100
AcDb2dVertex
 10
535.561274
 20
150.004103
 30
0.0
 70
0
  0
VERTEX
  5
739
330
72B
100
AcDbEntity
  8
Layer 1
100
AcDbVertex
100
AcDb2dVertex
 10
530.705031
 20
150.468864
 30
0.0
 70
0
  0
VERTEX
  5
73A
330
72B
100
AcDbEntity
  8
Layer 1
100
AcDbVertex
100
AcDb2dVertex
 10
525.768211
 20
150.415625
 30
0.0
 70
0
  0
VERTEX
  5
73B
330
72B
100
AcDbEntity
  8
Layer 1
100
AcDbVertex
100
AcDb2dVertex
 10
520.79398
 20
149.835754
 30
0.0
 70
0
  0
VERTEX
  5
73C
330
72B
100
AcDbEntity
  8
Layer 1
100
AcDbVertex
100
AcDb2dVertex
 10
515.825504
 20
148.720616
 30
0.0
 70
0
  0
VERTEX
  5
73D
330
72B
100
AcDbEntity
  8
Layer 1
100
AcDbVertex
100
AcDb2dVertex
 10
510.90595
 20
147.06158
 30
0.0
 70
0
  0
VERTEX
  5
73E
330
72B
100
AcDbEntity
  8
Layer 1
100
AcDbVertex
100
AcDb2dVertex
 10
507.640636
 20
145.680249
 30
0.0
 70
0
  0
VERTEX
  5
73F
330
72B
100
AcDbEntity
  8
Layer 1
100
AcDbVertex
100
AcDb2dVertex
 10
504.490434
 20
144.11474
 30
0.0
 70
0
  0
VERTEX
  5
740
330
72B
100
AcDbEntity
  8
Layer 1
100
AcDbVertex
100
AcDb2dVertex
 10
501.478364
 20
142.365054
 30
0.0
 70
0
  0
VERTEX
  5
741
330
72B
100
AcDbEntity
  8
Layer 1
100
AcDbVertex
100
AcDb2dVertex
 10
498.62745
 20
140.43119
 30
0.0
 70
0
  0
VERTEX
  5
742
330
72B
100
AcDbEntity
  8
Layer 1
100
AcDbVertex
100
AcDb2dVertex
 10
489.54136
 20
197.89457
 30
0.0
 70
0
  0
VERTEX
  5
743
330
72B
100
AcDbEntity
  8
Layer 1
100
AcDbVertex
100
AcDb2dVertex
 10
449.51345
 20
197.89457
 30
0.0
 70
0
  0
VERTEX
  5
744
330
72B
100
AcDbEntity
  8
Layer 1
100
AcDbVertex
100
AcDb2dVertex
 10
448.53117
 20
191.26418
 30
0.0
 70
0
  0
VERTEX
  5
745
330
72B
100
AcDbEntity
  8
Layer 1
100
AcDbVertex
100
AcDb2dVertex
 10
406.29313
 20
191.26418
 30
0.0
 70
0
  0
VERTEX
  5
746
330
72B
100
AcDbEntity
  8
Layer 1
100
AcDbVertex
100
AcDb2dVertex
 10
401.38173
 20
161.79578
 30
0.0
 70
0
  0
VERTEX
  5
747
330
72B
100
AcDbEntity
  8
Layer 1
100
AcDbVertex
100
AcDb2dVertex
 10
397.94375
 20
166.21604
 30
0.0
 70
0
  0
VERTEX
  5
748
330
72B
100
AcDbEntity
  8
Layer 1
100
AcDbVertex
100
AcDb2dVertex
 10
395.958746
 20
168.497934
 30
0.0
 70
0
  0
VERTEX
  5
749
330
72B
100
AcDbEntity
  8
Layer 1
100
AcDbVertex
100
AcDb2dVertex
 10
393.874099
 20
170.646372
 30
0.0
 70
0
  0
VERTEX
  5
74A
330
72B
100
AcDbEntity
  8
Layer 1
100
AcDbVertex
100
AcDb2dVertex
 10
391.693766
 20
172.660274
 30
0.0
 70
0
  0
VERTEX
  5
74B
330
72B
100
AcDbEntity
  8
Layer 1
100
AcDbVertex
100
AcDb2dVertex
 10
389.421704
 20
174.538561
 30
0.0
 70
0
  0
VERTEX
  5
74C
330
72B
100
AcDbEntity
  8
Layer 1
100
AcDbVertex
100
AcDb2dVertex
 10
387.061869
 20
176.280153
 30
0.0
 70
0
  0
VERTEX
  5
74D
330
72B
100
AcDbEntity
  8
Layer 1
100
AcDbVertex
100
AcDb2dVertex
 10
384.61822
 20
177.883972
 30
0.0
 70
0
  0
VERTEX
  5
74E
330
72B
100
AcDbEntity
  8
Layer 1
100
AcDbVertex
100
AcDb2dVertex
 10
382.094713
 20
179.348939
 30
0.0
 70
0
  0
VERTEX
  5
74F
330
72B
100
AcDbEntity
  8
Layer 1
100
AcDbVertex
100
AcDb2dVertex
 10
379.495304
 20
180.673974
 30
0.0
 70
0
  0
VERTEX
  5
750
330
72B
100
AcDbEntity
  8
Layer 1
100
AcDbVertex
100
AcDb2dVertex
 10
376.823951
 20
181.857998
 30
0.0
 70
0
  0
VERTEX
  5
751
330
72B
100
AcDbEntity
  8
Layer 1
100
AcDbVertex
100
AcDb2dVertex
 10
374.08461
 20
182.899932
 30
0.0
 70
0
  0
VERTEX
  5
752
330
72B
100
AcDbEntity
  8
Layer 1
100
AcDbVertex
100
AcDb2dVertex
 10
371.281239
 20
183.798696
 30
0.0
 70
0
  0
VERTEX
  5
753
330
72B
100
AcDbEntity
  8
Layer 1
100
AcDbVertex
100
AcDb2dVertex
 10
368.417795
 20
184.553212
 30
0.0
 70
0
  0
VERTEX
  5
754
330
72B
100
AcDbEntity
  8
Layer 1
100
AcDbVertex
100
AcDb2dVertex
 10
365.498233
 20
185.162401
 30
0.0
 70
0
  0
VERTEX
  5
755
330
72B
100
AcDbEntity
  8
Layer 1
100
AcDbVertex
100
AcDb2dVertex
 10
362.526513
 20
185.625183
 30
0.0
 70
0
  0
VERTEX
  5
756
330
72B
100
AcDbEntity
  8
Layer 1
100
AcDbVertex
100
AcDb2dVertex
 10
359.506589
 20
185.940479
 30
0.0
 70
0
  0
VERTEX
  5
757
330
72B
100
AcDbEntity
  8
Layer 1
100
AcDbVertex
100
AcDb2dVertex
 10
356.44242
 20
186.10721
 30
0.0
 70
0
  0
VERTEX
  5
758
330
72B
100
AcDbEntity
  8
Layer 1
100
AcDbVertex
100
AcDb2dVertex
 10
392.29564
 20
205.26167
 30
0.0
 70
0
  0
VERTEX
  5
759
330
72B
100
AcDbEntity
  8
Layer 1
100
AcDbVertex
100
AcDb2dVertex
 10
367.2475
 20
242.58831
 30
0.0
 70
0
  0
VERTEX
  5
75A
330
72B
100
AcDbEntity
  8
Layer 1
100
AcDbVertex
100
AcDb2dVertex
 10
322.06262
 20
190.52747
 30
0.0
 70
0
  0
VERTEX
  5
75B
330
72B
100
AcDbEntity
  8
Layer 1
100
AcDbVertex
100
AcDb2dVertex
 10
329.92086
 20
180.95024
 30
0.0
 70
0
  0
VERTEX
  5
75C
330
72B
100
AcDbEntity
  8
Layer 1
100
AcDbVertex
100
AcDb2dVertex
 10
324.76389
 20
178.555932
 30
0.0
 70
0
  0
VERTEX
  5
75D
330
72B
100
AcDbEntity
  8
Layer 1
100
AcDbVertex
100
AcDb2dVertex
 10
319.975275
 20
175.79327
 30
0.0
 70
0
  0
VERTEX
  5
75E
330
72B
100
AcDbEntity
  8
Layer 1
100
AcDbVertex
100
AcDb2dVertex
 10
315.555015
 20
172.662252
 30
0.0
 70
0
  0
VERTEX
  5
75F
330
72B
100
AcDbEntity
  8
Layer 1
100
AcDbVertex
100
AcDb2dVertex
 10
311.50311
 20
169.16288
 30
0.0
 70
0
  0
VERTEX
  5
760
330
72B
100
AcDbEntity
  8
Layer 1
100
AcDbVertex
100
AcDb2dVertex
 10
272.70305
 20
203.54268
 30
0.0
 70
0
  0
VERTEX
  5
761
330
72B
100
AcDbEntity
  8
Layer 1
100
AcDbVertex
100
AcDb2dVertex
 10
259.1967
 20
177.75783
 30
0.0
 70
0
  0
VERTEX
  5
762
330
72B
100
AcDbEntity
  8
Layer 1
100
AcDbVertex
100
AcDb2dVertex
 10
259.68784
 20
202.80597
 30
0.0
 70
0
  0
VERTEX
  5
763
330
72B
100
AcDbEntity
  8
Layer 1
100
AcDbVertex
100
AcDb2dVertex
 10
199.03205
 20
183.40594
 30
0.0
 70
0
  0
VERTEX
  5
764
330
72B
100
AcDbEntity
  8
Layer 1
100
AcDbVertex
100
AcDb2dVertex
 10
200.75104
 20
150.9907
 30
0.0
 70
0
  0
VERTEX
  5
765
330
72B
100
AcDbEntity
  8
Layer 1
100
AcDbVertex
100
AcDb2dVertex
 10
211.06498
 20
153.69197
 30
0.0
 70
0
  0
VERTEX
  5
766
330
72B
100
AcDbEntity
  8
Layer 1
100
AcDbVertex
100
AcDb2dVertex
 10
212.5384
 20
137.23878
 30
0.0
 70
0
  0
VERTEX
  5
767
330
72B
100
AcDbEntity
  8
Layer 1
100
AcDbVertex
100
AcDb2dVertex
 10
208.010223
 20
139.000457
 30
0.0
 70
0
  0
VERTEX
  5
768
330
72B
100
AcDbEntity
  8
Layer 1
100
AcDbVertex
100
AcDb2dVertex
 10
203.294992
 20
140.235501
 30
0.0
 70
0
  0
VERTEX
  5
769
330
72B
100
AcDbEntity
  8
Layer 1
100
AcDbVertex
100
AcDb2dVertex
 10
198.435871
 20
140.946791
 30
0.0
 70
0
  0
VERTEX
  5
76A
330
72B
100
AcDbEntity
  8
Layer 1
100
AcDbVertex
100
AcDb2dVertex
 10
193.476029
 20
141.137204
 30
0.0
 70
0
  0
VERTEX
  5
76B
330
72B
100
AcDbEntity
  8
Layer 1
100
AcDbVertex
100
AcDb2dVertex
 10
188.458631
 20
140.809617
 30
0.0
 70
0
  0
VERTEX
  5
76C
330
72B
100
AcDbEntity
  8
Layer 1
100
AcDbVertex
100
AcDb2dVertex
 10
183.426844
 20
139.966909
 30
0.0
 70
0
  0
VERTEX
  5
76D
330
72B
100
AcDbEntity
  8
Layer 1
100
AcDbVertex
100
AcDb2dVertex
 10
178.423835
 20
138.611958
 30
0.0
 70
0
  0
VERTEX
  5
76E
330
72B
100
AcDbEntity
  8
Layer 1
100
AcDbVertex
100
AcDb2dVertex
 10
173.49277
 20
136.74764
 30
0.0
 70
0
  0
VERTEX
  5
76F
330
72B
100
AcDbEntity
  8
Layer 1
100
AcDbVertex
100
AcDb2dVertex
 10
170.595811
 20
135.408516
 30
0.0
 70
0
  0
VERTEX
  5
770
330
72B
100
AcDbEntity
  8
Layer 1
100
AcDbVertex
100
AcDb2dVertex
 10
167.813964
 20
133.954281
 30
0.0
 70
0
  0
VERTEX
  5
771
330
72B
100
AcDbEntity
  8
Layer 1
100
AcDbVertex
100
AcDb2dVertex
 10
165.170249
 20
132.361913
 30
0.0
 70
0
  0
VERTEX
  5
772
330
72B
100
AcDbEntity
  8
Layer 1
100
AcDbVertex
100
AcDb2dVertex
 10
162.68769
 20
130.60839
 30
0.0
 70
0
  0
VERTEX
  5
773
330
72B
100
AcDbEntity
  8
Layer 1
100
AcDbVertex
100
AcDb2dVertex
 10
163.388428
 20
134.371079
 30
0.0
 70
0
  0
VERTEX
  5
774
330
72B
100
AcDbEntity
  8
Layer 1
100
AcDbVertex
100
AcDb2dVertex
 10
163.827288
 20
138.102112
 30
0.0
 70
0
  0
VERTEX
  5
775
330
72B
100
AcDbEntity
  8
Layer 1
100
AcDbVertex
100
AcDb2dVertex
 10
163.995638
 20
141.792856
 30
0.0
 70
0
  0
VERTEX
  5
776
330
72B
100
AcDbEntity
  8
Layer 1
100
AcDbVertex
100
AcDb2dVertex
 10
163.884844
 20
145.434679
 30
0.0
 70
0
  0
VERTEX
  5
777
330
72B
100
AcDbEntity
  8
Layer 1
100
AcDbVertex
100
AcDb2dVertex
 10
163.486272
 20
149.018946
 30
0.0
 70
0
  0
VERTEX
  5
778
330
72B
100
AcDbEntity
  8
Layer 1
100
AcDbVertex
100
AcDb2dVertex
 10
162.79129
 20
152.537024
 30
0.0
 70
0
  0
VERTEX
  5
779
330
72B
100
AcDbEntity
  8
Layer 1
100
AcDbVertex
100
AcDb2dVertex
 10
161.791264
 20
155.98028
 30
0.0
 70
0
  0
VERTEX
  5
77A
330
72B
100
AcDbEntity
  8
Layer 1
100
AcDbVertex
100
AcDb2dVertex
 10
160.47756
 20
159.34008
 30
0.0
 70
0
  0
VERTEX
  5
77B
330
72B
100
AcDbEntity
  8
Layer 1
100
AcDbVertex
100
AcDb2dVertex
 10
158.651613
 20
163.134904
 30
0.0
 70
0
  0
VERTEX
  5
77C
330
72B
100
AcDbEntity
  8
Layer 1
100
AcDbVertex
100
AcDb2dVertex
 10
156.506233
 20
166.768572
 30
0.0
 70
0
  0
VERTEX
  5
77D
330
72B
100
AcDbEntity
  8
Layer 1
100
AcDbVertex
100
AcDb2dVertex
 10
154.06732
 20
170.218064
 30
0.0
 70
0
  0
VERTEX
  5
77E
330
72B
100
AcDbEntity
  8
Layer 1
100
AcDbVertex
100
AcDb2dVertex
 10
151.360774
 20
173.460355
 30
0.0
 70
0
  0
VERTEX
  5
77F
330
72B
100
AcDbEntity
  8
Layer 1
100
AcDbVertex
100
AcDb2dVertex
 10
148.412495
 20
176.472425
 30
0.0
 70
0
  0
VERTEX
  5
780
330
72B
100
AcDbEntity
  8
Layer 1
100
AcDbVertex
100
AcDb2dVertex
 10
145.248383
 20
179.23125
 30
0.0
 70
0
  0
VERTEX
  5
781
330
72B
100
AcDbEntity
  8
Layer 1
100
AcDbVertex
100
AcDb2dVertex
 10
141.894338
 20
181.713809
 30
0.0
 70
0
  0
VERTEX
  5
782
330
72B
100
AcDbEntity
  8
Layer 1
100
AcDbVertex
100
AcDb2dVertex
 10
138.37626
 20
183.89708
 30
0.0
 70
0
  0
VERTEX
  5
783
330
72B
100
AcDbEntity
  8
Layer 1
100
AcDbVertex
100
AcDb2dVertex
 10
135.741658
 20
185.555157
 30
0.0
 70
0
  0
VERTEX
  5
784
330
72B
100
AcDbEntity
  8
Layer 1
100
AcDbVertex
100
AcDb2dVertex
 10
133.000579
 20
187.031935
 30
0.0
 70
0
  0
VERTEX
  5
785
330
72B
100
AcDbEntity
  8
Layer 1
100
AcDbVertex
100
AcDb2dVertex
 10
130.161656
 20
188.33029
 30
0.0
 70
0
  0
VERTEX
  5
786
330
72B
100
AcDbEntity
  8
Layer 1
100
AcDbVertex
100
AcDb2dVertex
 10
127.233521
 20
189.453101
 30
0.0
 70
0
  0
VERTEX
  5
787
330
72B
100
AcDbEntity
  8
Layer 1
100
AcDbVertex
100
AcDb2dVertex
 10
124.224809
 20
190.403246
 30
0.0
 70
0
  0
VERTEX
  5
788
330
72B
100
AcDbEntity
  8
Layer 1
100
AcDbVertex
100
AcDb2dVertex
 10
121.144153
 20
191.183602
 30
0.0
 70
0
  0
VERTEX
  5
789
330
72B
100
AcDbEntity
  8
Layer 1
100
AcDbVertex
100
AcDb2dVertex
 10
118.000185
 20
191.797048
 30
0.0
 70
0
  0
VERTEX
  5
78A
330
72B
100
AcDbEntity
  8
Layer 1
100
AcDbVertex
100
AcDb2dVertex
 10
114.80154
 20
192.24646
 30
0.0
 70
0
  0
VERTEX
  5
78B
330
72B
100
AcDbEntity
  8
Layer 1
100
AcDbVertex
100
AcDb2dVertex
 10
110.837167
 20
192.850912
 30
0.0
 70
0
  0
VERTEX
  5
78C
330
72B
100
AcDbEntity
  8
Layer 1
100
AcDbVertex
100
AcDb2dVertex
 10
106.776389
 20
193.283418
 30
0.0
 70
0
  0
VERTEX
  5
78D
330
72B
100
AcDbEntity
  8
Layer 1
100
AcDbVertex
100
AcDb2dVertex
 10
102.6264
 20
193.544696
 30
0.0
 70
0
  0
VERTEX
  5
78E
330
72B
100
AcDbEntity
  8
Layer 1
100
AcDbVertex
100
AcDb2dVertex
 10
98.394394
 20
193.635465
 30
0.0
 70
0
  0
VERTEX
  5
78F
330
72B
100
AcDbEntity
  8
Layer 1
100
AcDbVertex
100
AcDb2dVertex
 10
94.087567
 20
193.556446
 30
0.0
 70
0
  0
VERTEX
  5
790
330
72B
100
AcDbEntity
  8
Layer 1
100
AcDbVertex
100
AcDb2dVertex
 10
89.713111
 20
193.308358
 30
0.0
 70
0
  0
VERTEX
  5
791
330
72B
100
AcDbEntity
  8
Layer 1
100
AcDbVertex
100
AcDb2dVertex
 10
85.278222
 20
192.891921
 30
0.0
 70
0
  0
VERTEX
  5
792
330
72B
100
AcDbEntity
  8
Layer 1
100
AcDbVertex
100
AcDb2dVertex
 10
80.790095
 20
192.307852
 30
0.0
 70
0
  0
VERTEX
  5
793
330
72B
100
AcDbEntity
  8
Layer 1
100
AcDbVertex
100
AcDb2dVertex
 10
76.255923
 20
191.556874
 30
0.0
 70
0
  0
VERTEX
  5
794
330
72B
100
AcDbEntity
  8
Layer 1
100
AcDbVertex
100
AcDb2dVertex
 10
71.682901
 20
190.639703
 30
0.0
 70
0
  0
VERTEX
  5
795
330
72B
100
AcDbEntity
  8
Layer 1
100
AcDbVertex
100
AcDb2dVertex
 10
67.078224
 20
189.557061
 30
0.0
 70
0
  0
VERTEX
  5
796
330
72B
100
AcDbEntity
  8
Layer 1
100
AcDbVertex
100
AcDb2dVertex
 10
62.449086
 20
188.309666
 30
0.0
 70
0
  0
VERTEX
  5
797
330
72B
100
AcDbEntity
  8
Layer 1
100
AcDbVertex
100
AcDb2dVertex
 10
57.802681
 20
186.898238
 30
0.0
 70
0
  0
VERTEX
  5
798
330
72B
100
AcDbEntity
  8
Layer 1
100
AcDbVertex
100
AcDb2dVertex
 10
53.146203
 20
185.323496
 30
0.0
 70
0
  0
VERTEX
  5
799
330
72B
100
AcDbEntity
  8
Layer 1
100
AcDbVertex
100
AcDb2dVertex
 10
48.486848
 20
183.586161
 30
0.0
 70
0
  0
VERTEX
  5
79A
330
72B
100
AcDbEntity
  8
Layer 1
100
AcDbVertex
100
AcDb2dVertex
 10
43.83181
 20
181.68695
 30
0.0
 70
0
  0
VERTEX
  5
79B
330
72B
100
AcDbEntity
  8
Layer 1
100
AcDbVertex
100
AcDb2dVertex
 10
37.117005
 20
178.648021
 30
0.0
 70
0
  0
VERTEX
  5
79C
330
72B
100
AcDbEntity
  8
Layer 1
100
AcDbVertex
100
AcDb2dVertex
 10
30.632422
 20
175.424915
 30
0.0
 70
0
  0
VERTEX
  5
79D
330
72B
100
AcDbEntity
  8
Layer 1
100
AcDbVertex
100
AcDb2dVertex
 10
24.424106
 20
172.017631
 30
0.0
 70
0
  0
VERTEX
  5
79E
330
72B
100
AcDbEntity
  8
Layer 1
100
AcDbVertex
100
AcDb2dVertex
 10
18.5381
 20
168.42617
 30
0.0
 70
0
  0
VERTEX
  5
79F
330
72B
100
AcDbEntity
  8
Layer 1
100
AcDbVertex
100
AcDb2dVertex
 10
8.96087
 20
162.28692
 30
0.0
 70
0
  0
VERTEX
  5
7A0
330
72B
100
AcDbEntity
  8
Layer 1
100
AcDbVertex
100
AcDb2dVertex
 10
14.85455
 20
152.46412
 30
0.0
 70
0
  0
VERTEX
  5
7A1
330
72B
100
AcDbEntity
  8
Layer 1
100
AcDbVertex
100
AcDb2dVertex
 10
33.02673
 20
121.5223
 30
0.0
 70
0
  0
VERTEX
  5
7A2
330
72B
100
AcDbEntity
  8
Layer 1
100
AcDbVertex
100
AcDb2dVertex
 10
38.67484
 20
112.19064
 30
0.0
 70
0
  0
VERTEX
  5
7A3
330
72B
100
AcDbEntity
  8
Layer 1
100
AcDbVertex
100
AcDb2dVertex
 10
48.49764
 20
117.10204
 30
0.0
 70
0
  0
VERTEX
  5
7A4
330
72B
100
AcDbEntity
  8
Layer 1
100
AcDbVertex
100
AcDb2dVertex
 10
49.97106
 20
117.83875
 30
0.0
 70
0
  0
VERTEX
  5
7A5
330
72B
100
AcDbEntity
  8
Layer 1
100
AcDbVertex
100
AcDb2dVertex
 10
95.15594
 20
17.15505
 30
0.0
 70
0
  0
VERTEX
  5
7A6
330
72B
100
AcDbEntity
  8
Layer 1
100
AcDbVertex
100
AcDb2dVertex
 10
99.5762
 20
7.57782
 30
0.0
 70
0
  0
VERTEX
  5
7A7
330
72B
100
AcDbEntity
  8
Layer 1
100
AcDbVertex
100
AcDb2dVertex
 10
109.64457
 20
10.77023
 30
0.0
 70
0
  0
VERTEX
  5
7A8
330
72B
100
AcDbEntity
  8
Layer 1
100
AcDbVertex
100
AcDb2dVertex
 10
133.956
 20
18.62847
 30
0.0
 70
0
  0
VERTEX
  5
7A9
330
72B
100
AcDbEntity
  8
Layer 1
100
AcDbVertex
100
AcDb2dVertex
 10
144.76108
 20
22.06645
 30
0.0
 70
0
  0
VERTEX
  5
7AA
330
72B
100
AcDbEntity
  8
Layer 1
100
AcDbVertex
100
AcDb2dVertex
 10
142.05981
 20
32.87153
 30
0.0
 70
0
  0
VERTEX
  5
7AB
330
72B
100
AcDbEntity
  8
Layer 1
100
AcDbVertex
100
AcDb2dVertex
 10
129.0446
 20
82.47667
 30
0.0
 70
0
  0
VERTEX
  5
7AC
330
72B
100
AcDbEntity
  8
Layer 1
100
AcDbVertex
100
AcDb2dVertex
 10
134.385748
 20
86.712752
 30
0.0
 70
0
  0
VERTEX
  5
7AD
330
72B
100
AcDbEntity
  8
Layer 1
100
AcDbVertex
100
AcDb2dVertex
 10
139.35854
 20
91.31719
 30
0.0
 70
0
  0
VERTEX
  5
7AE
330
72B
100
AcDbEntity
  8
Layer 1
100
AcDbVertex
100
AcDb2dVertex
 10
139.032392
 20
86.862397
 30
0.0
 70
0
  0
VERTEX
  5
7AF
330
72B
100
AcDbEntity
  8
Layer 1
100
AcDbVertex
100
AcDb2dVertex
 10
139.143666
 20
82.384581
 30
0.0
 70
0
  0
VERTEX
  5
7B0
330
72B
100
AcDbEntity
  8
Layer 1
100
AcDbVertex
100
AcDb2dVertex
 10
139.66934
 20
77.95281
 30
0.0
 70
0
  0
VERTEX
  5
7B1
330
72B
100
AcDbEntity
  8
Layer 1
100
AcDbVertex
100
AcDb2dVertex
 10
140.58639
 20
73.63615
 30
0.0
 70
0
  0
VERTEX
  5
7B2
330
72B
100
AcDbEntity
  8
Layer 1
100
AcDbVertex
100
AcDb2dVertex
 10
142.080434
 20
69.242749
 30
0.0
 70
0
  0
VERTEX
  5
7B3
330
72B
100
AcDbEntity
  8
Layer 1
100
AcDbVertex
100
AcDb2dVertex
 10
143.974489
 20
65.102592
 30
0.0
 70
0
  0
VERTEX
  5
7B4
330
72B
100
AcDbEntity
  8
Layer 1
100
AcDbVertex
100
AcDb2dVertex
 10
146.254165
 20
61.238702
 30
0.0
 70
0
  0
VERTEX
  5
7B5
330
72B
100
AcDbEntity
  8
Layer 1
100
AcDbVertex
100
AcDb2dVertex
 10
148.905074
 20
57.6741
 30
0.0
 70
0
  0
VERTEX
  5
7B6
330
72B
100
AcDbEntity
  8
Layer 1
100
AcDbVertex
100
AcDb2dVertex
 10
151.912827
 20
54.431809
 30
0.0
 70
0
  0
VERTEX
  5
7B7
330
72B
100
AcDbEntity
  8
Layer 1
100
AcDbVertex
100
AcDb2dVertex
 10
155.263035
 20
51.53485
 30
0.0
 70
0
  0
VERTEX
  5
7B8
330
72B
100
AcDbEntity
  8
Layer 1
100
AcDbVertex
100
AcDb2dVertex
 10
158.941309
 20
49.006246
 30
0.0
 70
0
  0
VERTEX
  5
7B9
330
72B
100
AcDbEntity
  8
Layer 1
100
AcDbVertex
100
AcDb2dVertex
 10
162.93326
 20
46.86902
 30
0.0
 70
0
  0
VERTEX
  5
7BA
330
72B
100
AcDbEntity
  8
Layer 1
100
AcDbVertex
100
AcDb2dVertex
 10
167.472468
 20
45.015734
 30
0.0
 70
0
  0
VERTEX
  5
7BB
330
72B
100
AcDbEntity
  8
Layer 1
100
AcDbVertex
100
AcDb2dVertex
 10
172.218876
 20
43.691958
 30
0.0
 70
0
  0
VERTEX
  5
7BC
330
72B
100
AcDbEntity
  8
Layer 1
100
AcDbVertex
100
AcDb2dVertex
 10
177.126439
 20
42.897693
 30
0.0
 70
0
  0
VERTEX
  5
7BD
330
72B
100
AcDbEntity
  8
Layer 1
100
AcDbVertex
100
AcDb2dVertex
 10
182.149113
 20
42.632937
 30
0.0
 70
0
  0
VERTEX
  5
7BE
330
72B
100
AcDbEntity
  8
Layer 1
100
AcDbVertex
100
AcDb2dVertex
 10
187.240853
 20
42.897693
 30
0.0
 70
0
  0
VERTEX
  5
7BF
330
72B
100
AcDbEntity
  8
Layer 1
100
AcDbVertex
100
AcDb2dVertex
 10
192.355616
 20
43.691958
 30
0.0
 70
0
  0
VERTEX
  5
7C0
330
72B
100
AcDbEntity
  8
Layer 1
100
AcDbVertex
100
AcDb2dVertex
 10
197.447356
 20
45.015734
 30
0.0
 70
0
  0
VERTEX
  5
7C1
330
72B
100
AcDbEntity
  8
Layer 1
100
AcDbVertex
100
AcDb2dVertex
 10
202.47003
 20
46.86902
 30
0.0
 70
0
  0
VERTEX
  5
7C2
330
72B
100
AcDbEntity
  8
Layer 1
100
AcDbVertex
100
AcDb2dVertex
 10
207.339223
 20
49.267165
 30
0.0
 70
0
  0
VERTEX
  5
7C3
330
72B
100
AcDbEntity
  8
Layer 1
100
AcDbVertex
100
AcDb2dVertex
 10
211.955171
 20
52.056686
 30
0.0
 70
0
  0
VERTEX
  5
7C4
330
72B
100
AcDbEntity
  8
Layer 1
100
AcDbVertex
100
AcDb2dVertex
 10
216.248809
 20
55.260607
 30
0.0
 70
0
  0
VERTEX
  5
7C5
330
72B
100
AcDbEntity
  8
Layer 1
100
AcDbVertex
100
AcDb2dVertex
 10
218.253178
 20
57.025162
 30
0.0
 70
0
  0
VERTEX
  5
7C6
330
72B
100
AcDbEntity
  8
Layer 1
100
AcDbVertex
100
AcDb2dVertex
 10
220.15107
 20
58.90195
 30
0.0
 70
0
  0
VERTEX
  5
7C7
330
72B
100
AcDbEntity
  8
Layer 1
100
AcDbVertex
100
AcDb2dVertex
 10
221.87006
 20
39.01078
 30
0.0
 70
0
  0
VERTEX
  5
7C8
330
72B
100
AcDbEntity
  8
Layer 1
100
AcDbVertex
100
AcDb2dVertex
 10
264.59924
 20
45.3956
 30
0.0
 70
0
  0
VERTEX
  5
7C9
330
72B
100
AcDbEntity
  8
Layer 1
100
AcDbVertex
100
AcDb2dVertex
 10
264.59924
 20
83.70452
 30
0.0
 70
0
  0
VERTEX
  5
7CA
330
72B
100
AcDbEntity
  8
Layer 1
100
AcDbVertex
100
AcDb2dVertex
 10
353.74115
 20
39.50192
 30
0.0
 70
0
  0
VERTEX
  5
7CB
330
72B
100
AcDbEntity
  8
Layer 1
100
AcDbVertex
100
AcDb2dVertex
 10
353.74115
 20
81.98553
 30
0.0
 70
0
  0
VERTEX
  5
7CC
330
72B
100
AcDbEntity
  8
Layer 1
100
AcDbVertex
100
AcDb2dVertex
 10
356.465442
 20
82.254122
 30
0.0
 70
0
  0
VERTEX
  5
7CD
330
72B
100
AcDbEntity
  8
Layer 1
100
AcDbVertex
100
AcDb2dVertex
 10
359.14369
 20
82.660848
 30
0.0
 70
0
  0
VERTEX
  5
7CE
330
72B
100
AcDbEntity
  8
Layer 1
100
AcDbVertex
100
AcDb2dVertex
 10
364.54623
 20
83.70452
 30
0.0
 70
0
  0
VERTEX
  5
7CF
330
72B
100
AcDbEntity
  8
Layer 1
100
AcDbVertex
100
AcDb2dVertex
 10
371.648575
 20
85.692102
 30
0.0
 70
0
  0
VERTEX
  5
7D0
330
72B
100
AcDbEntity
  8
Layer 1
100
AcDbVertex
100
AcDb2dVertex
 10
378.267454
 20
88.001995
 30
0.0
 70
0
  0
VERTEX
  5
7D1
330
72B
100
AcDbEntity
  8
Layer 1
100
AcDbVertex
100
AcDb2dVertex
 10
384.471933
 20
90.680243
 30
0.0
 70
0
  0
VERTEX
  5
7D2
330
72B
100
AcDbEntity
  8
Layer 1
100
AcDbVertex
100
AcDb2dVertex
 10
390.33108
 20
93.77289
 30
0.0
 70
0
  0
VERTEX
  5
7D3
330
72B
100
AcDbEntity
  8
Layer 1
100
AcDbVertex
100
AcDb2dVertex
 10
386.64753
 20
70.93488
 30
0.0
 70
0
  0
VERTEX
  5
7D4
330
72B
100
AcDbEntity
  8
Layer 1
100
AcDbVertex
100
AcDb2dVertex
 10
434.77925
 20
63.32221
 30
0.0
 70
0
  0
VERTEX
  5
7D5
330
72B
100
AcDbEntity
  8
Layer 1
100
AcDbVertex
100
AcDb2dVertex
 10
437.48052
 20
80.75768
 30
0.0
 70
0
  0
VERTEX
  5
7D6
330
72B
100
AcDbEntity
  8
Layer 1
100
AcDbVertex
100
AcDb2dVertex
 10
450.00459
 20
57.42853
 30
0.0
 70
0
  0
VERTEX
  5
7D7
330
72B
100
AcDbEntity
  8
Layer 1
100
AcDbVertex
100
AcDb2dVertex
 10
457.61726
 20
72.16273
 30
0.0
 70
0
  0
VERTEX
  5
7D8
330
72B
100
AcDbEntity
  8
Layer 1
100
AcDbVertex
100
AcDb2dVertex
 10
460.31853
 20
47.8513
 30
0.0
 70
0
  0
VERTEX
  5
7D9
330
72B
100
AcDbEntity
  8
Layer 1
100
AcDbVertex
100
AcDb2dVertex
 10
514.83507
 20
38.27407
 30
0.0
 70
0
  0
VERTEX
  5
7DA
330
72B
100
AcDbEntity
  8
Layer 1
100
AcDbVertex
100
AcDb2dVertex
 10
511.88823
 20
56.69182
 30
0.0
 70
0
  0
VERTEX
  5
7DB
330
72B
100
AcDbEntity
  8
Layer 1
100
AcDbVertex
100
AcDb2dVertex
 10
514.672476
 20
56.496131
 30
0.0
 70
0
  0
VERTEX
  5
7DC
330
72B
100
AcDbEntity
  8
Layer 1
100
AcDbVertex
100
AcDb2dVertex
 10
517.494133
 20
56.461598
 30
0.0
 70
0
  0
VERTEX
  5
7DD
330
72B
100
AcDbEntity
  8
Layer 1
100
AcDbVertex
100
AcDb2dVertex
 10
520.344567
 20
56.58822
 30
0.0
 70
0
  0
VERTEX
  5
7DE
330
72B
100
AcDbEntity
  8
Layer 1
100
AcDbVertex
100
AcDb2dVertex
 10
523.215146
 20
56.875997
 30
0.0
 70
0
  0
VERTEX
  5
7DF
330
72B
100
AcDbEntity
  8
Layer 1
100
AcDbVertex
100
AcDb2dVertex
 10
526.097236
 20
57.32493
 30
0.0
 70
0
  0
VERTEX
  5
7E0
330
72B
100
AcDbEntity
  8
Layer 1
100
AcDbVertex
100
AcDb2dVertex
 10
528.982204
 20
57.935018
 30
0.0
 70
0
  0
VERTEX
  5
7E1
330
72B
100
AcDbEntity
  8
Layer 1
100
AcDbVertex
100
AcDb2dVertex
 10
531.861417
 20
58.706261
 30
0.0
 70
0
  0
VERTEX
  5
7E2
330
72B
100
AcDbEntity
  8
Layer 1
100
AcDbVertex
100
AcDb2dVertex
 10
534.72624
 20
59.63866
 30
0.0
 70
0
  0
VERTEX
  5
7E3
330
72B
100
AcDbEntity
  8
Layer 1
100
AcDbVertex
100
AcDb2dVertex
 10
537.396814
 20
60.774421
 30
0.0
 70
0
  0
VERTEX
  5
7E4
330
72B
100
AcDbEntity
  8
Layer 1
100
AcDbVertex
100
AcDb2dVertex
 10
539.88321
 20
62.09436
 30
0.0
 70
0
  0
VERTEX
  5
7E5
330
72B
100
AcDbEntity
  8
Layer 1
100
AcDbVertex
100
AcDb2dVertex
 10
537.67308
 20
42.44876
 30
0.0
 70
0
  0
VERTEX
  5
7E6
330
72B
100
AcDbEntity
  8
Layer 1
100
AcDbVertex
100
AcDb2dVertex
 10
574.01744
 20
37.29179
 30
0.0
 70
0
  0
VERTEX
  5
7E7
330
72B
100
AcDbEntity
  8
Layer 1
100
AcDbVertex
100
AcDb2dVertex
 10
574.26301
 20
22.31202
 30
0.0
 70
0
  0
VERTEX
  5
7E8
330
72B
100
AcDbEntity
  8
Layer 1
100
AcDbVertex
100
AcDb2dVertex
 10
612.08079
 20
10.52466
 30
0.0
 70
0
  0
VERTEX
  5
7E9
330
72B
100
AcDbEntity
  8
Layer 1
100
AcDbVertex
100
AcDb2dVertex
 10
661.44036
 20
159.09451
 30
0.0
 70
0
  0
VERTEX
  5
7EA
330
72B
100
AcDbEntity
  8
Layer 1
100
AcDbVertex
100
AcDb2dVertex
 10
610.3618
 20
171.61858
 30
0.0
 70
0
  0
SEQEND
  5
7EC
330
A3F
100
AcDbEntity
  8
Layer 1
  0
POLYLINE
  5
7ED
330
A3F
100
AcDbEntity
  8
Layer 1
 62
7
100
AcDb2dPolyline
 66
1
 10
0.0
 20
0.0
 30
0.0
 70
0
  0
VERTEX
  5
7EF
330
7ED
100
AcDbEntity
  8
Layer 1
100
AcDbVertex
100
AcDb2dVertex
 10
397.20704
 20
149.51728
 30
0.0
 70
0
  0
VERTEX
  5
7F0
330
7ED
100
AcDbEntity
  8
Layer 1
100
AcDbVertex
100
AcDb2dVertex
 10
399.66274
 20
152.21855
 30
0.0
 70
0
  0
VERTEX
  5
7F1
330
7ED
100
AcDbEntity
  8
Layer 1
100
AcDbVertex
100
AcDb2dVertex
 10
396.7159
 20
133.55523
 30
0.0
 70
0
  0
VERTEX
  5
7F2
330
7ED
100
AcDbEntity
  8
Layer 1
100
AcDbVertex
100
AcDb2dVertex
 10
388.85766
 20
140.67676
 30
0.0
 70
0
  0
VERTEX
  5
7F3
330
7ED
100
AcDbEntity
  8
Layer 1
100
AcDbVertex
100
AcDb2dVertex
 10
397.20704
 20
149.51728
 30
0.0
 70
0
  0
SEQEND
  5
7F5
330
A3F
100
AcDbEntity
  8
Layer 1
  0
POLYLINE
  5
7F6
330
A3F
100
AcDbEntity
  8
Layer 1
 62
7
100
AcDb2dPolyline
 66
1
 10
0.0
 20
0.0
 30
0.0
 70
0
  0
VERTEX
  5
7F8
330
7F6
100
AcDbEntity
  8
Layer 1
100
AcDbVertex
100
AcDb2dVertex
 10
365.28294
 20
226.13512
 30
0.0
 70
0
  0
VERTEX
  5
7F9
330
7F6
100
AcDbEntity
  8
Layer 1
100
AcDbVertex
100
AcDb2dVertex
 10
378.54372
 20
208.20851
 30
0.0
 70
0
  0
VERTEX
  5
7FA
330
7F6
100
AcDbEntity
  8
Layer 1
100
AcDbVertex
100
AcDb2dVertex
 10
340.72594
 20
189.54519
 30
0.0
 70
0
  0
VERTEX
  5
7FB
330
7F6
100
AcDbEntity
  8
Layer 1
100
AcDbVertex
100
AcDb2dVertex
 10
338.02467
 20
193.47431
 30
0.0
 70
0
  0
VERTEX
  5
7FC
330
7F6
100
AcDbEntity
  8
Layer 1
100
AcDbVertex
100
AcDb2dVertex
 10
342.283775
 20
198.473962
 30
0.0
 70
0
  0
VERTEX
  5
7FD
330
7F6
100
AcDbEntity
  8
Layer 1
100
AcDbVertex
100
AcDb2dVertex
 10
351.653805
 20
209.712626
 30
0.0
 70
0
  0
VERTEX
  5
7FE
330
7F6
100
AcDbEntity
  8
Layer 1
100
AcDbVertex
100
AcDb2dVertex
 10
365.28294
 20
226.13512
 30
0.0
 70
0
  0
SEQEND
  5
800
330
A3F
100
AcDbEntity
  8
Layer 1
  0
POLYLINE
  5
801
330
A3F
100
AcDbEntity
  8
Layer 1
 62
7
100
AcDb2dPolyline
 66
1
 10
0.0
 20
0.0
 30
0.0
 70
0
  0
VERTEX
  5
803
330
801
100
AcDbEntity
  8
Layer 1
100
AcDbVertex
100
AcDb2dVertex
 10
115.04711
 20
87.63364
 30
0.0
 70
0
  0
VERTEX
  5
804
330
801
100
AcDbEntity
  8
Layer 1
100
AcDbVertex
100
AcDb2dVertex
 10
130.02688
 20
29.67912
 30
0.0
 70
0
  0
VERTEX
  5
805
330
801
100
AcDbEntity
  8
Layer 1
100
AcDbVertex
100
AcDb2dVertex
 10
105.71545
 20
21.82088
 30
0.0
 70
0
  0
VERTEX
  5
806
330
801
100
AcDbEntity
  8
Layer 1
100
AcDbVertex
100
AcDb2dVertex
 10
55.61917
 20
133.8008
 30
0.0
 70
0
  0
VERTEX
  5
807
330
801
100
AcDbEntity
  8
Layer 1
100
AcDbVertex
100
AcDb2dVertex
 10
50.124541
 20
131.007441
 30
0.0
 70
0
  0
VERTEX
  5
808
330
801
100
AcDbEntity
  8
Layer 1
100
AcDbVertex
100
AcDb2dVertex
 10
43.34067
 20
127.66155
 30
0.0
 70
0
  0
VERTEX
  5
809
330
801
100
AcDbEntity
  8
Layer 1
100
AcDbVertex
100
AcDb2dVertex
 10
25.16849
 20
158.3578
 30
0.0
 70
0
  0
VERTEX
  5
80A
330
801
100
AcDbEntity
  8
Layer 1
100
AcDbVertex
100
AcDb2dVertex
 10
30.682304
 20
161.726713
 30
0.0
 70
0
  0
VERTEX
  5
80B
330
801
100
AcDbEntity
  8
Layer 1
100
AcDbVertex
100
AcDb2dVertex
 10
36.495406
 20
164.865405
 30
0.0
 70
0
  0
VERTEX
  5
80C
330
801
100
AcDbEntity
  8
Layer 1
100
AcDbVertex
100
AcDb2dVertex
 10
42.53873
 20
167.819919
 30
0.0
 70
0
  0
VERTEX
  5
80D
330
801
100
AcDbEntity
  8
Layer 1
100
AcDbVertex
100
AcDb2dVertex
 10
48.74321
 20
170.6363
 30
0.0
 70
0
  0
VERTEX
  5
80E
330
801
100
AcDbEntity
  8
Layer 1
100
AcDbVertex
100
AcDb2dVertex
 10
57.530491
 20
174.080036
 30
0.0
 70
0
  0
VERTEX
  5
80F
330
801
100
AcDbEntity
  8
Layer 1
100
AcDbVertex
100
AcDb2dVertex
 10
66.182517
 20
176.867639
 30
0.0
 70
0
  0
VERTEX
  5
810
330
801
100
AcDbEntity
  8
Layer 1
100
AcDbVertex
100
AcDb2dVertex
 10
74.656121
 20
179.010621
 30
0.0
 70
0
  0
VERTEX
  5
811
330
801
100
AcDbEntity
  8
Layer 1
100
AcDbVertex
100
AcDb2dVertex
 10
82.908136
 20
180.520492
 30
0.0
 70
0
  0
VERTEX
  5
812
330
801
100
AcDbEntity
  8
Layer 1
100
AcDbVertex
100
AcDb2dVertex
 10
90.895396
 20
181.408765
 30
0.0
 70
0
  0
VERTEX
  5
813
330
801
100
AcDbEntity
  8
Layer 1
100
AcDbVertex
100
AcDb2dVertex
 10
98.574735
 20
181.68695
 30
0.0
 70
0
  0
VERTEX
  5
814
330
801
100
AcDbEntity
  8
Layer 1
100
AcDbVertex
100
AcDb2dVertex
 10
102.285444
 20
181.600857
 30
0.0
 70
0
  0
VERTEX
  5
815
330
801
100
AcDbEntity
  8
Layer 1
100
AcDbVertex
100
AcDb2dVertex
 10
105.902985
 20
181.366558
 30
0.0
 70
0
  0
VERTEX
  5
816
330
801
100
AcDbEntity
  8
Layer 1
100
AcDbVertex
100
AcDb2dVertex
 10
109.421962
 20
180.985493
 30
0.0
 70
0
  0
VERTEX
  5
817
330
801
100
AcDbEntity
  8
Layer 1
100
AcDbVertex
100
AcDb2dVertex
 10
112.83698
 20
180.4591
 30
0.0
 70
0
  0
VERTEX
  5
818
330
801
100
AcDbEntity
  8
Layer 1
100
AcDbVertex
100
AcDb2dVertex
 10
117.656291
 20
179.664835
 30
0.0
 70
0
  0
VERTEX
  5
819
330
801
100
AcDbEntity
  8
Layer 1
100
AcDbVertex
100
AcDb2dVertex
 10
122.475603
 20
178.341059
 30
0.0
 70
0
  0
VERTEX
  5
81A
330
801
100
AcDbEntity
  8
Layer 1
100
AcDbVertex
100
AcDb2dVertex
 10
124.85648
 20
177.459021
 30
0.0
 70
0
  0
VERTEX
  5
81B
330
801
100
AcDbEntity
  8
Layer 1
100
AcDbVertex
100
AcDb2dVertex
 10
127.202825
 20
176.418706
 30
0.0
 70
0
  0
VERTEX
  5
81C
330
801
100
AcDbEntity
  8
Layer 1
100
AcDbVertex
100
AcDb2dVertex
 10
129.503125
 20
175.21148
 30
0.0
 70
0
  0
VERTEX
  5
81D
330
801
100
AcDbEntity
  8
Layer 1
100
AcDbVertex
100
AcDb2dVertex
 10
131.74587
 20
173.82871
 30
0.0
 70
0
  0
VERTEX
  5
81E
330
801
100
AcDbEntity
  8
Layer 1
100
AcDbVertex
100
AcDb2dVertex
 10
134.691751
 20
171.997966
 30
0.0
 70
0
  0
VERTEX
  5
81F
330
801
100
AcDbEntity
  8
Layer 1
100
AcDbVertex
100
AcDb2dVertex
 10
137.447698
 20
170.00319
 30
0.0
 70
0
  0
VERTEX
  5
820
330
801
100
AcDbEntity
  8
Layer 1
100
AcDbVertex
100
AcDb2dVertex
 10
140.007958
 20
167.841502
 30
0.0
 70
0
  0
VERTEX
  5
821
330
801
100
AcDbEntity
  8
Layer 1
100
AcDbVertex
100
AcDb2dVertex
 10
142.366773
 20
165.510026
 30
0.0
 70
0
  0
VERTEX
  5
822
330
801
100
AcDbEntity
  8
Layer 1
100
AcDbVertex
100
AcDb2dVertex
 10
144.518388
 20
163.005884
 30
0.0
 70
0
  0
VERTEX
  5
823
330
801
100
AcDbEntity
  8
Layer 1
100
AcDbVertex
100
AcDb2dVertex
 10
146.457048
 20
160.326197
 30
0.0
 70
0
  0
VERTEX
  5
824
330
801
100
AcDbEntity
  8
Layer 1
100
AcDbVertex
100
AcDb2dVertex
 10
148.176997
 20
157.468088
 30
0.0
 70
0
  0
VERTEX
  5
825
330
801
100
AcDbEntity
  8
Layer 1
100
AcDbVertex
100
AcDb2dVertex
 10
149.67248
 20
154.42868
 30
0.0
 70
0
  0
VERTEX
  5
826
330
801
100
AcDbEntity
  8
Layer 1
100
AcDbVertex
100
AcDb2dVertex
 10
151.058847
 20
150.554358
 30
0.0
 70
0
  0
VERTEX
  5
827
330
801
100
AcDbEntity
  8
Layer 1
100
AcDbVertex
100
AcDb2dVertex
 10
151.911388
 20
146.502333
 30
0.0
 70
0
  0
VERTEX
  5
828
330
801
100
AcDbEntity
  8
Layer 1
100
AcDbVertex
100
AcDb2dVertex
 10
152.243051
 20
142.302102
 30
0.0
 70
0
  0
VERTEX
  5
829
330
801
100
AcDbEntity
  8
Layer 1
100
AcDbVertex
100
AcDb2dVertex
 10
152.066788
 20
137.983164
 30
0.0
 70
0
  0
VERTEX
  5
82A
330
801
100
AcDbEntity
  8
Layer 1
100
AcDbVertex
100
AcDb2dVertex
 10
151.395547
 20
133.575015
 30
0.0
 70
0
  0
VERTEX
  5
82B
330
801
100
AcDbEntity
  8
Layer 1
100
AcDbVertex
100
AcDb2dVertex
 10
150.242279
 20
129.107152
 30
0.0
 70
0
  0
VERTEX
  5
82C
330
801
100
AcDbEntity
  8
Layer 1
100
AcDbVertex
100
AcDb2dVertex
 10
148.619934
 20
124.609072
 30
0.0
 70
0
  0
VERTEX
  5
82D
330
801
100
AcDbEntity
  8
Layer 1
100
AcDbVertex
100
AcDb2dVertex
 10
146.541463
 20
120.110272
 30
0.0
 70
0
  0
VERTEX
  5
82E
330
801
100
AcDbEntity
  8
Layer 1
100
AcDbVertex
100
AcDb2dVertex
 10
144.019814
 20
115.640251
 30
0.0
 70
0
  0
VERTEX
  5
82F
330
801
100
AcDbEntity
  8
Layer 1
100
AcDbVertex
100
AcDb2dVertex
 10
141.067937
 20
111.228504
 30
0.0
 70
0
  0
VERTEX
  5
830
330
801
100
AcDbEntity
  8
Layer 1
100
AcDbVertex
100
AcDb2dVertex
 10
137.698784
 20
106.90453
 30
0.0
 70
0
  0
VERTEX
  5
831
330
801
100
AcDbEntity
  8
Layer 1
100
AcDbVertex
100
AcDb2dVertex
 10
133.925304
 20
102.697825
 30
0.0
 70
0
  0
VERTEX
  5
832
330
801
100
AcDbEntity
  8
Layer 1
100
AcDbVertex
100
AcDb2dVertex
 10
129.760446
 20
98.637886
 30
0.0
 70
0
  0
VERTEX
  5
833
330
801
100
AcDbEntity
  8
Layer 1
100
AcDbVertex
100
AcDb2dVertex
 10
125.217161
 20
94.754211
 30
0.0
 70
0
  0
VERTEX
  5
834
330
801
100
AcDbEntity
  8
Layer 1
100
AcDbVertex
100
AcDb2dVertex
 10
120.308399
 20
91.076296
 30
0.0
 70
0
  0
VERTEX
  5
835
330
801
100
AcDbEntity
  8
Layer 1
100
AcDbVertex
100
AcDb2dVertex
 10
115.04711
 20
87.63364
 30
0.0
 70
0
  0
SEQEND
  5
837
330
A3F
100
AcDbEntity
  8
Layer 1
  0
POLYLINE
  5
838
330
A3F
100
AcDbEntity
  8
Layer 1
 62
7
100
AcDb2dPolyline
 66
1
 10
0.0
 20
0.0
 30
0.0
 70
0
  0
VERTEX
  5
83A
330
838
100
AcDbEntity
  8
Layer 1
100
AcDbVertex
100
AcDb2dVertex
 10
227.2726
 20
97.94758
 30
0.0
 70
0
  0
VERTEX
  5
83B
330
838
100
AcDbEntity
  8
Layer 1
100
AcDbVertex
100
AcDb2dVertex
 10
227.043817
 20
94.726872
 30
0.0
 70
0
  0
VERTEX
  5
83C
330
838
100
AcDbEntity
  8
Layer 1
100
AcDbVertex
100
AcDb2dVertex
 10
226.547401
 20
91.520553
 30
0.0
 70
0
  0
VERTEX
  5
83D
330
838
100
AcDbEntity
  8
Layer 1
100
AcDbVertex
100
AcDb2dVertex
 10
225.791986
 20
88.343011
 30
0.0
 70
0
  0
VERTEX
  5
83E
330
838
100
AcDbEntity
  8
Layer 1
100
AcDbVertex
100
AcDb2dVertex
 10
224.786204
 20
85.208636
 30
0.0
 70
0
  0
VERTEX
  5
83F
330
838
100
AcDbEntity
  8
Layer 1
100
AcDbVertex
100
AcDb2dVertex
 10
223.538689
 20
82.131817
 30
0.0
 70
0
  0
VERTEX
  5
840
330
838
100
AcDbEntity
  8
Layer 1
100
AcDbVertex
100
AcDb2dVertex
 10
222.058075
 20
79.126942
 30
0.0
 70
0
  0
VERTEX
  5
841
330
838
100
AcDbEntity
  8
Layer 1
100
AcDbVertex
100
AcDb2dVertex
 10
220.352994
 20
76.2084
 30
0.0
 70
0
  0
VERTEX
  5
842
330
838
100
AcDbEntity
  8
Layer 1
100
AcDbVertex
100
AcDb2dVertex
 10
218.43208
 20
73.39058
 30
0.0
 70
0
  0
VERTEX
  5
843
330
838
100
AcDbEntity
  8
Layer 1
100
AcDbVertex
100
AcDb2dVertex
 10
216.418118
 20
70.790032
 30
0.0
 70
0
  0
VERTEX
  5
844
330
838
100
AcDbEntity
  8
Layer 1
100
AcDbVertex
100
AcDb2dVertex
 10
214.245879
 20
68.333373
 30
0.0
 70
0
  0
VERTEX
  5
845
330
838
100
AcDbEntity
  8
Layer 1
100
AcDbVertex
100
AcDb2dVertex
 10
211.91824
 20
66.026358
 30
0.0
 70
0
  0
VERTEX
  5
846
330
838
100
AcDbEntity
  8
Layer 1
100
AcDbVertex
100
AcDb2dVertex
 10
209.438079
 20
63.874742
 30
0.0
 70
0
  0
VERTEX
  5
847
330
838
100
AcDbEntity
  8
Layer 1
100
AcDbVertex
100
AcDb2dVertex
 10
206.808273
 20
61.884283
 30
0.0
 70
0
  0
VERTEX
  5
848
330
838
100
AcDbEntity
  8
Layer 1
100
AcDbVertex
100
AcDb2dVertex
 10
204.031702
 20
60.060733
 30
0.0
 70
0
  0
VERTEX
  5
849
330
838
100
AcDbEntity
  8
Layer 1
100
AcDbVertex
100
AcDb2dVertex
 10
201.111241
 20
58.409851
 30
0.0
 70
0
  0
VERTEX
  5
84A
330
838
100
AcDbEntity
  8
Layer 1
100
AcDbVertex
100
AcDb2dVertex
 10
198.04977
 20
56.93739
 30
0.0
 70
0
  0
VERTEX
  5
84B
330
838
100
AcDbEntity
  8
Layer 1
100
AcDbVertex
100
AcDb2dVertex
 10
194.093731
 20
55.444965
 30
0.0
 70
0
  0
VERTEX
  5
84C
330
838
100
AcDbEntity
  8
Layer 1
100
AcDbVertex
100
AcDb2dVertex
 10
190.160354
 20
54.368018
 30
0.0
 70
0
  0
VERTEX
  5
84D
330
838
100
AcDbEntity
  8
Layer 1
100
AcDbVertex
100
AcDb2dVertex
 10
186.272302
 20
53.696118
 30
0.0
 70
0
  0
VERTEX
  5
84E
330
838
100
AcDbEntity
  8
Layer 1
100
AcDbVertex
100
AcDb2dVertex
 10
182.452238
 20
53.418832
 30
0.0
 70
0
  0
VERTEX
  5
84F
330
838
100
AcDbEntity
  8
Layer 1
100
AcDbVertex
100
AcDb2dVertex
 10
178.722823
 20
53.52573
 30
0.0
 70
0
  0
VERTEX
  5
850
330
838
100
AcDbEntity
  8
Layer 1
100
AcDbVertex
100
AcDb2dVertex
 10
175.106721
 20
54.006378
 30
0.0
 70
0
  0
VERTEX
  5
851
330
838
100
AcDbEntity
  8
Layer 1
100
AcDbVertex
100
AcDb2dVertex
 10
171.626594
 20
54.850345
 30
0.0
 70
0
  0
VERTEX
  5
852
330
838
100
AcDbEntity
  8
Layer 1
100
AcDbVertex
100
AcDb2dVertex
 10
168.305104
 20
56.047199
 30
0.0
 70
0
  0
VERTEX
  5
853
330
838
100
AcDbEntity
  8
Layer 1
100
AcDbVertex
100
AcDb2dVertex
 10
165.164913
 20
57.586508
 30
0.0
 70
0
  0
VERTEX
  5
854
330
838
100
AcDbEntity
  8
Layer 1
100
AcDbVertex
100
AcDb2dVertex
 10
162.228685
 20
59.45784
 30
0.0
 70
0
  0
VERTEX
  5
855
330
838
100
AcDbEntity
  8
Layer 1
100
AcDbVertex
100
AcDb2dVertex
 10
159.519082
 20
61.650763
 30
0.0
 70
0
  0
VERTEX
  5
856
330
838
100
AcDbEntity
  8
Layer 1
100
AcDbVertex
100
AcDb2dVertex
 10
157.058765
 20
64.154846
 30
0.0
 70
0
  0
VERTEX
  5
857
330
838
100
AcDbEntity
  8
Layer 1
100
AcDbVertex
100
AcDb2dVertex
 10
154.870398
 20
66.959656
 30
0.0
 70
0
  0
VERTEX
  5
858
330
838
100
AcDbEntity
  8
Layer 1
100
AcDbVertex
100
AcDb2dVertex
 10
152.976644
 20
70.054761
 30
0.0
 70
0
  0
VERTEX
  5
859
330
838
100
AcDbEntity
  8
Layer 1
100
AcDbVertex
100
AcDb2dVertex
 10
151.400163
 20
73.42973
 30
0.0
 70
0
  0
VERTEX
  5
85A
330
838
100
AcDbEntity
  8
Layer 1
100
AcDbVertex
100
AcDb2dVertex
 10
150.16362
 20
77.07413
 30
0.0
 70
0
  0
VERTEX
  5
85B
330
838
100
AcDbEntity
  8
Layer 1
100
AcDbVertex
100
AcDb2dVertex
 10
149.361021
 20
80.750426
 30
0.0
 70
0
  0
VERTEX
  5
85C
330
838
100
AcDbEntity
  8
Layer 1
100
AcDbVertex
100
AcDb2dVertex
 10
148.968864
 20
84.486795
 30
0.0
 70
0
  0
VERTEX
  5
85D
330
838
100
AcDbEntity
  8
Layer 1
100
AcDbVertex
100
AcDb2dVertex
 10
148.971682
 20
88.256978
 30
0.0
 70
0
  0
VERTEX
  5
85E
330
838
100
AcDbEntity
  8
Layer 1
100
AcDbVertex
100
AcDb2dVertex
 10
149.354006
 20
92.034715
 30
0.0
 70
0
  0
VERTEX
  5
85F
330
838
100
AcDbEntity
  8
Layer 1
100
AcDbVertex
100
AcDb2dVertex
 10
150.100369
 20
95.793746
 30
0.0
 70
0
  0
VERTEX
  5
860
330
838
100
AcDbEntity
  8
Layer 1
100
AcDbVertex
100
AcDb2dVertex
 10
151.195302
 20
99.507813
 30
0.0
 70
0
  0
VERTEX
  5
861
330
838
100
AcDbEntity
  8
Layer 1
100
AcDbVertex
100
AcDb2dVertex
 10
152.623337
 20
103.150654
 30
0.0
 70
0
  0
VERTEX
  5
862
330
838
100
AcDbEntity
  8
Layer 1
100
AcDbVertex
100
AcDb2dVertex
 10
154.369006
 20
106.696011
 30
0.0
 70
0
  0
VERTEX
  5
863
330
838
100
AcDbEntity
  8
Layer 1
100
AcDbVertex
100
AcDb2dVertex
 10
156.416842
 20
110.117624
 30
0.0
 70
0
  0
VERTEX
  5
864
330
838
100
AcDbEntity
  8
Layer 1
100
AcDbVertex
100
AcDb2dVertex
 10
158.751376
 20
113.389233
 30
0.0
 70
0
  0
VERTEX
  5
865
330
838
100
AcDbEntity
  8
Layer 1
100
AcDbVertex
100
AcDb2dVertex
 10
161.357139
 20
116.484578
 30
0.0
 70
0
  0
VERTEX
  5
866
330
838
100
AcDbEntity
  8
Layer 1
100
AcDbVertex
100
AcDb2dVertex
 10
164.218665
 20
119.3774
 30
0.0
 70
0
  0
VERTEX
  5
867
330
838
100
AcDbEntity
  8
Layer 1
100
AcDbVertex
100
AcDb2dVertex
 10
167.320486
 20
122.041438
 30
0.0
 70
0
  0
VERTEX
  5
868
330
838
100
AcDbEntity
  8
Layer 1
100
AcDbVertex
100
AcDb2dVertex
 10
170.647132
 20
124.450434
 30
0.0
 70
0
  0
VERTEX
  5
869
330
838
100
AcDbEntity
  8
Layer 1
100
AcDbVertex
100
AcDb2dVertex
 10
174.183136
 20
126.578128
 30
0.0
 70
0
  0
VERTEX
  5
86A
330
838
100
AcDbEntity
  8
Layer 1
100
AcDbVertex
100
AcDb2dVertex
 10
177.91303
 20
128.39826
 30
0.0
 70
0
  0
VERTEX
  5
86B
330
838
100
AcDbEntity
  8
Layer 1
100
AcDbVertex
100
AcDb2dVertex
 10
180.35524
 20
129.374365
 30
0.0
 70
0
  0
VERTEX
  5
86C
330
838
100
AcDbEntity
  8
Layer 1
100
AcDbVertex
100
AcDb2dVertex
 10
182.797091
 20
130.186796
 30
0.0
 70
0
  0
VERTEX
  5
86D
330
838
100
AcDbEntity
  8
Layer 1
100
AcDbVertex
100
AcDb2dVertex
 10
185.232467
 20
130.838792
 30
0.0
 70
0
  0
VERTEX
  5
86E
330
838
100
AcDbEntity
  8
Layer 1
100
AcDbVertex
100
AcDb2dVertex
 10
187.655252
 20
131.333589
 30
0.0
 70
0
  0
VERTEX
  5
86F
330
838
100
AcDbEntity
  8
Layer 1
100
AcDbVertex
100
AcDb2dVertex
 10
192.438591
 20
131.864538
 30
0.0
 70
0
  0
VERTEX
  5
870
330
838
100
AcDbEntity
  8
Layer 1
100
AcDbVertex
100
AcDb2dVertex
 10
197.098186
 20
131.805544
 30
0.0
 70
0
  0
VERTEX
  5
871
330
838
100
AcDbEntity
  8
Layer 1
100
AcDbVertex
100
AcDb2dVertex
 10
201.585115
 20
131.182506
 30
0.0
 70
0
  0
VERTEX
  5
872
330
838
100
AcDbEntity
  8
Layer 1
100
AcDbVertex
100
AcDb2dVertex
 10
205.850455
 20
130.021324
 30
0.0
 70
0
  0
VERTEX
  5
873
330
838
100
AcDbEntity
  8
Layer 1
100
AcDbVertex
100
AcDb2dVertex
 10
209.845284
 20
128.347899
 30
0.0
 70
0
  0
VERTEX
  5
874
330
838
100
AcDbEntity
  8
Layer 1
100
AcDbVertex
100
AcDb2dVertex
 10
213.52068
 20
126.18813
 30
0.0
 70
0
  0
VERTEX
  5
875
330
838
100
AcDbEntity
  8
Layer 1
100
AcDbVertex
100
AcDb2dVertex
 10
215.659825
 20
124.623581
 30
0.0
 70
0
  0
VERTEX
  5
876
330
838
100
AcDbEntity
  8
Layer 1
100
AcDbVertex
100
AcDb2dVertex
 10
217.649326
 20
122.880609
 30
0.0
 70
0
  0
VERTEX
  5
877
330
838
100
AcDbEntity
  8
Layer 1
100
AcDbVertex
100
AcDb2dVertex
 10
219.477671
 20
120.964971
 30
0.0
 70
0
  0
VERTEX
  5
878
330
838
100
AcDbEntity
  8
Layer 1
100
AcDbVertex
100
AcDb2dVertex
 10
221.13335
 20
118.882423
 30
0.0
 70
0
  0
VERTEX
  5
879
330
838
100
AcDbEntity
  8
Layer 1
100
AcDbVertex
100
AcDb2dVertex
 10
222.604851
 20
116.638718
 30
0.0
 70
0
  0
VERTEX
  5
87A
330
838
100
AcDbEntity
  8
Layer 1
100
AcDbVertex
100
AcDb2dVertex
 10
223.880664
 20
114.239615
 30
0.0
 70
0
  0
VERTEX
  5
87B
330
838
100
AcDbEntity
  8
Layer 1
100
AcDbVertex
100
AcDb2dVertex
 10
224.949278
 20
111.690867
 30
0.0
 70
0
  0
VERTEX
  5
87C
330
838
100
AcDbEntity
  8
Layer 1
100
AcDbVertex
100
AcDb2dVertex
 10
225.79918
 20
108.99823
 30
0.0
 70
0
  0
VERTEX
  5
87D
330
838
100
AcDbEntity
  8
Layer 1
100
AcDbVertex
100
AcDb2dVertex
 10
226.136839
 20
107.77038
 30
0.0
 70
0
  0
VERTEX
  5
87E
330
838
100
AcDbEntity
  8
Layer 1
100
AcDbVertex
100
AcDb2dVertex
 10
226.29032
 20
106.54253
 30
0.0
 70
0
  0
VERTEX
  5
87F
330
838
100
AcDbEntity
  8
Layer 1
100
AcDbVertex
100
AcDb2dVertex
 10
226.858201
 20
104.336237
 30
0.0
 70
0
  0
VERTEX
  5
880
330
838
100
AcDbEntity
  8
Layer 1
100
AcDbVertex
100
AcDb2dVertex
 10
227.149815
 20
102.152966
 30
0.0
 70
0
  0
VERTEX
  5
881
330
838
100
AcDbEntity
  8
Layer 1
100
AcDbVertex
100
AcDb2dVertex
 10
227.2726
 20
97.94758
 30
0.0
 70
0
  0
SEQEND
  5
883
330
A3F
100
AcDbEntity
  8
Layer 1
  0
POLYLINE
  5
884
330
A3F
100
AcDbEntity
  8
Layer 1
 62
7
100
AcDb2dPolyline
 66
1
 10
0.0
 20
0.0
 30
0.0
 70
0
  0
VERTEX
  5
886
330
884
100
AcDbEntity
  8
Layer 1
100
AcDbVertex
100
AcDb2dVertex
 10
342.44493
 20
56.93739
 30
0.0
 70
0
  0
VERTEX
  5
887
330
884
100
AcDbEntity
  8
Layer 1
100
AcDbVertex
100
AcDb2dVertex
 10
253.79416
 20
101.13999
 30
0.0
 70
0
  0
VERTEX
  5
888
330
884
100
AcDbEntity
  8
Layer 1
100
AcDbVertex
100
AcDb2dVertex
 10
254.03973
 20
54.72726
 30
0.0
 70
0
  0
VERTEX
  5
889
330
884
100
AcDbEntity
  8
Layer 1
100
AcDbVertex
100
AcDb2dVertex
 10
231.20172
 20
51.53485
 30
0.0
 70
0
  0
VERTEX
  5
88A
330
884
100
AcDbEntity
  8
Layer 1
100
AcDbVertex
100
AcDb2dVertex
 10
229.48273
 20
70.68931
 30
0.0
 70
0
  0
VERTEX
  5
88B
330
884
100
AcDbEntity
  8
Layer 1
100
AcDbVertex
100
AcDb2dVertex
 10
231.931715
 20
75.309096
 30
0.0
 70
0
  0
VERTEX
  5
88C
330
884
100
AcDbEntity
  8
Layer 1
100
AcDbVertex
100
AcDb2dVertex
 10
233.926012
 20
80.113059
 30
0.0
 70
0
  0
VERTEX
  5
88D
330
884
100
AcDbEntity
  8
Layer 1
100
AcDbVertex
100
AcDb2dVertex
 10
235.448354
 20
85.055155
 30
0.0
 70
0
  0
VERTEX
  5
88E
330
884
100
AcDbEntity
  8
Layer 1
100
AcDbVertex
100
AcDb2dVertex
 10
236.481475
 20
90.08934
 30
0.0
 70
0
  0
VERTEX
  5
88F
330
884
100
AcDbEntity
  8
Layer 1
100
AcDbVertex
100
AcDb2dVertex
 10
237.008108
 20
95.169569
 30
0.0
 70
0
  0
VERTEX
  5
890
330
884
100
AcDbEntity
  8
Layer 1
100
AcDbVertex
100
AcDb2dVertex
 10
237.010985
 20
100.249799
 30
0.0
 70
0
  0
VERTEX
  5
891
330
884
100
AcDbEntity
  8
Layer 1
100
AcDbVertex
100
AcDb2dVertex
 10
236.472842
 20
105.283984
 30
0.0
 70
0
  0
VERTEX
  5
892
330
884
100
AcDbEntity
  8
Layer 1
100
AcDbVertex
100
AcDb2dVertex
 10
235.37641
 20
110.22608
 30
0.0
 70
0
  0
VERTEX
  5
893
330
884
100
AcDbEntity
  8
Layer 1
100
AcDbVertex
100
AcDb2dVertex
 10
234.559602
 20
112.860682
 30
0.0
 70
0
  0
VERTEX
  5
894
330
884
100
AcDbEntity
  8
Layer 1
100
AcDbVertex
100
AcDb2dVertex
 10
233.584516
 20
115.417583
 30
0.0
 70
0
  0
VERTEX
  5
895
330
884
100
AcDbEntity
  8
Layer 1
100
AcDbVertex
100
AcDb2dVertex
 10
232.454031
 20
117.888152
 30
0.0
 70
0
  0
VERTEX
  5
896
330
884
100
AcDbEntity
  8
Layer 1
100
AcDbVertex
100
AcDb2dVertex
 10
231.171024
 20
120.263754
 30
0.0
 70
0
  0
VERTEX
  5
897
330
884
100
AcDbEntity
  8
Layer 1
100
AcDbVertex
100
AcDb2dVertex
 10
229.738372
 20
122.535756
 30
0.0
 70
0
  0
VERTEX
  5
898
330
884
100
AcDbEntity
  8
Layer 1
100
AcDbVertex
100
AcDb2dVertex
 10
228.158954
 20
124.695525
 30
0.0
 70
0
  0
VERTEX
  5
899
330
884
100
AcDbEntity
  8
Layer 1
100
AcDbVertex
100
AcDb2dVertex
 10
226.435648
 20
126.734427
 30
0.0
 70
0
  0
VERTEX
  5
89A
330
884
100
AcDbEntity
  8
Layer 1
100
AcDbVertex
100
AcDb2dVertex
 10
224.57133
 20
128.64383
 30
0.0
 70
0
  0
VERTEX
  5
89B
330
884
100
AcDbEntity
  8
Layer 1
100
AcDbVertex
100
AcDb2dVertex
 10
221.37892
 20
167.68946
 30
0.0
 70
0
  0
VERTEX
  5
89C
330
884
100
AcDbEntity
  8
Layer 1
100
AcDbVertex
100
AcDb2dVertex
 10
211.06498
 20
164.98819
 30
0.0
 70
0
  0
VERTEX
  5
89D
330
884
100
AcDbEntity
  8
Layer 1
100
AcDbVertex
100
AcDb2dVertex
 10
210.57384
 20
174.81099
 30
0.0
 70
0
  0
VERTEX
  5
89E
330
884
100
AcDbEntity
  8
Layer 1
100
AcDbVertex
100
AcDb2dVertex
 10
247.40934
 20
185.86164
 30
0.0
 70
0
  0
VERTEX
  5
89F
330
884
100
AcDbEntity
  8
Layer 1
100
AcDbVertex
100
AcDb2dVertex
 10
249.61947
 20
148.04386
 30
0.0
 70
0
  0
VERTEX
  5
8A0
330
884
100
AcDbEntity
  8
Layer 1
100
AcDbVertex
100
AcDb2dVertex
 10
276.63217
 20
186.10721
 30
0.0
 70
0
  0
VERTEX
  5
8A1
330
884
100
AcDbEntity
  8
Layer 1
100
AcDbVertex
100
AcDb2dVertex
 10
303.3993
 20
160.8135
 30
0.0
 70
0
  0
VERTEX
  5
8A2
330
884
100
AcDbEntity
  8
Layer 1
100
AcDbVertex
100
AcDb2dVertex
 10
266.31823
 20
121.76787
 30
0.0
 70
0
  0
VERTEX
  5
8A3
330
884
100
AcDbEntity
  8
Layer 1
100
AcDbVertex
100
AcDb2dVertex
 10
301.18917
 20
108.01595
 30
0.0
 70
0
  0
VERTEX
  5
8A4
330
884
100
AcDbEntity
  8
Layer 1
100
AcDbVertex
100
AcDb2dVertex
 10
302.753719
 20
105.311323
 30
0.0
 70
0
  0
VERTEX
  5
8A5
330
884
100
AcDbEntity
  8
Layer 1
100
AcDbVertex
100
AcDb2dVertex
 10
304.496691
 20
102.724684
 30
0.0
 70
0
  0
VERTEX
  5
8A6
330
884
100
AcDbEntity
  8
Layer 1
100
AcDbVertex
100
AcDb2dVertex
 10
306.412329
 20
100.258912
 30
0.0
 70
0
  0
VERTEX
  5
8A7
330
884
100
AcDbEntity
  8
Layer 1
100
AcDbVertex
100
AcDb2dVertex
 10
308.494877
 20
97.916884
 30
0.0
 70
0
  0
VERTEX
  5
8A8
330
884
100
AcDbEntity
  8
Layer 1
100
AcDbVertex
100
AcDb2dVertex
 10
310.738582
 20
95.701478
 30
0.0
 70
0
  0
VERTEX
  5
8A9
330
884
100
AcDbEntity
  8
Layer 1
100
AcDbVertex
100
AcDb2dVertex
 10
313.137685
 20
93.615572
 30
0.0
 70
0
  0
VERTEX
  5
8AA
330
884
100
AcDbEntity
  8
Layer 1
100
AcDbVertex
100
AcDb2dVertex
 10
315.686433
 20
91.662043
 30
0.0
 70
0
  0
VERTEX
  5
8AB
330
884
100
AcDbEntity
  8
Layer 1
100
AcDbVertex
100
AcDb2dVertex
 10
318.37907
 20
89.84377
 30
0.0
 70
0
  0
VERTEX
  5
8AC
330
884
100
AcDbEntity
  8
Layer 1
100
AcDbVertex
100
AcDb2dVertex
 10
321.105281
 20
88.26723
 30
0.0
 70
0
  0
VERTEX
  5
8AD
330
884
100
AcDbEntity
  8
Layer 1
100
AcDbVertex
100
AcDb2dVertex
 10
323.935091
 20
86.854723
 30
0.0
 70
0
  0
VERTEX
  5
8AE
330
884
100
AcDbEntity
  8
Layer 1
100
AcDbVertex
100
AcDb2dVertex
 10
326.856991
 20
85.609126
 30
0.0
 70
0
  0
VERTEX
  5
8AF
330
884
100
AcDbEntity
  8
Layer 1
100
AcDbVertex
100
AcDb2dVertex
 10
329.859468
 20
84.533319
 30
0.0
 70
0
  0
VERTEX
  5
8B0
330
884
100
AcDbEntity
  8
Layer 1
100
AcDbVertex
100
AcDb2dVertex
 10
332.931011
 20
83.630178
 30
0.0
 70
0
  0
VERTEX
  5
8B1
330
884
100
AcDbEntity
  8
Layer 1
100
AcDbVertex
100
AcDb2dVertex
 10
336.06011
 20
82.90258
 30
0.0
 70
0
  0
VERTEX
  5
8B2
330
884
100
AcDbEntity
  8
Layer 1
100
AcDbVertex
100
AcDb2dVertex
 10
339.235253
 20
82.353405
 30
0.0
 70
0
  0
VERTEX
  5
8B3
330
884
100
AcDbEntity
  8
Layer 1
100
AcDbVertex
100
AcDb2dVertex
 10
342.44493
 20
81.98553
 30
0.0
 70
0
  0
VERTEX
  5
8B4
330
884
100
AcDbEntity
  8
Layer 1
100
AcDbVertex
100
AcDb2dVertex
 10
342.44493
 20
56.93739
 30
0.0
 70
0
  0
SEQEND
  5
8B6
330
A3F
100
AcDbEntity
  8
Layer 1
  0
POLYLINE
  5
8B7
330
A3F
100
AcDbEntity
  8
Layer 1
 62
7
100
AcDb2dPolyline
 66
1
 10
0.0
 20
0.0
 30
0.0
 70
0
  0
VERTEX
  5
8B9
330
8B7
100
AcDbEntity
  8
Layer 1
100
AcDbVertex
100
AcDb2dVertex
 10
296.52334
 20
121.27673
 30
0.0
 70
0
  0
VERTEX
  5
8BA
330
8B7
100
AcDbEntity
  8
Layer 1
100
AcDbVertex
100
AcDb2dVertex
 10
284.24484
 20
125.94256
 30
0.0
 70
0
  0
VERTEX
  5
8BB
330
8B7
100
AcDbEntity
  8
Layer 1
100
AcDbVertex
100
AcDb2dVertex
 10
295.78663
 20
136.99321
 30
0.0
 70
0
  0
VERTEX
  5
8BC
330
8B7
100
AcDbEntity
  8
Layer 1
100
AcDbVertex
100
AcDb2dVertex
 10
295.418275
 20
133.121645
 30
0.0
 70
0
  0
VERTEX
  5
8BD
330
8B7
100
AcDbEntity
  8
Layer 1
100
AcDbVertex
100
AcDb2dVertex
 10
295.418275
 20
129.227059
 30
0.0
 70
0
  0
VERTEX
  5
8BE
330
8B7
100
AcDbEntity
  8
Layer 1
100
AcDbVertex
100
AcDb2dVertex
 10
295.78663
 20
125.286428
 30
0.0
 70
0
  0
VERTEX
  5
8BF
330
8B7
100
AcDbEntity
  8
Layer 1
100
AcDbVertex
100
AcDb2dVertex
 10
296.52334
 20
121.27673
 30
0.0
 70
0
  0
SEQEND
  5
8C1
330
A3F
100
AcDbEntity
  8
Layer 1
  0
POLYLINE
  5
8C2
330
A3F
100
AcDbEntity
  8
Layer 1
 62
7
100
AcDb2dPolyline
 66
1
 10
0.0
 20
0.0
 30
0.0
 70
0
  0
VERTEX
  5
8C4
330
8C2
100
AcDbEntity
  8
Layer 1
100
AcDbVertex
100
AcDb2dVertex
 10
392.78678
 20
109.48937
 30
0.0
 70
0
  0
VERTEX
  5
8C5
330
8C2
100
AcDbEntity
  8
Layer 1
100
AcDbVertex
100
AcDb2dVertex
 10
389.513313
 20
106.942541
 30
0.0
 70
0
  0
VERTEX
  5
8C6
330
8C2
100
AcDbEntity
  8
Layer 1
100
AcDbVertex
100
AcDb2dVertex
 10
386.121857
 20
104.631688
 30
0.0
 70
0
  0
VERTEX
  5
8C7
330
8C2
100
AcDbEntity
  8
Layer 1
100
AcDbVertex
100
AcDb2dVertex
 10
382.586512
 20
102.539547
 30
0.0
 70
0
  0
VERTEX
  5
8C8
330
8C2
100
AcDbEntity
  8
Layer 1
100
AcDbVertex
100
AcDb2dVertex
 10
378.881379
 20
100.64885
 30
0.0
 70
0
  0
VERTEX
  5
8C9
330
8C2
100
AcDbEntity
  8
Layer 1
100
AcDbVertex
100
AcDb2dVertex
 10
374.980557
 20
98.94233
 30
0.0
 70
0
  0
VERTEX
  5
8CA
330
8C2
100
AcDbEntity
  8
Layer 1
100
AcDbVertex
100
AcDb2dVertex
 10
370.858146
 20
97.402722
 30
0.0
 70
0
  0
VERTEX
  5
8CB
330
8C2
100
AcDbEntity
  8
Layer 1
100
AcDbVertex
100
AcDb2dVertex
 10
366.488247
 20
96.012757
 30
0.0
 70
0
  0
VERTEX
  5
8CC
330
8C2
100
AcDbEntity
  8
Layer 1
100
AcDbVertex
100
AcDb2dVertex
 10
361.84496
 20
94.75517
 30
0.0
 70
0
  0
VERTEX
  5
8CD
330
8C2
100
AcDbEntity
  8
Layer 1
100
AcDbVertex
100
AcDb2dVertex
 10
357.700966
 20
93.864979
 30
0.0
 70
0
  0
VERTEX
  5
8CE
330
8C2
100
AcDbEntity
  8
Layer 1
100
AcDbVertex
100
AcDb2dVertex
 10
355.663503
 20
93.615572
 30
0.0
 70
0
  0
VERTEX
  5
8CF
330
8C2
100
AcDbEntity
  8
Layer 1
100
AcDbVertex
100
AcDb2dVertex
 10
353.74115
 20
93.52732
 30
0.0
 70
0
  0
VERTEX
  5
8D0
330
8C2
100
AcDbEntity
  8
Layer 1
100
AcDbVertex
100
AcDb2dVertex
 10
349.961494
 20
93.289964
 30
0.0
 70
0
  0
VERTEX
  5
8D1
330
8C2
100
AcDbEntity
  8
Layer 1
100
AcDbVertex
100
AcDb2dVertex
 10
346.272848
 20
93.309089
 30
0.0
 70
0
  0
VERTEX
  5
8D2
330
8C2
100
AcDbEntity
  8
Layer 1
100
AcDbVertex
100
AcDb2dVertex
 10
342.685644
 20
93.576422
 30
0.0
 70
0
  0
VERTEX
  5
8D3
330
8C2
100
AcDbEntity
  8
Layer 1
100
AcDbVertex
100
AcDb2dVertex
 10
339.210313
 20
94.08369
 30
0.0
 70
0
  0
VERTEX
  5
8D4
330
8C2
100
AcDbEntity
  8
Layer 1
100
AcDbVertex
100
AcDb2dVertex
 10
335.857287
 20
94.822618
 30
0.0
 70
0
  0
VERTEX
  5
8D5
330
8C2
100
AcDbEntity
  8
Layer 1
100
AcDbVertex
100
AcDb2dVertex
 10
332.636998
 20
95.784933
 30
0.0
 70
0
  0
VERTEX
  5
8D6
330
8C2
100
AcDbEntity
  8
Layer 1
100
AcDbVertex
100
AcDb2dVertex
 10
329.559879
 20
96.962362
 30
0.0
 70
0
  0
VERTEX
  5
8D7
330
8C2
100
AcDbEntity
  8
Layer 1
100
AcDbVertex
100
AcDb2dVertex
 10
326.636361
 20
98.346631
 30
0.0
 70
0
  0
VERTEX
  5
8D8
330
8C2
100
AcDbEntity
  8
Layer 1
100
AcDbVertex
100
AcDb2dVertex
 10
323.876876
 20
99.929467
 30
0.0
 70
0
  0
VERTEX
  5
8D9
330
8C2
100
AcDbEntity
  8
Layer 1
100
AcDbVertex
100
AcDb2dVertex
 10
321.291856
 20
101.702595
 30
0.0
 70
0
  0
VERTEX
  5
8DA
330
8C2
100
AcDbEntity
  8
Layer 1
100
AcDbVertex
100
AcDb2dVertex
 10
318.891733
 20
103.657742
 30
0.0
 70
0
  0
VERTEX
  5
8DB
330
8C2
100
AcDbEntity
  8
Layer 1
100
AcDbVertex
100
AcDb2dVertex
 10
316.686939
 20
105.786635
 30
0.0
 70
0
  0
VERTEX
  5
8DC
330
8C2
100
AcDbEntity
  8
Layer 1
100
AcDbVertex
100
AcDb2dVertex
 10
314.687906
 20
108.081
 30
0.0
 70
0
  0
VERTEX
  5
8DD
330
8C2
100
AcDbEntity
  8
Layer 1
100
AcDbVertex
100
AcDb2dVertex
 10
312.905065
 20
110.532563
 30
0.0
 70
0
  0
VERTEX
  5
8DE
330
8C2
100
AcDbEntity
  8
Layer 1
100
AcDbVertex
100
AcDb2dVertex
 10
311.348849
 20
113.133051
 30
0.0
 70
0
  0
VERTEX
  5
8DF
330
8C2
100
AcDbEntity
  8
Layer 1
100
AcDbVertex
100
AcDb2dVertex
 10
310.02969
 20
115.87419
 30
0.0
 70
0
  0
VERTEX
  5
8E0
330
8C2
100
AcDbEntity
  8
Layer 1
100
AcDbVertex
100
AcDb2dVertex
 10
308.955321
 20
118.606156
 30
0.0
 70
0
  0
VERTEX
  5
8E1
330
8C2
100
AcDbEntity
  8
Layer 1
100
AcDbVertex
100
AcDb2dVertex
 10
308.06513
 20
121.5223
 30
0.0
 70
0
  0
VERTEX
  5
8E2
330
8C2
100
AcDbEntity
  8
Layer 1
100
AcDbVertex
100
AcDb2dVertex
 10
307.210431
 20
126.24041
 30
0.0
 70
0
  0
VERTEX
  5
8E3
330
8C2
100
AcDbEntity
  8
Layer 1
100
AcDbVertex
100
AcDb2dVertex
 10
306.844954
 20
130.811753
 30
0.0
 70
0
  0
VERTEX
  5
8E4
330
8C2
100
AcDbEntity
  8
Layer 1
100
AcDbVertex
100
AcDb2dVertex
 10
306.951432
 20
135.227696
 30
0.0
 70
0
  0
VERTEX
  5
8E5
330
8C2
100
AcDbEntity
  8
Layer 1
100
AcDbVertex
100
AcDb2dVertex
 10
307.512597
 20
139.479606
 30
0.0
 70
0
  0
VERTEX
  5
8E6
330
8C2
100
AcDbEntity
  8
Layer 1
100
AcDbVertex
100
AcDb2dVertex
 10
308.511185
 20
143.55885
 30
0.0
 70
0
  0
VERTEX
  5
8E7
330
8C2
100
AcDbEntity
  8
Layer 1
100
AcDbVertex
100
AcDb2dVertex
 10
309.929927
 20
147.456794
 30
0.0
 70
0
  0
VERTEX
  5
8E8
330
8C2
100
AcDbEntity
  8
Layer 1
100
AcDbVertex
100
AcDb2dVertex
 10
311.751558
 20
151.164805
 30
0.0
 70
0
  0
VERTEX
  5
8E9
330
8C2
100
AcDbEntity
  8
Layer 1
100
AcDbVertex
100
AcDb2dVertex
 10
313.95881
 20
154.67425
 30
0.0
 70
0
  0
VERTEX
  5
8EA
330
8C2
100
AcDbEntity
  8
Layer 1
100
AcDbVertex
100
AcDb2dVertex
 10
315.336304
 20
156.615788
 30
0.0
 70
0
  0
VERTEX
  5
8EB
330
8C2
100
AcDbEntity
  8
Layer 1
100
AcDbVertex
100
AcDb2dVertex
 10
316.874954
 20
158.419193
 30
0.0
 70
0
  0
VERTEX
  5
8EC
330
8C2
100
AcDbEntity
  8
Layer 1
100
AcDbVertex
100
AcDb2dVertex
 10
320.34363
 20
161.79578
 30
0.0
 70
0
  0
VERTEX
  5
8ED
330
8C2
100
AcDbEntity
  8
Layer 1
100
AcDbVertex
100
AcDb2dVertex
 10
322.632899
 20
163.741634
 30
0.0
 70
0
  0
VERTEX
  5
8EE
330
8C2
100
AcDbEntity
  8
Layer 1
100
AcDbVertex
100
AcDb2dVertex
 10
325.07469
 20
165.529211
 30
0.0
 70
0
  0
VERTEX
  5
8EF
330
8C2
100
AcDbEntity
  8
Layer 1
100
AcDbVertex
100
AcDb2dVertex
 10
327.660369
 20
167.161389
 30
0.0
 70
0
  0
VERTEX
  5
8F0
330
8C2
100
AcDbEntity
  8
Layer 1
100
AcDbVertex
100
AcDb2dVertex
 10
330.381304
 20
168.641044
 30
0.0
 70
0
  0
VERTEX
  5
8F1
330
8C2
100
AcDbEntity
  8
Layer 1
100
AcDbVertex
100
AcDb2dVertex
 10
333.228861
 20
169.971055
 30
0.0
 70
0
  0
VERTEX
  5
8F2
330
8C2
100
AcDbEntity
  8
Layer 1
100
AcDbVertex
100
AcDb2dVertex
 10
336.194406
 20
171.154299
 30
0.0
 70
0
  0
VERTEX
  5
8F3
330
8C2
100
AcDbEntity
  8
Layer 1
100
AcDbVertex
100
AcDb2dVertex
 10
339.269307
 20
172.193655
 30
0.0
 70
0
  0
VERTEX
  5
8F4
330
8C2
100
AcDbEntity
  8
Layer 1
100
AcDbVertex
100
AcDb2dVertex
 10
342.44493
 20
173.092
 30
0.0
 70
0
  0
VERTEX
  5
8F5
330
8C2
100
AcDbEntity
  8
Layer 1
100
AcDbVertex
100
AcDb2dVertex
 10
346.052699
 20
173.843998
 30
0.0
 70
0
  0
VERTEX
  5
8F6
330
8C2
100
AcDbEntity
  8
Layer 1
100
AcDbVertex
100
AcDb2dVertex
 10
349.597156
 20
174.353904
 30
0.0
 70
0
  0
VERTEX
  5
8F7
330
8C2
100
AcDbEntity
  8
Layer 1
100
AcDbVertex
100
AcDb2dVertex
 10
353.072547
 20
174.627112
 30
0.0
 70
0
  0
VERTEX
  5
8F8
330
8C2
100
AcDbEntity
  8
Layer 1
100
AcDbVertex
100
AcDb2dVertex
 10
356.473116
 20
174.66902
 30
0.0
 70
0
  0
VERTEX
  5
8F9
330
8C2
100
AcDbEntity
  8
Layer 1
100
AcDbVertex
100
AcDb2dVertex
 10
359.793108
 20
174.485022
 30
0.0
 70
0
  0
VERTEX
  5
8FA
330
8C2
100
AcDbEntity
  8
Layer 1
100
AcDbVertex
100
AcDb2dVertex
 10
363.026766
 20
174.080515
 30
0.0
 70
0
  0
VERTEX
  5
8FB
330
8C2
100
AcDbEntity
  8
Layer 1
100
AcDbVertex
100
AcDb2dVertex
 10
366.168335
 20
173.460895
 30
0.0
 70
0
  0
VERTEX
  5
8FC
330
8C2
100
AcDbEntity
  8
Layer 1
100
AcDbVertex
100
AcDb2dVertex
 10
369.21206
 20
172.631556
 30
0.0
 70
0
  0
VERTEX
  5
8FD
330
8C2
100
AcDbEntity
  8
Layer 1
100
AcDbVertex
100
AcDb2dVertex
 10
372.152185
 20
171.597896
 30
0.0
 70
0
  0
VERTEX
  5
8FE
330
8C2
100
AcDbEntity
  8
Layer 1
100
AcDbVertex
100
AcDb2dVertex
 10
374.982955
 20
170.36531
 30
0.0
 70
0
  0
VERTEX
  5
8FF
330
8C2
100
AcDbEntity
  8
Layer 1
100
AcDbVertex
100
AcDb2dVertex
 10
377.698614
 20
168.939193
 30
0.0
 70
0
  0
VERTEX
  5
900
330
8C2
100
AcDbEntity
  8
Layer 1
100
AcDbVertex
100
AcDb2dVertex
 10
380.293406
 20
167.324942
 30
0.0
 70
0
  0
VERTEX
  5
901
330
8C2
100
AcDbEntity
  8
Layer 1
100
AcDbVertex
100
AcDb2dVertex
 10
382.761577
 20
165.527952
 30
0.0
 70
0
  0
VERTEX
  5
902
330
8C2
100
AcDbEntity
  8
Layer 1
100
AcDbVertex
100
AcDb2dVertex
 10
385.097369
 20
163.55362
 30
0.0
 70
0
  0
VERTEX
  5
903
330
8C2
100
AcDbEntity
  8
Layer 1
100
AcDbVertex
100
AcDb2dVertex
 10
387.295029
 20
161.407341
 30
0.0
 70
0
  0
VERTEX
  5
904
330
8C2
100
AcDbEntity
  8
Layer 1
100
AcDbVertex
100
AcDb2dVertex
 10
389.3488
 20
159.09451
 30
0.0
 70
0
  0
VERTEX
  5
905
330
8C2
100
AcDbEntity
  8
Layer 1
100
AcDbVertex
100
AcDb2dVertex
 10
352.5133
 20
119.80331
 30
0.0
 70
0
  0
VERTEX
  5
906
330
8C2
100
AcDbEntity
  8
Layer 1
100
AcDbVertex
100
AcDb2dVertex
 10
354.592971
 20
119.645992
 30
0.0
 70
0
  0
VERTEX
  5
907
330
8C2
100
AcDbEntity
  8
Layer 1
100
AcDbVertex
100
AcDb2dVertex
 10
356.994952
 20
119.834006
 30
0.0
 70
0
  0
VERTEX
  5
908
330
8C2
100
AcDbEntity
  8
Layer 1
100
AcDbVertex
100
AcDb2dVertex
 10
359.489023
 20
120.252243
 30
0.0
 70
0
  0
VERTEX
  5
909
330
8C2
100
AcDbEntity
  8
Layer 1
100
AcDbVertex
100
AcDb2dVertex
 10
361.84496
 20
120.78559
 30
0.0
 70
0
  0
VERTEX
  5
90A
330
8C2
100
AcDbEntity
  8
Layer 1
100
AcDbVertex
100
AcDb2dVertex
 10
364.982213
 20
121.725183
 30
0.0
 70
0
  0
VERTEX
  5
90B
330
8C2
100
AcDbEntity
  8
Layer 1
100
AcDbVertex
100
AcDb2dVertex
 10
367.788521
 20
122.869098
 30
0.0
 70
0
  0
VERTEX
  5
90C
330
8C2
100
AcDbEntity
  8
Layer 1
100
AcDbVertex
100
AcDb2dVertex
 10
370.301297
 20
124.191435
 30
0.0
 70
0
  0
VERTEX
  5
90D
330
8C2
100
AcDbEntity
  8
Layer 1
100
AcDbVertex
100
AcDb2dVertex
 10
372.557951
 20
125.666294
 30
0.0
 70
0
  0
VERTEX
  5
90E
330
8C2
100
AcDbEntity
  8
Layer 1
100
AcDbVertex
100
AcDb2dVertex
 10
374.595894
 20
127.267775
 30
0.0
 70
0
  0
VERTEX
  5
90F
330
8C2
100
AcDbEntity
  8
Layer 1
100
AcDbVertex
100
AcDb2dVertex
 10
376.452538
 20
128.969978
 30
0.0
 70
0
  0
VERTEX
  5
910
330
8C2
100
AcDbEntity
  8
Layer 1
100
AcDbVertex
100
AcDb2dVertex
 10
379.77157
 20
132.57295
 30
0.0
 70
0
  0
VERTEX
  5
911
330
8C2
100
AcDbEntity
  8
Layer 1
100
AcDbVertex
100
AcDb2dVertex
 10
394.50577
 20
119.31217
 30
0.0
 70
0
  0
VERTEX
  5
912
330
8C2
100
AcDbEntity
  8
Layer 1
100
AcDbVertex
100
AcDb2dVertex
 10
398.92603
 20
115.38305
 30
0.0
 70
0
  0
VERTEX
  5
913
330
8C2
100
AcDbEntity
  8
Layer 1
100
AcDbVertex
100
AcDb2dVertex
 10
395.948494
 20
112.252033
 30
0.0
 70
0
  0
VERTEX
  5
914
330
8C2
100
AcDbEntity
  8
Layer 1
100
AcDbVertex
100
AcDb2dVertex
 10
392.78678
 20
109.48937
 30
0.0
 70
0
  0
SEQEND
  5
916
330
A3F
100
AcDbEntity
  8
Layer 1
  0
POLYLINE
  5
917
330
A3F
100
AcDbEntity
  8
Layer 1
 62
7
100
AcDb2dPolyline
 66
1
 10
0.0
 20
0.0
 30
0.0
 70
0
  0
VERTEX
  5
919
330
917
100
AcDbEntity
  8
Layer 1
100
AcDbVertex
100
AcDb2dVertex
 10
471.12361
 20
57.18296
 30
0.0
 70
0
  0
VERTEX
  5
91A
330
917
100
AcDbEntity
  8
Layer 1
100
AcDbVertex
100
AcDb2dVertex
 10
463.0198
 20
110.22608
 30
0.0
 70
0
  0
VERTEX
  5
91B
330
917
100
AcDbEntity
  8
Layer 1
100
AcDbVertex
100
AcDb2dVertex
 10
451.72358
 20
81.00325
 30
0.0
 70
0
  0
VERTEX
  5
91C
330
917
100
AcDbEntity
  8
Layer 1
100
AcDbVertex
100
AcDb2dVertex
 10
434.77925
 20
117.59318
 30
0.0
 70
0
  0
VERTEX
  5
91D
330
917
100
AcDbEntity
  8
Layer 1
100
AcDbVertex
100
AcDb2dVertex
 10
434.53368
 20
117.59318
 30
0.0
 70
0
  0
VERTEX
  5
91E
330
917
100
AcDbEntity
  8
Layer 1
100
AcDbVertex
100
AcDb2dVertex
 10
427.90329
 20
75.10957
 30
0.0
 70
0
  0
VERTEX
  5
91F
330
917
100
AcDbEntity
  8
Layer 1
100
AcDbVertex
100
AcDb2dVertex
 10
399.66274
 20
80.02097
 30
0.0
 70
0
  0
VERTEX
  5
920
330
917
100
AcDbEntity
  8
Layer 1
100
AcDbVertex
100
AcDb2dVertex
 10
403.59186
 20
103.59569
 30
0.0
 70
0
  0
VERTEX
  5
921
330
917
100
AcDbEntity
  8
Layer 1
100
AcDbVertex
100
AcDb2dVertex
 10
405.188065
 20
105.099806
 30
0.0
 70
0
  0
VERTEX
  5
922
330
917
100
AcDbEntity
  8
Layer 1
100
AcDbVertex
100
AcDb2dVertex
 10
406.78427
 20
106.7881
 30
0.0
 70
0
  0
VERTEX
  5
923
330
917
100
AcDbEntity
  8
Layer 1
100
AcDbVertex
100
AcDb2dVertex
 10
415.87036
 20
116.11976
 30
0.0
 70
0
  0
VERTEX
  5
924
330
917
100
AcDbEntity
  8
Layer 1
100
AcDbVertex
100
AcDb2dVertex
 10
407.02984
 20
124.22357
 30
0.0
 70
0
  0
VERTEX
  5
925
330
917
100
AcDbEntity
  8
Layer 1
100
AcDbVertex
100
AcDb2dVertex
 10
416.60707
 20
180.70467
 30
0.0
 70
0
  0
VERTEX
  5
926
330
917
100
AcDbEntity
  8
Layer 1
100
AcDbVertex
100
AcDb2dVertex
 10
445.09319
 20
180.70467
 30
0.0
 70
0
  0
VERTEX
  5
927
330
917
100
AcDbEntity
  8
Layer 1
100
AcDbVertex
100
AcDb2dVertex
 10
452.21472
 20
141.65904
 30
0.0
 70
0
  0
VERTEX
  5
928
330
917
100
AcDbEntity
  8
Layer 1
100
AcDbVertex
100
AcDb2dVertex
 10
460.31853
 20
186.84392
 30
0.0
 70
0
  0
VERTEX
  5
929
330
917
100
AcDbEntity
  8
Layer 1
100
AcDbVertex
100
AcDb2dVertex
 10
480.70084
 20
186.84392
 30
0.0
 70
0
  0
VERTEX
  5
92A
330
917
100
AcDbEntity
  8
Layer 1
100
AcDbVertex
100
AcDb2dVertex
 10
489.29579
 20
131.83624
 30
0.0
 70
0
  0
VERTEX
  5
92B
330
917
100
AcDbEntity
  8
Layer 1
100
AcDbVertex
100
AcDb2dVertex
 10
487.336746
 20
129.486418
 30
0.0
 70
0
  0
VERTEX
  5
92C
330
917
100
AcDbEntity
  8
Layer 1
100
AcDbVertex
100
AcDb2dVertex
 10
485.514396
 20
127.046666
 30
0.0
 70
0
  0
VERTEX
  5
92D
330
917
100
AcDbEntity
  8
Layer 1
100
AcDbVertex
100
AcDb2dVertex
 10
483.833057
 20
124.524897
 30
0.0
 70
0
  0
VERTEX
  5
92E
330
917
100
AcDbEntity
  8
Layer 1
100
AcDbVertex
100
AcDb2dVertex
 10
482.297045
 20
121.929025
 30
0.0
 70
0
  0
VERTEX
  5
92F
330
917
100
AcDbEntity
  8
Layer 1
100
AcDbVertex
100
AcDb2dVertex
 10
480.910678
 20
119.266965
 30
0.0
 70
0
  0
VERTEX
  5
930
330
917
100
AcDbEntity
  8
Layer 1
100
AcDbVertex
100
AcDb2dVertex
 10
479.678271
 20
116.54663
 30
0.0
 70
0
  0
VERTEX
  5
931
330
917
100
AcDbEntity
  8
Layer 1
100
AcDbVertex
100
AcDb2dVertex
 10
478.604142
 20
113.775933
 30
0.0
 70
0
  0
VERTEX
  5
932
330
917
100
AcDbEntity
  8
Layer 1
100
AcDbVertex
100
AcDb2dVertex
 10
477.692608
 20
110.96279
 30
0.0
 70
0
  0
VERTEX
  5
933
330
917
100
AcDbEntity
  8
Layer 1
100
AcDbVertex
100
AcDb2dVertex
 10
476.947984
 20
108.115113
 30
0.0
 70
0
  0
VERTEX
  5
934
330
917
100
AcDbEntity
  8
Layer 1
100
AcDbVertex
100
AcDb2dVertex
 10
476.374587
 20
105.240817
 30
0.0
 70
0
  0
VERTEX
  5
935
330
917
100
AcDbEntity
  8
Layer 1
100
AcDbVertex
100
AcDb2dVertex
 10
475.976735
 20
102.347815
 30
0.0
 70
0
  0
VERTEX
  5
936
330
917
100
AcDbEntity
  8
Layer 1
100
AcDbVertex
100
AcDb2dVertex
 10
475.758744
 20
99.444022
 30
0.0
 70
0
  0
VERTEX
  5
937
330
917
100
AcDbEntity
  8
Layer 1
100
AcDbVertex
100
AcDb2dVertex
 10
475.72493
 20
96.537351
 30
0.0
 70
0
  0
VERTEX
  5
938
330
917
100
AcDbEntity
  8
Layer 1
100
AcDbVertex
100
AcDb2dVertex
 10
475.87961
 20
93.635716
 30
0.0
 70
0
  0
VERTEX
  5
939
330
917
100
AcDbEntity
  8
Layer 1
100
AcDbVertex
100
AcDb2dVertex
 10
476.227101
 20
90.747031
 30
0.0
 70
0
  0
VERTEX
  5
93A
330
917
100
AcDbEntity
  8
Layer 1
100
AcDbVertex
100
AcDb2dVertex
 10
476.77172
 20
87.87921
 30
0.0
 70
0
  0
VERTEX
  5
93B
330
917
100
AcDbEntity
  8
Layer 1
100
AcDbVertex
100
AcDb2dVertex
 10
478.00005
 20
83.576459
 30
0.0
 70
0
  0
VERTEX
  5
93C
330
917
100
AcDbEntity
  8
Layer 1
100
AcDbVertex
100
AcDb2dVertex
 10
479.645656
 20
79.518319
 30
0.0
 70
0
  0
VERTEX
  5
93D
330
917
100
AcDbEntity
  8
Layer 1
100
AcDbVertex
100
AcDb2dVertex
 10
481.688396
 20
75.719178
 30
0.0
 70
0
  0
VERTEX
  5
93E
330
917
100
AcDbEntity
  8
Layer 1
100
AcDbVertex
100
AcDb2dVertex
 10
484.108124
 20
72.193426
 30
0.0
 70
0
  0
VERTEX
  5
93F
330
917
100
AcDbEntity
  8
Layer 1
100
AcDbVertex
100
AcDb2dVertex
 10
486.884695
 20
68.955452
 30
0.0
 70
0
  0
VERTEX
  5
940
330
917
100
AcDbEntity
  8
Layer 1
100
AcDbVertex
100
AcDb2dVertex
 10
489.997967
 20
66.019643
 30
0.0
 70
0
  0
VERTEX
  5
941
330
917
100
AcDbEntity
  8
Layer 1
100
AcDbVertex
100
AcDb2dVertex
 10
493.427793
 20
63.40039
 30
0.0
 70
0
  0
VERTEX
  5
942
330
917
100
AcDbEntity
  8
Layer 1
100
AcDbVertex
100
AcDb2dVertex
 10
497.15403
 20
61.11208
 30
0.0
 70
0
  0
VERTEX
  5
943
330
917
100
AcDbEntity
  8
Layer 1
100
AcDbVertex
100
AcDb2dVertex
 10
500.34644
 20
59.63866
 30
0.0
 70
0
  0
VERTEX
  5
944
330
917
100
AcDbEntity
  8
Layer 1
100
AcDbVertex
100
AcDb2dVertex
 10
501.32872
 20
52.51713
 30
0.0
 70
0
  0
VERTEX
  5
945
330
917
100
AcDbEntity
  8
Layer 1
100
AcDbVertex
100
AcDb2dVertex
 10
471.12361
 20
57.18296
 30
0.0
 70
0
  0
SEQEND
  5
947
330
A3F
100
AcDbEntity
  8
Layer 1
  0
POLYLINE
  5
948
330
A3F
100
AcDbEntity
  8
Layer 1
 62
7
100
AcDb2dPolyline
 66
1
 10
0.0
 20
0.0
 30
0.0
 70
0
  0
VERTEX
  5
94A
330
948
100
AcDbEntity
  8
Layer 1
100
AcDbVertex
100
AcDb2dVertex
 10
541.6022
 20
74.61843
 30
0.0
 70
0
  0
VERTEX
  5
94B
330
948
100
AcDbEntity
  8
Layer 1
100
AcDbVertex
100
AcDb2dVertex
 10
539.161848
 20
73.014551
 30
0.0
 70
0
  0
VERTEX
  5
94C
330
948
100
AcDbEntity
  8
Layer 1
100
AcDbVertex
100
AcDb2dVertex
 10
536.629408
 20
71.548805
 30
0.0
 70
0
  0
VERTEX
  5
94D
330
948
100
AcDbEntity
  8
Layer 1
100
AcDbVertex
100
AcDb2dVertex
 10
534.004878
 20
70.267237
 30
0.0
 70
0
  0
VERTEX
  5
94E
330
948
100
AcDbEntity
  8
Layer 1
100
AcDbVertex
100
AcDb2dVertex
 10
531.28826
 20
69.21589
 30
0.0
 70
0
  0
VERTEX
  5
94F
330
948
100
AcDbEntity
  8
Layer 1
100
AcDbVertex
100
AcDb2dVertex
 10
528.537588
 20
68.295482
 30
0.0
 70
0
  0
VERTEX
  5
950
330
948
100
AcDbEntity
  8
Layer 1
100
AcDbVertex
100
AcDb2dVertex
 10
525.812816
 20
67.56213
 30
0.0
 70
0
  0
VERTEX
  5
951
330
948
100
AcDbEntity
  8
Layer 1
100
AcDbVertex
100
AcDb2dVertex
 10
523.116822
 20
67.01871
 30
0.0
 70
0
  0
VERTEX
  5
952
330
948
100
AcDbEntity
  8
Layer 1
100
AcDbVertex
100
AcDb2dVertex
 10
520.452484
 20
66.668101
 30
0.0
 70
0
  0
VERTEX
  5
953
330
948
100
AcDbEntity
  8
Layer 1
100
AcDbVertex
100
AcDb2dVertex
 10
517.822678
 20
66.513181
 30
0.0
 70
0
  0
VERTEX
  5
954
330
948
100
AcDbEntity
  8
Layer 1
100
AcDbVertex
100
AcDb2dVertex
 10
515.230284
 20
66.556827
 30
0.0
 70
0
  0
VERTEX
  5
955
330
948
100
AcDbEntity
  8
Layer 1
100
AcDbVertex
100
AcDb2dVertex
 10
512.678179
 20
66.801918
 30
0.0
 70
0
  0
VERTEX
  5
956
330
948
100
AcDbEntity
  8
Layer 1
100
AcDbVertex
100
AcDb2dVertex
 10
510.16924
 20
67.25133
 30
0.0
 70
0
  0
VERTEX
  5
957
330
948
100
AcDbEntity
  8
Layer 1
100
AcDbVertex
100
AcDb2dVertex
 10
506.903926
 20
68.126173
 30
0.0
 70
0
  0
VERTEX
  5
958
330
948
100
AcDbEntity
  8
Layer 1
100
AcDbVertex
100
AcDb2dVertex
 10
503.753724
 20
69.277282
 30
0.0
 70
0
  0
VERTEX
  5
959
330
948
100
AcDbEntity
  8
Layer 1
100
AcDbVertex
100
AcDb2dVertex
 10
500.741654
 20
70.704658
 30
0.0
 70
0
  0
VERTEX
  5
95A
330
948
100
AcDbEntity
  8
Layer 1
100
AcDbVertex
100
AcDb2dVertex
 10
497.89074
 20
72.4083
 30
0.0
 70
0
  0
VERTEX
  5
95B
330
948
100
AcDbEntity
  8
Layer 1
100
AcDbVertex
100
AcDb2dVertex
 10
495.843204
 20
74.054386
 30
0.0
 70
0
  0
VERTEX
  5
95C
330
948
100
AcDbEntity
  8
Layer 1
100
AcDbVertex
100
AcDb2dVertex
 10
493.942435
 20
75.861628
 30
0.0
 70
0
  0
VERTEX
  5
95D
330
948
100
AcDbEntity
  8
Layer 1
100
AcDbVertex
100
AcDb2dVertex
 10
492.197065
 20
77.830025
 30
0.0
 70
0
  0
VERTEX
  5
95E
330
948
100
AcDbEntity
  8
Layer 1
100
AcDbVertex
100
AcDb2dVertex
 10
490.615729
 20
79.959577
 30
0.0
 70
0
  0
VERTEX
  5
95F
330
948
100
AcDbEntity
  8
Layer 1
100
AcDbVertex
100
AcDb2dVertex
 10
489.207059
 20
82.250285
 30
0.0
 70
0
  0
VERTEX
  5
960
330
948
100
AcDbEntity
  8
Layer 1
100
AcDbVertex
100
AcDb2dVertex
 10
487.979688
 20
84.702148
 30
0.0
 70
0
  0
VERTEX
  5
961
330
948
100
AcDbEntity
  8
Layer 1
100
AcDbVertex
100
AcDb2dVertex
 10
486.942251
 20
87.315166
 30
0.0
 70
0
  0
VERTEX
  5
962
330
948
100
AcDbEntity
  8
Layer 1
100
AcDbVertex
100
AcDb2dVertex
 10
486.10338
 20
90.08934
 30
0.0
 70
0
  0
VERTEX
  5
963
330
948
100
AcDbEntity
  8
Layer 1
100
AcDbVertex
100
AcDb2dVertex
 10
485.467872
 20
93.52732
 30
0.0
 70
0
  0
VERTEX
  5
964
330
948
100
AcDbEntity
  8
Layer 1
100
AcDbVertex
100
AcDb2dVertex
 10
485.209352
 20
97.011344
 30
0.0
 70
0
  0
VERTEX
  5
965
330
948
100
AcDbEntity
  8
Layer 1
100
AcDbVertex
100
AcDb2dVertex
 10
485.313431
 20
100.518391
 30
0.0
 70
0
  0
VERTEX
  5
966
330
948
100
AcDbEntity
  8
Layer 1
100
AcDbVertex
100
AcDb2dVertex
 10
485.765721
 20
104.025438
 30
0.0
 70
0
  0
VERTEX
  5
967
330
948
100
AcDbEntity
  8
Layer 1
100
AcDbVertex
100
AcDb2dVertex
 10
486.551833
 20
107.509462
 30
0.0
 70
0
  0
VERTEX
  5
968
330
948
100
AcDbEntity
  8
Layer 1
100
AcDbVertex
100
AcDb2dVertex
 10
487.657378
 20
110.947442
 30
0.0
 70
0
  0
VERTEX
  5
969
330
948
100
AcDbEntity
  8
Layer 1
100
AcDbVertex
100
AcDb2dVertex
 10
489.067966
 20
114.316355
 30
0.0
 70
0
  0
VERTEX
  5
96A
330
948
100
AcDbEntity
  8
Layer 1
100
AcDbVertex
100
AcDb2dVertex
 10
490.76921
 20
117.59318
 30
0.0
 70
0
  0
VERTEX
  5
96B
330
948
100
AcDbEntity
  8
Layer 1
100
AcDbVertex
100
AcDb2dVertex
 10
492.745281
 20
120.674316
 30
0.0
 70
0
  0
VERTEX
  5
96C
330
948
100
AcDbEntity
  8
Layer 1
100
AcDbVertex
100
AcDb2dVertex
 10
494.974596
 20
123.640341
 30
0.0
 70
0
  0
VERTEX
  5
96D
330
948
100
AcDbEntity
  8
Layer 1
100
AcDbVertex
100
AcDb2dVertex
 10
497.434133
 20
126.468233
 30
0.0
 70
0
  0
VERTEX
  5
96E
330
948
100
AcDbEntity
  8
Layer 1
100
AcDbVertex
100
AcDb2dVertex
 10
500.10087
 20
129.13497
 30
0.0
 70
0
  0
VERTEX
  5
96F
330
948
100
AcDbEntity
  8
Layer 1
100
AcDbVertex
100
AcDb2dVertex
 10
503.362347
 20
131.794033
 30
0.0
 70
0
  0
VERTEX
  5
970
330
948
100
AcDbEntity
  8
Layer 1
100
AcDbVertex
100
AcDb2dVertex
 10
506.854045
 20
134.199851
 30
0.0
 70
0
  0
VERTEX
  5
971
330
948
100
AcDbEntity
  8
Layer 1
100
AcDbVertex
100
AcDb2dVertex
 10
510.529921
 20
136.283359
 30
0.0
 70
0
  0
VERTEX
  5
972
330
948
100
AcDbEntity
  8
Layer 1
100
AcDbVertex
100
AcDb2dVertex
 10
514.34393
 20
137.97549
 30
0.0
 70
0
  0
VERTEX
  5
973
330
948
100
AcDbEntity
  8
Layer 1
100
AcDbVertex
100
AcDb2dVertex
 10
519.02223
 20
139.429725
 30
0.0
 70
0
  0
VERTEX
  5
974
330
948
100
AcDbEntity
  8
Layer 1
100
AcDbVertex
100
AcDb2dVertex
 10
523.63722
 20
140.308405
 30
0.0
 70
0
  0
VERTEX
  5
975
330
948
100
AcDbEntity
  8
Layer 1
100
AcDbVertex
100
AcDb2dVertex
 10
528.148609
 20
140.634553
 30
0.0
 70
0
  0
VERTEX
  5
976
330
948
100
AcDbEntity
  8
Layer 1
100
AcDbVertex
100
AcDb2dVertex
 10
532.51611
 20
140.43119
 30
0.0
 70
0
  0
VERTEX
  5
977
330
948
100
AcDbEntity
  8
Layer 1
100
AcDbVertex
100
AcDb2dVertex
 10
536.699433
 20
139.721339
 30
0.0
 70
0
  0
VERTEX
  5
978
330
948
100
AcDbEntity
  8
Layer 1
100
AcDbVertex
100
AcDb2dVertex
 10
540.65829
 20
138.528023
 30
0.0
 70
0
  0
VERTEX
  5
979
330
948
100
AcDbEntity
  8
Layer 1
100
AcDbVertex
100
AcDb2dVertex
 10
544.352392
 20
136.874262
 30
0.0
 70
0
  0
VERTEX
  5
97A
330
948
100
AcDbEntity
  8
Layer 1
100
AcDbVertex
100
AcDb2dVertex
 10
547.74145
 20
134.78308
 30
0.0
 70
0
  0
VERTEX
  5
97B
330
948
100
AcDbEntity
  8
Layer 1
100
AcDbVertex
100
AcDb2dVertex
 10
550.039832
 20
132.991186
 30
0.0
 70
0
  0
VERTEX
  5
97C
330
948
100
AcDbEntity
  8
Layer 1
100
AcDbVertex
100
AcDb2dVertex
 10
552.131014
 20
130.946049
 30
0.0
 70
0
  0
VERTEX
  5
97D
330
948
100
AcDbEntity
  8
Layer 1
100
AcDbVertex
100
AcDb2dVertex
 10
553.991974
 20
128.670689
 30
0.0
 70
0
  0
VERTEX
  5
97E
330
948
100
AcDbEntity
  8
Layer 1
100
AcDbVertex
100
AcDb2dVertex
 10
555.59969
 20
126.18813
 30
0.0
 70
0
  0
VERTEX
  5
97F
330
948
100
AcDbEntity
  8
Layer 1
100
AcDbVertex
100
AcDb2dVertex
 10
556.654874
 20
124.116133
 30
0.0
 70
0
  0
VERTEX
  5
980
330
948
100
AcDbEntity
  8
Layer 1
100
AcDbVertex
100
AcDb2dVertex
 10
557.594946
 20
121.952048
 30
0.0
 70
0
  0
VERTEX
  5
981
330
948
100
AcDbEntity
  8
Layer 1
100
AcDbVertex
100
AcDb2dVertex
 10
558.396886
 20
119.695873
 30
0.0
 70
0
  0
VERTEX
  5
982
330
948
100
AcDbEntity
  8
Layer 1
100
AcDbVertex
100
AcDb2dVertex
 10
559.03767
 20
117.34761
 30
0.0
 70
0
  0
VERTEX
  5
983
330
948
100
AcDbEntity
  8
Layer 1
100
AcDbVertex
100
AcDb2dVertex
 10
559.778697
 20
113.175318
 30
0.0
 70
0
  0
VERTEX
  5
984
330
948
100
AcDbEntity
  8
Layer 1
100
AcDbVertex
100
AcDb2dVertex
 10
559.993091
 20
108.971371
 30
0.0
 70
0
  0
VERTEX
  5
985
330
948
100
AcDbEntity
  8
Layer 1
100
AcDbVertex
100
AcDb2dVertex
 10
559.706752
 20
104.773179
 30
0.0
 70
0
  0
VERTEX
  5
986
330
948
100
AcDbEntity
  8
Layer 1
100
AcDbVertex
100
AcDb2dVertex
 10
558.945581
 20
100.618154
 30
0.0
 70
0
  0
VERTEX
  5
987
330
948
100
AcDbEntity
  8
Layer 1
100
AcDbVertex
100
AcDb2dVertex
 10
557.735478
 20
96.543706
 30
0.0
 70
0
  0
VERTEX
  5
988
330
948
100
AcDbEntity
  8
Layer 1
100
AcDbVertex
100
AcDb2dVertex
 10
556.102341
 20
92.587247
 30
0.0
 70
0
  0
VERTEX
  5
989
330
948
100
AcDbEntity
  8
Layer 1
100
AcDbVertex
100
AcDb2dVertex
 10
554.072072
 20
88.786188
 30
0.0
 70
0
  0
VERTEX
  5
98A
330
948
100
AcDbEntity
  8
Layer 1
100
AcDbVertex
100
AcDb2dVertex
 10
551.67057
 20
85.17794
 30
0.0
 70
0
  0
VERTEX
  5
98B
330
948
100
AcDbEntity
  8
Layer 1
100
AcDbVertex
100
AcDb2dVertex
 10
549.752054
 20
82.181219
 30
0.0
 70
0
  0
VERTEX
  5
98C
330
948
100
AcDbEntity
  8
Layer 1
100
AcDbVertex
100
AcDb2dVertex
 10
547.373095
 20
79.437741
 30
0.0
 70
0
  0
VERTEX
  5
98D
330
948
100
AcDbEntity
  8
Layer 1
100
AcDbVertex
100
AcDb2dVertex
 10
544.625781
 20
76.924486
 30
0.0
 70
0
  0
VERTEX
  5
98E
330
948
100
AcDbEntity
  8
Layer 1
100
AcDbVertex
100
AcDb2dVertex
 10
541.6022
 20
74.61843
 30
0.0
 70
0
  0
SEQEND
  5
990
330
A3F
100
AcDbEntity
  8
Layer 1
  0
POLYLINE
  5
991
330
A3F
100
AcDbEntity
  8
Layer 1
 62
7
100
AcDb2dPolyline
 66
1
 10
0.0
 20
0.0
 30
0.0
 70
0
  0
VERTEX
  5
993
330
991
100
AcDbEntity
  8
Layer 1
100
AcDbVertex
100
AcDb2dVertex
 10
605.4504
 20
24.52215
 30
0.0
 70
0
  0
VERTEX
  5
994
330
991
100
AcDbEntity
  8
Layer 1
100
AcDbVertex
100
AcDb2dVertex
 10
584.57695
 20
30.6614
 30
0.0
 70
0
  0
VERTEX
  5
995
330
991
100
AcDbEntity
  8
Layer 1
100
AcDbVertex
100
AcDb2dVertex
 10
582.85796
 20
107.77038
 30
0.0
 70
0
  0
VERTEX
  5
996
330
991
100
AcDbEntity
  8
Layer 1
100
AcDbVertex
100
AcDb2dVertex
 10
572.29845
 20
48.34244
 30
0.0
 70
0
  0
VERTEX
  5
997
330
991
100
AcDbEntity
  8
Layer 1
100
AcDbVertex
100
AcDb2dVertex
 10
549.46044
 20
52.02599
 30
0.0
 70
0
  0
VERTEX
  5
998
330
991
100
AcDbEntity
  8
Layer 1
100
AcDbVertex
100
AcDb2dVertex
 10
551.17943
 20
69.21589
 30
0.0
 70
0
  0
VERTEX
  5
999
330
991
100
AcDbEntity
  8
Layer 1
100
AcDbVertex
100
AcDb2dVertex
 10
553.903422
 20
71.648268
 30
0.0
 70
0
  0
VERTEX
  5
99A
330
991
100
AcDbEntity
  8
Layer 1
100
AcDbVertex
100
AcDb2dVertex
 10
556.45295
 20
74.240003
 30
0.0
 70
0
  0
VERTEX
  5
99B
330
991
100
AcDbEntity
  8
Layer 1
100
AcDbVertex
100
AcDb2dVertex
 10
558.820458
 20
76.977785
 30
0.0
 70
0
  0
VERTEX
  5
99C
330
991
100
AcDbEntity
  8
Layer 1
100
AcDbVertex
100
AcDb2dVertex
 10
560.998393
 20
79.848304
 30
0.0
 70
0
  0
VERTEX
  5
99D
330
991
100
AcDbEntity
  8
Layer 1
100
AcDbVertex
100
AcDb2dVertex
 10
562.9792
 20
82.83825
 30
0.0
 70
0
  0
VERTEX
  5
99E
330
991
100
AcDbEntity
  8
Layer 1
100
AcDbVertex
100
AcDb2dVertex
 10
564.755326
 20
85.934315
 30
0.0
 70
0
  0
VERTEX
  5
99F
330
991
100
AcDbEntity
  8
Layer 1
100
AcDbVertex
100
AcDb2dVertex
 10
566.319216
 20
89.123188
 30
0.0
 70
0
  0
VERTEX
  5
9A0
330
991
100
AcDbEntity
  8
Layer 1
100
AcDbVertex
100
AcDb2dVertex
 10
567.663316
 20
92.391559
 30
0.0
 70
0
  0
VERTEX
  5
9A1
330
991
100
AcDbEntity
  8
Layer 1
100
AcDbVertex
100
AcDb2dVertex
 10
568.780072
 20
95.726119
 30
0.0
 70
0
  0
VERTEX
  5
9A2
330
991
100
AcDbEntity
  8
Layer 1
100
AcDbVertex
100
AcDb2dVertex
 10
569.66193
 20
99.113558
 30
0.0
 70
0
  0
VERTEX
  5
9A3
330
991
100
AcDbEntity
  8
Layer 1
100
AcDbVertex
100
AcDb2dVertex
 10
570.301335
 20
102.540566
 30
0.0
 70
0
  0
VERTEX
  5
9A4
330
991
100
AcDbEntity
  8
Layer 1
100
AcDbVertex
100
AcDb2dVertex
 10
570.690734
 20
105.993835
 30
0.0
 70
0
  0
VERTEX
  5
9A5
330
991
100
AcDbEntity
  8
Layer 1
100
AcDbVertex
100
AcDb2dVertex
 10
570.822572
 20
109.460053
 30
0.0
 70
0
  0
VERTEX
  5
9A6
330
991
100
AcDbEntity
  8
Layer 1
100
AcDbVertex
100
AcDb2dVertex
 10
570.689295
 20
112.925911
 30
0.0
 70
0
  0
VERTEX
  5
9A7
330
991
100
AcDbEntity
  8
Layer 1
100
AcDbVertex
100
AcDb2dVertex
 10
570.283349
 20
116.3781
 30
0.0
 70
0
  0
VERTEX
  5
9A8
330
991
100
AcDbEntity
  8
Layer 1
100
AcDbVertex
100
AcDb2dVertex
 10
569.59718
 20
119.80331
 30
0.0
 70
0
  0
VERTEX
  5
9A9
330
991
100
AcDbEntity
  8
Layer 1
100
AcDbVertex
100
AcDb2dVertex
 10
568.768381
 20
122.713219
 30
0.0
 70
0
  0
VERTEX
  5
9AA
330
991
100
AcDbEntity
  8
Layer 1
100
AcDbVertex
100
AcDb2dVertex
 10
567.755405
 20
125.539672
 30
0.0
 70
0
  0
VERTEX
  5
9AB
330
991
100
AcDbEntity
  8
Layer 1
100
AcDbVertex
100
AcDb2dVertex
 10
566.558251
 20
128.268281
 30
0.0
 70
0
  0
VERTEX
  5
9AC
330
991
100
AcDbEntity
  8
Layer 1
100
AcDbVertex
100
AcDb2dVertex
 10
565.17692
 20
130.884656
 30
0.0
 70
0
  0
VERTEX
  5
9AD
330
991
100
AcDbEntity
  8
Layer 1
100
AcDbVertex
100
AcDb2dVertex
 10
563.611411
 20
133.37441
 30
0.0
 70
0
  0
VERTEX
  5
9AE
330
991
100
AcDbEntity
  8
Layer 1
100
AcDbVertex
100
AcDb2dVertex
 10
561.861725
 20
135.723153
 30
0.0
 70
0
  0
VERTEX
  5
9AF
330
991
100
AcDbEntity
  8
Layer 1
100
AcDbVertex
100
AcDb2dVertex
 10
559.927861
 20
137.916496
 30
0.0
 70
0
  0
VERTEX
  5
9B0
330
991
100
AcDbEntity
  8
Layer 1
100
AcDbVertex
100
AcDb2dVertex
 10
557.80982
 20
139.94005
 30
0.0
 70
0
  0
VERTEX
  5
9B1
330
991
100
AcDbEntity
  8
Layer 1
100
AcDbVertex
100
AcDb2dVertex
 10
559.77438
 20
160.07679
 30
0.0
 70
0
  0
VERTEX
  5
9B2
330
991
100
AcDbEntity
  8
Layer 1
100
AcDbVertex
100
AcDb2dVertex
 10
551.17943
 20
162.28692
 30
0.0
 70
0
  0
VERTEX
  5
9B3
330
991
100
AcDbEntity
  8
Layer 1
100
AcDbVertex
100
AcDb2dVertex
 10
551.425
 20
173.092
 30
0.0
 70
0
  0
VERTEX
  5
9B4
330
991
100
AcDbEntity
  8
Layer 1
100
AcDbVertex
100
AcDb2dVertex
 10
590.7162
 20
165.23376
 30
0.0
 70
0
  0
VERTEX
  5
9B5
330
991
100
AcDbEntity
  8
Layer 1
100
AcDbVertex
100
AcDb2dVertex
 10
603.97698
 20
102.61341
 30
0.0
 70
0
  0
VERTEX
  5
9B6
330
991
100
AcDbEntity
  8
Layer 1
100
AcDbVertex
100
AcDb2dVertex
 10
617.48333
 20
158.84894
 30
0.0
 70
0
  0
VERTEX
  5
9B7
330
991
100
AcDbEntity
  8
Layer 1
100
AcDbVertex
100
AcDb2dVertex
 10
647.44287
 20
152.21855
 30
0.0
 70
0
  0
VERTEX
  5
9B8
330
991
100
AcDbEntity
  8
Layer 1
100
AcDbVertex
100
AcDb2dVertex
 10
605.4504
 20
24.52215
 30
0.0
 70
0
  0
SEQEND
  5
9BA
330
A3F
100
AcDbEntity
  8
Layer 1
  0
POLYLINE
  5
9BB
330
A3F
100
AcDbEntity
  8
Layer 1
 62
7
100
AcDb2dPolyline
 66
1
 10
0.0
 20
0.0
 30
0.0
 70
0
  0
VERTEX
  5
9BD
330
9BB
100
AcDbEntity
  8
Layer 1
100
AcDbVertex
100
AcDb2dVertex
 10
633.5706
 20
33.15179
 30
0.0
 70
0
  0
VERTEX
  5
9BE
330
9BB
100
AcDbEntity
  8
Layer 1
100
AcDbVertex
100
AcDb2dVertex
 10
634.55288
 20
33.15179
 30
0.0
 70
0
  0
VERTEX
  5
9BF
330
9BB
100
AcDbEntity
  8
Layer 1
100
AcDbVertex
100
AcDb2dVertex
 10
635.416212
 20
33.247716
 30
0.0
 70
0
  0
VERTEX
  5
9C0
330
9BB
100
AcDbEntity
  8
Layer 1
100
AcDbVertex
100
AcDb2dVertex
 10
636.118389
 20
33.550841
 30
0.0
 70
0
  0
VERTEX
  5
9C1
330
9BB
100
AcDbEntity
  8
Layer 1
100
AcDbVertex
100
AcDb2dVertex
 10
636.590344
 20
34.084189
 30
0.0
 70
0
  0
VERTEX
  5
9C2
330
9BB
100
AcDbEntity
  8
Layer 1
100
AcDbVertex
100
AcDb2dVertex
 10
636.76301
 20
34.87078
 30
0.0
 70
0
  0
VERTEX
  5
9C3
330
9BB
100
AcDbEntity
  8
Layer 1
100
AcDbVertex
100
AcDb2dVertex
 10
636.624877
 20
35.450172
 30
0.0
 70
0
  0
VERTEX
  5
9C4
330
9BB
100
AcDbEntity
  8
Layer 1
100
AcDbVertex
100
AcDb2dVertex
 10
636.210477
 20
36.006541
 30
0.0
 70
0
  0
VERTEX
  5
9C5
330
9BB
100
AcDbEntity
  8
Layer 1
100
AcDbVertex
100
AcDb2dVertex
 10
635.519812
 20
36.424778
 30
0.0
 70
0
  0
VERTEX
  5
9C6
330
9BB
100
AcDbEntity
  8
Layer 1
100
AcDbVertex
100
AcDb2dVertex
 10
634.55288
 20
36.58977
 30
0.0
 70
0
  0
VERTEX
  5
9C7
330
9BB
100
AcDbEntity
  8
Layer 1
100
AcDbVertex
100
AcDb2dVertex
 10
633.5706
 20
36.58977
 30
0.0
 70
0
  0
VERTEX
  5
9C8
330
9BB
100
AcDbEntity
  8
Layer 1
100
AcDbVertex
100
AcDb2dVertex
 10
633.5706
 20
33.15179
 30
0.0
 70
0
  0
SEQEND
  5
9CA
330
A3F
100
AcDbEntity
  8
Layer 1
  0
POLYLINE
  5
9CB
330
A3F
100
AcDbEntity
  8
Layer 1
 62
7
100
AcDb2dPolyline
 66
1
 10
0.0
 20
0.0
 30
0.0
 70
0
  0
VERTEX
  5
9CD
330
9CB
100
AcDbEntity
  8
Layer 1
100
AcDbVertex
100
AcDb2dVertex
 10
633.5706
 20
27.99482
 30
0.0
 70
0
  0
VERTEX
  5
9CE
330
9CB
100
AcDbEntity
  8
Layer 1
100
AcDbVertex
100
AcDb2dVertex
 10
632.09718
 20
27.99482
 30
0.0
 70
0
  0
VERTEX
  5
9CF
330
9CB
100
AcDbEntity
  8
Layer 1
100
AcDbVertex
100
AcDb2dVertex
 10
632.09718
 20
37.32648
 30
0.0
 70
0
  0
VERTEX
  5
9D0
330
9CB
100
AcDbEntity
  8
Layer 1
100
AcDbVertex
100
AcDb2dVertex
 10
633.263637
 20
37.541354
 30
0.0
 70
0
  0
VERTEX
  5
9D1
330
9CB
100
AcDbEntity
  8
Layer 1
100
AcDbVertex
100
AcDb2dVertex
 10
634.79845
 20
37.57205
 30
0.0
 70
0
  0
VERTEX
  5
9D2
330
9CB
100
AcDbEntity
  8
Layer 1
100
AcDbVertex
100
AcDb2dVertex
 10
636.640225
 20
37.387872
 30
0.0
 70
0
  0
VERTEX
  5
9D3
330
9CB
100
AcDbEntity
  8
Layer 1
100
AcDbVertex
100
AcDb2dVertex
 10
637.284846
 20
37.157651
 30
0.0
 70
0
  0
VERTEX
  5
9D4
330
9CB
100
AcDbEntity
  8
Layer 1
100
AcDbVertex
100
AcDb2dVertex
 10
637.74529
 20
36.83534
 30
0.0
 70
0
  0
VERTEX
  5
9D5
330
9CB
100
AcDbEntity
  8
Layer 1
100
AcDbVertex
100
AcDb2dVertex
 10
638.420607
 20
36.037237
 30
0.0
 70
0
  0
VERTEX
  5
9D6
330
9CB
100
AcDbEntity
  8
Layer 1
100
AcDbVertex
100
AcDb2dVertex
 10
638.643155
 20
35.523075
 30
0.0
 70
0
  0
VERTEX
  5
9D7
330
9CB
100
AcDbEntity
  8
Layer 1
100
AcDbVertex
100
AcDb2dVertex
 10
638.72757
 20
34.87078
 30
0.0
 70
0
  0
VERTEX
  5
9D8
330
9CB
100
AcDbEntity
  8
Layer 1
100
AcDbVertex
100
AcDb2dVertex
 10
638.597111
 20
34.041981
 30
0.0
 70
0
  0
VERTEX
  5
9D9
330
9CB
100
AcDbEntity
  8
Layer 1
100
AcDbVertex
100
AcDb2dVertex
 10
638.23643
 20
33.39736
 30
0.0
 70
0
  0
VERTEX
  5
9DA
330
9CB
100
AcDbEntity
  8
Layer 1
100
AcDbVertex
100
AcDb2dVertex
 10
637.691572
 20
32.936916
 30
0.0
 70
0
  0
VERTEX
  5
9DB
330
9CB
100
AcDbEntity
  8
Layer 1
100
AcDbVertex
100
AcDb2dVertex
 10
637.00858
 20
32.66065
 30
0.0
 70
0
  0
VERTEX
  5
9DC
330
9CB
100
AcDbEntity
  8
Layer 1
100
AcDbVertex
100
AcDb2dVertex
 10
637.549601
 20
32.384384
 30
0.0
 70
0
  0
VERTEX
  5
9DD
330
9CB
100
AcDbEntity
  8
Layer 1
100
AcDbVertex
100
AcDb2dVertex
 10
638.021556
 20
31.92394
 30
0.0
 70
0
  0
VERTEX
  5
9DE
330
9CB
100
AcDbEntity
  8
Layer 1
100
AcDbVertex
100
AcDb2dVertex
 10
638.355378
 20
31.279319
 30
0.0
 70
0
  0
VERTEX
  5
9DF
330
9CB
100
AcDbEntity
  8
Layer 1
100
AcDbVertex
100
AcDb2dVertex
 10
638.482
 20
30.45052
 30
0.0
 70
0
  0
VERTEX
  5
9E0
330
9CB
100
AcDbEntity
  8
Layer 1
100
AcDbVertex
100
AcDb2dVertex
 10
638.97314
 20
28.24039
 30
0.0
 70
0
  0
VERTEX
  5
9E1
330
9CB
100
AcDbEntity
  8
Layer 1
100
AcDbVertex
100
AcDb2dVertex
 10
637.49972
 20
28.24039
 30
0.0
 70
0
  0
VERTEX
  5
9E2
330
9CB
100
AcDbEntity
  8
Layer 1
100
AcDbVertex
100
AcDb2dVertex
 10
637.131365
 20
29.099885
 30
0.0
 70
0
  0
VERTEX
  5
9E3
330
9CB
100
AcDbEntity
  8
Layer 1
100
AcDbVertex
100
AcDb2dVertex
 10
636.76301
 20
30.69609
 30
0.0
 70
0
  0
VERTEX
  5
9E4
330
9CB
100
AcDbEntity
  8
Layer 1
100
AcDbVertex
100
AcDb2dVertex
 10
636.525114
 20
31.482681
 30
0.0
 70
0
  0
VERTEX
  5
9E5
330
9CB
100
AcDbEntity
  8
Layer 1
100
AcDbVertex
100
AcDb2dVertex
 10
636.149085
 20
32.016029
 30
0.0
 70
0
  0
VERTEX
  5
9E6
330
9CB
100
AcDbEntity
  8
Layer 1
100
AcDbVertex
100
AcDb2dVertex
 10
635.588878
 20
32.319154
 30
0.0
 70
0
  0
VERTEX
  5
9E7
330
9CB
100
AcDbEntity
  8
Layer 1
100
AcDbVertex
100
AcDb2dVertex
 10
634.79845
 20
32.41508
 30
0.0
 70
0
  0
VERTEX
  5
9E8
330
9CB
100
AcDbEntity
  8
Layer 1
100
AcDbVertex
100
AcDb2dVertex
 10
633.5706
 20
32.41508
 30
0.0
 70
0
  0
VERTEX
  5
9E9
330
9CB
100
AcDbEntity
  8
Layer 1
100
AcDbVertex
100
AcDb2dVertex
 10
633.5706
 20
27.99482
 30
0.0
 70
0
  0
SEQEND
  5
9EB
330
A3F
100
AcDbEntity
  8
Layer 1
  0
POLYLINE
  5
9EC
330
A3F
100
AcDbEntity
  8
Layer 1
 62
7
100
AcDb2dPolyline
 66
1
 10
0.0
 20
0.0
 30
0.0
 70
0
  0
VERTEX
  5
9EE
330
9EC
100
AcDbEntity
  8
Layer 1
100
AcDbVertex
100
AcDb2dVertex
 10
635.28959
 20
40.02775
 30
0.0
 70
0
  0
VERTEX
  5
9EF
330
9EC
100
AcDbEntity
  8
Layer 1
100
AcDbVertex
100
AcDb2dVertex
 10
633.947109
 20
39.882902
 30
0.0
 70
0
  0
VERTEX
  5
9F0
330
9EC
100
AcDbEntity
  8
Layer 1
100
AcDbVertex
100
AcDb2dVertex
 10
632.699594
 20
39.467543
 30
0.0
 70
0
  0
VERTEX
  5
9F1
330
9EC
100
AcDbEntity
  8
Layer 1
100
AcDbVertex
100
AcDb2dVertex
 10
631.572946
 20
38.810452
 30
0.0
 70
0
  0
VERTEX
  5
9F2
330
9EC
100
AcDbEntity
  8
Layer 1
100
AcDbVertex
100
AcDb2dVertex
 10
630.593064
 20
37.940405
 30
0.0
 70
0
  0
VERTEX
  5
9F3
330
9EC
100
AcDbEntity
  8
Layer 1
100
AcDbVertex
100
AcDb2dVertex
 10
629.785848
 20
36.886181
 30
0.0
 70
0
  0
VERTEX
  5
9F4
330
9EC
100
AcDbEntity
  8
Layer 1
100
AcDbVertex
100
AcDb2dVertex
 10
629.177199
 20
35.676557
 30
0.0
 70
0
  0
VERTEX
  5
9F5
330
9EC
100
AcDbEntity
  8
Layer 1
100
AcDbVertex
100
AcDb2dVertex
 10
628.793016
 20
34.34031
 30
0.0
 70
0
  0
VERTEX
  5
9F6
330
9EC
100
AcDbEntity
  8
Layer 1
100
AcDbVertex
100
AcDb2dVertex
 10
628.6592
 20
32.90622
 30
0.0
 70
0
  0
VERTEX
  5
9F7
330
9EC
100
AcDbEntity
  8
Layer 1
100
AcDbVertex
100
AcDb2dVertex
 10
628.793496
 20
31.47213
 30
0.0
 70
0
  0
VERTEX
  5
9F8
330
9EC
100
AcDbEntity
  8
Layer 1
100
AcDbVertex
100
AcDb2dVertex
 10
629.181036
 20
30.135883
 30
0.0
 70
0
  0
VERTEX
  5
9F9
330
9EC
100
AcDbEntity
  8
Layer 1
100
AcDbVertex
100
AcDb2dVertex
 10
629.798798
 20
28.926259
 30
0.0
 70
0
  0
VERTEX
  5
9FA
330
9EC
100
AcDbEntity
  8
Layer 1
100
AcDbVertex
100
AcDb2dVertex
 10
630.62376
 20
27.872035
 30
0.0
 70
0
  0
VERTEX
  5
9FB
330
9EC
100
AcDbEntity
  8
Layer 1
100
AcDbVertex
100
AcDb2dVertex
 10
631.632899
 20
27.001988
 30
0.0
 70
0
  0
VERTEX
  5
9FC
330
9EC
100
AcDbEntity
  8
Layer 1
100
AcDbVertex
100
AcDb2dVertex
 10
632.803194
 20
26.344897
 30
0.0
 70
0
  0
VERTEX
  5
9FD
330
9EC
100
AcDbEntity
  8
Layer 1
100
AcDbVertex
100
AcDb2dVertex
 10
634.111621
 20
25.929538
 30
0.0
 70
0
  0
VERTEX
  5
9FE
330
9EC
100
AcDbEntity
  8
Layer 1
100
AcDbVertex
100
AcDb2dVertex
 10
635.53516
 20
25.78469
 30
0.0
 70
0
  0
VERTEX
  5
9FF
330
9EC
100
AcDbEntity
  8
Layer 1
100
AcDbVertex
100
AcDb2dVertex
 10
636.877641
 20
25.929538
 30
0.0
 70
0
  0
VERTEX
  5
A00
330
9EC
100
AcDbEntity
  8
Layer 1
100
AcDbVertex
100
AcDb2dVertex
 10
638.125156
 20
26.344897
 30
0.0
 70
0
  0
VERTEX
  5
A01
330
9EC
100
AcDbEntity
  8
Layer 1
100
AcDbVertex
100
AcDb2dVertex
 10
639.251804
 20
27.001988
 30
0.0
 70
0
  0
VERTEX
  5
A02
330
9EC
100
AcDbEntity
  8
Layer 1
100
AcDbVertex
100
AcDb2dVertex
 10
640.231686
 20
27.872035
 30
0.0
 70
0
  0
VERTEX
  5
A03
330
9EC
100
AcDbEntity
  8
Layer 1
100
AcDbVertex
100
AcDb2dVertex
 10
641.038902
 20
28.926259
 30
0.0
 70
0
  0
VERTEX
  5
A04
330
9EC
100
AcDbEntity
  8
Layer 1
100
AcDbVertex
100
AcDb2dVertex
 10
641.647551
 20
30.135883
 30
0.0
 70
0
  0
VERTEX
  5
A05
330
9EC
100
AcDbEntity
  8
Layer 1
100
AcDbVertex
100
AcDb2dVertex
 10
642.031734
 20
31.47213
 30
0.0
 70
0
  0
VERTEX
  5
A06
330
9EC
100
AcDbEntity
  8
Layer 1
100
AcDbVertex
100
AcDb2dVertex
 10
642.16555
 20
32.90622
 30
0.0
 70
0
  0
VERTEX
  5
A07
330
9EC
100
AcDbEntity
  8
Layer 1
100
AcDbVertex
100
AcDb2dVertex
 10
641.950676
 20
34.34031
 30
0.0
 70
0
  0
VERTEX
  5
A08
330
9EC
100
AcDbEntity
  8
Layer 1
100
AcDbVertex
100
AcDb2dVertex
 10
641.505581
 20
35.676557
 30
0.0
 70
0
  0
VERTEX
  5
A09
330
9EC
100
AcDbEntity
  8
Layer 1
100
AcDbVertex
100
AcDb2dVertex
 10
640.853285
 20
36.886181
 30
0.0
 70
0
  0
VERTEX
  5
A0A
330
9EC
100
AcDbEntity
  8
Layer 1
100
AcDbVertex
100
AcDb2dVertex
 10
640.016813
 20
37.940405
 30
0.0
 70
0
  0
VERTEX
  5
A0B
330
9EC
100
AcDbEntity
  8
Layer 1
100
AcDbVertex
100
AcDb2dVertex
 10
639.019184
 20
38.810452
 30
0.0
 70
0
  0
VERTEX
  5
A0C
330
9EC
100
AcDbEntity
  8
Layer 1
100
AcDbVertex
100
AcDb2dVertex
 10
637.883423
 20
39.467543
 30
0.0
 70
0
  0
VERTEX
  5
A0D
330
9EC
100
AcDbEntity
  8
Layer 1
100
AcDbVertex
100
AcDb2dVertex
 10
636.632551
 20
39.882902
 30
0.0
 70
0
  0
VERTEX
  5
A0E
330
9EC
100
AcDbEntity
  8
Layer 1
100
AcDbVertex
100
AcDb2dVertex
 10
635.28959
 20
40.02775
 30
0.0
 70
0
  0
SEQEND
  5
A10
330
A3F
100
AcDbEntity
  8
Layer 1
  0
POLYLINE
  5
A11
330
A3F
100
AcDbEntity
  8
Layer 1
 62
7
100
AcDb2dPolyline
 66
1
 10
0.0
 20
0.0
 30
0.0
 70
0
  0
VERTEX
  5
A13
330
A11
100
AcDbEntity
  8
Layer 1
100
AcDbVertex
100
AcDb2dVertex
 10
635.28959
 20
41.2556
 30
0.0
 70
0
  0
VERTEX
  5
A14
330
A11
100
AcDbEntity
  8
Layer 1
100
AcDbVertex
100
AcDb2dVertex
 10
636.977404
 20
41.08821
 30
0.0
 70
0
  0
VERTEX
  5
A15
330
A11
100
AcDbEntity
  8
Layer 1
100
AcDbVertex
100
AcDb2dVertex
 10
638.524207
 20
40.607142
 30
0.0
 70
0
  0
VERTEX
  5
A16
330
A11
100
AcDbEntity
  8
Layer 1
100
AcDbVertex
100
AcDb2dVertex
 10
639.9041
 20
39.844052
 30
0.0
 70
0
  0
VERTEX
  5
A17
330
A11
100
AcDbEntity
  8
Layer 1
100
AcDbVertex
100
AcDb2dVertex
 10
641.091181
 20
38.830596
 30
0.0
 70
0
  0
VERTEX
  5
A18
330
A11
100
AcDbEntity
  8
Layer 1
100
AcDbVertex
100
AcDb2dVertex
 10
642.059552
 20
37.59843
 30
0.0
 70
0
  0
VERTEX
  5
A19
330
A11
100
AcDbEntity
  8
Layer 1
100
AcDbVertex
100
AcDb2dVertex
 10
642.783312
 20
36.179208
 30
0.0
 70
0
  0
VERTEX
  5
A1A
330
A11
100
AcDbEntity
  8
Layer 1
100
AcDbVertex
100
AcDb2dVertex
 10
643.236561
 20
34.604586
 30
0.0
 70
0
  0
VERTEX
  5
A1B
330
A11
100
AcDbEntity
  8
Layer 1
100
AcDbVertex
100
AcDb2dVertex
 10
643.3934
 20
32.90622
 30
0.0
 70
0
  0
VERTEX
  5
A1C
330
A11
100
AcDbEntity
  8
Layer 1
100
AcDbVertex
100
AcDb2dVertex
 10
643.22601
 20
31.207854
 30
0.0
 70
0
  0
VERTEX
  5
A1D
330
A11
100
AcDbEntity
  8
Layer 1
100
AcDbVertex
100
AcDb2dVertex
 10
642.744942
 20
29.633232
 30
0.0
 70
0
  0
VERTEX
  5
A1E
330
A11
100
AcDbEntity
  8
Layer 1
100
AcDbVertex
100
AcDb2dVertex
 10
641.981852
 20
28.21401
 30
0.0
 70
0
  0
VERTEX
  5
A1F
330
A11
100
AcDbEntity
  8
Layer 1
100
AcDbVertex
100
AcDb2dVertex
 10
640.968396
 20
26.981844
 30
0.0
 70
0
  0
VERTEX
  5
A20
330
A11
100
AcDbEntity
  8
Layer 1
100
AcDbVertex
100
AcDb2dVertex
 10
639.73623
 20
25.968388
 30
0.0
 70
0
  0
VERTEX
  5
A21
330
A11
100
AcDbEntity
  8
Layer 1
100
AcDbVertex
100
AcDb2dVertex
 10
638.317008
 20
25.205298
 30
0.0
 70
0
  0
VERTEX
  5
A22
330
A11
100
AcDbEntity
  8
Layer 1
100
AcDbVertex
100
AcDb2dVertex
 10
636.742386
 20
24.72423
 30
0.0
 70
0
  0
VERTEX
  5
A23
330
A11
100
AcDbEntity
  8
Layer 1
100
AcDbVertex
100
AcDb2dVertex
 10
635.04402
 20
24.55684
 30
0.0
 70
0
  0
VERTEX
  5
A24
330
A11
100
AcDbEntity
  8
Layer 1
100
AcDbVertex
100
AcDb2dVertex
 10
633.345654
 20
24.72423
 30
0.0
 70
0
  0
VERTEX
  5
A25
330
A11
100
AcDbEntity
  8
Layer 1
100
AcDbVertex
100
AcDb2dVertex
 10
631.771032
 20
25.205298
 30
0.0
 70
0
  0
VERTEX
  5
A26
330
A11
100
AcDbEntity
  8
Layer 1
100
AcDbVertex
100
AcDb2dVertex
 10
630.35181
 20
25.968388
 30
0.0
 70
0
  0
VERTEX
  5
A27
330
A11
100
AcDbEntity
  8
Layer 1
100
AcDbVertex
100
AcDb2dVertex
 10
629.119644
 20
26.981844
 30
0.0
 70
0
  0
VERTEX
  5
A28
330
A11
100
AcDbEntity
  8
Layer 1
100
AcDbVertex
100
AcDb2dVertex
 10
628.106188
 20
28.21401
 30
0.0
 70
0
  0
VERTEX
  5
A29
330
A11
100
AcDbEntity
  8
Layer 1
100
AcDbVertex
100
AcDb2dVertex
 10
627.343098
 20
29.633232
 30
0.0
 70
0
  0
VERTEX
  5
A2A
330
A11
100
AcDbEntity
  8
Layer 1
100
AcDbVertex
100
AcDb2dVertex
 10
626.86203
 20
31.207854
 30
0.0
 70
0
  0
VERTEX
  5
A2B
330
A11
100
AcDbEntity
  8
Layer 1
100
AcDbVertex
100
AcDb2dVertex
 10
626.69464
 20
32.90622
 30
0.0
 70
0
  0
VERTEX
  5
A2C
330
A11
100
AcDbEntity
  8
Layer 1
100
AcDbVertex
100
AcDb2dVertex
 10
626.943088
 20
34.604586
 30
0.0
 70
0
  0
VERTEX
  5
A2D
330
A11
100
AcDbEntity
  8
Layer 1
100
AcDbVertex
100
AcDb2dVertex
 10
627.485068
 20
36.179208
 30
0.0
 70
0
  0
VERTEX
  5
A2E
330
A11
100
AcDbEntity
  8
Layer 1
100
AcDbVertex
100
AcDb2dVertex
 10
628.291804
 20
37.59843
 30
0.0
 70
0
  0
VERTEX
  5
A2F
330
A11
100
AcDbEntity
  8
Layer 1
100
AcDbVertex
100
AcDb2dVertex
 10
629.334518
 20
38.830596
 30
0.0
 70
0
  0
VERTEX
  5
A30
330
A11
100
AcDbEntity
  8
Layer 1
100
AcDbVertex
100
AcDb2dVertex
 10
630.58443
 20
39.844052
 30
0.0
 70
0
  0
VERTEX
  5
A31
330
A11
100
AcDbEntity
  8
Layer 1
100
AcDbVertex
100
AcDb2dVertex
 10
632.012765
 20
40.607142
 30
0.0
 70
0
  0
VERTEX
  5
A32
330
A11
100
AcDbEntity
  8
Layer 1
100
AcDbVertex
100
AcDb2dVertex
 10
633.590744
 20
41.08821
 30
0.0
 70
0
  0
VERTEX
  5
A33
330
A11
100
AcDbEntity
  8
Layer 1
100
AcDbVertex
100
AcDb2dVertex
 10
635.28959
 20
41.2556
 30
0.0
 70
0
  0
SEQEND
  5
A35
330
A3F
100
AcDbEntity
  8
Layer 1
  0
ENDSEC
  0
SECTION
  2
OBJECTS
  0
DICTIONARY
  5
A4E
330
0
100
AcDbDictionary
281
1
  3
ACAD_COLOR
350
A4F
  3
ACAD_GROUP
350
A50
  3
ACAD_LAYOUT
350
A51
  3
ACAD_MATERIAL
350
A52
  3
ACAD_MLEADERSTYLE
350
A53
  3
ACAD_MLINESTYLE
350
A54
  3
ACAD_PLOTSETTINGS
350
A55
  3
ACAD_PLOTSTYLENAME
350
A56
  3
ACAD_SCALELIST
350
A58
  3
ACAD_TABLESTYLE
350
A59
  3
ACAD_VISUALSTYLE
350
A5A
  3
EZDXF_META
350
A6D
  0
DICTIONARY
  5
A4F
330
A4E
100
AcDbDictionary
281
1
  0
DICTIONARY
  5
A50
330
A4E
100
AcDbDictionary
281
1
  0
DICTIONARY
  5
A51
330
A4E
100
AcDbDictionary
281
1
  3
Model
350
A5B
  3
Layout1
350
A5C
  0
DICTIONARY
  5
A52
330
A4E
100
AcDbDictionary
281
1
  3
ByBlock
350
A5D
  3
ByLayer
350
A5E
  3
Global
350
A5F
  0
DICTIONARY
  5
A53
330
A4E
100
AcDbDictionary
281
1
  3
Standard
350
A6A
  0
DICTIONARY
  5
A54
330
A4E
100
AcDbDictionary
281
1
  3
Standard
350
A60
  0
DICTIONARY
  5
A55
330
A4E
100
AcDbDictionary
281
1
  0
ACDBDICTIONARYWDFLT
  5
A56
330
A4E
100
AcDbDictionary
281
1
  3
Normal
350
A57
100
AcDbDictionaryWithDefault
340
A57
  0
ACDBPLACEHOLDER
  5
A57
330
A56
  0
DICTIONARY
  5
A58
330
A4E
100
AcDbDictionary
281
1
  0
DICTIONARY
  5
A59
330
A4E
100
AcDbDictionary
281
1
  0
DICTIONARY
  5
A5A
330
A4E
100
AcDbDictionary
281
1
  0
LAYOUT
  5
A5B
330
A51
100
AcDbPlotSettings
  1

  4
A3
  6

 40
7.5
 41
20.0
 42
7.5
 43
20.0
 44
420.0
 45
297.0
 46
0.0
 47
0.0
 48
0.0
 49
0.0
140
0.0
141
0.0
142
1.0
143
1.0
 70
1024
 72
1
 73
0
 74
5
  7

 75
16
 76
0
 77
2
 78
300
147
1.0
148
0.0
149
0.0
100
AcDbLayout
  1
Model
 70
1
 71
0
 10
0.0
 20
0.0
 11
420.0
 21
297.0
 12
0.0
 22
0.0
 32
0.0
 14
1e+20
 24
1e+20
 34
1e+20
 15
-1e+20
 25
-1e+20
 35
-1e+20
146
0.0
 13
0.0
 23
0.0
 33
0.0
 16
1.0
 26
0.0
 36
0.0
 17
0.0
 27
1.0
 37
0.0
 76
1
330
A3F
  0
LAYOUT
  5
A5C
330
A51
100
AcDbPlotSettings
  1

  4
A3
  6

 40
7.5
 41
20.0
 42
7.5
 43
20.0
 44
420.0
 45
297.0
 46
0.0
 47
0.0
 48
0.0
 49
0.0
140
0.0
141
0.0
142
1.0
143
1.0
 70
0
 72
1
 73
0
 74
5
  7

 75
16
 76
0
 77
2
 78
300
147
1.0
148
0.0
149
0.0
100
AcDbLayout
  1
Layout1
 70
1
 71
1
 10
0.0
 20
0.0
 11
420.0
 21
297.0
 12
0.0
 22
0.0
 32
0.0
 14
1e+20
 24
1e+20
 34
1e+20
 15
-1e+20
 25
-1e+20
 35
-1e+20
146
0.0
 13
0.0
 23
0.0
 33
0.0
 16
1.0
 26
0.0
 36
0.0
 17
0.0
 27
1.0
 37
0.0
 76
1
330
A40
  0
MATERIAL
  5
A5D
102
{ACAD_REACTORS
330
A52
102
}
330
A52
100
AcDbMaterial
  1
ByBlock
  2

 70
0
 40
1.0
 71
1
 41
1.0
 91
-1023410177
 42
1.0
 72
1
  3

 73
1
 74
1
 75
1
 44
0.5
 73
0
 45
1.0
 46
1.0
 77
1
  4

 78
1
 79
1
170
1
 48
1.0
171
1
  6

172
1
173
1
174
1
140
1.0
141
1.0
175
1
  7

176
1
177
1
178
1
143
1.0
179
1
  8

270
1
271
1
272
1
145
1.0
146
1.0
273
1
  9

274
1
275
1
276
1
 42
1.0
 72
1
  3

 73
1
 74
1
 75
1
 94
63
  0
MATERIAL
  5
A5E
102
{ACAD_REACTORS
330
A52
102
}
330
A52
100
AcDbMaterial
  1
ByLayer
  2

 70
0
 40
1.0
 71
1
 41
1.0
 91
-1023410177
 42
1.0
 72
1
  3

 73
1
 74
1
 75
1
 44
0.5
 73
0
 45
1.0
 46
1.0
 77
1
  4

 78
1
 79
1
170
1
 48
1.0
171
1
  6

172
1
173
1
174
1
140
1.0
141
1.0
175
1
  7

176
1
177
1
178
1
143
1.0
179
1
  8

270
1
271
1
272
1
145
1.0
146
1.0
273
1
  9

274
1
275
1
276
1
 42
1.0
 72
1
  3

 73
1
 74
1
 75
1
 94
63
  0
MATERIAL
  5
A5F
102
{ACAD_REACTORS
330
A52
102
}
330
A52
100
AcDbMaterial
  1
Global
  2

 70
0
 40
1.0
 71
1
 41
1.0
 91
-1023410177
 42
1.0
 72
1
  3

 73
1
 74
1
 75
1
 44
0.5
 73
0
 45
1.0
 46
1.0
 77
1
  4

 78
1
 79
1
170
1
 48
1.0
171
1
  6

172
1
173
1
174
1
140
1.0
141
1.0
175
1
  7

176
1
177
1
178
1
143
1.0
179
1
  8

270
1
271
1
272
1
145
1.0
146
1.0
273
1
  9

274
1
275
1
276
1
 42
1.0
 72
1
  3

 73
1
 74
1
 75
1
 94
63
  0
MLINESTYLE
  5
A60
102
{ACAD_REACTORS
330
A54
102
}
330
A54
100
AcDbMlineStyle
  2
Standard
 70
0
  3

 62
256
 51
90.0
 52
90.0
 71
2
 49
0.5
 62
256
  6
BYLAYER
 49
-0.5
 62
256
  6
BYLAYER
  0
MLEADERSTYLE
  5
A6A
102
{ACAD_REACTORS
330
A53
102
}
330
A53
100
AcDbMLeaderStyle
179
2
170
2
171
1
172
0
 90
2
 40
0.0
 41
0.0
173
1
 91
-1056964608
 92
-2
290
1
 42
2.0
291
1
 43
8.0
  3
Standard
 44
4.0
300

342
A67
174
1
175
1
176
0
178
1
 93
-1056964608
 45
4.0
292
0
297
0
 46
4.0
 94
-1056964608
 47
1.0
 49
1.0
140
1.0
294
1
141
0.0
177
0
142
1.0
295
0
296
0
143
3.75
271
0
272
9
273
9
  0
DICTIONARY
  5
A6D
330
A4E
100
AcDbDictionary
280
1
281
1
  3
WRITTEN_BY_EZDXF
350
A6E
  0
DICTIONARYVAR
  5
A6E
330
A6D
100
DictionaryVariables
280
0
  1
1.4.4 @ 2026-07-06T21:37:33.458984+00:00
  0
ENDSEC
  0
EOF
